doi,year,authors,title,journal,citations,relevance,metric_advocated,theme,relevance_note,url
10.1007/s00122-018-3125-3,2018,Gorjanc G; Gaynor R; Hickey J,Optimal cross selection for long-term genetic gain in two-part programs with rapid recurrent genomic selection,Theoretical and Applied Genetics,156,3,genomic relationship matrix; genetic diversity loss; genomic prediction accuracy,OCS / contribution optimisation; Coancestry / relationship matrix choice; Allelic richness / rare alleles,Optimal cross selection in two-part programs; directly optimizes diversity conversion to genetic gain using AlphaMate; addresses rapid cycling constraints.,https://doi.org/10.1007/s00122-018-3125-3
10.3389/fgene.2020.00880,2020,"Meuwissen THE, Sonesson AK, Gebregiwergis G, Woolliams JA.",Management of Genetic Diversity in the Era of Genomics.,,72,3,"IBD-based inbreeding, molecular kinship, allele frequency drift, homozygosity-based inbreeding",OCS / contribution optimisation; Coancestry / relationship matrix choice,Directly compares inbreeding/relationship metrics (homozygosity vs IBD vs drift) in genomic OCS; shows IBD superior for diversity management.,https://doi.org/10.3389/fgene.2020.00880
10.3389/fgene.2019.01006,2019,"Allier A, Lehermeier C, Charcosset A, Moreau L, Teyssèdre S.",Improving Short- and Long-Term Genetic Gain by Accounting for Within-Family Variance in Optimal Cross-Selection.,,59,3,"expected genetic diversity, coancestry, parental contribution (UCPC)",OCS / contribution optimisation; Coancestry / relationship matrix choice,Directly addresses optimal cross-selection with diversity constraints; compares diversity metrics and trade-offs in genomic breeding.,https://doi.org/10.3389/fgene.2019.01006
10.1093/bioinformatics/bty375,2018,Gorjanc G; Hickey J,"AlphaMate: a program for optimizing selection, maintenance of diversity and mate allocation in breeding programs",Bioinformatics,58,3,coancestry,OCS / contribution optimisation; Coancestry / relationship matrix choice; Optimisation algorithms / cost,AlphaMate: multi-objective optimisation minimising coancestry and inbreeding with evolutionary algorithm; directly applicable to hybrid selection.,https://doi.org/10.1093/bioinformatics/bty375
10.1186/s12711-022-00709-7,2022,Wientjes Y; Bijma P; Calus M; Zwaan B; Vitezica Z; van den Heuvel J,"The long-term effects of genomic selection: 1. Response to selection, additive genetic variance, and genetic architecture",Genetics Selection Evolution,38,3,"additive variance, segregating loci, genetic architecture",OCS / contribution optimisation; Allelic richness / rare alleles,Long-term diversity loss under genomic selection; directly compares phenotypic vs genomic selection on variance and allele retention over generations.,https://doi.org/10.1186/s12711-022-00709-7
10.1111/1755-0998.13755,2023,Lavanchy E; Goudet J,Effect of reduced genomic representation on using runs of homozygosity for inbreeding characterization,Molecular Ecology Resources,22,3,"ROH (PLINK), HBD segments (RZooRoH), IBD segments, SNP density requirements",Coancestry / relationship matrix choice; Optimisation algorithms / cost,Computational efficiency of ROH vs HBD estimation across genotyping densities; directly answers metric choice and cost trade-off.,https://doi.org/10.1111/1755-0998.13755
10.3389/fgene.2023.1168212,2023,Pocrnic I; Obšteter J; Gaynor R; Wolc A; Gorjanc G,Assessment of long-term trends in genetic mean and variance after the introduction of genomic selection in layers: a simulation study,Frontiers in Genetics,21,3,"Optimal contribution selection, inbreeding minimisation, effective population size, genic variance, genomic truncation",OCS / contribution optimisation; Coancestry / relationship matrix choice; Allelic richness / rare alleles,Directly compares optimal contribution selection with simpler diversity constraints in layer breeding; evaluates long-term genetic mean and variance under intense selection.,https://doi.org/10.3389/fgene.2023.1168212
10.1534/g3.117.1117,2018,Eynard S; Croiseau P; Laloë D; Fritz S; Calus M; Restoux G,Which Individuals To Choose To Update the Reference Population? Minimizing the Loss of Genetic Diversity in Animal Genomic Selection Programs,G3 Genes|Genomes|Genetics,20,3,optimal contribution selection; coancestry; genetic diversity loss,OCS / contribution optimisation; Coancestry / relationship matrix choice,Directly addresses OCS to balance gain and diversity loss; compares updating strategies with coancestry control.,https://doi.org/10.1534/g3.117.1117
10.1093/jas/skaa361,2020,Sumreddee P; Toghiani S; Hay E; Roberts A; Aggrey S; Rekaya R,Runs of homozygosity and analysis of inbreeding depression,Journal of Animal Science,20,3,"ROH (runs of homozygosity), autozygosity, inbreeding depression",Coancestry / relationship matrix choice; Optimisation algorithms / cost,ROH parameter optimisation and inbreeding assessment; directly addresses loss of diversity and computational trade-offs.,https://doi.org/10.1093/jas/skaa361
10.1111/jbg.12549,2021,Caivio‐Nasner S; López‐Herrera A; González‐Herrera L; Rincón J,"Diversity analysis, runs of homozygosity and genomic inbreeding reveal recent selection in Blanco Orejinegro cattle",Journal of Animal Breeding and Genetics,20,3,"F_ROH, F_GRM, F_HOM, F_PED, effective population size, linkage disequilibrium",Coancestry / relationship matrix choice; Effective size,"Multiple inbreeding metrics, N_e, LD, and selection signatures in managed population; directly addresses diversity quantification for selection.",https://doi.org/10.1111/jbg.12549
10.3390/plants12020383,2023,"Cowling WA, Castro-Urrea FA, Stefanova KT, Li L, Banks RG, Saradadevi R, Sass O, Kinghorn BP, Siddique KHM.",Optimal Contribution Selection Improves the Rate of Genetic Gain in Grain Yield and Yield Stability in Spring Canola in Australia and Canada.,,19,3,"optimal contribution selection, coancestry, genomic relationship matrix",OCS / contribution optimisation; Coancestry / relationship matrix choice,"Directly applies OCS to balance genetic gain in yield with inbreeding minimisation; genomic methods, multi-cycle breeding, demonstrates practical diversity-gain trade-off in crop breeding.",https://doi.org/10.3390/plants12020383
10.1371/journal.pone.0236629,2020,"He J, Wu XL, Zeng Q, Li H, Ma H, Jiang J, Rosa GJM, Gianola D, Tait RG, Bauck S.",Genomic mating as sustainable breeding for Chinese indigenous Ningxiang pigs.,,19,3,"genomic coancestry, inbreeding, ROH-based genomic inbreeding",OCS / contribution optimisation; Coancestry / relationship matrix choice,"Genomic OCS in pigs: balances genetic gain and diversity; evaluates inbreeding coefficients (locus-wise, ROH-based); addresses OCS trade-off directly.",https://doi.org/10.1371/journal.pone.0236629
10.1111/eva.13733,2024,"Allendorf FW, Hössjer O, Ryman N.",What does effective population size tell us about loss of allelic variation?,,16,3,"allelic richness/diversity, heterozygosity, effective population size (Ne)",Allelic richness / rare alleles; Heterozygosity / gene diversity; Effective size,Directly compares allelic vs. heterozygosity loss metrics; shows alleles more sensitive to bottlenecks; predicts loss under census-size reduction; core to diversity-loss quantification.,https://doi.org/10.1111/eva.13733
10.1186/s12711-020-00581-3,2020,Letko A; Minor K; Jagannathan V; Seefried F; Mickelson J; Oliehoek P,Genomic diversity and population structure of the Leonberger dog breed,Genetics Selection Evolution,14,3,"pedigree inbreeding, kinship, ROH",Coancestry / relationship matrix choice; Optimisation algorithms / cost,"Comprehensive diversity assessment in breed; inbreeding coefficient, kinship, ROH validation for loss quantification.",https://doi.org/10.1186/s12711-020-00581-3
10.1186/s12711-022-00767-x,2022,Pocrnic I; Lindgren F; Tolhurst D; Herring W; Gorjanc G,Optimisation of the core subset for the APY approximation of genomic relationships,Genetics Selection Evolution,13,3,Genomic relationship matrix (GRM) optimization; computational scalability,Coancestry / relationship matrix choice; Core collection / subset selection; Optimisation algorithms / cost,Directly addresses computational efficiency of relationship matrices in genomic evaluation; APY approximation reduces cubic complexity for large-scale genotyped populations.,https://doi.org/10.1186/s12711-022-00767-x
10.1186/s40104-023-00872-x,2023,"Zhao F, Zhang P, Wang X, Akdemir D, Garrick D, He J, Wang L.",Genetic gain and inbreeding from simulation of different genomic mating schemes for pig improvement.,,13,3,"genomic relationship matrix (SNP vs ROH), inbreeding coefficient, genomic mating, coancestry",OCS / contribution optimisation; Coancestry / relationship matrix choice; Optimisation algorithms / cost,"Directly compares genomic relationship matrix formulations (SNP, ROH) and mate allocation for balancing genetic gain and inbreeding; evaluates computational approaches for diversity-constrained optimisation.",https://doi.org/10.1186/s40104-023-00872-x
10.3390/genes12050673,2021,Morales-González E; Fernández J; Pong-Wong R; Toro M; Villanueva B,Changes in Allele Frequencies When Different Genomic Coancestry Matrices Are Used for Maintaining Genetic Diversity,Genes,11,3,genomic coancestry matrix (deviation-based θLH and VanRaden θVR); allele frequency maintenance,OCS / contribution optimisation; Coancestry / relationship matrix choice,Compares genomic coancestry matrices for diversity maintenance; evaluates genetic variability and allele frequency trajectories.,https://doi.org/10.3390/genes12050673
10.3390/ani11061559,2021,Ojeda-Marín C; Cervantes I; Moreno E; Goyache F; Gutiérrez J,Breeding Strategies to Optimize Effective Population Size in Low Census Captive Populations: The Case of Gazella cuvieri,Animals,9,3,coancestry (parental and offspring),OCS / contribution optimisation; Coancestry / relationship matrix choice; Effective size,Computer simulation of breeding strategies comparing coancestry minimisation short vs long term; directly addresses OCS diversity trade-offs.,https://doi.org/10.3390/ani11061559
10.1186/s13007-024-01258-4,2024,Atanda S; Bandillo N,Genomic-inferred cross-selection methods for multi-trait improvement in a recurrent selection breeding program,Plant Methods,9,3,"additive genetic variance, posterior mean variance",OCS / contribution optimisation; Optimisation algorithms / cost,Genomic cross-selection optimising genetic gain and variance retention; directly addresses trade-off and multi-objective optimisation.,https://doi.org/10.1186/s13007-024-01258-4
10.1186/s12711-023-00866-3,2023,Zhang M; Wang S; Xu R; Liu Y; Zhang H; Sun M,Managing genomic diversity in conservation programs of Chinese domestic chickens,Genetics Selection Evolution,9,3,"heterozygosity, genomic inbreeding, ROH, FST",Coancestry / relationship matrix choice; Heterozygosity / gene diversity; Optimisation algorithms / cost,Directly compares diversity metrics in conservation; genomic methods for in situ/ex situ breed management.,https://doi.org/10.1186/s12711-023-00866-3
10.3168/jdsc.2020-0010,2021,"Macedo FL, Christensen OF, Legarra A.",Selection and drift reduce genetic variation for milk yield in Manech Tête Rousse dairy sheep.,,9,3,"genetic variance, average relationships, coancestry",OCS / contribution optimisation; Coancestry / relationship matrix choice,Partitions variance loss into drift and selection components; quantifies diversity erosion over time under directional selection.,https://doi.org/10.3168/jdsc.2020-0010
10.3389/fgene.2021.675500,2021,"Ramasubramanian V, Beavis WD.",Strategies to Assure Optimal Trade-Offs Among Competing Objectives for the Genetic Improvement of Soybean.,,9,3,"genetic variance, allelic diversity, effective population size",OCS / contribution optimisation; Allelic richness / rare alleles; Effective size,Explicitly compares genomic vs. phenotypic selection for genetic gain vs. diversity trade-offs; addresses strategy choices for retaining variance.,https://doi.org/10.3389/fgene.2021.675500
10.1111/eva.13300,2021,Tiret M; Pégard M; Sánchez L,"How to achieve a higher selection plateau in forest tree breeding? Fostering heterozygote × homozygote relationships in optimal contribution selection in the case study of
                    <i>Populus nigra</i>",Evolutionary Applications,8,3,genomic coancestry; Van Raden relationship matrix; heterozygosity control,OCS / contribution optimisation; Coancestry / relationship matrix choice; Heterozygosity / gene diversity,Genomic OCS with alternative relationship matrix formulations to manage coancestry and heterozygote loci directly.,https://doi.org/10.1111/eva.13300
10.3390/ani11113105,2021,Pilon B; Hinterneder K; Hay E; Fragomeni B,Inbreeding Calculated with Runs of Homozygosity Suggests Chromosome-Specific Inbreeding Depression Regions in Line 1 Hereford,Animals,8,3,"ROH (runs of homozygosity), inbreeding coefficient (pedigree and genomic)",Coancestry / relationship matrix choice; Effective size,ROH for inbreeding quantification in livestock; chromosome-specific ROH effects on phenotype prediction directly relevant.,https://doi.org/10.3390/ani11113105
10.1111/jbg.12762,2023,Sarviaho K; Uimari P; Martikainen K,Estimating inbreeding rate and effective population size in the Finnish Ayrshire population in the era of genomic selection,Journal of Animal Breeding and Genetics,8,3,"ROH inbreeding, effective population size",OCS / contribution optimisation; Coancestry / relationship matrix choice; Effective size,Genomic selection impact on Ne and inbreeding using SNP-derived ROH; directly evaluates diversity loss in breeding.,https://doi.org/10.1111/jbg.12762
10.1186/s12711-023-00826-x,2023,Gautason E; Sahana G; Guldbrandtsen B; Berg P,Impact of kinship matrices on genetic gain and inbreeding with optimum contribution selection in a genomic dairy cattle breeding program,Genetics Selection Evolution,7,3,VanRaden's method 1 and 2; kinship matrix; inbreeding; genetic diversity; minor allele frequency,OCS / contribution optimisation; Coancestry / relationship matrix choice; Effective size,Compares nine kinship matrices for OCS in genomic selection; directly evaluates effects on diversity metrics and inbreeding control.,https://doi.org/10.1186/s12711-023-00826-x
10.1111/pbr.13003,2022,Michel S; Löschenberger F; Moreno‐Amores J; Ametz C; Sparry E; Abel E,Balancing selection gain and genetic diversity in the genomic planning of crosses,Plant Breeding,7,3,desired gain index; genetic diversity balance,OCS / contribution optimisation,Directly compares mate selection indices for gain vs diversity trade-off; addresses index weighting for genomic cross planning.,https://doi.org/10.1111/pbr.13003
10.1186/s12711-024-00899-2,2024,"Niehoff TAM, Ten Napel J, Bijma P, Pook T, Wientjes YCJ, Hegedűs B, Calus MPL.",Improving selection decisions with mating information by accounting for Mendelian sampling variances looking two generations ahead.,,7,3,"gametic Mendelian sampling variance, heterozygosity, linkage",OCS / contribution optimisation; Coancestry / relationship matrix choice; Heterozygosity / gene diversity,"Directly addresses optimal mate selection accounting for diversity constraints (gametic variance, heterozygosity) to control genetic gain trade-offs in breeding.",https://doi.org/10.1186/s12711-024-00899-2
10.1186/s12864-024-10842-w,2024,"Mota LFM, Carvajal AB, Silva Neto JB, Díaz C, Carabaño MJ, Baldi F, Munari DP.",Assessment of inbreeding coefficients and inbreeding depression on complex traits from genomic and pedigree data in Nelore cattle.,,7,3,"F_ROH (runs of homozygosity), F_GRM (genomic relationship matrix), F_SNP (excess homozygosity)",Coancestry / relationship matrix choice,"Compares inbreeding coefficient estimation methods (pedigree, genomic, ROH, SNP) for precision in capturing inbreeding level and diversity impact.",https://doi.org/10.1186/s12864-024-10842-w
10.1093/g3journal/jkad195,2023,"Danguy des Déserts A, Durand N, Servin B, Goudemand-Dugué E, Alliot JM, Ruiz D, Charmet G, Elsen JM, Bouchet S.",Comparison of genomic-enabled cross selection criteria for the improvement of inbred line breeding populations.,,7,3,"Progeny variance, cross selection criteria (CSC), genetic complementarity, kinship constraints",OCS / contribution optimisation; Coancestry / relationship matrix choice; Effective size,Compares seven genomic cross-selection criteria balancing progeny performance and genetic diversity; applies parental contribution and kinship constraints in simulated optimization.,https://doi.org/10.1093/g3journal/jkad195
10.3390/ani11082356,2021,"Kasap A, Ramljak J, Špehar M.",Estimation of Population-Specific Genetic Parameters Important for Long-Term Optimum Contribution Selection-Case Study on a Dairy Istrian Sheep Breed.,,6,3,"effective population size, coancestry, connectedness",OCS / contribution optimisation; Coancestry / relationship matrix choice; Effective size,Directly applies optimal contribution selection to dairy sheep; estimates Ne and coancestry for long-term breed sustainability.,https://doi.org/10.3390/ani11082356
10.1007/s00122-023-04509-5,2024,"Sanchez D, Allier A, Ben Sadoun S, Mary-Huard T, Bauland C, Palaffre C, Lagardère B, Madur D, Combes V, Melkior S, Bettinger L, Murigneux A, Moreau L, Charcosset A.",Assessing the potential of genetic resource introduction into elite germplasm: a collaborative multiparental population for flint maize.,,6,3,"Usefulness criterion (UC), donor-elite complementarity, hybrid value, pre-breeding population",OCS / contribution optimisation; Core collection / subset selection,Maize pre-breeding bridging population evaluating donor × elite crosses for diversity enrichment; usefulness criterion measures transgressive selection potential.,https://doi.org/10.1007/s00122-023-04509-5
10.1093/jhered/esad027,2023,"Kinghorn B, Kinghorn A.",Management of diversity and inbreeding when importing new stock into an inbred population.,,5,3,optimal contribution selection; coancestry; mean progeny inbreeding; coancestry assortative mating,OCS / contribution optimisation; Coancestry / relationship matrix choice; Optimisation algorithms / cost,Directly applies OCS and coancestry-based mating to manage diversity and inbreeding in constrained breeding; exemplifies computational approach for diversity objectives.,https://doi.org/10.1093/jhered/esad027
10.1002/tpg2.20533,2025,"Peixoto MA, Amadeu RR, Bhering LL, Ferrão LFV, Munoz PR, Resende MFR.",SimpleMating: R-package for prediction and optimization of breeding crosses using genomic selection.,,5,3,inbreeding; kinship; cross prediction; multi-trait optimisation,OCS / contribution optimisation; Coancestry / relationship matrix choice; Optimisation algorithms / cost,R package for mate allocation optimizing genetic gain and minimizing inbreeding; practical tool for diversity-constrained cross selection in breeding programs.,https://doi.org/10.1002/tpg2.20533
10.1111/jbg.12455,2019,Toro M; Villanueva B; Fernández J,The concept of effective population size loses its meaning in the context of optimal management of diversity using molecular markers,Journal of Animal Breeding and Genetics,4,3,molecular coancestry,OCS / contribution optimisation; Coancestry / relationship matrix choice; Effective size,Optimal contribution selection with molecular markers; argues Ne loses meaning under optimal diversity management—core to OCS question.,https://doi.org/10.1111/jbg.12455
10.1007/s00122-025-05028-1,2025,"Yadav S, Dillon S, McNeil M, Dinglasan E, Mago R, Dodds P, Hickey L, Hayes BJ.",Optimising parent selection in plant breeding: comparing metaheuristic algorithms for genotype building.,,4,3,"optimal haplotype selection (OHS), optimal population value (OPV), GEBV, haplotype diversity",OCS / contribution optimisation; Allelic richness / rare alleles; Optimisation algorithms / cost,"Directly compares DE, GA, PSO, SA for parent selection under genotype-building objectives; evaluates OHS vs OPV on diversity retention and computational speed.",https://doi.org/10.1007/s00122-025-05028-1
10.1111/mec.17719,2025,"Godoy JA, Bazzicalupo E, Casas-Marce M, Cruz F, Fernández J, Hasselgren M, Kleinman-Ruiz D, Lorenzo-Fernández L, Lucena-Perez M, Marmesat E, Martínez-Cruz B, Mayor-Fidalgo L, Pérez-Sorribes L, Soriano","Genomic Insights Into the Origin, Decline and Recovery of the Once Critically Endangered Iberian Lynx.",,4,3,"inbreeding coefficient, kinship, He, genomic relationship matrix",OCS / contribution optimisation; Coancestry / relationship matrix choice; Effective size,Genetic monitoring and genome-informed breeding to manage inbreeding; directly applicable to OCS.,https://doi.org/10.1111/mec.17719
10.1093/g3journal/jkae128,2024,"Peixoto MA, Coelho IF, Leach KA, Lübberstedt T, Bhering LL, Resende MFR.",Use of simulation to optimize a sweet corn breeding program: implementing genomic selection and doubled haploid technology.,,4,3,"genetic variance, parental genetic mean, genetic gain, parental substitution ratio",OCS / contribution optimisation; Optimisation algorithms / cost,Breeding program simulation optimising genomic selection and doubled haploids; directly evaluates diversity-gain trade-offs and parental strategy costs.,https://doi.org/10.1093/g3journal/jkae128
10.1038/s42003-025-08715-3,2025,"Zhong Y, Feng L, Deng H, Ji X, Zhang J, Sun Y, Lin P, Qiao Y, Xie S, Wang H, Guo L, Feng X.","Genomic resequencing reveals genetic diversity, population structure, and core collection of durian germplasm.",,4,3,"SNP diversity, core collection, population structure",Allelic richness / rare alleles; Core collection / subset selection,Core collection design from germplasm diversity; directly addresses subset selection and diversity quantification in breeding.,https://doi.org/10.1038/s42003-025-08715-3
10.1002/tpg2.70000,2025,Wu P; Stich B; Hartje S; Muders K; Prigge V; Van Inghelandt D,Optimal implementation of genomic selection in clone breeding programs exemplified in potato: II. Effect of selection strategy and cross‐selection method on long‐term genetic gain,The Plant Genome,3,3,genome-wide diversity; genomic relationship matrix; genetic variability; additive and dominance effects,OCS / contribution optimisation; Coancestry / relationship matrix choice; Allelic richness / rare alleles,Cross-selection methods in autotetraploid breeding; evaluates genetic variability and efficiency of converting diversity into gain with genomic selection.,https://doi.org/10.1002/tpg2.70000
10.1093/genetics/iyac069,2022,Amini F; Hu G; Wang L; Wu R,The L-shaped selection algorithm for multitrait genomic selection,Genetics,3,3,"genetic gain, genetic diversity",OCS / contribution optimisation; Optimisation algorithms / cost,L-shaped Pareto selection for multitrait genomic selection; addresses diversity preservation and computational efficiency in optimisation.,https://doi.org/10.1093/genetics/iyac069
10.1111/jbg.12930,2025,Musa A; Reinsch N,A Similarity Matrix for Preserving Haplotype Diversity Amongst Parents in Genomic Selection,Journal of Animal Breeding and Genetics,3,3,"haplotype similarity matrix, haplotype diversity, additive genetic effects, Mendelian sampling variance",OCS / contribution optimisation; Coancestry / relationship matrix choice; Optimisation algorithms / cost,Directly addresses haplotype-based diversity preservation in parent selection under genomic selection; novel similarity matrix for balancing gain and diversity in selection algorithms.,https://doi.org/10.1111/jbg.12930
10.1038/s41598-021-84566-2,2021,"Galeano E, Bousquet J, Thomas BR.","SNP-based analysis reveals unexpected features of genetic diversity, parental contributions and pollen contamination in a white spruce breeding program.",,3,3,"Shannon Index, effective population size, coancestry, inbreeding coefficient",OCS / contribution optimisation; Coancestry / relationship matrix choice; Effective size,"Directly monitors diversity metrics (Shannon, Ne, coancestry) in breeding program under selection; assesses impact of roguing on diversity trade-offs.",https://doi.org/10.1038/s41598-021-84566-2
10.3389/fgene.2023.1303748,2023,"Ojeda-Marín C, Cervantes I, Formoso-Rafferty N, Gutiérrez JP.",Genomic inbreeding measures applied to a population of mice divergently selected for birth weight environmental variance.,,3,3,"runs of homozygosity, genomic inbreeding (multiple methods), effective population size, relationship matrices",OCS / contribution optimisation; Coancestry / relationship matrix choice; Effective size,"Compares inbreeding metrics (ROH, F_NEJ, F_L&H, Van Raden, Yang) and Ne estimation from genomic data; evaluates metric robustness under selection.",https://doi.org/10.3389/fgene.2023.1303748
10.1038/s41437-024-00697-y,2024,Ahadi P; Balasundaram B; Borrero J; Chen C,Development and optimization of expected cross value for mate selection problems,Heredity,2,3,"expected cross value, inbreeding control",OCS / contribution optimisation; Optimisation algorithms / cost,ECV criterion for mate selection; genomic multi-trait optimisation with inbreeding constraint; directly relevant to hybrid optimisation problem.,https://doi.org/10.1038/s41437-024-00697-y
10.1002/csc2.70197,2025,Guimarães P; Sousa M; Jannink J; Campos M; Oliveira E,Designing superior crosses in cassava using genomic mating to boost yield and genetic diversity,Crop Science,2,3,"optimum contribution selection; additive, dominance, directional dominance models",OCS / contribution optimisation,Directly combines genomic mating with OCS in cassava; explicitly addresses diversity-gain trade-off and inbreeding control in cross design.,https://doi.org/10.1002/csc2.70197
10.1111/eva.70085,2025,"González-Castellano I, Ordás P, Caballero A.",Estimation of Inbreeding Depression From Overdominant Loci Using Molecular Markers.,,2,3,"F (inbreeding coefficient), ROH, marker homozygosity",OCS / contribution optimisation; Coancestry / relationship matrix choice,Evaluates accuracy of different F measures (ROH vs individual-marker) for estimating inbreeding depression; relevant to metric choice for diversity loss.,https://doi.org/10.1111/eva.70085
10.1126/sciadv.adm7980,2025,"Pan T, Miao J, Sun K, Nie H, Luscombe NM, Li W, Zhang S, Yang L, Wang H, Zhou Y, Tu G, Shu Y, Zhang B, Wu X.",Genomic insights and the conservation potential of captive breeding: The case of Chinese alligator.,,2,3,"SNP-based kinship, inbreeding coefficient, He, ROH",OCS / contribution optimisation; Coancestry / relationship matrix choice,Genome-informed breeding program minimizing inbreeding via kinship analysis; directly relevant to OCS.,https://doi.org/10.1126/sciadv.adm7980
10.1093/jxb/erag073,2026,"Yadav S, Dillon S, McNeil M, Dinglasan E, Jambuthenne D, Mago R, Dodds PN, Hickey LT, Hayes BJ.",Advancing rust resistance in elite wheat with haplotype mapping and a novel introgression strategy.,,2,3,"haplotype effect variance, introgression fitness index, genetic algorithm selection",Optimisation algorithms / cost,Directly addresses selection of haplotypes to optimize resistance while maintaining elite background; genetic algorithm for parent selection under constraints.,https://doi.org/10.1093/jxb/erag073
10.1093/bioadv/vbaf259,2024,Waldmann P,Genomic optimum contribution selection and mate allocation using JuMP,Bioinformatics Advances,1,3,genomic coancestry matrix; inbreeding rate,OCS / contribution optimisation; Coancestry / relationship matrix choice; Optimisation algorithms / cost,Two-stage genomic OCS and mate allocation in JuMP/Julia; directly addresses balancing gain with coancestry constraints using genomic relationship matrices.,https://doi.org/10.1093/bioadv/vbaf259
10.1093/genetics/iyag013,2026,Fernández-González J; Metwally S; Isidro y Sánchez J,MateR: a novel genomic mating framework,GENETICS,1,3,additive standard deviation loss; family mean and variance under dominance,OCS / contribution optimisation; Coancestry / relationship matrix choice; Optimisation algorithms / cost,Develops diversity metric quantifying additive-variation loss; integrates gain and diversity into mating optimization; directly addresses core question.,https://doi.org/10.1093/genetics/iyag013
10.1186/s12711-026-01034-z,2026,"Pook T, Hassanpour A, Niehoff TAM, Calus MPL.",Strategies to improve on selection based on estimated breeding values.,,1,3,average kinship; inbreeding; SNP effect weighting,OCS / contribution optimisation; Coancestry / relationship matrix choice,"Compares selection strategies (EBV, kinship weighting, multi-objective) for long-term gain and diversity; directly addresses diversity constraints in genomic selection.",https://doi.org/10.1186/s12711-026-01034-z
10.1101/2023.02.20.529187,2023,"Pocrnic I, Obšteter J, Gaynor RC, Wolc A, Gorjanc G.",Assessment of long-term trends in genetic mean and variance after the introduction of genomic selection in layers: a simulation study,,1,3,"genic variance, effective population size, inbreeding, optimal contribution selection",OCS / contribution optimisation; Coancestry / relationship matrix choice; Effective size,Directly compares OCS to inbreeding minimisation in genomic selection; evaluates long-term diversity-gain trade-offs and Ne.,https://doi.org/10.1101/2023.02.20.529187
10.1093/jas/skae329,2024,"Arias KD, Fernández I, Gutiérrez JP, Bozzi R, Álvarez I, Goyache F.",Characterizing local pig breeds as reservoirs for the domestic pig genetic variability worldwide via contributions to gene diversity and allelic richness.,,1,3,"gene diversity, allelic richness, effective population size, coancestry",OCS / contribution optimisation; Coancestry / relationship matrix choice; Allelic richness / rare alleles,Directly evaluates gene diversity and allelic richness as metrics for identifying diversity reservoirs in pig populations.,https://doi.org/10.1093/jas/skae329
10.1371/journal.pcbi.1010290,2023,"Tchounke B, Sanchez L, Bell JM, Cros D.",Mate selection: A useful approach to maximize genetic gain and control inbreeding in genomic and conventional oil palm (Elaeis guineensis Jacq.) hybrid breeding.,,1,3,"inbreeding, coancestry, genomic selection",OCS / contribution optimisation; Coancestry / relationship matrix choice; Optimisation algorithms / cost,Mate selection optimisation algorithm (simulated annealing) minimising inbreeding while maximising gain; directly relevant to constrained combinatorial optimisation in breeding.,https://doi.org/10.1371/journal.pcbi.1010290
10.1093/g3journal/jkag044,2026,"Technow F, Podlich D, Cooper M.",Back to the future 2: the implications of germplasm structure on the balance between short- and long-term genetic gain in a changing target population of environments.,,1,3,"genetic variability, germplasm structure, distributed breeding",OCS / contribution optimisation; Core collection / subset selection,Directly addresses balance between short-term gain and long-term diversity in breeding under environmental change; programme design implications.,https://doi.org/10.1093/g3journal/jkag044
10.1093/g3journal/jkaf100,2025,"Pook T, Tost ML, Simianer H.",Optimization of recurrent rapid cycle breeding in maize for sustained long-term genetic improvement via stochastic simulations.,,1,3,"genetic diversity, relatedness, genomic selection",OCS / contribution optimisation; Optimisation algorithms / cost,Stochastic simulations of rapid cycle breeding balancing gain vs. diversity; addresses long-term diversity management and selection scheme optimization directly.,https://doi.org/10.1093/g3journal/jkaf100
10.3390/plants13111577,2024,"Zhao H, Khansefid M, Lin Z, Hayden MJ.",Genetic Gain and Inbreeding in Different Simulated Genomic Selection Schemes for Grain Yield and Oil Content in Safflower.,,1,3,"inbreeding coefficient, mating relationship control",OCS / contribution optimisation,Genomic selection with inbreeding control vs. genetic gain trade-off; directly addresses cheap diversity metrics in breeding.,https://doi.org/10.3390/plants13111577
10.1093/bioinformatics/btaf586,2025,"Hamazaki K, Iwata H, Tsuda K.",DiffBreed: automatic differentiation enables efficient gradient-based optimization of breeding strategies.,,1,3,genetic gain; progeny allocation strategy,OCS / contribution optimisation; Optimisation algorithms / cost,Differentiable breeding simulator enabling gradient-based optimization of allocation; directly addresses computational efficiency for breeding strategy optimization.,https://doi.org/10.1093/bioinformatics/btaf586
10.1111/1755-0998.13781,2023,Morales‐González E; Villanueva B; Toro M; Fernández J,Maintenance of genetic diversity in subdivided populations using genomic coancestry matrices,Molecular Ecology Resources,0,3,genomic coancestry matrix (deviation-based and GRM); expected heterozygosity; allelic diversity,OCS / contribution optimisation; Coancestry / relationship matrix choice; Allelic richness / rare alleles,Compares genomic coancestry matrices for subdivided populations; evaluates expected heterozygosity and allelic diversity as diversity metrics.,https://doi.org/10.1111/1755-0998.13781
10.3390/biology12091157,2023,Zheng X; Wang T; Niu Q; Wu J; Zhao Z; Gao H,Evaluation of Linear Programming and Optimal Contribution Selection Approaches for Long-Term Selection on Beef Cattle Breeding,Biology,0,3,average kinship coefficient; QTL effect variance; observed heterozygosity; inbreeding level,OCS / contribution optimisation; Coancestry / relationship matrix choice; Heterozygosity / gene diversity,"Compares linear programming and OCS for beef cattle; evaluates genetic gain, kinship, and heterozygosity across generations.",https://doi.org/10.3390/biology12091157
10.1186/s12711-026-01044-x,2026,Wæge O; Yu X; Berg P; Meuwissen T,Linkage- and ROH-based genomic relationship matrices for IBD based management of genetic diversity,Genetics Selection Evolution,0,3,linkage-based relationship matrix; runs-of-homozygosity; identity-by-descent; Van Raden method,OCS / contribution optimisation; Coancestry / relationship matrix choice; Effective size,Compares relationship matrices for OCS inbreeding control; evaluates IBD accuracy and inbreeding rate under OCS.,https://doi.org/10.1186/s12711-026-01044-x
10.1186/s12711-026-01049-6,2026,Niehoff T; ten Napel J; Pook T; Calus M,Restructuring breeding programs 2: Assortative mating for improved commercial genetic gain when using optimum contribution selection and diversity introduction,Genetics Selection Evolution,0,3,optimal contribution selection; assortative mating; genetic variance; diversity introduction,OCS / contribution optimisation,OCS with diversity introduction and assortative mating to balance gain and variance; directly addresses breeding program restructuring.,https://doi.org/10.1186/s12711-026-01049-6
10.31285/agro.27.1259,2023,Omondi S,Patterns of genetic diversity and structure of Eucalyptus grandis breeding population in Kenya: Implication for genetic improvement,Agrociencia Uruguay,0,3,"microsatellite polymorphic information content, alleles per locus, observed/expected heterozygosity, Shannon index",Heterozygosity / gene diversity; Effective size,Tree breeding population genetic diversity directly supporting recurrent selection and improvement programmes; multiple metrics evaluated.,https://doi.org/10.31285/agro.27.1259
10.1186/s12711-026-01052-x,2026,Schrauf M; Vandenplas J; Mulder H; Wientjes Y,Genomic selection strategies and their potential to maintain rare alleles and de-novo mutations: a long-term assessment,Genetics Selection Evolution,0,3,"Genomic selection, rare-allele retention, genetic variance, effective population size",OCS / contribution optimisation; Coancestry / relationship matrix choice; Allelic richness / rare alleles,Directly addresses genomic selection strategies for balancing genetic gain vs diversity; long-term simulation of rare-allele conservation under constraints.,https://doi.org/10.1186/s12711-026-01052-x
10.1093/genetics/iyag095,2026,"Lstibůrek M, Bittner V, Solvin TM, Korecký J, Steffenrem A.",Identifying optimal sets of individuals under a pairwise genomic relationship threshold for breeding and conservation.,,0,3,"genomic relationship matrix, pairwise coancestry, binary integer programming",OCS / contribution optimisation; Coancestry / relationship matrix choice; Core collection / subset selection,Direct solution to constrained subset selection under pairwise relationship threshold; optimal contribution selection via integer programming for breeding/conservation.,https://doi.org/10.1093/genetics/iyag095
10.1186/s12859-026-06392-5,2026,"Musa AA, Reinsch N.",PyMSQ: a Python package for fast Mendelian sampling (co)variance and haplotype-based similarity in genomic selection.,,0,3,"Mendelian sampling variance/covariance, haplotype-based similarity, genomic relationship matrix",OCS / contribution optimisation; Coancestry / relationship matrix choice; Optimisation algorithms / cost,Fast computational methods for diversity-aware genomic selection; MSV/MSC and haplotype similarity for within-family diversity; optimized for speed in selection loops.,https://doi.org/10.1186/s12859-026-06392-5
10.1101/2025.10.14.682303,2025,"Musa AA, Reinsch N.",PyMSQ: a python package for fast Mendelian sampling (co)variance and haplotype-based similarity in genomic selection,,0,3,"Mendelian sampling variance/covariance, haplotype-based similarity, genomic relationship matrix",OCS / contribution optimisation; Coancestry / relationship matrix choice; Optimisation algorithms / cost,Open-source fast implementation of MSV/MSC and haplotype similarity for diversity control in genomic selection; 332× speedup; directly applicable to inner-loop optimization.,https://doi.org/10.1101/2025.10.14.682303
10.1186/s13007-025-01484-4,2025,"Montesinos-López OA, Montesinos-López A, Hernández-Suárez CM, Alemu A.",A selection index with minimal genetic relatedness for multi-trait data via binary quadratic programming.,,0,3,"genomic relationship matrix, coancestry, quadratic programming",OCS / contribution optimisation; Coancestry / relationship matrix choice; Optimisation algorithms / cost,Multi-trait selection index with coancestry constraint via binary quadratic programming; balances genetic gain and relatedness; suitable for breeder optimization pipelines.,https://doi.org/10.1186/s13007-025-01484-4
10.1111/jbg.12917,2025,"Zhao Q, Liu H, Zhang Q, Qadri QR, Pan Y, Su G, Li P, Huang R.",Optimal Combination of Different Selection and Mating Strategies on Exploiting Genetic Diversity and Genetic Gain in Small Pig Conservation Populations.,,0,3,"optimal contribution selection, pedigree coancestry, genomic relationship matrix, mating strategies",OCS / contribution optimisation; Coancestry / relationship matrix choice,"Systematic comparison of OCS methods and mating strategies (MCPed, MCmarker) for balancing genetic gain and diversity in small populations; stochastic simulation of long-term effects.",https://doi.org/10.1111/jbg.12917
10.3390/ani15152217,2025,"Zsolnai A, Nagy A, Szalai G, Curik I, Anton I, Hudák P, Varga L.",A Novel Conservation Genomic Strategy: Selection for the Probability of Offspring Heterozygosity.,,0,3,Probability of Offspring Heterozygosity (POH),OCS / contribution optimisation; Coancestry / relationship matrix choice; Allelic richness / rare alleles,Novel parent-selection metric for diversity maintenance using SNP data; directly addresses metrics to quantify/preserve diversity in constrained breeding with genomic markers.,https://doi.org/10.3390/ani15152217
10.3390/biology15070530,2026,"Getmantseva L, Bakoev S, Kolosova M, Usatov A, Amerkhanov K, Lukonina O.",Evolution of Methods for the Quantitative Assessment of Inbreeding in Livestock.,,0,3,"F_ped, F_GRM, F_ROH, F_HBD; inbreeding coefficient; runs of homozygosity",OCS / contribution optimisation; Coancestry / relationship matrix choice; Effective size,"Comprehensive review of inbreeding estimation methods (IBD, ROH, HBD models); core comparison of genomic metrics for assessing autozygosity and inbreeding in breeding programs.",https://doi.org/10.3390/biology15070530
10.1101/2021.02.15.431233,2021,"Tiret M, Pégard M, Sánchez L.",How to achieve a higher selection plateau in forest tree breeding? Fostering Heterozygote x Homozygote relationships in Optimal Contribution Selection in the case study of Populus nigra,,0,3,"genomic optimal contribution selection, genomic relationship matrix formulation, coancestry, heterozygosity",OCS / contribution optimisation; Coancestry / relationship matrix choice; Heterozygosity / gene diversity,Directly addresses GOCS with alternative genomic relationship matrix to control heterozygosity and coancestry; evaluates diversity-gain trade-off and selection plateau over generations.,https://doi.org/10.1101/2021.02.15.431233
10.1002/age.70088,2026,"Hoorneman JN, Schoon MA, Crooijmans RPMA, Hiemstra SJ, Windig JJ.",Genetic Diversity in Dutch Sheep Breeds.,,0,3,"gene diversity, FST, optimal contribution selection, kinship matrix",OCS / contribution optimisation; Coancestry / relationship matrix choice; Heterozygosity / gene diversity,Direct: OCS applied to gene bank; within/between-breed diversity; breeding circle strategy; optimal contribution ranking.,https://doi.org/10.1002/age.70088
10.1186/s12864-026-12548-7,2026,"Gu R, Wei S, Fan S, Rendón-Anaya M, Liu G.",Cutting through the clones: genomic strategies for core collection development in moso bamboo.,,0,3,"expected heterozygosity, stratified sampling, core-collection strategy",OCS / contribution optimisation; Allelic richness / rare alleles; Heterozygosity / gene diversity,"Core collection development comparing sampling strategies and diversity metrics (He, PIC); optimises diversity under constraints at multiple intensities.",https://doi.org/10.1186/s12864-026-12548-7
10.1371/journal.pone.0343623,2026,"Yang W, Mao M, Qin J, Nasar J, Pan Z, Zhou L, Zhao Q.",Genetic diversity and core collection construction of glutinous rice landraces in 'He' cultivation zone of Guizhou using SSR sequencing.,,0,3,"allelic richness (Na), observed heterozygosity (Ho), simulated annealing + allelic richness maximization strategy",OCS / contribution optimisation; Allelic richness / rare alleles; Heterozygosity / gene diversity,Core-collection construction via optimization algorithm explicitly comparing strategies for preserving allelic diversity and heterozygosity.,https://doi.org/10.1371/journal.pone.0343623
10.3389/fgene.2026.1792347,2026,"Mészáros G, Curik I, Ouedraogo D, Windig J, Leroy G, Utsunomiya YT, Burger P, Colli L, Xu C, Boettcher P, Looft C, Soelkner J.","Framework for assessing genetic variation in livestock using demographic, pedigree, and genomic measures.",,0,3,"N_e, demographic/pedigree/genomic measures, allelic variation, inbreeding/drift",Coancestry / relationship matrix choice; Allelic richness / rare alleles; Heterozygosity / gene diversity,"FAO framework directly integrating demographic, pedigree, genomic measures for assessing genetic variation in livestock populations.",https://doi.org/10.3389/fgene.2026.1792347
10.1093/jas/skaf023,2025,"Ojeda-Marín C, Cervantes I, Formoso-Rafferty N, Gutiérrez JP, Rodríguez-Ramilo ST.",Inbreeding depression for litter size in two mice lines under divergent selection for environmental birth weight variability using genomic data.,,0,3,"FPED, FNEJ, FL&H, FVR1, FVR2, FYAN, FROH, FHBD",Coancestry / relationship matrix choice,Compares genomic inbreeding metrics (multiple matrices) vs pedigree for ID estimation; directly addresses metric choice for selection consequence.,https://doi.org/10.1093/jas/skaf023
10.1093/genetics/iyag088,2026,"Weir BS, Goudet J.",Allelic association analyses: estimation recommendations.,,0,3,"F-statistics, kinship, IBD, allele-sharing estimators, inbreeding, relatedness",Coancestry / relationship matrix choice; Allelic richness / rare alleles,Foundational theory for descent measures and relatedness estimators; directly addresses which metrics preserve rankings.,https://doi.org/10.1093/genetics/iyag088
10.64898/2026.01.26.701864,2026,"Weir BS, Goudet J.",Allelic Association Analyses: Estimation Recommendations,,0,3,"F-statistics, kinship, IBD, allele-sharing estimators, inbreeding, relatedness",Coancestry / relationship matrix choice; Allelic richness / rare alleles,Identical to [3]; foundational comparison of estimators and descent measures underlying diversity metrics.,https://doi.org/10.64898/2026.01.26.701864
10.1186/s12711-025-00953-7,2025,"Elsen JM, Raoul J, Gilbert H.",Is there an advantage of using genomic information to estimate gametic variances and improve recurrent selection in animal populations?,,0,3,"gametic variance, GEBV, utility criterion",OCS / contribution optimisation,Genomic gametic variance for recurrent selection trade-offs; directly addresses cheap diversity metrics in breeding loops.,https://doi.org/10.1186/s12711-025-00953-7
10.1002/ece3.72658,2026,"Dimon RJ, Bragg J, Fahey P, van der Merwe M, Wilson PD, Henry R, Rossetto M.",Integrating Genomic and Climate Data to Design Representative Seed Production Areas: A Pragmatic Workflow for Climate-Adjusted Provenancing.,,0,3,"allelic diversity, genetic neighbourhoods, site frequency spectrum",Allelic richness / rare alleles; Core collection / subset selection; Optimisation algorithms / cost,Integrates genomic data and optimisation for representative seed collection design; directly addresses allele capture maximisation under practical constraints.,https://doi.org/10.1002/ece3.72658
10.1186/s12870-026-08478-x,2026,"Zhang C, Lamlom SF, Hong H, Huang L, Yuan R, Zhang F, Xia X, Wang X, Zhao K, Liu X, Abdelghany AM, Ren H, Ding J.",Integrative multi-trait phenotyping reveals coordinated root and antioxidant responses underlying drought tolerance in soybean.,,0,3,morphological/physiological trait heritability; multi-trait selection index (MGIDI); root architecture + antioxidant defence trait interaction,Core collection / subset selection; Optimisation algorithms / cost,Multi-trait genotype selection for drought tolerance; coordinated trait breeding; heritability-informed selection; candidate for constraint-based genomic selection pipeline.,https://doi.org/10.1186/s12870-026-08478-x
10.1007/s00122-025-05034-3,2025,"Sanchez D, Ben Sadoun S, Mary-Huard T, Bauland C, Palaffre C, Lagardère B, Madur D, Combes V, Melkior S, Bettinger L, Murigneux A, Moreau L, Charcosset A.",Genomic prediction-aided incorporation of genetic resources into elite breeding: lessons from a collaborative multiparental design in flint maize.,,0,3,"Usefulness criterion (UC), genome-wide donor-elite complementarity, genomic prediction",OCS / contribution optimisation; Optimisation algorithms / cost,Multiparental maize bridging design selecting donors × elite crosses; genomic prediction to optimize diversity incorporation and transgressive progeny.,https://doi.org/10.1007/s00122-025-05034-3
10.1101/634303,2019,"Allier A, Lehermeier C, Charcosset A, Moreau L, Teyssèdre S.",Improving short and long term genetic gain by accounting for within family variance in optimal cross selection,,0,3,"expected genetic diversity, coancestry, parental contribution (UCPC)",OCS / contribution optimisation; Coancestry / relationship matrix choice,"Identical to [2]: optimal cross-selection, within-family variance, diversity constraints in genomic breeding programs.",https://doi.org/10.1101/634303
10.1186/s40850-026-00264-4,2026,"Domínguez S, Gutiérrez JP, Moreno E, Cervantes I.",Optimizing mating strategies to maximize genetic diversity in the mhorr gazelle (Nanger dama mhorr) ex situ breeding program.,,0,3,"Coancestry, effective population size (Ne), parent/offspring coancestry",OCS / contribution optimisation; Coancestry / relationship matrix choice; Heterozygosity / gene diversity,Directly compares mating strategies to minimise coancestry and maximise Ne over generations; optimal contribution selection benchmark.,https://doi.org/10.1186/s40850-026-00264-4
10.1186/s12870-026-08663-y,2026,"Zheng C, Liu Z, Liu N, Li C, Niu Y, Mao C, Liu J.",Genetic diversity analysis and core collection construction of Macadamia spp. from Yunnan using fourfold degenerate SNP sites.,,0,3,"expected heterozygosity, observed heterozygosity, polymorphic information content, nucleotide diversity, core collection",Heterozygosity / gene diversity; Effective size; Core collection / subset selection,Directly addresses core collection construction using diversity metrics; demonstrates diversity-based germplasm subset selection.,https://doi.org/10.1186/s12870-026-08663-y
10.3389/fpls.2025.1707011,2025,"Shrestha A, Gudino MA, Angeles-Shim RB.",Environmental pressures shape regional patterns of genetic diversity and ancestry in cotton landraces.,,0,3,"Nei genetic distance, FST, heterozygosity, allelic richness, Tajima's D, balancing selection",Allelic richness / rare alleles; Heterozygosity / gene diversity,"Cotton landrace diversity, selection signatures, and domestic bottleneck; directly relevant to diversity loss quantification and structure.",https://doi.org/10.3389/fpls.2025.1707011
10.3389/fpls.2025.1675815,2025,"Gouy M, Bogard M, Mohamadi F, Demenou B.",Optimizing core collections for genetic studies: a worldwide flax germplasm case study.,,0,3,"expected heterozygosity (He), allelic richness, core-collection algorithms",Allelic richness / rare alleles; Heterozygosity / gene diversity; Core collection / subset selection,Core-collection development strategies evaluated on diversity and representativeness; He reported by cluster; directly addresses selection-driven subset optimization.,https://doi.org/10.3389/fpls.2025.1675815
10.1186/s12711-019-0495-1,2019,Doublet A; Croiseau P; Fritz S; Michenet A; Hozé C; Danchin-Burge C,The impact of genomic selection on genetic diversity and genetic gain in three French dairy cattle breeds,Genetics Selection Evolution,100,2,runs of homozygosity (ROH); inbreeding rate; effective population size,OCS / contribution optimisation; Coancestry / relationship matrix choice; Effective size,Empirical diversity impact of genomic selection; ROH and pedigree inbreeding quantified; no OCS optimization.,https://doi.org/10.1186/s12711-019-0495-1
10.1038/s41598-018-34555-9,2018,Fatokun C; Girma G; Abberton M; Gedil M; Unachukwu N; Oyatomi O,Genetic diversity and population structure of a mini-core subset from the world cowpea (Vigna unguiculata (L.) Walp.) germplasm collection,Scientific Reports,91,2,"Gene diversity, heterozygosity, polymorphic information content (PIC)",Heterozygosity / gene diversity; Effective size; Core collection / subset selection,"Core collection characterization reports diversity metrics (He, PIC) via SNP clustering but lacks optimization algorithm or selection-under-constraints framework.",https://doi.org/10.1038/s41598-018-34555-9
10.3390/d12010008,2019,Eusebi P; Martinez A; Cortes O,Genomic Tools for Effective Conservation of Livestock Breed Diversity,Diversity,71,2,linkage disequilibrium; effective population size; runs of homozygosity (ROH); genomic relatedness,OCS / contribution optimisation; Coancestry / relationship matrix choice; Effective size,Reviews genomic tools for livestock diversity conservation and estimation. Addresses marker choice and relatedness but not optimisation inner-loop cost.,https://doi.org/10.3390/d12010008
10.1038/s41586-024-08458-x,2025,"Shaw RE, Farquharson KA, Bruford MW, Coates DJ, Elliott CP, Mergeay J, Ottewell KM, Segelbacher G, Hoban S, Hvilsom C, Pérez-Espona S, Ruņģis D, Aravanopoulos F, Bertola LD, Cotrim H, Cox K, Cubric-Cu",Global meta-analysis shows action is needed to halt genetic diversity loss.,,70,2,"allele frequency, heterozygosity, genetic diversity indices",Allelic richness / rare alleles; Heterozygosity / gene diversity; Optimisation algorithms / cost,Global meta-analysis of temporal genetic diversity change under threats and conservation; broad synthesis but no specific metric evaluation for real-time combinatorial optimisation.,https://doi.org/10.1038/s41586-024-08458-x
10.1186/s12864-020-06835-0,2020,Mourad A; Belamkar V; Baenziger P,"Molecular genetic analysis of spring wheat core collection using genetic diversity, population structure, and linkage disequilibrium",BMC Genomics,65,2,"Allelic richness (Na, Ne), heterozygosity (h, uh), kinship, population structure (AMOVA)",Coancestry / relationship matrix choice; Allelic richness / rare alleles; Heterozygosity / gene diversity,Quantifies diversity metrics in wheat core via GBS-SNPs and identifies population structure but does not address selection optimization or computational constraints.,https://doi.org/10.1186/s12864-020-06835-0
10.1186/s40104-020-00447-0,2020,Shi L; Wang L; Liu J; Deng T; Yan H; Zhang L,Estimation of inbreeding and identification of regions under heavy selection based on runs of homozygosity in a Large White pig population,Journal of Animal Science and Biotechnology,56,2,"F_ROH, F_HOM, F_GRM, F_PED",Coancestry / relationship matrix choice; Optimisation algorithms / cost,"Large-scale comparison of four inbreeding estimators in pigs; relevant for metric evaluation but descriptive census, no selection algorithm or cost analysis.",https://doi.org/10.1186/s40104-020-00447-0
10.1093/genetics/iyab122,2021,Wolfe M; Chan A; Kulakow P; Rabbi I; Jannink J,Genomic mating in outbred species: predicting cross usefulness with additive and total genetic covariance matrices,Genetics,50,2,additive and total genetic covariance matrices; cross variance prediction,OCS / contribution optimisation; Optimisation algorithms / cost,Genomic mating predicts cross usefulness but does not address diversity loss or computational cost in optimisation loops.,https://doi.org/10.1093/genetics/iyab122
10.1186/s12863-020-0824-y,2020,Ghoreishifar S; Moradi-Shahrbabak H; Fallahi M; Jalil Sarghale A; Moradi-Shahrbabak M; Abdollahi-Arpanahi R,"Genomic measures of inbreeding coefficients and genome-wide scan for runs of homozygosity islands in Iranian river buffalo, Bubalus bubalis",BMC Genetics,46,2,"F_ROH, F_HOM, F_UNI, F_GRM",Coancestry / relationship matrix choice; Optimisation algorithms / cost,"Compares four genomic inbreeding estimators on SNP data; relevant for metric choice but descriptive, lacks selection-optimisation or computational-cost context.",https://doi.org/10.1186/s12863-020-0824-y
10.1186/s12711-021-00644-z,2021,Lozada-Soto E; Maltecca C; Lu D; Miller S; Cole J; Tiezzi F,Trends in genetic diversity and the effect of inbreeding in American Angus cattle under genomic selection,Genetics Selection Evolution,42,2,effective population size; effective number of chromosome segments; inbreeding (pedigree and genomic),OCS / contribution optimisation; Effective size; Optimisation algorithms / cost,Quantifies diversity metrics under genomic selection; no OCS or optimization framework discussed.,https://doi.org/10.1186/s12711-021-00644-z
10.1111/nph.17915,2022,Montazeaud G; Flutre T; Ballini E; Morel J; David J; Girodolle J,From cultivar mixtures to allelic mixtures: opposite effects of allelic richness between genotypes and genotype richness in wheat,New Phytologist,40,2,"allelic richness, genotype richness",Allelic richness / rare alleles; Heterozygosity / gene diversity; Optimisation algorithms / cost,Field study of diversity effects on yield/disease in wheat mixtures; genomic data integrated but no selection algorithm or constraints.,https://doi.org/10.1111/nph.17915
10.1186/s12711-019-0496-0,2019,Upadhyay M; Eriksson S; Mikko S; Strandberg E; Stålhammar H; Groenen M,Genomic relatedness and diversity of Swedish native cattle breeds,Genetics Selection Evolution,39,2,"SNP-based diversity, phylogenetic relatedness",Optimisation algorithms / cost,Native breed conservation and diversity assessment; documents metrics but no optimisation or selection algorithm.,https://doi.org/10.1186/s12711-019-0496-0
10.3389/fgene.2021.722602,2021,Sticca E; Belbin G; Gignoux C,Current Developments in Detection of Identity-by-Descent Methods and Applications,Frontiers in Genetics,36,2,IBD,Coancestry / relationship matrix choice; Optimisation algorithms / cost,Review of IBD detection methods and computational advances; contextual for scalable diversity assessment but no direct diversity metrics or selection applications.,https://doi.org/10.3389/fgene.2021.722602
10.3390/ijms24032470,2023,Rispail N; Wohor O; Osuna-Caballero S; Barilli E; Rubiales D,Genetic Diversity and Population Structure of a Wide Pisum spp. Core Collection,International Journal of Molecular Sciences,33,2,"DArTSeq SNP/SilicoDArT, expected/observed heterozygosity, population structure",Heterozygosity / gene diversity; Core collection / subset selection; Optimisation algorithms / cost,Core collection construction and diversity assessment; lacks optimisation algorithm or computational cost analysis for selection.,https://doi.org/10.3390/ijms24032470
10.1186/s12864-019-5564-x,2019,"Grilz-Seger G, Druml T, Neuditschko M, Dobretsberger M, Horna M, Brem G.",High-resolution population structure and runs of homozygosity reveal the genetic architecture of complex traits in the Lipizzan horse.,,32,2,runs of homozygosity (ROH); population structure; autozygosity,Coancestry / relationship matrix choice; Optimisation algorithms / cost,High-resolution ROH and kinship in managed horse population; directly relevant to diversity quantification but no combinatorial optimisation or algorithm cost evaluation.,https://doi.org/10.1186/s12864-019-5564-x
10.1111/eva.70000,2024,Jeon J; Black A; Heenkenda E; Mularo A; Lamka G; Janjua S,Genomic Diversity as a Key Conservation Criterion: Proof‐of‐Concept From Mammalian Whole‐Genome Resequencing Data,Evolutionary Applications,31,2,Watterson's theta; autozygosity; runs of homozygosity (ROH),OCS / contribution optimisation; Coancestry / relationship matrix choice; Optimisation algorithms / cost,Evaluates genomic diversity metrics from whole-genome data in conservation context. Identifies practical GD metrics but not in breeding optimisation.,https://doi.org/10.1111/eva.70000
10.1038/s41467-024-51015-3,2024,"Siegel SV, Trimarsanto H, Amato R, Murie K, Taylor AR, Sutanto E, Kleinecke M, Whitton G, Watson JA, Imwong M, Assefa A, Rahim AG, Nguyen HC, Tran TH, Green JA, Koh GCKW, White NJ, Day N, Kwiatkowski ",Lineage-informative microhaplotypes for recurrence classification and spatio-temporal surveillance of Plasmodium vivax malaria parasites.,,27,2,IBD (identity-by-descent); microhaplotype diversity,Coancestry / relationship matrix choice; Core collection / subset selection; Optimisation algorithms / cost,"Malaria parasite relatedness via IBD and marker panels; demonstrates scalable kinship inference for surveillance, translatable to genomic selection workflows.",https://doi.org/10.1038/s41467-024-51015-3
10.1371/journal.pone.0249505,2021,Josia C; Mashingaidze K; Amelework A; Kondwakwenda A; Musvosvi C; Sibiya J,SNP-based assessment of genetic purity and diversity in maize hybrid breeding,PLOS ONE,24,2,"genetic distance, PIC, heterozygosity",OCS / contribution optimisation; Heterozygosity / gene diversity; Optimisation algorithms / cost,SNP-based purity assessment and diversity among inbred lines; metrics cheap but no selection algorithm or OCS framework.,https://doi.org/10.1371/journal.pone.0249505
10.3389/fgene.2021.629737,2021,"R2D2 Consortium, Fugeray-Scarbel A, Bastien C, Dupont-Nivet M, Lemarié S.",Why and How to Switch to Genomic Selection: Lessons From Plant and Animal Breeding Experience.,,24,2,"genomic relationship matrices, breeding value prediction",OCS / contribution optimisation,"Discusses population management and parent choice for diversity; broader context on genomic selection adoption, less mechanistic detail.",https://doi.org/10.3389/fgene.2021.629737
10.1111/pbi.13420,2020,Yu X; Leiboff S; Li X; Guo T; Ronning N; Zhang X,Genomic prediction of maize microphenotypes provides insights for optimizing selection and mining diversity,Plant Biotechnology Journal,23,2,"Genomic relationships, prediction reliability (U value)",Effective size; Optimisation algorithms / cost,Genomic prediction to mine diversity in maize genebank; reliability-based selection considers relationship structure but not explicit diversity loss metrics.,https://doi.org/10.1111/pbi.13420
10.3389/fgene.2021.637133,2021,Silva É; Xavier A; Faria M,"Impact of Genomic Prediction Model, Selection Intensity, and Breeding Strategy on the Long-Term Genetic Gain and Genetic Erosion in Soybean Breeding",Frontiers in Genetics,22,2,"Genomic selection, genetic gain, genetic erosion, GBLUP, Bayesian methods",OCS / contribution optimisation; Allelic richness / rare alleles; Optimisation algorithms / cost,Long-term simulation of genomic selection strategies in soybean over 200 cycles; balances gain vs erosion but no optimal contribution or computational cost analysis.,https://doi.org/10.3389/fgene.2021.637133
10.3389/fpls.2022.934767,2022,Chung P; Liao C,Selection of parental lines for plant breeding via genomic prediction,Frontiers in Plant Science,22,2,genomic diversity,Optimisation algorithms / cost,Parental selection integrating GEBV and genomic diversity into selection index for long-term gain; no metric detail or optimisation complexity.,https://doi.org/10.3389/fpls.2022.934767
10.1007/s00122-022-04071-6,2022,Li Y; Kaur S; Pembleton L; Valipour-Kahrood H; Rosewarne G; Daetwyler H,Strategies of preserving genetic diversity while maximizing genetic response from implementing genomic selection in pulse breeding programs,Theoretical and Applied Genetics,20,2,"fixed alleles, relationship constraints",OCS / contribution optimisation; Optimisation algorithms / cost,Addresses diversity loss under genomic selection via cycle shortening; lacks specific metrics or computational cost for optimisation.,https://doi.org/10.1007/s00122-022-04071-6
10.1534/g3.120.401132,2020,Yang C; Sharma R; Gorjanc G; Hearne S; Powell W; Mackay I,Origin Specific Genomic Selection: A Simple Process To Optimize the Favorable Contribution of Parents to Progeny,G3 Genes|Genomes|Genetics,19,2,allele-origin partitioning; exotic allele contribution,OCS / contribution optimisation; Coancestry / relationship matrix choice; Optimisation algorithms / cost,Targets diversity (exotic alleles) in selection but not diversity metrics or OCS framework.,https://doi.org/10.1534/g3.120.401132
10.1093/bioinformatics/btae082,2024,Guan Y; Levy D,Estimation of inbreeding and kinship coefficients via latent identity-by-descent states,Bioinformatics,18,2,IBD,Coancestry / relationship matrix choice; Optimisation algorithms / cost,Fast inbreeding and kinship estimation via IBD states; relevant to computationally cheap relationship inference but not diversity-loss metrics or selection.,https://doi.org/10.1093/bioinformatics/btae082
10.1534/g3.120.401354,2020,"Vanavermaete D, Fostier J, Maenhout S, De Baets B.",Preservation of Genetic Variation in a Breeding Population for Long-Term Genetic Gain.,,18,2,"QTL allele retention, genetic variation",OCS / contribution optimisation; Coancestry / relationship matrix choice; Optimisation algorithms / cost,"Proposes mating strategy to prevent QTL loss during genomic selection; simulation-based, but no computational cost or diversity metric details.",https://doi.org/10.1534/g3.120.401354
10.1371/journal.pone.0250608,2021,Addo S; Klingel S; Thaller G; Hinrichs D,Genetic diversity and the application of runs of homozygosity-based methods for inbreeding estimation in German White-headed Mutton sheep,PLOS ONE,17,2,"ROH-based inbreeding (F_ROH_L, F_ROH_N), effective population size",Coancestry / relationship matrix choice; Effective size,Compares ROH inbreeding metrics and effective N_e in managed population; directly relevant to diversity quantification.,https://doi.org/10.1371/journal.pone.0250608
10.3390/ani10061034,2020,Fabbri M; Dadousis C; Bozzi R,Estimation of Linkage Disequilibrium and Effective Population Size in Three Italian Autochthonous Beef Breeds,Animals,16,2,"linkage disequilibrium, effective population size",Effective size; Optimisation algorithms / cost,LD-based Ne in cattle; demonstrates genomic diversity metrics but lacks selection optimisation or computational cost discussion.,https://doi.org/10.3390/ani10061034
10.3390/ani13040599,2023,"Gao C, Du W, Tian K, Wang K, Wang C, Sun G, Kang X, Li W.",Analysis of Conservation Priorities and Runs of Homozygosity Patterns for Chinese Indigenous Chicken Breeds.,,15,2,"gene diversity, allelic diversity, runs of homozygosity",OCS / contribution optimisation; Coancestry / relationship matrix choice; Allelic richness / rare alleles,Conservation priority ranking using gene diversity and allelic diversity; ROH patterns analysed but no optimisation algorithm or selection framework.,https://doi.org/10.3390/ani13040599
10.1093/jhered/esac026,2022,Wilson C; Petersen J; Blackburn H; Lewis R,Assessing Population Structure and Genetic Diversity in US Suffolk Sheep to Define a Framework for Genomic Selection,Journal of Heredity,14,2,"Ne, expected/observed heterozygosity, allelic richness, population structure",OCS / contribution optimisation; Allelic richness / rare alleles; Heterozygosity / gene diversity,"Characterises diversity and reference population structure for genomic selection; descriptive, lacks optimisation or computational considerations.",https://doi.org/10.1093/jhered/esac026
10.1017/s1479262119000376,2019,Bawin Y; Panis B; Vanden Abeele S; Li Z; Sardos J; Paofa J,Genetic diversity and core subset selection in<i>ex situ</i>seed collections of the banana crop wild relative<i>Musa balbisiana</i>,Plant Genetic Resources: Characterization and Utilization,14,2,"Allelic richness, genetic distance",Allelic richness / rare alleles; Core collection / subset selection; Optimisation algorithms / cost,"Core subset selection in banana CWR compares two diversity strategies (maximize distance vs. richness) using microsatellites; manual trade-off assessment, not algorithmic optimization.",https://doi.org/10.1017/s1479262119000376
10.1186/s12711-021-00654-x,2021,Bernstein R; Du M; Hoppe A; Bienefeld K,Simulation studies to optimize genomic selection in honey bees,Genetics Selection Evolution,14,2,genomic relationship matrix,Coancestry / relationship matrix choice; Optimisation algorithms / cost,"Genomic selection in honey bees; simulates breeding program design but focus is accuracy, not diversity metric evaluation.",https://doi.org/10.1186/s12711-021-00654-x
10.3390/ani13213306,2023,"Sosa-Madrid BS, Maniatis G, Ibáñez-Escriche N, Avendaño S, Kranis A.",Genetic Variance Estimation over Time in Broiler Breeding Programmes for Growth and Reproductive Traits.,,14,2,"genetic variance, relationship matrix",OCS / contribution optimisation; Coancestry / relationship matrix choice; Optimisation algorithms / cost,Monitors genetic variance change under directional selection; long-term sustainability but not optimisation metrics or computational cost.,https://doi.org/10.3390/ani13213306
10.1007/s00122-023-04446-3,2023,Melchinger A; Frisch M,Genomic prediction in hybrid breeding: II. Reciprocal recurrent genomic selection with full-sib and half-sib families,Theoretical and Applied Genetics,13,2,"GCA/SCA variance, genetic variance, prediction accuracy",Other,"Reciprocal recurrent selection in hybrid breeding; tracks genetic variance loss across cycles, relevant to long-term diversity trade-offs.",https://doi.org/10.1007/s00122-023-04446-3
10.3389/fpls.2025.1495662,2025,"Vieira RA, Nogueira APO, Fritsche-Neto R.",Optimizing the selection of quantitative traits in plant breeding using simulation.,,11,2,"genetic gain, genetic diversity, genomic selection",OCS / contribution optimisation; Coancestry / relationship matrix choice; Optimisation algorithms / cost,Simulation review on diversity-gain trade-offs and genomic selection; general principles but not metric evaluation or computational cost.,https://doi.org/10.3389/fpls.2025.1495662
10.1111/mec.17109,2023,Bossu C; Rodriguez M; Rayne C; Chromczak D; Higgins P; Trulio L,Genomic approaches to mitigating genetic diversity loss in declining populations,Molecular Ecology,10,2,"kinship, homozygosity patterns",OCS / contribution optimisation; Coancestry / relationship matrix choice; Optimisation algorithms / cost,"Mate selection optimisation for diversity; conservation focus, not breeding under many constraints; computational efficiency not discussed.",https://doi.org/10.1111/mec.17109
10.3390/genes14010107,2022,Jin H; Zhao S; Jia Y; Xu L,"Estimation of Linkage Disequilibrium, Effective Population Size, and Genetic Parameters of Phenotypic Traits in Dabieshan Cattle",Genes,10,2,"linkage disequilibrium, effective population size",Effective size; Optimisation algorithms / cost,LD and Ne in cattle breed; genomic markers for population structure but no selection or optimisation strategy.,https://doi.org/10.3390/genes14010107
10.1093/genetics/iyad141,2023,Wientjes Y; Bijma P; van den Heuvel J; Zwaan B; Vitezica Z; Calus M,The long-term effects of genomic selection: 2. Changes in allele frequencies of causal loci and new mutations,GENETICS,10,2,"Allele frequency changes, genomic vs pedigree selection, linkage phase, genetic drift, hitchhiking",Allelic richness / rare alleles; Optimisation algorithms / cost,Compares genomic and pedigree selection on allelic architecture over 50 generations; relevant to loss of diversity but not optimisation costs.,https://doi.org/10.1093/genetics/iyad141
10.1111/mec.17174,2023,Hill P; Dickman C; Dinnage R; Duncan R; Edwards S; Greenville A,Episodic population fragmentation and gene flow reveal a trade‐off between heterozygosity and allelic richness,Molecular Ecology,10,2,"heterozygosity, allelic richness",Allelic richness / rare alleles; Heterozygosity / gene diversity; Effective size,"Theoretical trade-off between diversity metrics under fragmentation; ecological context, not breeding optimization or computational cost.",https://doi.org/10.1111/mec.17174
10.3389/fpls.2023.1260517,2023,"Yadav S, Ross EM, Wei X, Powell O, Hivert V, Hickey LT, Atkin F, Deomano E, Aitken KS, Voss-Fels KP, Hayes BJ.",Optimising clonal performance in sugarcane: leveraging non-additive effects via mate-allocation strategies.,,10,2,"heterozygosity, non-additive effects, clonal values",OCS / contribution optimisation; Heterozygosity / gene diversity; Optimisation algorithms / cost,Mate-allocation optimisation with diversity/heterozygosity; integer linear programming; clonal crops but lacks diversity-loss quantification.,https://doi.org/10.3389/fpls.2023.1260517
10.1093/g3journal/jkad164,2023,"Degen B, Müller NA.",A simulation study comparing advanced marker-assisted selection with genomic selection in tree breeding programs.,,9,2,"genomic selection, inbreeding coefficients",OCS / contribution optimisation; Coancestry / relationship matrix choice,Compares GS vs MAS on genetic gain and inbreeding in tree breeding; relevant for understanding diversity cost of selection methods but not diversity metrics themselves.,https://doi.org/10.1093/g3journal/jkad164
10.1186/s12864-024-10485-x,2024,"Wang R, Wang X, Qi Y, Li Y, Na Q, Yuan H, Rong Y, Ao X, Guo F, Zhang L, Liu Y, Shang F, Zhang Y, Wang Y.",Genetic diversity analysis of Inner Mongolia cashmere goats (Erlangshan subtype) based on whole genome re-sequencing.,,9,2,"He, Ho, kinship matrix, inbreeding coefficient, identity-by-state",Coancestry / relationship matrix choice; Optimisation algorithms / cost,Kinship and inbreeding metrics for breed management; relevant but lacks selection algorithm.,https://doi.org/10.1186/s12864-024-10485-x
10.3390/genes13101896,2022,Martínez-Rocha R; Hidalgo J; Cesarani A; Ramírez-Valverde R; Núñez-Domínguez R; García-Muñiz J,"Assessment of Genetic Diversity, Runs of Homozygosity, and Signatures of Selection in Tropical Milking Criollo Cattle Using Pedigree and Genomic Data",Genes,8,2,"Ne, inbreeding (FPed, FGRM, FROH), runs of homozygosity",OCS / contribution optimisation; Coancestry / relationship matrix choice; Optimisation algorithms / cost,Compares pedigree vs genomic inbreeding metrics; characterises diversity for breeding programme design; lacks optimisation context.,https://doi.org/10.3390/genes13101896
10.1017/s1479262121000253,2021,Animasaun D; Adikwu V; Alex G; Akinsunlola T; Adekola O; Krishnamurthy R,"Morpho-agronomic traits variability, allelic polymorphism and diversity analysis of African yam bean: towards improving utilization and germplasm conservation",Plant Genetic Resources: Characterization and Utilization,8,2,"Allelic diversity (ISSR), polymorphism, kinship/relationship via PCA",OCS / contribution optimisation; Coancestry / relationship matrix choice; Allelic richness / rare alleles,Germplasm diversity assessment; mentions conservation but lacks optimisation or selection algorithm.,https://doi.org/10.1017/s1479262121000253
10.3390/ani12182306,2022,Zhang P; Qiu X; Wang L; Zhao F,Progress in Genomic Mating in Domestic Animals,Animals,8,2,genomic mating; inbreeding control via genomic relatedness,OCS / contribution optimisation; Optimisation algorithms / cost,Reviews genomic mate selection to balance gain and inbreeding in livestock. No specific diversity metrics or computational complexity discussion.,https://doi.org/10.3390/ani12182306
10.3390/ani12030249,2022,"González-Cano R, González-Martínez A, Muñoz-Mejías ME, Valera P, Rodero E.","Analyses of Genetic Diversity in the Endangered ""Berrenda"" Spanish Cattle Breeds Using Pedigree Data.",,8,2,"inbreeding rate, effective population size, coancestry-based Ne",OCS / contribution optimisation; Coancestry / relationship matrix choice; Effective size,"Pedigree-based diversity monitoring in endangered breeds; relevant context for Ne estimation but uses pedigree, not genomic markers.",https://doi.org/10.3390/ani12030249
10.3390/ani14192784,2024,"Ma K, Song J, Li D, Li T, Ma Y.",Genetic Diversity and Selection Signal Analysis of Hu Sheep Based on SNP50K BeadChip.,,8,2,"Ne, PIC, He, Ho, effective number of alleles, MAF, IBS distance, ROH, F_ROH",Coancestry / relationship matrix choice; Allelic richness / rare alleles; Optimisation algorithms / cost,Diversity metrics on genomic data (SNP50K); no selection optimization or constraint framework.,https://doi.org/10.3390/ani14192784
10.1111/mec.70088,2025,"Fontsere C, Speak SA, Caven AJ, Rodríguez JA, Wang X, Pacheco C, Cassatt-Johnstone M, Femerling G, Maloney B, Balacco J, Collins J, Sims Y, Abueg L, Fedrigo O, Jarvis ED, Hartup BK, Shapiro B, Gilbert",Persistent Genomic Erosion in Whooping Cranes Despite Demographic Recovery.,,8,2,"heterozygosity, inbreeding coefficient, genetic load",OCS / contribution optimisation; Heterozygosity / gene diversity,Temporal genomic diversity loss and breeding management in captive recovery; useful context on pedigree+genomic integration for inbreeding reduction.,https://doi.org/10.1111/mec.70088
10.3390/genes16030316,2025,Ma R; Liu J; Ma X; Yang J,Genome-Wide Runs of Homozygosity Reveal Inbreeding Levels and Trait-Associated Candidate Genes in Diverse Sheep Breeds,Genes,7,2,"ROH (genome-wide), inbreeding coefficient, ROH islands",Coancestry / relationship matrix choice; Optimisation algorithms / cost,ROH quantification for inbreeding control in livestock; global breed comparison but no optimisation algorithm or selection context.,https://doi.org/10.3390/genes16030316
10.1111/jbg.12853,2024,Cortes O; Cañon J; Andrino S; Fernanadez M; Carleos C,Inbreeding depression and runs of homozygosity islands in Asturiana de los Valles cattle breed after 30 years of selection,Journal of Animal Breeding and Genetics,7,2,"ROH (F_ROH, F_ROH<4, F_ROH4-17), pedigree F_PED",Coancestry / relationship matrix choice; Optimisation algorithms / cost,"Compares pedigree vs genomic inbreeding estimation methods; ROH-based metrics evaluated but study focuses on inbreeding depression phenotypes, not selection optimisation.",https://doi.org/10.1111/jbg.12853
10.3390/d15050640,2023,Djokic M; Drzaic I; Shihabi M; Markovic B; Cubric-Curik V,Genomic Diversity Analyses of Some Indigenous Montenegrin Sheep Populations,Diversity,7,2,"Ho, He, F-statistic, ROH, inbreeding coefficient",OCS / contribution optimisation; Coancestry / relationship matrix choice; Optimisation algorithms / cost,Conservation-focused diversity assessment of endangered sheep; reports standard metrics but no selection algorithm or optimization cost analysis.,https://doi.org/10.3390/d15050640
10.3390/su11246949,2019,Bitz L; Heinonen M; Moisander S; Tanhuanpää P; Sarvarinne J,Differential Allelic Richness between Malus sylvestris L. and Malus × domestica Borkh. from Finland as a Measure of Genetic Loss,Sustainability,7,2,"allelic richness, gene diversity, microsatellites",Allelic richness / rare alleles; Heterozygosity / gene diversity; Effective size,,https://doi.org/10.3390/su11246949
10.1186/s40104-025-01155-3,2025,"Pegolo S, Bisutti V, Mota LFM, Cecchinato A, Amalfitano N, Dettori ML, Pazzola M, Vacca GM, Bittante G.","Genome-wide landscape of genetic diversity, runs of homozygosity, and runs of heterozygosity in five Alpine and Mediterranean goat breeds.",,7,2,"ROH, ROHet, FROH",Coancestry / relationship matrix choice; Heterozygosity / gene diversity; Effective size,"Comprehensive ROH/heterozygosity analysis across breeds; characterizes inbreeding variation but descriptive, not optimization-focused.",https://doi.org/10.1186/s40104-025-01155-3
10.1073/pnas.2401106122,2025,"Freudiger A, Jovanovic VM, Huang Y, Snyder-Mackler N, Conrad DF, Miller B, Montague MJ, Westphal H, Stadler PF, Bley S, Horvath JE, Brent LJN, Platt ML, Ruiz-Lambides A, Tung J, Nowick K, Ringbauer H,",Estimating realized relatedness in free-ranging macaques by inferring identity-by-descent segments.,,7,2,"IBD segments, kinship, relatedness",OCS / contribution optimisation; Coancestry / relationship matrix choice,High-accuracy IBD inference from low-depth WGS; relevant for fine-grained relatedness in free-ranging populations; no selection.,https://doi.org/10.1073/pnas.2401106122
10.1093/jhered/esaa051,2020,Hamilton M,Optimal Contribution Selection in Highly Fecund Species With Overlapping Generations,Journal of Heredity,6,2,between-family relationship matrix; genomic coancestry,OCS / contribution optimisation; Coancestry / relationship matrix choice; Optimisation algorithms / cost,Adapts OCS to highly fecund species; addresses computational efficiency but focuses on methodology rather than diversity metric evaluation.,https://doi.org/10.1093/jhered/esaa051
10.3390/ani11113208,2021,Oldenbroek J,The Use of Genomic Information for the Conservation of Animal Genetic Diversity,Animals,6,2,"genetic distance, inbreeding, homozygosity, rare alleles/haplotypes",OCS / contribution optimisation; Allelic richness / rare alleles; Optimisation algorithms / cost,Genomic tools for diversity conservation; describes metrics and rare-allele detection but lacks optimisation or computational cost framework.,https://doi.org/10.3390/ani11113208
10.5433/1679-0359.2020v41n6supl2p3397,2020, ; Zambrano M; Flórez J;  ; Rios A;  ,Evaluation of runs of homozygosity and genomic inbreeding in Holstein cattle from Colombia,Semina: Ciências Agrárias,6,2,"F_ROH, F_SNP, F_GRM",Coancestry / relationship matrix choice; Effective size; Optimisation algorithms / cost,"Compares three genomic inbreeding metrics and estimates Ne in Holstein; relevant for metric choice but study is population characterisation, no optimisation or cost context.",https://doi.org/10.5433/1679-0359.2020v41n6supl2p3397
10.3390/plants12010013,2022,Negawo A; Akinmade H; Muktar M; Habte E; Assefa Y; Muchugi A,"Genetic Diversity, Population Structure and Subset Development in a Sesbania sesban Collection",Plants,6,2,"AMOVA, SNP/SilicoDArT markers, hierarchical clustering",Core collection / subset selection; Optimisation algorithms / cost,Develops Sesbania subset via genome-wide markers and diversity analysis; focuses on representation and clustering rather than constrained combinatorial optimization.,https://doi.org/10.3390/plants12010013
10.1186/s12870-024-05968-8,2024,"Mazumder AK, Budhlakoti N, Kumar M, Pradhan AK, Kumar S, Babu P, Yadav R, Gaikwad KB.",Exploring the genetic diversity and population structure of an ancient hexaploid wheat species Triticum sphaerococcum using SNP markers.,,6,2,"expected heterozygosity, nucleotide diversity, FST, allele frequencies, AMOVA",Heterozygosity / gene diversity; Optimisation algorithms / cost,Genetic diversity and structure in Triticum sphaerococcum; quantifies diversity across subpopulations but no selection optimization or loss-of-diversity metric.,https://doi.org/10.1186/s12870-024-05968-8
10.3390/agriculture12091463,2022,Zheng X; Zhang T; Wang T; Niu Q; Wu J; Wang Z,Long-Term Impact of Genomic Selection on Genetic Gain Using Different SNP Density,Agriculture,5,2,"Genomic selection, SNP density, kinship coefficients, inbreeding",Coancestry / relationship matrix choice; Allelic richness / rare alleles; Optimisation algorithms / cost,Simulation of genomic selection impact on genetic gain and inbreeding; touches diversity but no optimisation algorithm or rare-allele focus.,https://doi.org/10.3390/agriculture12091463
10.1371/journal.pgen.1012035,2026,Negm S; Veller C,The effect of long-range linkage disequilibrium on allele-frequency dynamics under stabilizing selection,PLOS Genetics,5,2,"linkage disequilibrium, allele frequency, heterozygosity, rare-allele erosion",Allelic richness / rare alleles; Heterozygosity / gene diversity; Optimisation algorithms / cost,Addresses allele-frequency dynamics and heterozygosity loss under stabilizing selection; theoretical but not applied to diversity metrics or optimization algorithms.,https://doi.org/10.1371/journal.pgen.1012035
10.3390/genes12101463,2021,"Miller-Butterworth CM, Vacco K, Russell AL, Gaspard JC.",Genetic Diversity and Relatedness among Captive African Painted Dogs in North America.,,5,2,microsatellite heterozygosity; effective population size; relatedness matrix,Coancestry / relationship matrix choice; Heterozygosity / gene diversity; Effective size,Captive breeding program design using genomic relatedness and Ne; directly relevant to diversity-constrained selection but no optimisation algorithm described.,https://doi.org/10.3390/genes12101463
10.1038/s41586-025-09676-7,2026,"Avni R, Kamal N, Bitz L, Jellen EN, Bekele WA, Angessa TT, Auvinen P, Bitz O, Boyle B, Canales FJ, Carlson CH, Chapman B, Chawla HS, Chen Y, Copetti D, Correia de Lemos S, Dang V, Eichten SR, Klos KE,",A pangenome and pantranscriptome of hexaploid oat.,,5,2,"gene-expression diversity, structural variation (inversions, rearrangements), homeolog divergence",Other,Pangenome survey; chromosomal rearrangements and subgenome divergence affect breeding but no selection framework or diversity loss quantification.,https://doi.org/10.1038/s41586-025-09676-7
10.1038/s41598-024-67558-w,2024,"Kusza S, Badaoui B, Wanjala G.",Insights into the genomic homogeneity of Moroccan indigenous sheep breeds though the lens of runs of homozygosity.,,4,2,"ROH, FST",Coancestry / relationship matrix choice; Optimisation algorithms / cost,ROH as diversity metric; genetic homogeneity assessment but no selection optimization framework.,https://doi.org/10.1038/s41598-024-67558-w
10.1093/g3journal/jkae199,2024,"Shrote RZ, Thompson AM.",PyBrOpS: a Python package for breeding program simulation and optimization for multi-objective breeding.,,4,2,,OCS / contribution optimisation; Optimisation algorithms / cost,Multi-objective breeding optimization framework; mentions diversity but no specific genetic diversity metrics or matrix choice discussed.,https://doi.org/10.1093/g3journal/jkae199
10.1016/j.cell.2025.03.040,2025,"Garcia-Erill G, Liu S, Le MD, Hurley MM, Nguyen HD, Nguyen DQ, Nguyen DH, Santander CG, Sánchez Barreiro F, Gomes Martins NF, Hanghøj K, Salleh FM, Ramos-Madrigal J, Wang X, Sinding MS, Morales HE, St",Genomes of critically endangered saola are shaped by population structure and purging.,,4,2,"F_ST, genetic differentiation, genetic load, purging",OCS / contribution optimisation; Optimisation algorithms / cost,Small population structure and purging; relevant to diversity loss but no selection algorithm or computational cost frame.,https://doi.org/10.1016/j.cell.2025.03.040
10.3389/fpls.2025.1605202,2025,"Cuevas J, Crossa J, Montesinos-López A, Martini JWR, Gerard GS, Ortegón J, Dreisigacker S, Govindan V, Pérez-Rodríguez P, Saint Pierre C, Herrera LAC, Montesinos-López OA, Vitale P.",Enhancing wheat genomic prediction by a hybrid kernel approach.,,4,2,genomic similarity matrix (G); pedigree-based relationship matrix (A),Coancestry / relationship matrix choice; Optimisation algorithms / cost,Hybrid kernel combining genomic and pedigree matrices for prediction; computational efficiency relevant to inner-loop optimisation.,https://doi.org/10.3389/fpls.2025.1605202
10.1016/j.isci.2024.111097,2024,"Paris JR, Ficetola GF, Ferrer Obiol J, Silva-Rocha I, Carretero MA, Salvi D.",Does hybridization with an invasive species threaten Europe's most endangered reptile? Genomic assessment of Aeolian lizards on Vulcano island.,,4,2,"Ne/Nc ratio, effective population size",Allelic richness / rare alleles; Heterozygosity / gene diversity; Effective size,Critically endangered lizard; low genetic diversity and Ne assessment noted as management-relevant; hybridization risk quantified.,https://doi.org/10.1016/j.isci.2024.111097
10.3390/d14010054,2022,Escalante-Pliego P; Matías-Ferrer N; Rosas-Escobar P; Lara-Martínez G; Sepúlveda-González K; Raigoza-Figueras R,Genetic Diversity and Population Structure of Mesoamerican Scarlet Macaws in an Ex Situ Breeding Population in Mexico,Diversity,3,2,"microsatellite heterozygosity, allelic diversity, polymorphism",Coancestry / relationship matrix choice; Allelic richness / rare alleles; Heterozygosity / gene diversity,"Captive breeding management maintaining diversity; no computational cost, optimization algorithm, or coancestry framework.",https://doi.org/10.3390/d14010054
10.3389/fgene.2024.1436990,2024,"Wilson CS, Petersen JL, Brito LF, Freking BA, Nilson SM, Taylor JB, Murphy TW, Lewis RM.",Assessment of genetic diversity and population structure of U.S. Polypay sheep from breed origins to future genomic selection.,,3,2,"pedigree-based and genomic diversity metrics, allelic richness, heterozygosity, population structure",OCS / contribution optimisation; Coancestry / relationship matrix choice; Allelic richness / rare alleles,Comprehensive breed diversity documentation using genomic markers; background on metrics but no optimisation or selection context.,https://doi.org/10.3389/fgene.2024.1436990
10.1111/eva.70074,2025,"Halford G, Maes D, Yung CJ, Whiteford S, Bourn NAD, Bulman CR, Goffart P, Hodgson JA, Saccheri IJ.",Genomic Monitoring of a Reintroduced Butterfly Uncovers Contrasting Founder Lineage Survival.,,3,2,"heterozygosity, kinship, effective population size",OCS / contribution optimisation; Coancestry / relationship matrix choice; Heterozygosity / gene diversity,Reintroduction genetic monitoring post-founding; quantifies diversity retention but not optimisation or selection strategy.,https://doi.org/10.1111/eva.70074
10.3389/fgene.2025.1613820,2025,"Mulim HA, Campos GS, Cardoso FF, Rojas de Oliveira H.",Exploring inbreeding depression in Brazilian Angus cattle population using pedigree and genomic data.,,3,2,"FPED, FGRM, FHOM1, FHOM2, FUNI, FROH",Coancestry / relationship matrix choice; Optimisation algorithms / cost,Compares six inbreeding metrics for livestock breeding; directly relevant to metric choice but no optimisation algorithm or computational cost discussion.,https://doi.org/10.3389/fgene.2025.1613820
10.1002/ece3.71124,2025,"Ohana T, Arantes LS, Tikochinski G, Cohen R, Rybak O, Gaspar A, Sparmann S, Mbedi S, Levy Y, Mazzoni CJ, Tikochinski Y.",Green Turtle Conservation in the Genomic Era-Monitoring an Endangered Mediterranean Population and Its Breeding Habits.,,3,2,"kinship, mitochondrial haplotyping, RAD sequencing",OCS / contribution optimisation; Coancestry / relationship matrix choice; Optimisation algorithms / cost,Kinship-based breeding management to maximize genetic contribution in small population; no algorithmic optimization framework.,https://doi.org/10.1002/ece3.71124
10.1186/s12711-025-00994-y,2025,"Lee H, Craddock RF, Gorjanc G, Becher H.",randPedPCA: rapid approximation of principal components from large pedigrees.,,3,2,"additive relationship matrix A, sparse matrix computation",Coancestry / relationship matrix choice; Optimisation algorithms / cost,Fast PCA of pedigrees via sparse relationship matrices; computationally efficient infrastructure for large breeding programmes.,https://doi.org/10.1186/s12711-025-00994-y
10.1038/s41437-020-0316-x,2020,"Saccheri IJ, Whiteford I, Yung CJ, Van't Hof AE.",Recessive Z-linked lethals and the retention of haplotype diversity in a captive butterfly population.,,3,2,"Haplotype diversity, heterozygosity, effective population size, allele frequency",Coancestry / relationship matrix choice; Heterozygosity / gene diversity; Effective size,Sex-chromosome lethals and haplotype-diversity retention in small captive population; addresses diversity maintenance but not selection cost.,https://doi.org/10.1038/s41437-020-0316-x
10.1111/pbi.70011,2025,"Zhang Z, Wang X, Zhang Y, Zhou K, Yu G, Yang W, Li F, Guan X, Zhang X, Yang Z, Xu C, Xu Y.",SPDC-HG: An accelerator of genomic hybrid breeding in maize.,,3,2,"GCA estimates, SNP-based prediction",Optimisation algorithms / cost,"Sparse partial diallel design, GCA-based hybrid ranking, and selection gains; no explicit diversity-loss metric or computational cost of diversity constraints.",https://doi.org/10.1111/pbi.70011
10.1111/eva.70029,2024,Mergeay J.,Population Size in Evolutionary Biology Is More Than the Effective Size.,,3,2,"effective population size (Ne), census size (Nc), diversity metrics",Allelic richness / rare alleles; Heterozygosity / gene diversity; Effective size,Distinguishes Ne (diversity) from Nc (richness) for evolutionary dynamics; argues both needed for adaptive potential and long-term conservation genetic prediction.,https://doi.org/10.1111/eva.70029
10.1111/eva.13629,2024,"Taylor HR, Costanzi JM, Dicks KL, Senn HV, Robinson S, Dowse G, Ball AD.",The genetic legacy of the first successful reintroduction of a mammal to Britain: Founder events and attempted genetic rescue in Scotland's beaver population.,,3,2,"observed heterozygosity (Ho), mean kinship (KING-robust), coancestry",Coancestry / relationship matrix choice; Allelic richness / rare alleles; Heterozygosity / gene diversity,Translocation and genetic rescue with kinship-based monitoring; metrics and principle relevant but not embedded in real-time combinatorial optimisation loop.,https://doi.org/10.1111/eva.13629
10.3390/d17070437,2025,Ibrahim S; Ruhul A; Li J; Yang G; Yi S; Xia Z,Genetic Diversity of Selective Breeding Populations of Giant Freshwater Prawn (Macrobrachium rosenbergii) Based on SSR and Mitochondrial D-Loop Gene,Diversity,2,2,"Expected heterozygosity (He), number of alleles (Na), polymorphic information content (PIC), haplotype diversity (Hd)",Allelic richness / rare alleles; Heterozygosity / gene diversity; Effective size,Evaluates diversity metrics in selective breeding populations; useful baseline on He and Na but no optimisation or cost analysis.,https://doi.org/10.3390/d17070437
10.1038/s41437-024-00723-z,2024,"Moreno E, Cervantes I, Gutiérrez JP, Fernández I, Goyache F.",Analysing the pedigree to identify undesirable losses of genetic diversity and to prioritize management decisions in captive breeding: a case study.,,2,2,inbreeding coefficient; mean relatedness; pedigree-based diversity,OCS / contribution optimisation; Coancestry / relationship matrix choice,Pedigree analysis for studbook management and mating decisions to preserve founder diversity; relevant to diversity assessment but not genomic metrics.,https://doi.org/10.1038/s41437-024-00723-z
10.3389/fgene.2025.1588986,2025,"Manunza A, Cozzi P, Boettcher P, Curik I, Looft C, Colli L, Sölkner J, Mészáros G, Stella A.",Estimating the optimal number of samples to determine the effective population size in livestock.,,2,2,"effective population size, linkage disequilibrium",OCS / contribution optimisation; Coancestry / relationship matrix choice; Effective size,Sample size for Ne estimation in livestock; practical guidance on LD-based Ne but not selection-loop computational cost.,https://doi.org/10.3389/fgene.2025.1588986
10.3390/plants12051141,2023,"Castro-Urrea FA, Urricariet MP, Stefanova KT, Li L, Moss WM, Guzzomi AL, Sass O, Siddique KHM, Cowling WA.",Accuracy of Selection in Early Generations of Field Pea Breeding Increases by Exploiting the Information Contained in Correlated Traits.,,2,2,"optimal contribution selection, coancestry",OCS / contribution optimisation; Coancestry / relationship matrix choice; Optimisation algorithms / cost,Applies OCS with pedigree to balance genetic gain and diversity; field crop breeding but does not address genomic metrics or computational cost in inner loops.,https://doi.org/10.3390/plants12051141
10.3390/biology14070845,2025,"Michailidou S, Kyritsi M, Pavlou E, Tsoureki A, Argiriou A.","Genetic Diversity, Population Structure, and Historical Gene Flow Patterns of Nine Indigenous Greek Sheep Breeds.",,2,2,"expected heterozygosity, FIS, runs of homozygosity, FST, linkage disequilibrium, effective population size",OCS / contribution optimisation; Coancestry / relationship matrix choice; Heterozygosity / gene diversity,Evaluates diversity and demographic history in Greek sheep breeds using SNP data; characterises genetic resources but no active selection algorithm or optimisation framework.,https://doi.org/10.3390/biology14070845
10.1111/mec.70005,2025,"Pavlova A, Tonkin Z, Pearce L, Robledo-Ruiz DA, Lintermans M, Ingram BA, Lyon J, Beitzel M, Broadhurst B, Rourke ML, Sturgiss F, Lake E, Castrejón-Figueroa J, Stocks JR, Sunnucks P.",A Shift to Metapopulation Genetic Management for Persistence of a Species Threatened by Fragmentation: The Case of an Endangered Australian Freshwater Fish.,,2,2,"heterozygosity, nucleotide diversity, pairwise divergence",OCS / contribution optimisation; Coancestry / relationship matrix choice; Allelic richness / rare alleles,Metapopulation genetic management and monitoring; heterozygosity quantified but no optimisation algorithm or computational efficiency discussed.,https://doi.org/10.1111/mec.70005
10.1371/journal.pone.0324988,2025,"Vi T, Le TN, Cubry P, Phan VH, Dinh TTO, Tran TBN, Nguyen VT, Millet CP, Kambale JL, Karine GKM, Musoli P, Sumirat U, Mahinga JC, Stoffelen P, Zhang D, Marraccini P, Vigouroux Y, Khong NG, Poncet V.",Out of Africa: The genomic footprints of Vietnamese Robusta coffee.,,2,2,"genetic distance, allelic richness",OCS / contribution optimisation; Allelic richness / rare alleles; Optimisation algorithms / cost,Core set identified maximising genetic distance and allelic richness in coffee; core-collection algorithm but no optimisation loop cost discussion.,https://doi.org/10.1371/journal.pone.0324988
10.1186/s12864-025-11563-4,2025,"Kong Y, Wen Z, Cai X, Tan L, Liu Z, Wang Q, Li Q, Yang N, Wang Y, Zhao Y.","Genetic traceability, conservation effectiveness, and selection signatures analysis based on ancestral information: a case study of Beijing-You chicken.",,2,2,"local ancestry, genomic structure, selection signatures",OCS / contribution optimisation; Allelic richness / rare alleles; Optimisation algorithms / cost,Beijing-You chicken conservation and ancestry traceability; evaluates selection effectiveness and genetic drift but no combinatorial optimisation method.,https://doi.org/10.1186/s12864-025-11563-4
10.3389/fgene.2025.1621960,2025,"Muthusamy M, Akinsola OM, Pal P, Ramasamy C, Ramasamy S, Musa AA, Thiruvenkadan AK.","Comparative genomic insights into adaptation, selection signatures, and population dynamics in indigenous Indian sheep and foreign breeds.",,2,2,"FROH, Ho, ROH, FST, Ne",Coancestry / relationship matrix choice; Effective size; Optimisation algorithms / cost,"Inbreeding, diversity, and adaptation across breeds; relevant metrics and comparative Ne but no optimisation algorithm or computational cost analysis.",https://doi.org/10.3389/fgene.2025.1621960
10.1038/s41437-024-00731-z,2025,"Graffelman J, Weir BS, Goudet J.",Estimation of Jacquard's genetic identity coefficients with bi-allelic variants by constrained least-squares.,,2,2,"Jacquard identity coefficients, kinship, inbreeding",Coancestry / relationship matrix choice; Allelic richness / rare alleles; Optimisation algorithms / cost,Fast constrained least-squares estimation of relatedness coefficients; computationally efficient for large polymorphism sets.,https://doi.org/10.1038/s41437-024-00731-z
10.1093/jhered/esad062,2024,"vonHoldt BM, DeCandia AL, Cassidy KA, Stahler EE, Sinsheimer JS, Smith DW, Stahler DR.",Patterns of reproduction and autozygosity distinguish the breeding from nonbreeding gray wolves of Yellowstone National Park.,,2,2,"Heterozygosity, autozygosity, kinship, allelic diversity",Coancestry / relationship matrix choice; Allelic richness / rare alleles; Heterozygosity / gene diversity,"Evaluates inbreeding, kinship, and diversity retention in managed population; lacks selection-optimization or cost analysis.",https://doi.org/10.1093/jhered/esad062
10.1002/zoo.21859,2024,"Martin EJ, Speak SA, Urban L, Morales HE, van Oosterhout C.",Sonification of Genomic Data to Represent Genetic Load in Zoo Populations.,,2,2,"genetic load, inbreeding depression, harmful variants",OCS / contribution optimisation; Optimisation algorithms / cost,Captive breeding diversity management via genomics; addresses genetic load reduction but not computational optimisation in selection loops.,https://doi.org/10.1002/zoo.21859
10.1111/eva.70198,2026,"Fifer JE, Speare KE, Leinbach SE, Hendricks SF, Davies SW, Rose NH, Burkepile DE, Adam TC, Hofmann GE, Strader ME.",Rapid Evolution in a Coral Population Following a Mass Mortality Event.,,2,2,"allele frequency shifts, polygenic selection, genomic diversity distribution, bleaching-resistance loci",Allelic richness / rare alleles,"Rapid allele-frequency evolution and spatial genomic diversity change post-selection pressure; directly relevant but in wild coral, not managed breeding.",https://doi.org/10.1111/eva.70198
10.1126/sciadv.adw3797,2025,"Chen Y, Zhang S, Zang W, Ericson PGP, Claramunt S, Joseph L, Christidis L, Zhai W, Lei F, Qu Y.",Balancing selection of climate adaptive loci underlies the success of introduction of Eurasian Tree Sparrows.,,2,2,"allelic diversity, heterozygosity, inbreeding",Allelic richness / rare alleles; Heterozygosity / gene diversity; Optimisation algorithms / cost,Founder effects and diversity loss under introduction; balancing selection retention relevant but no optimisation framework.,https://doi.org/10.1126/sciadv.adw3797
10.1111/tpj.70618,2025,"Lamon S, Abernathy BL, Leal-Bertioli SCM, Bertioli DJ, Bertioli DJ.","From bottleneck to boom: Polyploidy, genetic instability and response to artificial selection resolve the peanut paradox.",,2,2,"allelic richness, phenotypic diversity under selection",Allelic richness / rare alleles,Polyploidy enabling response to selection and diversity despite bottleneck; relevant to domestication trade-offs but not diversity metrics themselves.,https://doi.org/10.1111/tpj.70618
10.1038/s41467-025-61529-z,2025,"Salson M, Duranton M, Huynh S, Mariac C, Tranchant-Dubreuil C, Orjuela J, Cubry P, Thuillet AC, Burgarella C, de Navascués M, Zekraouï L, Couderc M, Arribat S, Rodde N, Barnaud A, Faye A, Kane N, Vigo",Interplay between large low-recombining regions and pseudo-overdominance in a plant genome.,,2,2,"expected heterozygosity, nucleotide diversity, non-synonymous variant frequency, haplotype divergence, FST-like structure",Heterozygosity / gene diversity; Optimisation algorithms / cost,Low-recombining regions and pseudo-overdominance; characterizes diversity architecture but not selection optimization or real-time evaluable metrics.,https://doi.org/10.1038/s41467-025-61529-z
10.1002/tpg2.70030,2025,"Bernardeli A, Guilhen JHS, Oliveira ICM, Guimarães LJM, Borém A, Jarquin D, Pastina MM.",Genomic selection of maize test-cross hybrids leveraged by marker sampling.,,2,2,"GCA, SCA, genomic selection",Optimisation algorithms / cost,Hybrid selection with combining abilities and multi-environment testing; addresses marker efficiency and hybrid optimisation under constraints.,https://doi.org/10.1002/tpg2.70030
10.1038/s41437-023-00653-2,2023,"Rick K, Byrne M, Cameron S, Cooper SJB, Dunlop J, Hill B, Lohr C, Mitchell NJ, Moritz C, Travouillon KJ, von Takach B, Ottewell K.","Population genomic diversity and structure in the golden bandicoot: a history of isolation, extirpation, and conservation.",,2,2,"FST, DXY, allelic diversity, gene diversity",Allelic richness / rare alleles; Heterozygosity / gene diversity; Effective size,Threatened marsupial with multiple populations and translocations; diversity within/among populations assessed; management application.,https://doi.org/10.1038/s41437-023-00653-2
10.1186/s12711-026-01038-9,2026,Meuwisen T; Yu X; Berg P,Genomic estimates of Identity-By-Descent relationships in large scale data sets,Genetics Selection Evolution,1,2,"IBD, GRM, ROH",OCS / contribution optimisation; Coancestry / relationship matrix choice; Optimisation algorithms / cost,Fast IBD-based relationship matrix for large pedigrees; directly addresses computationally efficient genomic relationships but not diversity-loss metrics or optimisation.,https://doi.org/10.1186/s12711-026-01038-9
10.3390/plants15030357,2026,Zanotto S; Nazzicari N; Schmidt G; Böcker U; Vurro F; Pasqualone A,Characterization of Genetic Diversity and Genomic Prediction of Secondary Metabolites in Pea Genetic Resources,Plants,1,2,"Genetic diversity analysis, genomic prediction accuracy, population structure (geographic clustering)",Other,Diversity characterization and prediction in genebank; geographic/metabolic clustering noted but diversity metrics not linked to selection constraints.,https://doi.org/10.3390/plants15030357
10.1016/j.psj.2024.104071,2024,"Haque MA, Jung JH, Choo HJ, Afrin S, Lee YM, Kim JJ.",Pedigree analysis of Korean native chickens: unraveling inbreeding and genetic diversity.,,1,2,"inbreeding coefficient, effective population size, coancestry, pedigree completeness",OCS / contribution optimisation; Coancestry / relationship matrix choice; Effective size,Pedigree-based diversity assessment; useful reference for Ne and inbreeding metrics but no selection optimisation.,https://doi.org/10.1016/j.psj.2024.104071
10.3390/ani15091193,2025,"Ćosić I, Stojiljković KZ, Pihler I, Cekić B, Ružić-Muslić D, Delić N, Aleksić JM.",Towards Genetically Informed Conservation of the Bardoka and Karakachan Sheep Breeds Autochthonous to Serbia.,,1,2,"inbreeding coefficient, pairwise relatedness, expected heterozygosity, FST",OCS / contribution optimisation; Coancestry / relationship matrix choice; Allelic richness / rare alleles,Applies microsatellite data for conservation planning of autochthonous sheep; diversity assessment and inbreeding inference but no selection optimisation or computational cost analysis.,https://doi.org/10.3390/ani15091193
10.1007/s00122-024-04568-2,2024,"Bilton TP, Sharma SK, Schofield MR, Black MA, Jacobs JME, Bryan GJ, Dodds KG.",Construction of relatedness matrices in autopolyploid populations using low-depth high-throughput sequencing data.,,1,2,"genomic relationship matrix (GRM), kinship",OCS / contribution optimisation; Coancestry / relationship matrix choice; Optimisation algorithms / cost,"Constructs relatedness matrices from low-depth sequencing; enables coancestry-based metrics but computationally oriented, not breeding selection.",https://doi.org/10.1007/s00122-024-04568-2
10.3390/ani13050913,2023,"Martinez V, Galarce N, Setiawan A.",Developing Methods for Maintaining Genetic Diversity in Novel Aquaculture Species: The Case of <i>Seriola lalandi</i>.,,1,2,parentage-based inbreeding,OCS / contribution optimisation; Coancestry / relationship matrix choice; Optimisation algorithms / cost,Parentage panel for communal spawning; documents skewed genetic contributions but no optimization algorithm or diversity metric evaluation.,https://doi.org/10.3390/ani13050913
10.1111/1755-0998.70094,2026,"Gronefeld SC, López H, Schmidt R, Hochkirch A.",Identifying Key Biodiversity Areas Based on Distinct Genetic Diversity.,,1,2,"allelic overlap, AMOVA, Ne, Dest, Simpson's λ, AvTD",OCS / contribution optimisation; Allelic richness / rare alleles; Optimisation algorithms / cost,Evaluates six diversity metrics for prioritising conservation areas. Relevant framework but not breeding selection or optimisation context.,https://doi.org/10.1111/1755-0998.70094
10.1002/eap.70226,2026,"Kan-Lingwood NY, Sagi L, Templeton AR, Shahar N, Altman A, Gordon N, Rubenstein DI, Bouskila A, Bar-David S.",Resource management as a conservation tool to impact genetic diversity through mating patterns in wild populations.,,1,2,variance effective population size (Nev); allele frequency distribution via parentage,OCS / contribution optimisation; Allelic richness / rare alleles; Effective size,Resource management affecting mating patterns and Nev in conservation context; shows diversity loss mechanism but not algorithmic optimization.,https://doi.org/10.1002/eap.70226
10.1111/jbg.70000,2026,"Jacques A, Tixier-Boichard M, Restoux G.",Optimising the Use of Cryopreserved Genetic Resources for the Selection and Conservation of Animal Populations.,,1,2,expected heterozygosity; additive genetic variance; allele frequency change,OCS / contribution optimisation; Allelic richness / rare alleles; Heterozygosity / gene diversity,Simulations of cryopreserved resource use in selection and conservation; directly addresses diversity loss trade-offs but not computational cost.,https://doi.org/10.1111/jbg.70000
10.1111/cobi.70125,2026,"Fan PZ, Zhu GF, Wambulwa MC, Milne RI, Wu ZY, Luo YH, Shahi Shavvon R, Jump AS, Maity D, Gao LM, Qi HL, Wu HY, Kong X, Khan R, Yan LJ, Turuspekov Y, Li DZ, Liu J.",Genetic origins and climate-induced erosion in economically important Asian walnuts.,,1,2,"microsatellite diversity, climate-induced range loss",OCS / contribution optimisation; Allelic richness / rare alleles; Heterozygosity / gene diversity,"Walnut genetic diversity, refugia, future erosion under climate; diversity quantification but no selection algorithm or breeding optimisation framework.",https://doi.org/10.1111/cobi.70125
10.3389/fpls.2025.1634672,2025,"Tchokponhoué DA, N'Danikou S, Omondi E, Coffi S, Sossou BE, Houdegbe AC, Adje CAO, Fassinou Hotegni NV, Schranz ME, van Zonneveld M, Achigan-Dako EG.",Countrywide &lt;i&gt;Corchorus olitorius&lt;/i&gt; L. core collection shows an adaptive potential for future climate in Benin.,,1,2,"gene diversity, expected heterozygosity, allelic retention",OCS / contribution optimisation; Allelic richness / rare alleles; Heterozygosity / gene diversity,"Core-collection construction via ShinyCore algorithm; directly evaluates diversity metrics but descriptive, no selection optimisation.",https://doi.org/10.3389/fpls.2025.1634672
10.1371/journal.pone.0325548,2025,"Gillman L, Condón F, Petroli C, Rivas M.",Optimizing genomic diversity assessments for conservation of Bromus auleticus (Trinius ex Nees) using individual and pooled sequencing.,,1,2,"allele frequency concordance, genetic diversity, population structure",OCS / contribution optimisation; Allelic richness / rare alleles; Heterozygosity / gene diversity,Forage grass conservation; evaluates genotyping methodology and diversity assessment but no selection optimisation or computational cost for breeding.,https://doi.org/10.1371/journal.pone.0325548
10.7717/peerj.20726,2026,"Caeiro-Dias G, Osborne MJ, Turner TF.",Time is of the essence: using archived samples in the development of a GT-seq panel to preserve continuity of ongoing genetic monitoring.,,1,2,"genetic diversity estimates, temporal structure, F_ST loci selection",OCS / contribution optimisation; Allelic richness / rare alleles; Optimisation algorithms / cost,GT-seq panel development for genetic monitoring; cost-effective genotyping and diversity tracking but no active selection optimisation problem.,https://doi.org/10.7717/peerj.20726
10.1111/jbg.70034,2026,"Mejuto-Vázquez N, Hervás-Rivero C, Rodríguez-Bermúdez R, López-Carbonell D, Hermida M, Martínez P, Varona L.",Genomic Analysis of Inbreeding Depression on Productive Traits in Rubia Galega Beef Cattle Breed.,,1,2,"F_ROH (by segment length), ROH-based inbreeding coefficients",Coancestry / relationship matrix choice; Optimisation algorithms / cost,Evaluates ROH-based inbreeding metrics for depression prediction; genomic BLUP but no combinatorial optimisation context.,https://doi.org/10.1111/jbg.70034
10.1186/s12711-025-01027-4,2026,"Wilson CS, Murdoch BM, Brito LF, Taylor JB, Rocha AO, Freking BA, Murphy TW, Lewis RM.",Genetic diversity and population structure of U.S. Suffolk sheep participating in the national sheep improvement program.,,1,2,"effective population size (N_e), effective founders/ancestors, F_PED, heterozygosity, F_ROH, F_GRM diagonal",Coancestry / relationship matrix choice; Heterozygosity / gene diversity; Effective size,Pedigree and genomic diversity metrics for breed; genomic selection implementation noted but no optimisation algorithm.,https://doi.org/10.1186/s12711-025-01027-4
10.1038/s41598-025-14744-z,2025,"Mavunga TK, Sölkner J, Mészáros G, Pichler R, Ramasamy S, Manomohan V, Kumar SR, Abbas K, Hussain T, Babar ME, Lokugalappatti LGS, Thandar E, Phem M, Tum S, Bhuiyan MMU, Purevdorj M, Barbato M, Perias",Genomic diversity and selection signatures in Asian Zebu Cattle: insights into adaptation and genetic erosion.,,1,2,"heterozygosity, FROH, FST, EHH",Coancestry / relationship matrix choice; Heterozygosity / gene diversity; Optimisation algorithms / cost,"Multi-population inbreeding and diversity assessment; addresses genetic erosion concern but survey-level, not algorithmic optimization.",https://doi.org/10.1038/s41598-025-14744-z
10.1111/asj.70138,2025,"Nagai R, Kinukawa M, Watanabe T, Ogino A, Kurogi K, Adachi K, Uemoto Y.",Impact of Genome-Wide and Regional Inbreeding on Semen Production Traits in Beef and Dairy Bulls.,,1,2,"FROH, pedigree inbreeding, ROH regions",Coancestry / relationship matrix choice; Optimisation algorithms / cost,"Genome-wide vs regional inbreeding depression in production traits; evaluates metric choice but for phenotypic consequences, not diversity optimization.",https://doi.org/10.1111/asj.70138
10.1038/s41598-025-06152-0,2025,"Talebi R, Mardi M, Zeinalabedini M, Szmatoła T, Alamouti MK, Javadi Taklimi SA, Ghaffari MR.",Genomic architecture of purebred and crossbred Moghani lambs with Texel and Booroola sheep.,,1,2,"heterozygosity (H_O), inbreeding (F_IS, F_ROH), ROH islands, admixture",Coancestry / relationship matrix choice; Heterozygosity / gene diversity; Optimisation algorithms / cost,Crossbreeding architecture and diversity trade-offs; productivity vs adaptability tension noted but not formalised into optimisation objective.,https://doi.org/10.1038/s41598-025-06152-0
10.1186/s12864-025-12398-9,2026,"Xie XF, Fan JW, Wang ZY, Zhong ZQ, Pan DY, Shi LG, Xiao Q, Hou GY.",Genomic signatures of environmental adaptation in Danzhou chickens.,,1,2,"runs of homozygosity (ROH), inbreeding coefficient (FROH)",Coancestry / relationship matrix choice; Effective size; Optimisation algorithms / cost,"ROH-based inbreeding and population selection scan; relevant genomic diversity metrics but descriptive conservation study, not optimisation-driven.",https://doi.org/10.1186/s12864-025-12398-9
10.1093/gbe/evag097,2026,"Generalovic TN, Generalovic TN, Sandrock C, Roberts BJ, Meier JI, Hauser M, Warren IA, Pipan M, Durbin R, Jiggins CD.",Cryptic Diversity and Impacts of Domestication in the Black Soldier Fly (Hermetia illucens) Genome.,,1,2,"genetic diversity (nucleotide/haplotype), inbreeding, allele frequency",OCS / contribution optimisation; Heterozygosity / gene diversity; Effective size,Domestication bottleneck in black soldier fly; documents diversity loss through captive breeding but no selection algorithm or metric evaluation.,https://doi.org/10.1093/gbe/evag097
10.1007/s00122-025-05043-2,2025,"Sharma A, Xu M, Vitrakoti D, Patel JD, Chee PW, Paterson AH.",Genetic basis and role of exotic accessions in cultivated cotton fiber quality improvement.,,1,2,"QTL, GWAS, allele frequency, favorable allele status",OCS / contribution optimisation; Coancestry / relationship matrix choice; Allelic richness / rare alleles,Genetic basis of cotton fiber traits and exotic germplasm; addresses allelic diversity and selection but not optimization algorithms or coancestry metrics.,https://doi.org/10.1007/s00122-025-05043-2
10.1016/j.isci.2025.114497,2026,"Yadró Garcia CA, Henriques D, Cilia G, Rufino J, Vella C, Aglagane A, Sagastume S, Zammit-Mangion M, Martín-Hernández R, Nanetti A, Pinto MA.",Contrasting whole-genome diversity patterns and adaptation in honeybees from two southern European glacial refugia.,,1,2,"nucleotide diversity, kinship, effective population size, mitonuclear variation",OCS / contribution optimisation; Coancestry / relationship matrix choice; Effective size,Honeybee diversity and adaptation in glacial refugia; diversity metrics and bottleneck effects but not breeding program optimization or constraint framework.,https://doi.org/10.1016/j.isci.2025.114497
10.1111/jbg.12913,2025,"Niehoff TAM, Ten Napel J, Calus MPL.",Practical Considerations When Using Mendelian Sampling Variances for Selection Decisions in Genomic Selection Programs.,,1,2,"Mendelian sampling variance, genomic estimated breeding values (GEBV), genetic variance retention",OCS / contribution optimisation; Effective size,Selection criteria accounting for future genetic variance in livestock; tests variance-retention strategies vs GEBV alone across accuracy and planning horizon.,https://doi.org/10.1111/jbg.12913
10.1186/s12864-026-12732-9,2026,"Bertram H, Jawad M, Michanski S, Tiemann I, Schmitt AO, Gültas M.",Genomic analysis of the Ixworth chicken: insights into a local dual-purpose breed.,,1,2,"nucleotide diversity, inbreeding coefficient, linkage disequilibrium",Heterozygosity / gene diversity; Effective size; Optimisation algorithms / cost,Documents genetic erosion from selection; relevant context on diversity loss but not selection algorithm or cheap metrics.,https://doi.org/10.1186/s12864-026-12732-9
10.1093/molbev/msaf298,2025,"Celestini S, Lipánová V, Vlček J, Kolář F.",Whole-Genome Duplication Reshapes Adaptation: Autotetraploid Arabidopsis arenosa Leverages its High Genetic Variation to Compensate for Selection Constraints.,,1,2,"heterozygosity, genetic variation, fixation rates",Allelic richness / rare alleles; Heterozygosity / gene diversity; Optimisation algorithms / cost,Polyploid adaptation with standing variation retention vs selection; relevant to diversity-selection trade-off but not optimisation.,https://doi.org/10.1093/molbev/msaf298
10.1007/s00122-025-05139-9,2026,"Yuan Z, Zhao Y, Oldach K, Jahoor A, Jensen JD, Dohrendorf VE, Eschholz TW, Roescher S, Stein N, Reif JC, El Hanafi S.",Targeted expansion of a barley genebank core collection facilitates the discovery of disease resistance loci.,,1,2,"Molecular diversity (SNP-based), genome-wide prediction",Core collection / subset selection; Optimisation algorithms / cost,Core collection expansion using GWP to maximise trait-relevant diversity; demonstrates prediction-informed sampling for trait-allele frequency optimisation.,https://doi.org/10.1007/s00122-025-05139-9
10.1186/s12870-025-06498-7,2025,"Ma P, Zhang H, Shui H, Zhang X, Wang X, Gao S, Zhang H, Nie Z, Qing C, Lu T, Pang Q, Pei W, Chen H, He C, Luo B, He D.",Unveiling the heterosis pattern of modern maize breeding in Southwest China through population structure and genetic diversity analysis.,,1,2,"kinship, F_st, nucleotide diversity (π), heterozygous SNP count",Coancestry / relationship matrix choice; Optimisation algorithms / cost,"Population structure, kinship, diversity metrics, and heterosis patterns in 900 hybrids; no diversity-loss quantification or optimiser integration.",https://doi.org/10.1186/s12870-025-06498-7
10.1101/2025.08.12.669960,2025,"Leung K, Becker F, Šima P, Kreskóci R, Geuverink E, Groot TVM, Pannebakker BA, van den Heuvel J.","<i>Bombus terrestris</i>  Complementary Sex Determiner (BtCSD) is identified as a conserved hymenopteran sex determination region: evolution, breeding, and conservation implications",,1,2,"CSD allelic diversity, diploid male load",Allelic richness / rare alleles; Heterozygosity / gene diversity,Identifies CSD locus critical for breeding management; directly relevant to loss of diversity in isolated bumblebee populations and production.,https://doi.org/10.1101/2025.08.12.669960
10.1186/s12864-024-10793-2,2024,"Bråtelund S, Ruttink T, Goecke F, Broch OJ, Klemetsdal G, Ødegård J, Ergon Å.",Characterization of fine geographic scale population genetics in sugar kelp (Saccharina latissima) using genome-wide markers.,,1,2,"SNPs, haplotypes, expected heterozygosity, allelic richness",Allelic richness / rare alleles; Heterozygosity / gene diversity; Effective size,Fine-scale population genetics; marker type and MAC threshold effects on diversity metrics; kelp cultivation interest.,https://doi.org/10.1186/s12864-024-10793-2
10.1111/eva.70146,2025,"Friis G, Cotterill N, Barsoum N, Webberley M, Vatanparast M, Charters M, Carleial R, Buggs R, Borrell JS.",Genetic Consequences of Tree Planting Versus Natural Colonisation: Implications for Afforestation Programmes in the United Kingdom.,,1,2,"nucleotide diversity (π), Ho, allelic richness (AR), coancestry, inbreeding coefficient (FROH)",Coancestry / relationship matrix choice; Allelic richness / rare alleles; Heterozygosity / gene diversity,Compares genetic diversity metrics and coancestry under planted vs. natural regeneration; evaluates multiple metrics but not optimisation-in-the-loop context.,https://doi.org/10.1111/eva.70146
10.1186/s12711-025-01029-2,2026,Wolc A; Kinghorn B; Kinghorn A; Dekkers J,"Application of optimal contribution selection, trait distribution management, and group selection in layer chickens",Genetics Selection Evolution,0,2,inbreeding rate; genetic diversity (unspecified),OCS / contribution optimisation; Coancestry / relationship matrix choice,OCS with trait management on poultry; addresses diversity-gain trade-off but lacks specific diversity metrics or genomic implementation details.,https://doi.org/10.1186/s12711-025-01029-2
10.1093/bioinformatics/btag569,2026,Fogg J; Ortiz-Cuadros J; Pocrnić I; Hall J; Gorjanc G,robustocs: Robust optimal contribution selection,Bioinformatics,0,2,group coancestry; genomic relationship matrix,OCS / contribution optimisation; Coancestry / relationship matrix choice,Robust OCS accounting for uncertainty; manages coancestry and genetic gain but not primarily focused on diversity metric selection.,https://doi.org/10.1093/bioinformatics/btag569
10.1093/jas/skaa278.421,2020,Adams S; Derks M; Makanjuola B; Wood B; Baes C,PSIII-2 Assessment of runs of homozygosity and estimates of inbreeding in three purebred turkey (Meleagris gallopavo) lines,Journal of Animal Science,0,2,"F_ROH, F_GRM, F_PED, genomic relationship matrix",Coancestry / relationship matrix choice,Compares multiple inbreeding coefficients in managed lines; relevant to diversity metric choice for selection.,https://doi.org/10.1093/jas/skaa278.421
10.3389/fvets.2026.1796462,2026,Qi Y; Rong Y; Zhang M; Wang X; Ao X; Shang F,Genome-wide assessment of runs of homozygosity and inbreeding in Inner Mongolia cashmere goats reveals candidate genes for economic traits,Frontiers in Veterinary Science,0,2,"F_ROH, F_HOM, ROH islands",Coancestry / relationship matrix choice; Effective size,ROH analysis and multiple inbreeding estimates in managed breed; relevant to diversity metric selection.,https://doi.org/10.3389/fvets.2026.1796462
10.1111/jbg.12742,2022,Angarita Barajas B; Cantet R; Steibel J; Schrauf M; Forneris N,Heritability estimates and predictive ability for pig meat quality traits using identity‐by‐state and identity‐by‐descent relationships in an <scp>F<sub>2</sub></scp> population,Journal of Animal Breeding and Genetics,0,2,"IBS, IBD",Coancestry / relationship matrix choice,Compares IBS vs IBD relationship matrices for heritability/prediction in livestock; relevant to matrix choice but no diversity-loss metric or selection framework.,https://doi.org/10.1111/jbg.12742
10.24072/pcjournal.708,2026,Uhl M; Bunel P; de Navascués M; Boitard S; Servin B,SelNeTime: a python package inferring effective population size and selection intensity from genomic time series data,Peer Community Journal,0,2,allele frequency trajectories,Effective size; Optimisation algorithms / cost,Hidden Markov inference of Ne and selection from time-series genomic data; relevant to diversity dynamics but not combinatorial optimisation.,https://doi.org/10.24072/pcjournal.708
10.3390/agronomy15112638,2025,Perera M; Peña Malavera A; Henriquez D; Noguera A; Racedo J; Ostengo S,Sugarcane Genetic Diversity Study of Germplasm Bank and Assessment of a Core Collection,Agronomy,0,2,"DArT-seq SNP, expected/observed heterozygosity, PIC, discrimination power, FST, AMOVA",Heterozygosity / gene diversity; Effective size; Core collection / subset selection,Core collection assessment showing diversity capture efficiency; lacks inner-loop optimisation cost or selection constraints.,https://doi.org/10.3390/agronomy15112638
10.12972/jabng.2026.10.1.2,2026,Myung C; Kim T; Lee S; Yang D; Kang H; Kim J,Current status of genetic diversity and population structure in the endangered Asiatic Black Bear population restoring in South Korea,Journal of Animal Breeding and Genomics,0,2,"observed/expected heterozygosity, polymorphic information content, population structure, inbreeding",Heterozygosity / gene diversity; Effective size; Optimisation algorithms / cost,Restoration genetics monitoring; reports diversity metrics but no selection optimization or constraint algorithm context.,https://doi.org/10.12972/jabng.2026.10.1.2
10.1007/s00122-026-05164-2,2026,da Silva Viana J; DoVale J; Fritsche-Neto R,Optimizing progeny size and number of crosses under genomic selection: insights into additive and epistatic contributions to long-term genetic gain,Theoretical and Applied Genetics,0,2,"genomic selection, long-term genetic gain, epistasis",OCS / contribution optimisation; Allelic richness / rare alleles; Optimisation algorithms / cost,Optimizes progeny design for gain and cross structure over time; addresses long-term diversity vs. gain trade-off but not explicit diversity metrics or computational cost.,https://doi.org/10.1007/s00122-026-05164-2
10.13057/biodiv/d240102,2023,SUDIKA I; SOEMEINABOEDHY I; SUTRESNA I,"Genetic diversity and gain quantitative characters of maize from index-based selection at two dry lands in Lombok, Indonesia",Biodiversitas Journal of Biological Diversity,0,2,"Genetic diversity index, genetic gain",Optimisation algorithms / cost,"Index-based selection with explicit diversity and gain reporting; trait-level metrics shown, but not genomic marker-based or optimisation-focused.",https://doi.org/10.13057/biodiv/d240102
10.1007/s00122-026-05263-0,2026,"Saradadevi R, Amongi W, Mukankusi C, Male AS, Rubyogo JC, Huttner E, Castro-Urrea FA, Li L, Siddique KHM, Cowling WA.",Optimising realised genetic gain with low forward predictive ability across cycles for cooking time and correlated traits in common bean based on multivariate genomic selection.,,0,2,"optimal contribution selection, genomic relationship matrix, GBLUP",OCS / contribution optimisation; Coancestry / relationship matrix choice; Effective size,Optimal contributions selection applied to rapid genomic cycles; multivariate breeding values; balances gain vs. genetic diversity maintenance.,https://doi.org/10.1007/s00122-026-05263-0
10.1038/s41598-026-37530-x,2026,"Nagai R, Honda T, Satoh M, Uemoto Y.",Probabilities of two alleles being identity by state at unobserved loci predicted by observed loci in cattle populations.,,0,2,IBS prediction; inbreeding coefficient; additive relationship,OCS / contribution optimisation; Coancestry / relationship matrix choice; Effective size,Validates genome-based relationship measures vs pedigree for predicting identity-by-state at unobserved loci; relevant to kinship matrix choice but not selection/diversity optimization.,https://doi.org/10.1038/s41598-026-37530-x
10.1186/s12864-026-12712-z,2026,"Goli RC, Chishi KG, Sruthi OS, Fatima T, Gunturu T, Metta M, Chatnallikar V, Sukhija N, Kk K.",Adaptive introgression shaping genomic adaptation and ancestral mosaicism of Changthangi sheep for high-altitude survival and pashmina excellence.,,0,2,heterozygosity; effective population size; linkage disequilibrium; runs of homozygosity; allelic richness,OCS / contribution optimisation; Coancestry / relationship matrix choice; Allelic richness / rare alleles,Comparative diversity assessment across sheep breeds; reports multiple metrics but no selection/optimization strategy; contextual relevance only.,https://doi.org/10.1186/s12864-026-12712-z
10.1111/eva.70257,2026,"Wood G, Filbee-Dexter K, Wernberg T, Coleman MA.",Minimising Risks of Reduced Genetic Diversity in Marine Restoration.,,0,2,heterozygosity; polymorphic loci; effective population size; inbreeding,OCS / contribution optimisation; Coancestry / relationship matrix choice; Allelic richness / rare alleles,Genetic monitoring of hatchery propagation and diversity loss; metrics for tracking bottleneck/drift but no selection or optimisation algorithm.,https://doi.org/10.1111/eva.70257
10.3390/ani15081084,2025,"Song H, Kim Y, Lee S, Choi B, Kim S, Jin D, Kim G, Ha S, Mun S, Cho Y, Chung Y.",Genetic Diversity and Conservation Priority of Korean Chicken Breeds Using Single-Nucleotide Polymorphism Markers.,,0,2,"expected heterozygosity, allelic diversity, inbreeding coefficient",OCS / contribution optimisation; Coancestry / relationship matrix choice; Allelic richness / rare alleles,"Assesses diversity metrics (HT, AT) for conservation priority ranking; applies to germplasm characterization but not to selection optimisation or computational constraints.",https://doi.org/10.3390/ani15081084
10.1186/s12711-026-01046-9,2026,"Niehoff TAM, Ten Napel J, Calus MPL.",Restructuring breeding programs 1: Integration of diversity.,,0,2,"optimum contribution selection, diversity donor screening",OCS / contribution optimisation; Heterozygosity / gene diversity; Effective size,Simulated OCS integration of external diversity into nucleus; tests diversity indicators but limited computational cost or metric comparison.,https://doi.org/10.1186/s12711-026-01046-9
10.1186/s12864-026-12950-1,2026,"Byerly PA, von Thaden A, Rolshausen G, Cocchiararo B, Erhardt S, Fietz J, Frantz AC, Kramer EM, Stubbe SP, Vinciguerra L, Winter S, Lang J, Meinig H, Büchner S, Nowak C.",Genomic signatures of population isolation in an endangered European rodent.,,0,2,"inbreeding, genetic differentiation, population structure",OCS / contribution optimisation; Coancestry / relationship matrix choice; Optimisation algorithms / cost,"Genomic erosion, inbreeding, and isolation in endangered population; conservation context but no optimisation framework.",https://doi.org/10.1186/s12864-026-12950-1
10.3390/life16030521,2026,"Kostyukova V, Kenzhebekova R, Protsenko E, Dulat B, Khusnitdinova M, Gritsenko D.",Next-Generation Genotyping: Innovations Driving Plant Genomic Improvement.,,0,2,"SNP arrays, GBS, rare-allele detection, pangenome",OCS / contribution optimisation; Effective size; Optimisation algorithms / cost,Genotyping platforms and cost; useful technical context for marker data and computational efficiency in large breeding pipelines.,https://doi.org/10.3390/life16030521
10.1371/journal.pone.0350262,2026,"Taheri S, Karimi MO, Saedi N, Zerehdaran S, Shariati MM, Gholizadeh M, Javadmanesh A.","Genetic diversity, population structure, and combined detection of selection signatures in Iranian versus Afghan Baluchi sheep.",,0,2,"expected heterozygosity, allelic diversity, effective population size, linkage disequilibrium",OCS / contribution optimisation; Allelic richness / rare alleles; Heterozygosity / gene diversity,Population structure and diversity metrics in sheep; population-level assessment but not framed as selection optimization or breeding management.,https://doi.org/10.1371/journal.pone.0350262
10.1093/jhered/esaf079,2026,"Schulz EJ, Nilson SM, Murphy TW, Murdoch BM, Brito LF, Lewis RM, Petersen JL.",Genetic diversity of US Rambouillet in the National Sheep Improvement Program compared to other sheep breeds.,,0,2,"expected heterozygosity, individual inbreeding, effective population size, pedigree-based metrics",OCS / contribution optimisation; Heterozygosity / gene diversity; Effective size,"Genetic diversity and population structure in managed breed; breed management and genomic evaluation context but descriptive, not optimization.",https://doi.org/10.1093/jhered/esaf079
10.1016/j.psj.2026.107080,2026,"Saleh MS, Martínez A, Torres A, Baquero MF, Rusco G, Pons A, Canales A, Landi V.","Genomic diversity, population structure and runs of homozygosity in Spanish native chicken breeds assessed with high-density SNP data.",,0,2,"heterozygosity, minor allele frequency, runs of homozygosity, inbreeding",OCS / contribution optimisation; Coancestry / relationship matrix choice; Allelic richness / rare alleles,Genetic diversity and ROH in native chicken breeds; population structure and diversity assessment but no active selection or optimization framework.,https://doi.org/10.1016/j.psj.2026.107080
10.3390/biology15090734,2026,"Noh ES, Dong CM, Choi S, Jung HS, Park J, Hwang IJ, Kang JH, Ryu YW.",Genetic Diversity and Spawning Patterns of Small Yellow Croaker (&lt;i&gt;Larimichthys polyactis&lt;/i&gt;) in a Large-Scale Pooling System.,,0,2,"expected heterozygosity, effective population size (Ne)",OCS / contribution optimisation; Heterozygosity / gene diversity; Effective size,Multi-time sampling strategy to prevent genetic drift and maintain diversity; demonstrates Ne preservation under reproductive skew but not a metric-selection or optimization framework.,https://doi.org/10.3390/biology15090734
10.1186/s12870-026-08815-0,2026,"Yang Z, Zhao M, Chang S, Guo W, Cui Y, Meng D, Wang L, Zheng L, Hu H, Huang X, Xu X, Li X, Cheng X.",Genetic diversity and population structure of wild and cultivated Camellia tetracocca Chang assessed by ILP markers: insights for conservation of an endangered tea species.,,0,2,"expected heterozygosity, gene diversity, allelic richness, Shannon index, core germplasm collection",OCS / contribution optimisation; Allelic richness / rare alleles; Heterozygosity / gene diversity,Tea germplasm conservation with diversity statistics and core-collection design; relevant to conservation but lacks optimization framework or computational-cost discussion.,https://doi.org/10.1186/s12870-026-08815-0
10.1186/s12864-026-12912-7,2026,"Somenzi E, Arantes LS, O'Sullivan RJ, Gautam H, Franco Dos Santos DJ, Oo ZM, Htut W, Mazzoni CJ, Lummaa V.",Population genomic assessment of semi-captive Asian elephants (Elephas maximus) from Myanmar: endangered species management and conservation implications.,,0,2,"heterozygosity, inbreeding coefficient, effective population size, relatedness, kinship",OCS / contribution optimisation; Coancestry / relationship matrix choice; Allelic richness / rare alleles,Semi-captive Asian elephant genomic management and Ne estimation; conservation-focused diversity assessment but lacks constrained selection optimization or algorithm comparison.,https://doi.org/10.1186/s12864-026-12912-7
10.1016/j.psj.2026.106499,2026,"Ai Z, Zhao Z, Zhang X, Yang R, Zhang Y, Chen Z, Li W, Ou Y, Lei L, Ye H.","Population genomic analysis of Weining chicken via dd-RAD sequencing: Unraveling diversity, structure, and selective sweeps.",,0,2,"observed/expected heterozygosity, inbreeding coefficient, kinship, selection signatures",OCS / contribution optimisation; Coancestry / relationship matrix choice; Heterozygosity / gene diversity,Chicken strain genetic diversity and population structure; diversity metrics and modest inbreeding but no selection optimization or diversity-metric computational-cost framework.,https://doi.org/10.1016/j.psj.2026.106499
10.1186/s12870-026-08157-x,2026,"Yang Q, Dai J, He L, Qiu Y, Zhang N, Hua K, Yu Y, Xu Q, Fan Y, Liu J.",Research on genetic diversity and mating patterns of Toona fargesii populations based on SSR markers.,,0,2,"expected heterozygosity, outcrossing rate, paternal contribution",OCS / contribution optimisation; Allelic richness / rare alleles; Heterozygosity / gene diversity,Tree germplasm diversity and mating patterns in endangered species; diversity metrics and breeding-pattern analysis but no combinatorial optimization or metric-efficiency comparison.,https://doi.org/10.1186/s12870-026-08157-x
10.3389/fpls.2026.1771164,2026,"Wang W, Ma H, Qi Y, Ye J, Lu M, Wei X.",Scientific evolution and translational horizons of plant core germplasm: a global bibliometric synthesis and strategic insights.,,0,2,"gene diversity, allelic richness",OCS / contribution optimisation; Allelic richness / rare alleles; Heterozygosity / gene diversity,Bibliometric review of core germplasm collections and paradigm shift toward allele-driven breeding; limited mechanistic detail on diversity metrics or optimization.,https://doi.org/10.3389/fpls.2026.1771164
10.1371/journal.pone.0343497,2026,"Ba A, Odong TL, Edema R, Badji A, Diack O, Obua T, Ochwo-Semakula M, Gibson P, Kane NA, Tukamuhabwa P.",Genetic diversity and population structure of pearl millet in the Senegalese germplasm.,,0,2,"gene diversity, Nei distance, fixation index",OCS / contribution optimisation; Allelic richness / rare alleles; Heterozygosity / gene diversity,Pearl millet germplasm diversity and population structure; descriptive statistics on diversity but no selection algorithm or optimization context.,https://doi.org/10.1371/journal.pone.0343497
10.1111/1755-0998.70115,2026,"Pinosio S, Bagnoli F, Avanzi C, Castellani MB, Frascella A, McEvoy SL, Olsson S, Spanu I, Vajana E, FORGENIUS Consortium, González-Martínez SC, Pyhäjärvi T, Scotti I, Vendramin GG, Piotti A.",The FORGENIUS Genomic Resources: New Genotyping Tools and Genomic Data for 23 Forest Tree Species and Their Genetic Conservation Units.,,0,2,"SNP discovery, genetic conservation units",OCS / contribution optimisation; Optimisation algorithms / cost,Forest tree genetic conservation monitoring and genotyping tools; diversity assessment framework but no selection optimization or metric comparison.,https://doi.org/10.1111/1755-0998.70115
10.3390/ani16071062,2026,"Kovács M, Hegedűs B, Mihók S, Knop R, Szabó C, Posta J.",Population Structure and Genetic Diversity Among Lipizzan Mare Families in Hungary Based on Microsatellite Genotyping.,,0,2,"heterozygosity, polymorphism information content, genetic differentiation",OCS / contribution optimisation; Allelic richness / rare alleles; Heterozygosity / gene diversity,"Lipizzan mare family diversity and structure; microsatellite-based evaluation but descriptive, no breeding optimization or computational cost analysis.",https://doi.org/10.3390/ani16071062
10.1038/s42003-026-09846-x,2026,"Jiang XL, Wu MX, Saito Y, Luo SS, Liu XS, Ouyang ZY, Li JX, Deng M, Li H.",Population genomics of Quercus gilva provides insights into the conservation of fengshui forests.,,0,2,"genetic load, structural variants, genetic diversity",OCS / contribution optimisation; Allelic richness / rare alleles; Optimisation algorithms / cost,Quercus conservation prioritization based on diversity and deleterious mutation burden; relevant metrics but no optimization algorithm or computational efficiency evaluation.,https://doi.org/10.1038/s42003-026-09846-x
10.1186/s12870-026-08580-0,2026,"Gao C, Ma W, Yang J, Li S, Huang J, Wei J, Zhang K, Guo P, Wang Y, Shang F.","Genomic divergence, introgression and KASP fingerprinting panel development in five cultivar groups of sweet osmanthus.",,0,2,"nucleotide diversity, genetic structure, KASP SNP panel",OCS / contribution optimisation; Optimisation algorithms / cost,Sweet osmanthus cultivar genomic divergence and introgression; genotyping tool development and population structure but no selection optimization context.,https://doi.org/10.1186/s12870-026-08580-0
10.3390/genes17050566,2026,"Castillo Cevallos LA, Rocha LLD, Aguirre Riofrio EL, Martinez Martinez A, Delgado Bermejo JV, Ribeiro MN.","Landscape Genetics Reveals Geographic Structuring of Locally Adapted Goat Populations from Brazil, Spain, and Ecuador.",,0,2,"genetic diversity, population structure, microsatellites",OCS / contribution optimisation; Allelic richness / rare alleles; Optimisation algorithms / cost,"Locally adapted livestock populations, genetic erosion, diversity preservation. Relevant context but not optimisation-algorithm-specific.",https://doi.org/10.3390/genes17050566
10.1038/s41586-026-10576-7,2026,"Wang J, Li X, Wang Y, Lin J, Chen S, Liu H, Chen X, Chai K, Dong A, Zhao T, Feng C, Wu R, Zhao P, Zheng Y, Xia Z, Zhang S, Liu Y, Qu S, Ye Z, Song Y, Deng Q, Zeng X, Yu G, Kong R, Zhang B, Zhang W, Zh",Genetic architecture of sugarcane traits in a polyploid genomics framework.,,0,2,"IBD, haplotype, domestication sweeps, allele-specific expression",OCS / contribution optimisation; Coancestry / relationship matrix choice; Allelic richness / rare alleles,Sugarcane polyploid genomic architecture and breeder-favoured haplotypes; genomic breeding context but no diversity loss metrics or combinatorial optimisation.,https://doi.org/10.1038/s41586-026-10576-7
10.1111/tpj.70777,2026,"Pearson S, Hathorn A, Sun S, Cruickshank A, Shatte T, Munisse P, Wairimu MM, Conner J, Koltunow A, Vielle-Calzada JP, Ozias-Akins P, Ishii T, Dell'Acqua M, Norton S, Tao Y, Jordan D, Mace E.",Scaling up orphan crop research: genebank genetics highlight geographic structure in cultivated cowpea from 10 617 global accessions.,,0,2,"genetic groups, allele pool structure, population differentiation",OCS / contribution optimisation; Allelic richness / rare alleles; Heterozygosity / gene diversity,"Large-scale cowpea germplasm diversity and geographic structure; breeding foundation but no selection optimisation, diversity constraint metrics, or computational cost.",https://doi.org/10.1111/tpj.70777
10.3389/fpls.2025.1674396,2025,"Zhu M, Zhu X, Zeng Y, Li W, Wen X, Mei Y, Huang C, Hu Z, Sen L.",Genetic diversity and core collection of Polygonati Rhizoma in China via SSR markers.,,0,2,allele retention rate,OCS / contribution optimisation; Allelic richness / rare alleles; Core collection / subset selection,Core collection via stepwise clustering; core-collection selection algorithm but descriptive germplasm characterisation without optimisation loop.,https://doi.org/10.3389/fpls.2025.1674396
10.3390/plants14142182,2025,"Song Y, Wang J, Ma Y, Wang J, Bao L, Sun D, Lin H, Fan J, Zhou Y, Zeng X, Wang Z, Zhang L, Li C, Di H.",Genetic Diversity and Construction of Salt-Tolerant Core Germplasm in Maize (&lt;i&gt;Zea mays&lt;/i&gt; L.) Based on Phenotypic Traits and SNP Markers.,,0,2,"allelic richness, expected heterozygosity, core collection algorithm",OCS / contribution optimisation; Allelic richness / rare alleles; Heterozygosity / gene diversity,Core collection construction with SNP markers; sampling strategy evaluated but no combinatorial optimisation or diversity–gain trade-off framework.,https://doi.org/10.3390/plants14142182
10.1016/j.psj.2025.106279,2026,"Ablondi M, Summer A, Asti V, Malacarne M, Strillacci MG, Bernini F, Sabbioni A.",Genomic insights on the Parma and Piacenza Italian native turkey breed for conservation and traceability.,,0,2,"ROH, FST, inbreeding coefficient",OCS / contribution optimisation; Coancestry / relationship matrix choice; Allelic richness / rare alleles,Endangered turkey breed genomic characterisation; ROH and inbreeding quantified; no optimisation or metric efficiency for combinatorial selection loop.,https://doi.org/10.1016/j.psj.2025.106279
10.3390/ani15192774,2025,"Luštrek B, Šimon M, Turk K, Bogičević S, Potočnik K.",Comparing Genomic and Pedigree Inbreeding Coefficients in the Slovenian Lipizzan Horse as a Case Study for Small Closed Populations.,,0,2,"F_PED, F_HOM, F_ROH, F_HBD, F_GRM",OCS / contribution optimisation; Coancestry / relationship matrix choice; Effective size,Directly compares genomic inbreeding estimators; discusses mate selection and breeding management but no optimisation algorithm.,https://doi.org/10.3390/ani15192774
10.1186/s40104-026-01403-0,2026,"Ma J, Liu X, Gao X, Wei D, Zhang Z, Muhammad A, Chen N, Xia X, Ma Y, Wang E, Liu X, Lei C, Jiang Y, Huang Y.",Runs of homozygosity reveal population dynamics and selection across global cattle.,,0,2,"ROH, F_ROH, F_HOM, ROH-based PCA",Coancestry / relationship matrix choice,Global ROH analysis; F_ROH stability for cross-population inbreeding assessment relevant to diversity metrics choice.,https://doi.org/10.1186/s40104-026-01403-0
10.1111/eva.70216,2026,"Mitchell C, Deakin S, Festa-Bianchet M, Pelletier F, Coltman D.","No Pedigree, No Problem: Genomic Inbreeding Tracks Genetic Rescue With High Resolution.",,0,2,"F_ROH, F_PED",Coancestry / relationship matrix choice,F_ROH outperforms pedigree for monitoring inbreeding; demonstrates genomic metric validity for conservation intervention tracking.,https://doi.org/10.1111/eva.70216
10.3168/jds.2025-27100,2026,"Panetto JCC, Maltecca C, Ablondi M, Callegaro S, van Kaam JT, Finocchiaro R, Fabris A, Fabbri MC, Cassandro M, Cipolat-Gotet C, Zanotti A, Bozzi R, Tiezzi F.",Inbreeding depression affecting stayability in Italian Holstein cows.,,0,2,"F_PED, F_GRM diagonal, ROH proportion, ROH length classes",Coancestry / relationship matrix choice; Optimisation algorithms / cost,Compares three inbreeding estimators; functional trait application; no optimisation or selection strategy component.,https://doi.org/10.3168/jds.2025-27100
10.1186/s12711-025-01017-6,2025,"Wen H, Blackburn HD, Mulim HA, Oliveira HR, Hermesch S, Chen CY, Holl J, Schinckel AP, Brito LF.",Characterization of genomic diversity and population structure of worldwide Duroc subpopulations and other pig breeds.,,0,2,"ROH, F_ROH, effective population size, runs of homozygosity",Coancestry / relationship matrix choice; Effective size; Optimisation algorithms / cost,ROH-based inbreeding and Ne estimation across subpopulations; diversity management implied but no optimisation algorithm or computational cost.,https://doi.org/10.1186/s12711-025-01017-6
10.3390/ani16101567,2026,"Ma K, Liang X, Xu L, Li X, Zhao H, Huang J, Wen J, Zhang M, Wang D, Huang X, Chen Q.",Population Structure Analysis and Candidate Gene Screening for Twinning Trait in Simmental Cattle.,,0,2,"IBS matrix, G matrix, ROH, F_ROH, F_st, θπ",Coancestry / relationship matrix choice; Allelic richness / rare alleles; Heterozygosity / gene diversity,Relationship matrices and ROH compared; selection signatures detected; no explicit optimisation or computational complexity discussion.,https://doi.org/10.3390/ani16101567
10.1038/s41598-026-36562-7,2026,"Mavunga TK, Sölkner J, Mészáros G, Pichler R, Zorobouragui L, Traore A, Tapsoba ASR, Hamed H, Hassan YA, Chileshe B, Ralambomanana N, Hussain T, Ramasamy S, Banga C, Periasamy K.",Genome-wide analysis reveals differential admixture dynamics and historical demographic contractions in African cattle.,,0,2,"Ho, FROH, FST, Ne, LD, admixture",Coancestry / relationship matrix choice; Effective size; Optimisation algorithms / cost,Comprehensive diversity and structure across African cattle populations; diversity metrics and Ne estimation but no selection optimisation or computational algorithms.,https://doi.org/10.1038/s41598-026-36562-7
10.3390/ani16010042,2025,"Ma K, Li X, Shang Y, Wei J, Zhang M, Wang D, Huang X, Chen Q, Xu L.",Analysis of Inbreeding Coefficient and Genetic Diversity in Xinjiang Brown Cattle Based on Pedigree and ROH Evaluation.,,0,2,"MAF, Ho, He, PIC, FROH, FPED, G-matrix (IBS)",Coancestry / relationship matrix choice; Optimisation algorithms / cost,"Compares ROH vs pedigree inbreeding; evaluates kinship matrix; relevant metrics but applied to surveillance, not breeding optimization.",https://doi.org/10.3390/ani16010042
10.3390/genes16040358,2025,"Wang H, Yin Y, Zhang C, Li F, Zhao H, Liu Z, Sun W, Zhou L.","An Analysis of the Genetic Diversity, Genetic Structure, and Selection Signal of Beagle Dogs Using SNP Chips.",,0,2,"Ho, He, IBS, G-matrix, ROH, Tajima's D",Coancestry / relationship matrix choice; Optimisation algorithms / cost,Evaluates inbreeding and diversity metrics in closed breeding population; lineage-based breeding strategy mentioned but not combinatorial optimization.,https://doi.org/10.3390/genes16040358
10.3390/genes16060677,2025,"Rodríguez-Serrano A, Ahumada-Velasco M, Cárdenas Beltrán JM.","Assessment of Genetic Diversity and Productive Traits in Crossbreed Cattle in the Caribbean Region, Colombia.",,0,2,"ROH, MAF, heterozygosity, PCA, admixture",Coancestry / relationship matrix choice; Heterozygosity / gene diversity; Optimisation algorithms / cost,Genomic diversity assessment in crossbred cattle; descriptive survey without selection optimisation or breeding strategy component.,https://doi.org/10.3390/genes16060677
10.1186/s12863-025-01323-4,2025,"Opoola O, Shumbusho F, Rwamuhizi I, Houaga I, Harvey D, Hambrook D, Watson K, Chagunda MGG, Mrode R, Djikeng A.",The genetic structure and diversity of smallholder dairy cattle in Rwanda.,,0,2,"heterozygosity, ROH, MAF, admixture, PCA",Coancestry / relationship matrix choice; Heterozygosity / gene diversity; Optimisation algorithms / cost,Genomic diversity characterisation in smallholder dairy cattle; descriptive population genetics without breeding optimisation framework.,https://doi.org/10.1186/s12863-025-01323-4
10.1186/s12864-025-12258-6,2026,"Jiang B, Zeng J, Chi H, Shan J, Zhang X, Feng Q, Li F, Yue X, Fu W.","Whole genome sequencing revealed genetic diversity, population structure, and selective signature of Tianhua mutton sheep.",,0,2,"FST, XP-EHH, He, inbreeding coefficient",Coancestry / relationship matrix choice; Optimisation algorithms / cost,Hybrid breed diversity and selective signatures; selective breeding but not constrained optimization.,https://doi.org/10.1186/s12864-025-12258-6
10.3390/ani16101450,2026,"Michel-Regalado NG, Lemus-Flores C, Ayala-Valdovinos MÁ, Grageola-Núñez F, Severino-Lendechy VH, Duifhuis-Rivera T, Martínez-Velázquez G, Lemus-Ávalos G, Lara-Castillo JB.",Genetic Diversity and Population Structure of Two Mexican Creole Cattle Populations.,,0,2,"expected heterozygosity, runs of homozygosity, effective population size",Coancestry / relationship matrix choice; Allelic richness / rare alleles; Heterozygosity / gene diversity,Diversity and structure characterised; Ne calculated; no selection optimisation or loss-quantification context.,https://doi.org/10.3390/ani16101450
10.1002/ece3.73649,2026,"Nolan N, Stock S, Callen A, Hayward MW, Wallace S, Upton R, Mahony M, Klop-Toker K.",Assessing Genetic Diversity and Inbreeding Effects in an Endangered Amphibian: Effects of Ecological Restoration and Stochasticity.,,0,2,"heterozygosity, inbreeding, mean kinship",Coancestry / relationship matrix choice; Heterozygosity / gene diversity; Effective size,Diversity metrics evaluated post-management; population health assessed; no combinatorial optimisation context.,https://doi.org/10.1002/ece3.73649
10.1002/vms3.70684,2025,"Salehi R, Javanmard A, Mokhber M, Alijani S.",Estimating Linkage Disequilibrium and Effective Population Size Across Generations in Holstein Cattle.,,0,2,"linkage disequilibrium, effective population size",OCS / contribution optimisation; Effective size,,https://doi.org/10.1002/vms3.70684
10.1155/vmi/2405355,2026,"Cartuche-Macas LF, Gutierrez-Reinoso MA, Garcia-Herreros M.",Inbreeding Implications on Genetic Diversity and Population Evolution of South American Brown Swiss Cattle.,,0,2,"inbreeding coefficient, effective population size, genetic diversity loss, effective number of founders/ancestors",Heterozygosity / gene diversity; Effective size; Optimisation algorithms / cost,Inbreeding and Ne quantified pedigree-based; population evolution tracked; no genomic marker choice or optimisation cost.,https://doi.org/10.1155/vmi/2405355
10.1186/s12870-026-08853-8,2026,"von Maydell D, Schwerdt J, Lehnert H, Pöschl-Grau Y, Schmutzer T, Marthe F.","Population structure, genetic diversity and core set construction of an international collection of 256 Melissa officinalis genotypes.",,0,2,"Expected heterozygosity (HE), private alleles, core-set construction",Heterozygosity / gene diversity; Effective size; Optimisation algorithms / cost,Core-set selection for breeding efficiency; reports diversity metrics but not diversity-loss quantification under selection or optimisation.,https://doi.org/10.1186/s12870-026-08853-8
10.1002/age.70104,2026,"Cannarella MS, Sölkner J, Bruno S, Ciani E, Mészáros G.",Revisiting Genetic Relationships of the Endangered Austrian Turopolje With Balkan and Commercial Pig Breeds Using Genome-Wide SNP Data.,,0,2,"Runs of homozygosity (ROH), inbreeding coefficient (FROH), genetic distance (IBS)",Coancestry / relationship matrix choice; Allelic richness / rare alleles; Heterozygosity / gene diversity,Conservation breeding of endangered breed; inbreeding tracking and population management but not diversity-loss metrics under optimised selection.,https://doi.org/10.1002/age.70104
10.1007/s00122-026-05193-x,2026,"Stich B, Van Inghelandt D, Wu PY.",Bridging tradition and innovation: a review of computer simulations in plant breeding.,,0,2,Simulation tools for breeding strategy optimisation,Heterozygosity / gene diversity; Effective size; Optimisation algorithms / cost,Reviews computer simulation for breeding design and strategy comparison; relevant to optimisation but does not address diversity metrics or computational cost of diversity evaluation.,https://doi.org/10.1007/s00122-026-05193-x
10.3390/ani16030479,2026,"Cao M, Gao J, Zhang S, Tu W, Sun L, Xu J, He M, Dai J, Wu C, Zhang D.",Genetic Diversity Evaluation of Shanghai Local Pig Breeds Using Liquid-Phase Chip Technology.,,0,2,"Runs of homozygosity (FROH), identity-by-state (IBS), inbreeding coefficient, genomic breed composition",Coancestry / relationship matrix choice; Effective size; Optimisation algorithms / cost,Conservation breeding with inbreeding minimisation and mate-selection to reduce inbreeding; diversity management but not loss-quantification metrics under optimisation.,https://doi.org/10.3390/ani16030479
10.30802/aalas-jaalas-25-159,2026,Kanthaswamy S.,A Comparative Analysis of the Genetic Structures of Rhesus Macaques (Macaca mulatta) Kept in Enclosure-Based Systems and Semi-Natural Settings.,,0,2,"inbreeding coefficient, mean kinship, founder equivalents, genome uniqueness",OCS / contribution optimisation; Coancestry / relationship matrix choice; Effective size,"Pedigree-based diversity metrics (MK, inbreeding, GU) comparing populations; relevant framework but uses pedigree not genomic markers.",https://doi.org/10.30802/aalas-jaalas-25-159
10.1126/sciadv.adw3298,2026,"Hou X, Pan S, Xu J, Hu L, He W, Liu X, Huang S, Gu Z, Lin Z, Chen Y, Li W, Luo T, Zhao X, Dai Q, Cao P, Liu F, Feng X, Fu Q, Zhou J, Wang J, Zhan X.",Genetic legacy and recent cross of two ancient lineages underlie the rebound of the world's rarest primate.,,0,2,"effective population size, inbreeding, heterozygosity, genetic load",OCS / contribution optimisation; Coancestry / relationship matrix choice; Heterozygosity / gene diversity,"Genomic diversity metrics (Ne, inbreeding, ROH, heterozygosity) in conservation recovery; relevant but descriptive, not selection optimisation.",https://doi.org/10.1126/sciadv.adw3298
10.1016/j.psj.2026.106870,2026,"Doublet M, Lecerf F, Pook T, Chapuis H, Raoul J, Herry F, Brad-Fudulea S, Restoux G, Phocas F, Allais S.",Stochastic simulations to optimize genomic selection for laying hens: Impact of generation interval and genotyping in the context of extended laying period.,,0,2,inbreeding rate (ΔF),Effective size; Optimisation algorithms / cost,"Stochastic simulation comparing genomic selection programs; evaluates inbreeding vs genetic gain trade-off, generation interval impact on diversity.",https://doi.org/10.1016/j.psj.2026.106870
10.3390/ijms27010013,2025,"Santillo N, Micali S, Verde I, Vendramin E.",Management and Genetic Diversity of an Italian &lt;i&gt;Pistacia&lt;/i&gt; Collection Through Microsatellite Markers.,,0,2,"allelic richness, rare-allele retention, observed/expected heterozygosity, PIC",Allelic richness / rare alleles; Heterozygosity / gene diversity; Effective size,"Germplasm collection characterisation with microsatellite diversity metrics; directly relevant but descriptive only, no selection optimisation applied.",https://doi.org/10.3390/ijms27010013
10.1016/j.isci.2026.115395,2026,"Walderich LM, Susanto AW, Svensson M, Fohrman A, Wirén M, O'Dwyer R, Försäter K, Rödin-Mörch P, Höglund J.",Genomic insights into fragmentation and translocation in European green toads.,,0,2,"heterozygosity, inbreeding coefficient, genetic load",Heterozygosity / gene diversity; Effective size,"Conservation translocation case; assesses diversity loss, inbreeding, and drift in small fragmented populations with management recommendations.",https://doi.org/10.1016/j.isci.2026.115395
10.5194/aab-69-143-2026,2026,"Dominiković N, Zorc M, Ristanić M, Dimitrijević V, Blagojević J, Glavinić U, Stanimirović Z.",Genetic diversity and population structure of Balkan goat populations in Serbia based on microsatellite and mtDNA markers.,,0,2,"expected heterozygosity, PIC, inbreeding coefficient FIS, mtDNA haplotype diversity",Heterozygosity / gene diversity; Effective size; Optimisation algorithms / cost,Genetic characterization of indigenous goat breed; reports diversity metrics and structure for conservation but not optimization or selection loss.,https://doi.org/10.5194/aab-69-143-2026
10.3389/fgene.2025.1730668,2025,"Qin M, Ma C, Liang M, Zhang Y, Wang Z, Wang J, Li G, Sha Y, Jin P, Ju L, Liu X, Zeng Y, Li R.",Genomic analysis reveals genetic diversity and selection signatures of the Yantai Black pig during domestication and breeding.,,0,2,"nucleotide diversity (π), F_ST, ROH, allele frequency",OCS / contribution optimisation; Coancestry / relationship matrix choice; Optimisation algorithms / cost,Diversity metrics and selection sweeps in pig population; descriptive characterization without optimization or constraint framework.,https://doi.org/10.3389/fgene.2025.1730668
10.3390/biology14121725,2025,"Lu Y, Li D, Ma R, Gao Y, Gao Z, Qian Y, Xi D, Deng W, Wu J.",Omics Evidence Chains for Complex Traits in Beef Cattle: From Cross-Layer Colocalization to Genetic Evaluation and Application.,,0,2,"GWAS, regulatory colocalization, selection indices",OCS / contribution optimisation; Optimisation algorithms / cost,Multi-omics to selection indices in beef cattle; pathway from trait discovery to breeding application but not diversity-constrained optimization algorithms.,https://doi.org/10.3390/biology14121725
10.1038/s41598-025-01483-4,2025,"Hunter B, Ferchaud AL, Normandeau E, Morgan K, Mooers A, Mastromonaco G, Lesbarrères D.",Continued collaboration of ex situ and in situ programs is critical for the genetic sustainability of the endangered Rana pretiosa.,,0,2,"heterozygosity, F_IS, Ne, SNPs",OCS / contribution optimisation; Heterozygosity / gene diversity; Optimisation algorithms / cost,Ex situ/in situ conservation breeding with diversity constraints; relevant to breeding program design but not combinatorial optimization.,https://doi.org/10.1038/s41598-025-01483-4
10.3390/ijms262411833,2025,"Werghi S, Koboyi BW, Chan-Rodriguez D, Bolibok-Brągoszewska H.","Genome-Wide, High-Density Genotyping Approaches for Plant Germplasm Characterisation (Methods and Applications).",,0,2,"allelic diversity, gene diversity, expected heterozygosity, population structure",Allelic richness / rare alleles; Heterozygosity / gene diversity; Effective size,Germplasm characterisation and diversity assessment methods; genotyping platforms and coverage. Describes what diversity metrics exist but not selection/optimisation or computational cost within optimiser loops.,https://doi.org/10.3390/ijms262411833
10.1002/ece3.71596,2025,"Eastman-Densem RW, Glenny DS, Heenan PB, Wold JR, Pelser PB.",Conservation Genomics for Threatened New Zealand &lt;i&gt;Gentianella calcis&lt;/i&gt; (Gentianaceae) and Implications for Vulnerable Limestone Ecosystems.,,0,2,heterozygosity; population differentiation; IBD,Coancestry / relationship matrix choice; Allelic richness / rare alleles; Heterozygosity / gene diversity,"GBS in threatened plant; genetic structure, connectivity, local adaptation. Informs conservation strategy but not optimisation algorithms.",https://doi.org/10.1002/ece3.71596
10.5194/aab-69-323-2026,2026,"Račkauskaitė A, Šveistienė R, Razmaitė V, Jatkauskienė V, Marašinskienė Š.",Genetic variability and associations of Trakehner and other horse populations in Lithuania.,,0,2,"effective population size, allelic richness, observed/expected heterozygosity, inbreeding coefficient",Allelic richness / rare alleles; Heterozygosity / gene diversity; Effective size,"Characterizes diversity metrics (Ne, Na, Ho, He, F) across horse populations; useful context but descriptive survey without selection or optimization.",https://doi.org/10.5194/aab-69-323-2026
10.14202/vetworld.2026.2133-2143,2026,"Mokhnachova N, Skrepets K, Zhukorskyi O, Starodub L, Ladyka V, Tymchenko O.",Microsatellite-based assessment of genetic diversity and inbreeding in the Ukrainian water buffalo (&lt;i&gt;Bubalus bubalis&lt;/i&gt;) population.,,0,2,"number of alleles, effective number of alleles, observed/expected heterozygosity, polymorphism information content, inbreeding coefficient",Allelic richness / rare alleles; Heterozygosity / gene diversity; Effective size,"Applies standard diversity metrics (Na, Ne, Ho, He, PIC, FIS) to small buffalo population; descriptive assessment without selection or breeding decision framework.",https://doi.org/10.14202/vetworld.2026.2133-2143
10.1371/journal.pone.0351845,2026,"Gebre WT, Ababulgu DA, Negassa TM, Senbeta TF.",High-density single nucleotide polymorphism markers analysis reveals the genetic diversity and population structure in tropical highland maize (Zea mays L.) inbred lines.,,0,2,"gene diversity, polymorphic information content, genetic distance, linkage disequilibrium",Allelic richness / rare alleles; Heterozygosity / gene diversity; Effective size,Uses SNP markers to assess diversity and structure in maize germplasm; relevant metrics but lacks selection strategy or optimization cost analysis.,https://doi.org/10.1371/journal.pone.0351845
10.1002/tpg2.70252,2026,"Shango AJ, Omondi EO, N'Danikou S, Tchokponhoué DA, Schranz ME, Rabary B, Kabululu MS, Gumedze T, Achigan-Dako EG, Venkataramana P, Philipo ML, van Zonneveld M.",Genetic diversity and population structure of jute mallow (Corchorus olitorius L.) global collection to guide conservation and breeding.,,0,2,"gene diversity, expected heterozygosity, Shannon index, linkage disequilibrium",Heterozygosity / gene diversity; Effective size; Optimisation algorithms / cost,Evaluates diversity and structure in jute mallow collection; mentions core/mini-core selection strategy but no optimization algorithm or computational cost discussion.,https://doi.org/10.1002/tpg2.70252
10.1007/s10441-026-09524-9,2026,"Hössjer O, Laikre L, Ryman N.",Allele Frequency Spectra as a General Tool for Modeling Genetic Diversity.,,0,2,"AFS, allelic diversity, gene diversity, Hill numbers",Allelic richness / rare alleles; Heterozygosity / gene diversity; Effective size,Theoretical framework for diversity metrics and bottleneck dynamics; useful context but not selection-optimisation focused.,https://doi.org/10.1007/s10441-026-09524-9
10.3390/ani16081152,2026,Próchniak T.,Pedigree Investigation of Polish Sport Horses in Show Jumping: Insights for Global Breeding.,,0,2,"Inbreeding coefficient, genetic diversity from pedigree",Heterozygosity / gene diversity; Effective size; Optimisation algorithms / cost,Pedigree-based diversity monitoring and bottleneck effects in breeding; relevant to long-term diversity management but not optimisation algorithms.,https://doi.org/10.3390/ani16081152
10.1038/s41598-026-48450-1,2026,"Tian J, Liu Y, Lei C, Cheng L, Yang B, Du J, Zhu T, Li S, Song H.",Genetic diversity and breeding efficiency of a salt-tolerant strain of largemouth bass (Micropterus salmoides) revealed by microsatellite analysis and phenotypic evaluations.,,0,2,"Ho, He, PIC, Fst, genetic differentiation",Heterozygosity / gene diversity; Effective size; Optimisation algorithms / cost,Multigenerational selection with diversity monitoring; relevant to trait-diversity trade-off but not algorithmic optimisation.,https://doi.org/10.1038/s41598-026-48450-1
10.3390/ani16030451,2026,"Yan M, Ma P, Liu Z, Li Z, Li X, Yu T, Wang W, Wang C, Sun X, Zhou L, Wu B.",Genetic Structures of &lt;i&gt;Crassostrea ariakensis&lt;/i&gt; Generations Based on Partial Mitochondrial &lt;i&gt;cox1&lt;/i&gt; and &lt;i&gt;rrnL&lt;/i&gt; Indicated a High Breeding Potential After Four-Years Successive Selections.,,0,2,"Haplotype diversity, nucleotide diversity",Heterozygosity / gene diversity; Effective size; Optimisation algorithms / cost,Multigeneration selection impact on diversity metrics; documents diversity loss under selection but not optimisation framework.,https://doi.org/10.3390/ani16030451
10.1186/s12864-026-12804-w,2026,"Gan R, Han Y, Rao D, Li T, Wu E, Cui Y, Chen Y.","Development and application of genome-derived SSR markers for genetic diversity analysis, molecular fingerprinting, and core collection construction in bougainvillea (Bougainvillea spp.).",,0,2,"SSR-based diversity, core collection construction (25% sampling)",Heterozygosity / gene diversity; Effective size; Core collection / subset selection,Core germplasm construction methodology; addresses subset selection and redundancy minimisation but not real-time optimisation cost.,https://doi.org/10.1186/s12864-026-12804-w
10.3390/genes17040388,2026,"Chen P, Yang Y, Fang J, Yu H, Dong Y, Zhao Z, Tian Y, Xie Z, Li Y.",Genetic Diversity Analysis of 96 &lt;i&gt;Gossypium hirsutum&lt;/i&gt;-&lt;i&gt;Gossypium barbadense&lt;/i&gt; Introgression Lines and Early Maturing Northern China Cotton Lines Using a 40K Liquid-Phase Chip.,,0,2,"SNP-based genetic diversity, population structure, differentiation",Heterozygosity / gene diversity; Effective size; Core collection / subset selection,Germplasm characterisation and breeding potential; diversity analysis informs breeding but no algorithmic selection optimisation framework.,https://doi.org/10.3390/genes17040388
10.3390/plants15081197,2026,"Zhai B, Sun D, Huang C, Zhao Z, Xie J, Liu X, Lu W, Wang G, Wang L.",Genetic Diversity and Core Germplasm Development in Yunnan Tartary Buckwheat Based on Phenotypic and SNP Data.,,0,2,"SNP-based diversity, core collection (105/313 accessions)",Heterozygosity / gene diversity; Effective size; Core collection / subset selection,Core collection construction integrating phenotype and genomics; subset selection but no real-time constrained optimisation cost analysis.,https://doi.org/10.3390/plants15081197
10.3390/genes17030300,2026,"Gelashe FB, Ndeve AD, Menamo TM, Gandhi H, Chiulele RM.",Genetic Diversity and Collection Structure Studies of Sesame (&lt;i&gt;Sesamum indicum&lt;/i&gt; L.) Accessions Across Ethiopian Research Centers.,,0,2,"He, Ho, FST, AMOVA, gene diversity",Heterozygosity / gene diversity; Effective size; Core collection / subset selection,Germplasm diversity and structure characterisation; useful inventory for breeding but no selection algorithm or optimisation cost.,https://doi.org/10.3390/genes17030300
10.3390/biology15090730,2026,"Nguyen TV, Ba NV, Pham LD, Do DN.","Conservation of Indigenous Pig Breeds in Vietnam: Genetic Characterization, Conservation Strategies, and Future Perspectives.",,0,2,"genetic diversity, inbreeding, population structure",Heterozygosity / gene diversity; Effective size; Optimisation algorithms / cost,Review of conservation breeding strategies and diversity monitoring; context on conservation prioritisation but no optimisation algorithm.,https://doi.org/10.3390/biology15090730
10.3390/plants15071118,2026,"Huang C, Ge D, Zhang Y, Ge Z, Wu Y, Zhang Q, Zhao Y, Ji C.",Genome-Wide InDel Marker Development and Genetic Diversity Analysis of 52 Tomato Germplasm Accessions.,,0,2,"polymorphism information content, genetic differentiation",Heterozygosity / gene diversity; Effective size; Core collection / subset selection,Diversity characterisation of germplasm; no selection optimisation or computational cost discussion.,https://doi.org/10.3390/plants15071118
10.1016/j.psj.2026.106918,2026,"Cai Z, Wang S, Gao C, Xiao C, Ma Y, Liu Y, Wang K, Tian Y, Fan X, Gao H, Sun G, Kang X, Li W.",Applicability and performance evaluation of the Shennong 1 chicken 40 K liquid chip in commercial chicken populations.,,0,2,"expected heterozygosity, nucleotide diversity",Heterozygosity / gene diversity; Effective size; Optimisation algorithms / cost,Validates SNP chip for population genetics; shows computational feasibility but no selection algorithm or diversity trade-off.,https://doi.org/10.1016/j.psj.2026.106918
10.3390/vetsci13040407,2026,"Saha P, Barman KC, Kim M, Seo D, Hossain MM, Lee SH, Haque MA, Bhuiyan MSA.",Genetic Diversity and Population Structure Analysis of Seven Duck Populations of Bangladesh Using Microsatellite Markers.,,0,2,"allele frequency, observed heterozygosity, expected heterozygosity, Shannon information index, F-statistics, analysis of molecular variance",Heterozygosity / gene diversity; Effective size; Optimisation algorithms / cost,Comprehensive diversity and population structure assessment; demonstrates metrics but no selection algorithm or optimisation cost.,https://doi.org/10.3390/vetsci13040407
10.3390/plants15111603,2026,"Mihai G, Alexandru AM, Teodosiu M, Stoica E, Garbacea P, Ifrim L.",Advanced Generation Seed Orchard of &lt;i&gt;Abies alba&lt;/i&gt; Mill. in Romania Combining Genetic Gain and Diversity.,,0,2,"additive genetic variance, family/individual heritability, genetic correlation",Heterozygosity / gene diversity; Effective size; Optimisation algorithms / cost,Advanced-generation seed-orchard breeding combining genetic gain and diversity; establishes heritability framework for gain-diversity trade-off but not computational methods.,https://doi.org/10.3390/plants15111603
10.1093/g3journal/jkag049,2026,"Boyny ZZ, Lester N, Massel K, Powell O, Snowdon RJ, Weber SE.",Simulating the impact of recombination rate on genomic selection breeding outcomes.,,0,2,"genetic gain, marker density, training frequency, heritability, recombination rate effects",Allelic richness / rare alleles; Optimisation algorithms / cost,Simulates genomic-selection breeding outcomes including gain-diversity trade-offs; does not address diversity metrics or inner-loop computational cost.,https://doi.org/10.1093/g3journal/jkag049
10.3390/ani16111727,2026,"Marín JC, Venegas C, Morales GF, Monroy AP, Vásquez JP, López Rübke RA, Hinojosa Sáez AC, Chávez A, Johnson WE, Orozco-terWengel P.","Genetic Status of the Northernmost Population of the Endangered and Elusive Huemul Deer, &lt;i&gt;Hippocamelus bisulcus&lt;/i&gt;.",,0,2,"allelic richness, heterozygosity, effective population size",Allelic richness / rare alleles; Heterozygosity / gene diversity; Effective size,"Endangered-population genetic assessment; reports diversity metrics and Ne estimation but descriptive conservation survey, not selection optimisation framework.",https://doi.org/10.3390/ani16111727
10.1002/ece3.73393,2026,"Shahnaseri G, Malekian M, Müller M, Gailing O.",Conservation Hotspots of &lt;i&gt;Quercus castaneifolia&lt;/i&gt; Revealed Through the Integration of Genetic Diversity and Landscape Connectivity.,,0,2,"He, Fst, haplotype diversity, private haplotypes",Allelic richness / rare alleles; Optimisation algorithms / cost,Conservation genetics with microsatellites and landscape connectivity; addresses diversity patterns but not optimisation algorithms or selection constraints.,https://doi.org/10.1002/ece3.73393
10.1111/mec.70430,2026,"Basanta MD, Byrne AQ, Rosenblum EB, Richards-Zawacki CL, Voyles J.",Amphibians After Disease-Induced Declines: Genetic Insights Into Population Recoveries.,,0,2,"Effective population size, genetic bottleneck, genome-wide and immune genetic diversity",Allelic richness / rare alleles; Effective size; Optimisation algorithms / cost,Disease-driven decline and recovery; genomic diversity assessment in fragmented populations; relevant concepts but not optimisation-focused.,https://doi.org/10.1111/mec.70430
10.1002/ece3.73070,2026,"Long F, Ying MJ, Shi TQ, Garber PA, Pan RL, Lai JD, Huang ZP, Li BG, Zhang P.",Adaptive Genetic Variation in Black-and-White Snub-Nosed Monkeys (&lt;i&gt;Rhinopithecus bieti&lt;/i&gt;): Low Diversity and the Role of Balancing Selection.,,0,2,"MHC class I allelic diversity, gene diversity",Allelic richness / rare alleles; Heterozygosity / gene diversity; Effective size,Threatened primate population; genomic diversity and immune allele retention relevant to conservation genetics but not optimisation algorithms.,https://doi.org/10.1002/ece3.73070
10.1186/s12864-026-12818-4,2026,"Ng'ang'a SI, Ward JA, Rossiter SJ, Faulkes CG, Bougiouri K, McHugo GP, Cotterill FPD, Nyachieo A, Thalmann O, Medugorac I, Krebs S, Sonstegard TS, Hanotte O, Bradley DG, Vaughan-Smith G, MacHugh DE, F",Accurate imputation of African cattle genomes using a diverse reference panel.,,0,2,"SNP imputation, genomic variation capture, genetic diversity of cattle",Allelic richness / rare alleles; Optimisation algorithms / cost,Reference panel for African cattle genotyping; infrastructure for genomic selection but does not address diversity loss metrics or optimizer integration.,https://doi.org/10.1186/s12864-026-12818-4
10.1186/s12870-026-08549-z,2026,"Patzer L, Schaarschmidt F, Linde M, Debener T.",Genome-wide detection of selection signatures in roses.,,0,2,"observed heterozygosity, selective sweeps",Heterozygosity / gene diversity; Optimisation algorithms / cost,Identifies selection signatures via heterozygosity reduction; relevant metric but no optimization or diversity-constrained breeding algorithm.,https://doi.org/10.1186/s12870-026-08549-z
10.3390/genes16121480,2025,"Qing X, Wang W, Xu L, Zhang Y, Zhao Y, Ge J, Shen X, Wang R, Xue Y, Wang F.",G2H: A Precise Block-Scanning Strategy for Genetic Background Assessment in Maize Backcross Breeding.,,0,2,"haplotype blocks, genetic background recovery, CFDI (fragment distribution)",OCS / contribution optimisation,Block-scanning for backcross background assessment; relevant to marker choice and efficiency but not diversity-loss quantification or OCS.,https://doi.org/10.3390/genes16121480
10.1038/s41588-026-02524-y,2026,"Zhang H, Windhorst A, Bornhofen E, Tulpova Z, Novak P, Macas J, Simkova H, Nadzieja M, Kim JM, Cram D, Cao Y, Konkin DJF, Sass O, Welna G, Himmelbach A, Mascher M, Link W, Kwon SJ, Yang TJ, Andersen S",Allelic variation at a single locus distinguishes spring and winter faba beans.,,0,2,"genome-wide association, major locus effect",Allelic richness / rare alleles,Identifies winter-hardiness locus; breeding-relevant but lacks diversity metrics or selection-constraint framework.,https://doi.org/10.1038/s41588-026-02524-y
10.1186/s40104-025-01334-2,2026,"Akhatayeva Z, Shi Y, Dossybayev K, Malmakov N, Cheng H, Baatar N, Yang J, Li M, Lin K, Xu S.",Genomic analysis reveals convergent signatures of selection for milk traits in sheep and goats.,,0,2,"genetic diversity, population structure, selection signatures, haplotype",Optimisation algorithms / cost,Milk-trait selection in sheep/goats; identifies selection signatures and genetic diversity but lacks diversity-loss metrics or computational-cost discussion for real-time optimization.,https://doi.org/10.1186/s40104-025-01334-2
10.3390/plants15101435,2026,"Su L, Liu F, Tang Y, Gao S, Niu H, Wang Y, Chen J, Liu T.",Improving Ramie Fiber: Current Progress and Future Directions in Molecular Breeding.,,0,2,Population genomic signatures; marker-assisted selection; genomic selection,Optimisation algorithms / cost,"Molecular breeding in ramie; fiber-trait loci mapping and genomic selection framework, but no diversity metrics or combinatorial optimization context.",https://doi.org/10.3390/plants15101435
10.3390/plants15030345,2026,"Morello L, Lee Y, Braglia L.",Exploring Duckweed Diversity at the Dawn of Its Cultivation Era: The Invaluable Legacy of the Landolt Collection.,,0,2,"genetic diversity, germplasm collections",Core collection / subset selection; Optimisation algorithms / cost,"Duckweed crop establishment; discusses germplasm diversity, breeding strategies, genomic resources. Useful context for trait-diversity trade-offs but no quantitative diversity metrics or selection algorithms.",https://doi.org/10.3390/plants15030345
10.1186/s12864-025-12272-8,2025,"Jiang L, Gao X, Zhang K, Xu K, Zheng J, Liu L, Song W, Chen S, Yan X.",Genomic differentiation between wild and domesticated populations of large yellow croaker (Larimichthys crocea): environmental impacts.,,0,2,"heterozygosity, selective sweep regions, genome-environment association",Heterozygosity / gene diversity; Optimisation algorithms / cost,Wild vs farmed population genomic differentiation and adaptive potential; aquaculture breeding context but no constrained optimisation or metrics comparison.,https://doi.org/10.1186/s12864-025-12272-8
10.3390/ani15203033,2025,"Zhang Y, Liu X, Liu J, Fu T, Huang H, Han M, Liang D, Gao T.",Genomic Insights into Genetic Diversity and Adaptation of Nanyang Cattle: Implications for Conservation and Breeding.,,0,2,"FST, nucleotide diversity (θπ), linkage disequilibrium",Optimisation algorithms / cost,"Cattle breed diversity, population structure, selected genes; lacks focus on loss-of-diversity metrics or combinatorial optimisation in selection.",https://doi.org/10.3390/ani15203033
10.1186/s12864-026-12850-4,2026,"Li G, Mao H, Li S, Wang H.",Divergent genetic and phenotypic trajectories in China' s maize hybrids.,,0,2,nucleotide diversity (π); Fst; allele frequency,Core collection / subset selection; Optimisation algorithms / cost,Maize germplasm pools; temporal genetic diversity tracking and phenotypic trade-offs; no selection algorithm or metric cost analysis.,https://doi.org/10.1186/s12864-026-12850-4
10.1186/s44399-026-00032-2,2026,"Adejumobi II, Mengesha W, Gedil M, Meseka S, Abubakar AM, Bonkoungou OT, Ouattara F, Badu-Apraku B, Menkir A, Derera J, Mushoriwa H.",Genomic-assisted refinement of heterotic groups in short-duration maturing tropical yellow and orange maize inbred lines.,,0,2,expected heterozygosity; polymorphic markers; PCA; DAPC,Heterozygosity / gene diversity; Optimisation algorithms / cost,Heterotic group refinement via genomic clustering; population structure and diversity characterization; no selection algorithm or computational cost.,https://doi.org/10.1186/s44399-026-00032-2
10.3389/fpls.2025.1699491,2025,"Chen SP, Liao CT.",Optimizing training sets to identify superior genotypes in hybrid populations.,,0,2,genomic diversity (mentioned as failure mode),Optimisation algorithms / cost,Training-set optimization for GS; notes GVaverage failed to maintain genomic diversity in small sets; relevant to diversity-constrained selection but not core focus.,https://doi.org/10.3389/fpls.2025.1699491
10.3390/plants14223412,2025,"Anisimova IN, Voronova ON, Gavrilova VA, Alpatieva NV, Radchenko EE.",Genetic Resources of Cereal and Oilseed Crops for Heterotic Hybrid Breeding.,,0,2,genetic distance for heterotic grouping,Optimisation algorithms / cost,"Heterosis, heterotic group assignment, cytoplasmic male sterility systems; genetic distance mentioned for parental selection; not quantitative diversity metrics or optimization.",https://doi.org/10.3390/plants14223412
10.1038/s41598-026-43220-5,2026,"Shamsuddoha M, Siddika A, Kamal ASMM, Mohiuddin SJ, Rashid M-, Latif MA, Haque MA.",Combining ability and molecular marker approach for developing early maturing high yielding hybrid rice.,,0,2,genetic distance (SSR markers); heterosis; combining ability,Optimisation algorithms / cost,Parental genetic distance predicts heterosis and hybrid performance; marker-based distance relates to diversity but not loss quantification in optimisation.,https://doi.org/10.1038/s41598-026-43220-5
10.3389/fpls.2026.1776708,2026,"Al-Mamari AH, Al-Jabri AH, Mayes S.",Genetic diversity and population structure of Omani date palm assessed by SSR markers.,,0,2,"allelic richness, expected heterozygosity, inbreeding coefficient, Fst, Nei's D",Allelic richness / rare alleles; Heterozygosity / gene diversity; Core collection / subset selection,SSR-based diversity profiling and population structure in clonal germplasm; relevant metrics but no selection optimisation.,https://doi.org/10.3389/fpls.2026.1776708
10.1002/ece3.73527,2026,"Contreras R, Arias-Aburto M, Bessega C.","Genetic Diversity, Population Structure and Evidence of Genetic Bottleneck in &lt;i&gt;Geoffroea decorticans&lt;/i&gt; (Fabaceae): Implications for Conservation.",,0,2,"allelic richness, heterozygosity, effective population size, M-ratio, bottleneck tests",Allelic richness / rare alleles; Heterozygosity / gene diversity; Effective size,Conservation genetics with diversity metrics and Ne estimation; no breeding selection or optimisation algorithm.,https://doi.org/10.1002/ece3.73527
10.1371/journal.pone.0339458,2025,"Van Doornik DM, Berejikian BA, Claiborne AM.","Genetic monitoring of a long-term, large-scale experimental steelhead supplementation program.",,0,2,"expected heterozygosity, allelic richness, effective population size",Allelic richness / rare alleles; Heterozygosity / gene diversity; Effective size,Long-term genetic monitoring under supplementation; diversity preservation demonstrated but no active selection optimisation.,https://doi.org/10.1371/journal.pone.0339458
10.3390/biology14060681,2025,"Rucińska A, Chwedorzewska KJ, Bednarek PT, Boczkowska M, Puchalski J, Androsiuk P, Czaplicka E.",Halfway Through Ex Situ Population Genetic Lifespan: The Case of &lt;i&gt;Cochlearia polonica&lt;/i&gt;.,,0,2,"expected heterozygosity (He), Shannon's Information Index",Allelic richness / rare alleles; Heterozygosity / gene diversity; Optimisation algorithms / cost,Monitors genetic diversity loss in ex situ population over generations; demonstrates He and Shannon index as diversity-trajectory metrics but no selection optimization.,https://doi.org/10.3390/biology14060681
10.3390/genes16091050,2025,"Ahmed MM, Abousaad SM, Abdel-Magid SS, El-Tantawi SM, Ali HM, El-Gendy EA, Abouzeid NA, Yang L, Hayes K, Hamilton MS, Abouzeid AM, Wang Y.",Genetic Mapping and Diversity of Indigenous and Exotic Rabbits: Adaptive and Conservation Strategies.,,0,2,"allelic richness, expected heterozygosity, FIS, FST, within-breed diversity",Allelic richness / rare alleles; Heterozygosity / gene diversity; Optimisation algorithms / cost,"Breeding program context with diversity metrics (heterozygosity, allele counts, inbreeding coefficients) reported; no computational optimization or inner-loop cost assessment.",https://doi.org/10.3390/genes16091050
