doi,year,authors,title,journal,citations,relevance,crop,metric_used,selection_method,contribution,url
10.1038/s41586-021-04066-1,2021,"Varshney RK, Roorkiwal M, Sun S, Bajaj P, Chitikineni A, Thudi M, Singh NP, Du X, Upadhyaya HD, Khan AW, Wang Y, Garg V, Fan G, Cowling WA, Crossa J, Gentzbittel L, Voss-Fels KP, Valluri VK, Sinha P, ","A chickpea genetic variation map based on the sequencing of 3,366 genomes.",,151,3,chickpea,"pan-genome diversity, haplotype variation, deleterious mutation load","wild × cultivated accession characterization, superior haplotype mining","Maps genomic diversity across 3366 accessions, identifies elite haplotypes for trait improvement in landraces.",https://doi.org/10.1038/s41586-021-04066-1
10.1534/g3.118.200932,2019,Muleta Kebede T; Pressoir Gael; Morris Geoffrey P,Optimizing Genomic Selection for a Sorghum Breeding Program in Haiti: A Simulation Study,G3 Genes|Genomes|Genetics,80,3,sorghum,"genetic variance, prediction accuracy",genomic-assisted recurrent selection (GARS) simulation vs phenotypic recurrent selection,"Optimization of GS for small breeding programs; genetic gain, cost efficiency, and variance trends compared over cycles.",https://doi.org/10.1534/g3.118.200932
10.1534/g3.119.400129,2019,Allier Antoine; Moreau Laurence; Charcosset Alain; Teyssèdre Simon; Lehermeier Christina,Usefulness Criterion and Post-selection Parental Contributions in Multi-parental Crosses: Application to Polygenic Trait Introgression,G3 Genes|Genomes|Genetics,73,3,multi-crop,"expected genetic gain, genetic diversity (coancestry), progeny distribution",usefulness criterion with parental contribution (UCPC),Analytical method predicts progeny gain and diversity for multi-parental crosses.,https://doi.org/10.1534/g3.119.400129
10.1534/genetics.120.303305,2020,Moeinizade Saba; Kusmec Aaron; Hu Guiping; Wang Lizhi; Schnable Patrick S,Multi-trait Genomic Selection Methods for Crop Improvement,Genetics,72,3,none (general crop),not explicit,"multi-trait index selection, multi-objective optimization, look-ahead selection (LAS)",Optimizes multiple traits; handles Pareto frontier trade-offs; application to crop improvement.,https://doi.org/10.1534/genetics.120.303305
10.2135/cropsci2018.09.0537,2019,Rutkoski J. E.,Estimation of Realized Rates of Genetic Gain and Indicators for Breeding Program Assessment,Crop Science,62,3,rice,"realized genetic gain ΔGt, breeding value, equivalent complete generations","stochastic simulation of breeding programs, realized gain estimation",Long-term simulation study evaluating methods to monitor realized genetic gain in breeding programs over 28 years.,https://doi.org/10.2135/cropsci2018.09.0537
10.1002/csc2.20050,2020,White Michael R.; Mikel Mark A.; de Leon Natalia; Kaeppler Shawn M.,Diversity and heterotic patterns in North American proprietary dent maize germplasm,Crop Science,58,3,maize,"molecular marker relationships, pedigree-based diversity, admixture analysis, heterotic patterns",diallel-cross experiments for heterotic pattern identification across maturity groups,"329 ex-PVP inbreds characterized for diversity structure, heterotic groups; diallel identifies yield heterosis patterns.",https://doi.org/10.1002/csc2.20050
10.1534/g3.118.200091,2018,Müller Dominik; Schopp Pascal; Melchinger Albrecht E,Selection on Expected Maximum Haploid Breeding Values Can Increase Genetic Gain in Recurrent Genomic Selection,G3 Genes|Genomes|Genetics,58,3,none (general crop),"linkage phase, haploid breeding values",expected maximum haploid breeding value (EMBV) selection criterion,Proposes EMBV to improve long-term gain vs single-cycle GEBV; simulation compares with OHV.,https://doi.org/10.1534/g3.118.200091
10.1186/s12864-020-6756-0,2020,"Allier A, Teyssèdre S, Lehermeier C, Moreau L, Charcosset A.",Optimized breeding strategies to harness genetic resources with different performance levels.,,51,3,multi-crop,"genetic value, diversity index",optimal cross selection (OCS) with recurrent bridging and genetic resource introduction,OCS balances genetic gain and diversity in long-term breeding; broadens elite genetic base.,https://doi.org/10.1186/s12864-020-6756-0
10.1002/tpg2.20054,2020,Pincot Dominique D. A.; Hardigan Michael A.; Cole Glenn S.; Famula Randi A.; Henry Peter M.; Gordon Thomas R.,Accuracy of genomic selection and long‐term genetic gain for resistance to Verticillium wilt in strawberry,The Plant Genome,48,3,strawberry,"broad-sense heritability, narrow-sense genomic heritability, long-term genetic gains",genomic selection for disease resistance; long-term gain analysis over 170 years of cultivars,Empirical long-term genetic gain documented; GS accuracy for resistance; diversity in elite/exotic germplasm.,https://doi.org/10.1002/tpg2.20054
10.1038/s41467-020-18683-3,2020,"Mayer M, Hölker AC, González-Segovia E, Bauer E, Presterl T, Ouzunova M, Melchinger AE, Schön CC.",Discovery of beneficial haplotypes for complex traits in maize landraces.,,46,3,maize,haplotype-trait associations at high resolution; beneficial haplotype frequency in landraces vs. breeding lines,haplotype-based selection from landraces; comparative genomic analysis to identify untapped variation for introgression ,Directly demonstrates strategy to harness landrace diversity for elite-pool improvement while preserving beneficial variation.,https://doi.org/10.1038/s41467-020-18683-3
10.1038/s41437-021-00423-y,2021,McLean-Rodríguez Francis Denisse; Costich Denise Elston; Camacho-Villa Tania Carolina; Pè Mario Enrico; Dell’Acqua Matteo,Genetic diversity and selection signatures in maize landraces compared across 50 years of in situ and ex situ conservation,Heredity,44,3,maize,"genome-wide SNP diversity, heterozygosity, Fst, genetic distance",longitudinal ex situ vs. in situ conservation comparison,Diversity quantified over 50 years; selection signatures and conservation strategy effects.,https://doi.org/10.1038/s41437-021-00423-y
10.3390/biology10100982,2021,"Sharma S, Schulthess AW, Bassi FM, Badaeva ED, Neumann K, Graner A, Özkan H, Werner P, Knüpffer H, Kilian B.",Introducing Beneficial Alleles from Plant Genetic Resources into the Wheat Germplasm.,,41,3,wheat,genetic diversity in plant genetic resources (PGRs) and wild relatives; introgression potential,stage-gate introgression schemes for transferring qualitative and quantitative alleles from PGR into elite germplasm; pr,Explicit introgression strategy to recover diversity while improving elite pool; diversity-constrained breeding framework.,https://doi.org/10.3390/biology10100982
10.1002/tpg2.20080,2021,Crain Jared; DeHaan Lee; Poland Jesse,Genomic prediction enables rapid selection of high‐performing genets in an intermediate wheatgrass breeding program,The Plant Genome,38,3,intermediate wheatgrass,"genomic relationship matrix, genetic diversity representation",genomic selection with diversity constraint in validation-population sampling,1000–1200 validation genets selected by genomic kinship to represent genetic diversity; GS cycles accelerated while diversity maintained.,https://doi.org/10.1002/tpg2.20080
10.3389/fpls.2021.685488,2021,"Beyene Y, Gowda M, Pérez-Rodríguez P, Olsen M, Robbins KR, Burgueño J, Prasanna BM, Crossa J.",Application of Genomic Selection at the Early Stage of Breeding Pipeline in Tropical Maize.,,38,3,maize,multi-year empirical prediction accuracy across water-stress and well-watered,genomic selection at early DH pipeline stage; cross-validation of prediction schemes for maintained genetic gain,Demonstrates GS strategy to balance phenotyping efficiency with genetic gain maintenance in tropical breeding.,https://doi.org/10.3389/fpls.2021.685488
10.1093/genetics/iyab030,2021,Lopez-Cruz Marco; de los Campos Gustavo,Optimal breeding-value prediction using a sparse selection index,Genetics,35,3,none,"allele frequency, linkage disequilibrium, prediction accuracy",sparse selection index (SSI) for training-set optimization per individual,Theory/method for heterogeneous populations: optimizes prediction accuracy by custom training subsets.,https://doi.org/10.1093/genetics/iyab030
10.1534/genetics.119.302643,2020,"Bijma P, Wientjes YCJ, Calus MPL.",Breeding Top Genotypes and Accelerating Response to Recurrent Selection by Selecting Parents with Greater Gametic Variance.,,35,3,multi-crop,gametic variance (SD of GEBV of gametes),optimal contribution via gametic variance index,Quantifies parent gametic variability; selection index balances top-genotype probability and response.,https://doi.org/10.1534/genetics.119.302643
10.2135/cropsci2018.11.0716,2019,Neyhart Jeffrey L.; Smith Kevin P.,Validating Genomewide Predictions of Genetic Variance in a Contemporary Breeding Program,Crop Science,34,3,barley,"genetic variance (VG), superior progeny mean",genome-wide marker prediction of progeny variance for cross selection,Predicts VG and mean among 330k cross combinations; validates cross-selection to optimize diversity and gain outcomes.,https://doi.org/10.2135/cropsci2018.11.0716
10.1073/pnas.2205780119,2023,"Sanchez D, Sadoun SB, Mary-Huard T, Allier A, Moreau L, Charcosset A.",Improving the use of plant genetic resources to sustain breeding programs' efficiency.,,34,3,multi-crop,genetic diversity (marker-based management),bridging populations; genomic prediction with diversity management; genetic resource introgression,Simulates diversity management strategies and genetic resource integration for long-term gain.,https://doi.org/10.1073/pnas.2205780119
10.1111/pbi.13746,2022,"Casale F, Van Inghelandt D, Weisweiler M, Li J, Stich B.",Genomic prediction of the recombination rate variation in barley - A route to highly recombinogenic genotypes.,,33,3,barley,recombination rate variation (general and specific recombination effects),genomic selection for recombination-rate phenotype,Explicitly optimizes recombination as selection criterion to combine favourable alleles; genomic prediction approach.,https://doi.org/10.1111/pbi.13746
10.1093/insilicoplants/diad002,2023,Fradgley Nick; Gardner Keith A; Bentley Alison R; Howell Phil; Mackay Ian J; Scott Michael F,Multi-trait ensemble genomic prediction and simulations of recurrent selection highlight importance of complex trait genetic architecture for long-term genetic gains in wheat,in silico Plants,31,3,wheat,genetic diversity (implicit in multi-parent population analysis),"multi-trait genomic prediction, recurrent genomic selection simulation with diversity constraint",16-founder MAGIC population; long-term gain vs diversity trade-offs simulated; optimized antagonistic trait responses.,https://doi.org/10.1093/insilicoplants/diad002
10.3390/agronomy10081198,2020,Oyetunde Oyeboade Adebiyi; Badu-Apraku Baffour; Ariyo Omolayo Johnson; Alake Christopher Olusanya,Efficiencies of Heterotic Grouping Methods for Classifying Early Maturing Maize Inbred Lines,Agronomy,26,3,maize,"GCA, SCA, HGCAMT, HSGCA, SNP-based genetic distance",heterotic group classification; method comparison,Compares four heterotic grouping methods including SNP-based distance; directly addresses (A) and (B).,https://doi.org/10.3390/agronomy10081198
10.1002/tpg2.20467,2024,Villiers Kira; Voss‐Fels Kai P.; Dinglasan Eric; Jacobs Bertus; Hickey Lee; Hayes Ben J.,Evolutionary computing to assemble standing genetic diversity and achieve long‐term genetic gain,The Plant Genome,26,3,wheat,"retained genetic diversity (haplotype segments), long-term genetic gain","optimal haplotype stacking (OHS), optimal population value (OPV), OCS, truncation selection",100-generation simulation comparing OHS/OPV/OCS; OHS retains diversity and exceeds long-term gain.,https://doi.org/10.1002/tpg2.20467
10.1038/s41598-021-84732-6,2021,"Shu G, Cao G, Li N, Wang A, Wei F, Li T, Yi L, Xu Y, Wang Y.",Genetic variation and population structure in China summer maize germplasm.,,25,3,maize,"expected heterozygosity, SNPs (525,141), linkage disequilibrium, tagSNPs (4849), haplotype blocks",heterotic group assignment via ADMIXTURE and tagSNPs,Systematically assigns Chinese summer-maize inbreds to 10 subgroups; validates heterotic grouping procedure.,https://doi.org/10.1038/s41598-021-84732-6
10.1002/tpg2.20125,2021,Saxena Rachit K.; Jiang Yong; Khan Aamir W; Zhao Yusheng; Kumar Singh Vikas; Bohra Abhishek,Characterization of heterosis and genomic prediction‐based establishment of heterotic patterns for developing better hybrids in pigeonpea,The Plant Genome,24,3,pigeonpea,"SNPs/CNVs with heterotic effects, midparent heterosis (MPH), whole-genome resequencing diversity","genome-wide prediction, heterotic pattern establishment, heterosis-based selection",Genomic basis of heterosis; heterotic patterns defined; 78.6% hybrids show positive MPH; selection gain optimization.,https://doi.org/10.1002/tpg2.20125
10.1038/s41598-019-49861-z,2019,Wegary Dagne; Teklewold Adefris; Prasanna Boddupalli M.; Ertiro Berhanu T.; Alachiotis Nikolaos; Negera Demewez,Molecular diversity and selective sweeps in maize inbred lines adapted to African highlands,Scientific Reports,23,3,maize,"kinship coefficient, population structure (GBS), allelic redundancy","selective sweep analysis, population structure assessment",High-density molecular assessment of African highland inbreds; identifies genetic redundancy and selective sweeps in adapted germplasm.,https://doi.org/10.1038/s41598-019-49861-z
10.1002/tpg2.20282,2022,Lubanga Nelson; Massawe Festo; Mayes Sean; Gorjanc Gregor; Bančič Jon,Genomic selection strategies to increase genetic gain in tea breeding programs,The Plant Genome,22,3,tea,"selection accuracy, generation interval, genetic gain comparison",genomic selection simulation vs. phenotypic selection,Long-term simulation of GS breeding programs; demonstrates 1.65× higher gain than phenotypic selection.,https://doi.org/10.1002/tpg2.20282
10.1038/s41437-021-00485-y,2021,Lara Letícia A. de C.; Pocrnic Ivan; Oliveira Thiago de P.; Gaynor R. Chris; Gorjanc Gregor,Temporal and genomic analysis of additive genetic variance in breeding programmes,Heredity,22,3,none,"genic variance, linkage-disequilibrium variance, temporal genetic variance partitioning",marker-based temporal and genomic variance decomposition framework,Framework for partitioning genome-wide genetic variance over time by chromosome; breeding-program sustainability assessment.,https://doi.org/10.1038/s41437-021-00485-y
10.3835/plantgenome2018.10.0082,2019,Wu Po‐Ya; Tung Chih‐Wei; Lee Chieh‐Ying; Liao Chen‐Tuo,Genomic Prediction of Pumpkin Hybrid Performance,The Plant Genome,21,3,pumpkin,"additive and dominance effects, GCA, SCA, midparent/better-parent heterosis, heritability","genomic prediction (g-BLUP additive–dominance model), heterosis estimation from GCA/SCA",Systematic genomic prediction framework for hybrid performance; heterosis quantified; dominance effects modeled.,https://doi.org/10.3835/plantgenome2018.10.0082
10.1002/csc2.20130,2020,Veenstra Lynn D.; Poland Jesse; Jannink Jean‐Luc; Sorrells Mark E.,Recurrent genomic selection for wheat grain fructans,Crop Science,20,3,wheat,"genetic variance, inbreeding","OCS (optimized contribution selection), truncated selection",Empirical 2-cycle GS comparing OCS vs truncated selection; measures inbreeding and variance loss over time.,https://doi.org/10.1002/csc2.20130
10.1002/csc2.20516,2021,Bernardo Rex,"Upgrading a maize breeding program via two‐cycle genomewide selection: Same cost, same or less time, and larger gains",Crop Science,19,3,maize,,two-cycle genomic selection with realistic cost and time constraints,Simulation of genomic selection strategy achieving 112–178% gains of alternatives; cost-neutral advancement.,https://doi.org/10.1002/csc2.20516
10.2135/cropsci2018.09.0602,2019,Corak K. E.; Ellison S. L.; Simon P. W.; Spooner D. M.; Dawson J. C.,Comparison of Representative and Custom Methods of Generating Core Subsets of a Carrot Germplasm Collection,Crop Science,18,3,carrot,genetic diversity captured by representative and custom core methods,core collection algorithms (representative and custom strategies),Core-collection methods tested on 433 accessions; custom subsets optimized for breeding purposes using genomic and phenotypic data.,https://doi.org/10.2135/cropsci2018.09.0602
10.1111/pbr.12822,2020,Annor Benjamin; Badu‐Apraku Baffour; Nyadanu Daniel; Akromah Richard; Fakorede Morakinyo A. B.,Identifying heterotic groups and testers for hybrid development in early maturing yellow maize (<i>Zea mays</i>) for sub‐Saharan Africa,Plant Breeding,17,3,maize,"GCA, SCA, HSGCA method",heterotic group identification; tester efficiency for line classification,HSGCA heterotic grouping method and tester efficiency; direct support for (B) heterotic group formation.,https://doi.org/10.1111/pbr.12822
10.1534/genetics.119.302336,2019,Mulder Herman A; Lee Sang Hong; Clark Sam; Hayes Ben J; van der Werf Julius H J,The Impact of Genomic and Traditional Selection on the Contribution of Mutational Variance to Long-Term Selection Response and Genetic Variance,Genetics,17,3,none (general crop),"mutational variance, long-term selection response, genetic variance","simulation: GBLUP, BLUP, phenotypic selection ± own phenotype",20-generation simulation; compares genomic vs traditional selection on mutational variance and long-term response.,https://doi.org/10.1534/genetics.119.302336
10.3389/fpls.2024.1361894,2024,Hamazaki Kosuke; Iwata Hiroyoshi,AI-assisted selection of mating pairs through simulation-based optimized progeny allocation strategies in plant breeding,Frontiers in Plant Science,16,3,multi-crop,genetic diversity (implied in optimization objective),"AI/black-box optimization of mating-pair allocation, simulation-based progeny allocation",Simulated breeding scheme optimizes parent/pair selection for gain while maintaining diversity.,https://doi.org/10.3389/fpls.2024.1361894
10.3389/fpls.2020.568699,2021,Arca Mariangela; Mary-Huard Tristan; Gouesnard Brigitte; Bérard Aurélie; Bauland Cyril; Combes Valérie,Deciphering the Genetic Diversity of Landraces With High-Throughput SNP Genotyping of DNA Bulks: Methodology and Application to the Maize 50k Array,Frontiers in Plant Science,16,3,maize,allelic frequency estimation from DNA bulk SNP genotyping,high-throughput SNP bulk methodology for landrace diversity characterization and allele screening,Novel method to cheaply characterize and screen landraces for favorable alleles; enables efficient genebank utilization.,https://doi.org/10.3389/fpls.2020.568699
10.3389/fpls.2023.1171135,2023,"Miller MJ, Song Q, Fallen B, Li Z.",Genomic prediction of optimal cross combinations to accelerate genetic improvement of soybean (<i>Glycine max</i>).,,16,3,soybean,"family mean, genetic variance",optimal cross selection; genomic prediction,Predicts best cross combinations using mean and variance; validated on historical breeding data.,https://doi.org/10.3389/fpls.2023.1171135
10.1002/tpg2.20327,2023,Wu Po‐Ya; Stich Benjamin; Renner Juliane; Muders Katja; Prigge Vanessa; van Inghelandt Delphine,"Optimal implementation of genomic selection in clone breeding programs—Exemplified in potato: I. Effect of selection strategy, implementation stage, and selection intensity on short‐term genetic gain",The Plant Genome,14,3,potato,"genetic variance, prediction accuracy, genetic gain",genomic selection with optimized resource allocation and implementation strategy,Simulations optimize GS integration in clone breeding; genetic gain vs. selection strategy compared over multiple stages.,https://doi.org/10.1002/tpg2.20327
10.1007/s00122-023-04508-6,2023,Fritsche-Neto Roberto; Ali Jauhar; De Asis Erik Jon; Allahgholipour Mehrzad; Labroo Marlee Rose,"Improving hybrid rice breeding programs via stochastic simulations: number of parents, number of hybrids, tester update, and genomic prediction of hybrid performance",Theoretical and Applied Genetics,14,3,rice,"genetic variance depletion, heterotic pool composition","reciprocal recurrent selection (RRS), genomic prediction (GP) for hybrid performance, tester update strategy",Stochastic simulation of hybrid breeding schemes balancing genetic gain and genetic variance retention via GP and RRS design.,https://doi.org/10.1007/s00122-023-04508-6
10.1002/csc2.20033,2020,Sattler Felix T.; Haussmann Bettina I. G.,A unified strategy for West African pearl millet hybrid and heterotic group development,Crop Science,13,3,millet,"heterosis, diversity and combining ability by region",heterotic group development strategy with diversity assessment,Regional heterotic-group strategy for pearl millet hybrid breeding; diversity and combining ability guide group formation.,https://doi.org/10.1002/csc2.20033
10.1038/s41597-022-01891-5,2022,"Schulthess AW, Kale SM, Zhao Y, Gogna A, Rembe M, Philipp N, Liu F, Beukert U, Serfling A, Himmelbach A, Oppermann M, Weise S, Boeven PHG, Schacht J, Longin CFH, Kollers S, Pfeiffer N, Korzun V, Fiebi",Large-scale genotyping and phenotyping of a worldwide winter wheat genebank for its use in pre-breeding.,,13,3,wheat,"genotypic and phenotypic characterization, yield breeding values, genomic selection",pre-breeding parent selection from genebank; genomic data integrated with field validation,Large-scale genebank characterization directly enables informed selection of diverse PGR parents to enhance elite pool.,https://doi.org/10.1038/s41597-022-01891-5
10.1111/jipb.13884,2025,Xue Yingjie; Zhao Yikun; Zhang Yunlong; Wang Rui; Li Xiaohui; Liu Zhihao,Insights into the genomic divergence of maize heterotic groups in China,Journal of Integrative Plant Biology,12,3,maize,"SNP array, whole-genome resequencing, genetic distance, population structure, selective sweeps",heterotic group boundary establishment; comparative genomic divergence,Systematic heterotic group genomic divergence; selective sweep analysis; addresses (A) diversity partition and (B) group formation.,https://doi.org/10.1111/jipb.13884
10.1002/csc2.20070,2020,Moeinizade Saba; Wellner Megan; Hu Guiping; Wang Lizhi,Complementarity‐based selection strategy for genomic selection,Crop Science,12,3,multi-crop,"genetic diversity (complementarity, GEBV)","complementarity-based selection strategy (CBS), mating-pair optimization",Novel CBS method balances short-term gain vs long-term diversity through complementary-mate selection.,https://doi.org/10.1002/csc2.20070
10.1111/pbi.14022,2023,"Arca M, Gouesnard B, Mary-Huard T, Le Paslier MC, Bauland C, Combes V, Madur D, Charcosset A, Nicolas SD.",Genotyping of DNA pools identifies untapped landraces and genomic regions to develop next-generation varieties.,,12,3,maize,"modified Rogers distance standardized by gene diversity, landrace contribution indicators","pool genotyping, landrace selection, supervised ancestry assignment",Identifies landraces to enlarge genetic diversity; develops novel diversity-based selection indicators.,https://doi.org/10.1111/pbi.14022
10.1038/s41467-024-53044-4,2024,"Li D, Geng Z, Xia S, Feng H, Jiang X, Du H, Wang P, Lian Q, Zhu Y, Jia Y, Zhou Y, Wu Y, Huang C, Zhu G, Shang Y, Li H, Städler T, Yang W, Huang S, Zhang C.",Integrative multi-omics analysis reveals genetic and heterotic contributions to male fertility and yield in potato.,,12,3,potato,"heterotic effects (QTLs and mQTLs), dominance effects","QTL-level heterosis analysis, systems-genetics network",Dissects genetic basis of yield and fertility heterosis in F₂ diploid; quantifies heterotic contributions by trait class.,https://doi.org/10.1038/s41467-024-53044-4
10.1093/g3journal/jkae224,2024,Sakurai Kengo; Hamazaki Kosuke; Inamori Minoru; Kaga Akito; Iwata Hiroyoshi,Cross potential selection: a proposal for optimizing crossing combinations in recurrent selection using the usefulness criterion of future inbred lines,"G3: Genes, Genomes, Genetics",11,3,inbred crops (generic),"expected genotypic value, progeny distribution variance",cross potential selection using usefulness criterion,Optimizes crossing pairs for gain; acknowledges diversity sacrifice for speed.,https://doi.org/10.1093/g3journal/jkae224
10.1186/s12870-019-1740-z,2019,"Badu-Apraku B, Talabi AO, Fakorede MAB, Fasanmade Y, Gedil M, Magorokosho C, Asiedu R.",Yield gains and associated changes in an early yellow bi-parental maize population following genomic selection for Striga resistance and drought tolerance.,,11,3,maize,,genomic selection,"Genomic selection over four cycles for yield, Striga resistance, drought tolerance; quantifies yield gains and trait changes without explicit diversity constraint.",https://doi.org/10.1186/s12870-019-1740-z
10.3389/fpls.2023.1213675,2023,Li Zhiyong; Li Chunhui; Zhang Ruyang; Duan Minxiao; Tian Hongli; Yi Hongmei,Genomic analysis of a new heterotic maize group reveals key loci for pedigree breeding,Frontiers in Plant Science,10,3,maize,"identity-by-descent (IBD) segments, heterotic-group classification",heterotic group identification and core-line selection,New heterotic group discovery via genome-wide analysis; core lines selected; directly addresses heterotic-group structure and genetic differentiation.,https://doi.org/10.3389/fpls.2023.1213675
10.2135/cropsci2018.02.0099,2018,Kolawole Adesike O.; Menkir Abebe; Blay Essie; Ofori Kwadwo; Kling Jennifer G.,Genetic Advance in Grain Yield and Other Traits in Two Tropical Maize Composites Developed via Reciprocal Recurrent Selection,Crop Science,9,3,maize,"genetic gain, variance, heritability, genetic correlations",reciprocal recurrent selection (RRS),Realized gain and variance change across RRS cycles; explicit gain measurement.,https://doi.org/10.2135/cropsci2018.02.0099
10.3390/plants11192564,2022,"Rembe M, Zhao Y, Wendler N, Oldach K, Korzun V, Reif JC.","The Potential of Genome-Wide Prediction to Support Parental Selection, Evaluated with Data from a Commercial Barley Breeding Program.",,9,3,barley,"progeny mean, progeny variance, usefulness criterion",genomic prediction for parental selection; usefulness criterion,Tests genomic prediction of progeny variance and UC for parental selection in commercial breeding.,https://doi.org/10.3390/plants11192564
10.3389/fpls.2022.999454,2022,"Zhang J, Pan D, Fan Z, Yu H, Jiang L, Lv S, Sun B, Chen W, Mao X, Liu Q, Li C.","Genetic diversity of wild rice accessions (<i>Oryza rufipogon</i> Griff.) in Guangdong and Hainan Provinces, China, and construction of a wild rice core collection.",,9,3,rice (wild: Oryza rufipogon),"Nei's diversity index, Shannon-Wiener index, allele frequency distribution",core collection development from 998 wild rice accessions using SNP markers,Systematic wild rice core collection with quantified diversity indices; enables introgression of novel traits into cultivated rice.,https://doi.org/10.3389/fpls.2022.999454
10.1111/pbr.12866,2020,Ajala Sam O.; Olayiwola Muyideen O.; Job Anthony O.; Olaniyan Amudalat B.; Gedil Melaku,"Assessment of heterotic patterns of tropical low‐nitrogen–tolerant maize (<i>Zea mays</i>L.) inbred lines using testcross performance, morphological traits and SNP markers",Plant Breeding,8,3,maize,"SNP genetic distance, testcross performance, morphological traits","heterotic group classification by testcross, morphology, and SNP markers",Multi-method heterotic grouping comparison; testcross-based selection; directly supports (A) and (B).,https://doi.org/10.1111/pbr.12866
10.1111/pbr.12713,2019,Espanani Soheila; Majidi Mohammad Mahdi; Saeidi Ghodratollah; Alaei Hossein; Rezaei Vahid,Wide hybridization and introgression breeding in safflower: Effectiveness of different selection methods,Plant Breeding,8,3,safflower,genetic diversity expanded via interspecific hybridization,wide hybridization and introgression breeding; direct vs. indirect selection comparison,Interspecific crosses increase diversity for drought tolerance; selection methods (direct/indirect) evaluated over F3–F5 generations.,https://doi.org/10.1111/pbr.12713
10.1038/s41437-024-00703-3,2024,"Wartha CA, Lorenz AJ.",Genomic predictions of genetic variances and correlations among traits for breeding crosses in soybean.,,8,3,soybean,"family mean, genetic variance, superior progeny mean, genetic correlation",genomic prediction; cross selection,Predicts family genetic variance and correlations for optimal cross selection in breeding.,https://doi.org/10.1038/s41437-024-00703-3
10.3390/agronomy10040593,2020,Reeves Patrick A.; Tetreault Hannah M.; Richards Christopher M.,Bioinformatic Extraction of Functional Genetic Diversity from Heterogeneous Germplasm Collections for Crop Improvement,Agronomy,7,3,"multi-crop (Arabidopsis, Populus, sorghu","genomewide SNP haplotypic diversity, allelic diversity at functional loci","core-collection subset extraction: candidate-gene, keyword-search, environment-stratified approaches",Bioinformatic methods to extract maximum haplotypic diversity subsets from heterogeneous germplasm for breeding.,https://doi.org/10.3390/agronomy10040593
10.1002/csc2.20632,2021,Bernardo Rex,"Multiparental populations in line development: Genetic gain, diversity, and practical limitations",Crop Science,7,3,none (general crop),"genetic diversity (allele frequency, diversity of best lines)",simulation: multiparental vs biparental crosses with Better Half model,Directly compares genetic gain and diversity outcomes in line development simulation.,https://doi.org/10.1002/csc2.20632
10.1093/g3journal/jkad141,2023,"Choquette NE, Weldekidan T, Brewer J, Davis SB, Wisser RJ, Holland JB.",Enhancing adaptation of tropical maize to temperate environments using genomic selection.,,7,3,maize,SNP markers,genomic selection with environment-specific models,Accelerates introgression of tropical diversity into temperate germplasm via genomic selection; directly addresses (B).,https://doi.org/10.1093/g3journal/jkad141
10.1093/aob/mcab101,2021,"Hanley SJ, Pellny TK, de Vega JJ, Castiblanco V, Arango J, Eastmond PJ, Heslop-Harrison JSP, Mitchell RAC.",Allele mining in diverse accessions of tropical grasses to improve forage quality and reduce environmental impact.,,7,3,"multi-crop (tropical grasses: Urochloa, ",allelic diversity at target genes (loss-of-function alleles),allele mining in diverse genebank accessions; reverse genetics approach,Systematic mining for beneficial LOF alleles in 104 accessions directly enables selection for forage quality improvement.,https://doi.org/10.1093/aob/mcab101
10.1071/cp21376,2022,Kumar Sumit; Das Abhijit Kumar; Naliath Ritu; Kumar Ramesh; Karjagi Chikkappa G.; Sekhar Javaji C.,Potential use of random and linked SSR markers in establishing the true heterotic pattern in maize (Zea mays),Crop &amp; Pasture Science,6,3,maize,"SSR genetic diversity, linked vs. random markers, heterotic grouping",heterotic pattern assignment; comparative marker effectiveness for cross selection,SSR-based heterotic grouping; evaluates marker type impact on cross performance; directly supports (B).,https://doi.org/10.1071/cp21376
10.1002/csc2.20951,2023,Corak Keo E.; Genger Rue K.; Simon Phillip W.; Dawson Julie C.,Comparison of genotypic and phenotypic selection of breeding parents in a carrot (<i>Daucus carota</i>) germplasm collection,Crop Science,6,3,carrot,genomic prediction accuracy,genomic selection with trait prediction; comparison of genotypic vs. phenotypic parent selection,Genomic prediction strategies evaluated to identify valuable breeding material; selected parents compared in crosses for gain.,https://doi.org/10.1002/csc2.20951
10.1111/pbr.13118,2023,Platten John Damien; Fritsche‐Neto Roberto,Optimizing quantitative trait loci introgression in elite rice germplasms: Comparing methods and population sizes to develop new recipients via stochastic simulations,Plant Breeding,6,3,rice,,"QTL introgression optimization (background recovery, selective sweep, breeding value selection)",Stochastic simulation comparing introgression strategies; addresses diversity-yield tradeoff and fixation speed over breeding cycles.,https://doi.org/10.1111/pbr.13118
10.3389/fpls.2023.1164555,2023,"Machado IP, DoVale JC, Sabadin F, Fritsche-Neto R.","On the usefulness of mock genomes to define heterotic pools, testers, and hybrid predictions in orphan crops.",,6,3,multi-crop (orphan crops),"SNP-based population structure, genetic diversity indices","mock genome assembly, heterotic group definition, tester selection, genomic prediction of single crosses",Demonstrates use of SNP data and population structure for heterotic grouping and hybrid prediction without reference genome.,https://doi.org/10.3389/fpls.2023.1164555
10.1007/s00122-023-04519-3,2024,"Krenzer D, Frisch M, Beckmann K, Kox T, Flachenecker C, Abbadi A, Snowdon R, Herzog E.",Simulation-based establishment of base pools for a hybrid breeding program in winter rapeseed.,,6,3,rapeseed,"DNA markers, principal coordinate analysis (PCoA)","simulation-based pool separation via planned crossing cycles, computer-simulated pre-breeding design",Uses simulation to plan crosses separating two germplasm pools genetically; explicit optimization for pool divergence and testcross performance.,https://doi.org/10.1007/s00122-023-04519-3
10.1073/pnas.2121797119,2022,"Hölker AC, Mayer M, Presterl T, Bauer E, Ouzunova M, Melchinger AE, Schön CC.",Theoretical and experimental assessment of genome-based prediction in landraces of allogamous crops.,,6,3,maize,"prediction accuracy, molecular and genetic variance, allele frequency",genome-based prediction in DH and gamete-capture landrace populations,Theoretical and experimental genomic selection strategy to access landrace favorable alleles.,https://doi.org/10.1073/pnas.2121797119
10.1017/s1479262124000509,2024,Bhatla Anshika; Angidi Srushtideep; Thomas Noel; Madankar Kartik; Shahi J. P.,Classification of maize inbred lines into heterotic groups based on yield and yield attributing traits,Plant Genetic Resources: Characterization and Utilization,5,3,maize,"GCA, SCA, standard heterosis, HGCAMT, HSGCA",heterotic grouping via combining ability and cluster analysis; cross selection,Explicit heterotic group assignment and hybrid selection methods; directly addresses (B) via combining ability.,https://doi.org/10.1017/s1479262124000509
10.1007/s00122-025-05008-5,2025,Kadoumi Romain; Heslot Nicolas; Henriot Fabienne; Murigneux Alain; Berton Mathilde; Moreau Laurence,Evolution of population structure in a commercial European hybrid dent maize breeding program and consequences on genetic diversity,Theoretical and Applied Genetics,5,3,maize,"genetic diversity metrics (within/between heterotic groups), differentiation coefficient",long-term breeding program impact analysis; heterotic group structure maintenance,Tracks diversity erosion and heterotic-group divergence over decades in commercial breeding.,https://doi.org/10.1007/s00122-025-05008-5
10.1007/s00122-023-04431-w,2023,Beugnot Aurélien; Mary-Huard Tristan; Bauland Cyril; Combes Valerie; Madur Delphine; Lagardère Bernard,Identifying QTLs involved in hybrid performance and heterotic group complementarity: new GWAS models applied to factorial and admixed diallel maize hybrid panels,Theoretical and Applied Genetics,5,3,maize,QTL effects partitioned by heterotic group origin (allelic ancestry); additive and dominance QTLs,ancestry-aware GWAS for heterotic group complementarity; QTL detection for hybrid performance,Disentangles allelic effects by heterotic group; identifies loci driving hybrid performance and group complementarity.,https://doi.org/10.1007/s00122-023-04431-w
10.1007/s00122-024-04718-6,2024,"Oget-Ebrad C, Heumez E, Duchalais L, Goudemand-Dugué E, Oury FX, Elsen JM, Bouchet S.",Validation of cross-progeny variance genomic prediction using simulations and experimental data in winter elite bread wheat.,,5,3,wheat,"progeny standard deviation (SD), progeny mean",usefulness criterion (UC); cross-selection; genomic prediction,Directly predicts parental mean and progeny SD for cross selection; balances gain with variance.,https://doi.org/10.1007/s00122-024-04718-6
10.1093/g3journal/jkae248,2025,"Hassanpour A, Geibel J, Simianer H, Rohde A, Pook T.",Optimization of breeding program design through stochastic simulation with evolutionary algorithms.,,5,3,dairy cattle,inbreeding rate,stochastic simulation with evolutionary algorithms; optimization of genetic gain vs. inbreeding,Explicit optimization framework balancing genetic gain and diversity; trade-offs quantified.,https://doi.org/10.1093/g3journal/jkae248
10.1186/s12711-021-00669-4,2021,Hjortø Line; Henryon Mark; Liu Huiming; Berg Peer; Thomasen Jørn Rind; Sørensen Anders Christian,Pre-selection against a lethal recessive allele in breeding schemes with optimum-contribution selection or truncation selection,Genetics Selection Evolution,4,3,none,"rate of inbreeding (ΔF_true), pedigree/genomic relationships","optimum-contribution selection (OCS, POCS, GOCS), truncation selection",Stochastic simulation: OCS with inbreeding control and lethal-allele management; diversity maintained vs gain.,https://doi.org/10.1186/s12711-021-00669-4
10.1002/csc2.21081,2023,Fritsche‐Neto Roberto; Sabadin Felipe; DoVale Júlio César; Borges Karina Lima Reis; de Souza Pedro Henrique; Crossa Jose,Realized genetic gains via recurrent selection in a tropical maize haploid inducer population and optimizing simultaneous selection for the next cycles,Crop Science,4,3,maize,"realized genetic gain, selection index optimization",recurrent selection with Smith-Hazel index simulation,Simultaneous selection index optimization for long-term gain and trait balance.,https://doi.org/10.1002/csc2.21081
10.1371/journal.pone.0316793,2025,Mukiti Hellen Mawia; Badu-Apraku Baffour; Abe Ayodeji; Adejumobi Idris Ishola; Derera John,Optimizing breeding strategies for early-maturing white maize through genetic diversity and population structure,PLOS ONE,4,3,maize,"gene diversity, allele richness, Shannon/Simpson indices, Rogers distance, PIC",heterotic group assignment by admixture model and PCA,Quantifies total diversity in maize germplasm pool; assigns heterotic groups for breeding.,https://doi.org/10.1371/journal.pone.0316793
10.1007/s11032-024-01533-1,2024,Yang Quannv; Guo Zifeng; Xu Yunbi; Wang Yunbo,Genetic diversity and population structure of sweet corn in China as revealed by mSNP,Molecular Breeding,4,3,maize,"genetic diversity, PIC, minor allele frequency, genetic distance, differentiation coefficient",population structure classification and heterosis-group identification,Quantifies diversity in sweet corn germplasm; partitions groups by SNP structure for heterosis.,https://doi.org/10.1007/s11032-024-01533-1
10.1186/s12863-023-01156-z,2023,Maazou Abdoul-Raouf Sayadi; Gedil Melaku; Adetimirin Victor O.; Unachukwu Nnanna; Mengesha Wende; Meseka Silvestro,Heterotic grouping of provitamin A-enriched maize inbred lines for increased provitamin A content in hybrids,BMC Genomic Data,4,3,maize,heterotic group assignment via PVA-based combining ability; general and specific combining ability (HSGCA),heterotic group classification of inbred lines by combining ability; trait-based heterotic grouping,Assigns PVA-enriched inbred lines to heterotic groups; balances trait enhancement with grain-yield maintenance in hybrids.,https://doi.org/10.1186/s12863-023-01156-z
10.1007/s00122-025-04855-6,2025,"Polzer C, Auinger HJ, Terán-Pineda M, Hölker AC, Mayer M, Presterl T, Rivera-Poulsen C, da Silva S, Ouzunova M, Melchinger AE, Schön CC.",Rapid cycling genomic selection in maize landraces.,,4,3,maize,SNP array (600 k),"genomic selection, rapid cycling recurrent pre-breeding",Replicated experiment on rapid-cycle genomic selection in maize landrace; directly addresses utilizing diversity via selection.,https://doi.org/10.1007/s00122-025-04855-6
10.3389/fpls.2023.1250205,2023,"Dos Santos CC, de Andrade LRB, do Carmo CD, de Oliveira EJ.",Development of cassava core collections based on morphological and agronomic traits and SNPS markers.,,4,3,cassava,"Shannon-Weaver index, expected heterozygosity, inbreeding coefficient",core collection development (optimization algorithms),Core collections derived by two strategies; diversity parameters evaluated for quality control.,https://doi.org/10.3389/fpls.2023.1250205
10.1007/s00122-025-04913-z,2025,"da Silva AV, Famoso A, Linscombe S, Fritsche-Neto R.",110 years of rice breeding at LSU: realized genetic gains and future optimization.,,4,3,rice,"realized genetic gain (kg/ha per generation), genetic gain trend per year","genomic selection (GS), high-throughput phenotyping (HTP), stochastic simulation",110-year breeding program analysis with simulations of GS+HTP impact on future gains and cycle time; quantifies diversity-gain trade-off.,https://doi.org/10.1007/s00122-025-04913-z
10.1038/s41477-025-02085-8,2025,"Mikhailov ME, Boideau F, Szymanska-Lejman M, Botnari V, Ziolkowski PA.",Enhancing local meiotic crossovers in Arabidopsis and maize through juxtaposition of heterozygous and homozygous regions.,,4,3,maize,"local crossover rates, recombination frequency",introgression of desired traits via crossover stimulation in heterozygous regions,Mechanism to boost recombination and accelerate trait introgression documented in maize breeding.,https://doi.org/10.1038/s41477-025-02085-8
10.3389/fpls.2023.1165349,2023,"Liu S, Jiang Y, Wang Y, Huo H, Cilkiz M, Chen P, Han Y, Li L, Wang K, Zhao M, Zhu L, Lei J, Wang Y, Zhang M.","Genetic and molecular dissection of ginseng (<i>Panax ginseng</i> Mey.) germplasm using high-density genic SNP markers, secondary metabolites, and gene expressions.",,4,3,ginseng,"genic SNP diversity; secondary metabolite variation; gene expression profiles; 26,600 high-quality SNP panel",mini-core collection (344 cultivars/landraces) developed to represent germplasm diversity; molecular characterization vi,Core-collection design and molecular diversity quantification for germplasm characterization and trait-allele association.,https://doi.org/10.3389/fpls.2023.1165349
10.3390/ijms26062662,2025,Cheng Dehe; Li Jinlong; Guo Shuwei; Wang Yuandong; Xu Shizhong; Chen Shaojiang,Genomic Prediction for Germplasm Improvement Through Inter-Heterotic-Group Line Crossing in Maize,International Journal of Molecular Sciences,3,3,maize,"genomic selection accuracy, genetic variation in DH populations",genomic selection (GS) for inter-heterotic-group cross prediction; DH line screening,Genomic selection with diversity constraint across heterotic groups; directly addresses (B).,https://doi.org/10.3390/ijms26062662
10.1186/s12711-023-00804-3,2023,Oliveira Thiago P.; Obšteter Jana; Pocrnic Ivan; Heslot Nicolas; Gorjanc Gregor,A method for partitioning trends in genetic mean and variance to understand breeding practices,Genetics Selection Evolution,3,3,none,"genetic mean and variance, breeding values by selection path",path decomposition of genetic variance trends in breeding programs,Method to partition and optimize breeding actions; quantifies contributions to genetic variance change over generations.,https://doi.org/10.1186/s12711-023-00804-3
10.1007/s10722-022-01513-4,2022,Mufumbo R.; Chakrabarty S.; Nyine M.; Windpassinger S. M.; Mulumba J. W.; Baguma Y.,Genomics-based assembly of a sorghum bicolor (L.) moench core collection in the Uganda national genebank as a genetic resource for sustainable sorghum breeding,Genetic Resources and Crop Evolution,3,3,sorghum,"polymorphic information content, observed heterozygosity, expected heterozygosity, minor allele frequency; 27,560 SNPs",core collection (310 accessions via GenoCore); diversity retention comparison,Explicit core-collection selection maintaining genetic/phenotypic diversity; validates diversity metrics in landraces.,https://doi.org/10.1007/s10722-022-01513-4
10.1017/s1479262125100269,2025,Semwal Vimal Kumar; Bhadmus Olatunde Azeez; Afeez Shittu; Ramaiah Venuprasad,"Characterization of
                    <i>Oryza glaberrima</i>
                    derived genetic resources for stagnant flooding tolerance in interspecific rice pre-breeding populations",Plant Genetic Resources: Characterization and Utilization,3,3,rice,,interspecific pre-breeding population selection; QTL mapping,"Identified key adaptive traits (elongation, tillering) for stagnant flood tolerance via QTL; guides parent selection for exotic germplasm introgression.",https://doi.org/10.1017/s1479262125100269
10.1002/csc2.70125,2025,Meyenberg Carina; Thorwarth Patrick; Spiller Monika; Kollers Sonja; Reif Jochen Christoph; Longin Carl Friedrich Horst,Insights into a genomics‐based pre‐breeding program in wheat,Crop Science,3,3,wheat,genetically estimated parental contribution (GEPC),pre-breeding program; incorporation of PGR diversity into elite background,Decade-long pre-breeding scheme quantifies PGR introgression; maintains diversity while achieving yield gains.,https://doi.org/10.1002/csc2.70125
10.2135/cropsci2017.02.0086,2018,Mowers Ronald P.; Nyhus Kris A.; Tragesser Scott L.; Foster David J.,Doubled Haploid Testcross Design for Predicting Corn Hybrid Performance Using Molecular Markers,Crop Science,3,3,maize,"molecular marker-trait relationships, marker-predicted performance vs. phenotypic-predicted performance",Doubled Haploid Testcross Design (DHTD) with molecular marker prediction and validation,Early molecular-marker-based hybrid selection design; predicts untested hybrid combinations from DH marker data with validation.,https://doi.org/10.2135/cropsci2017.02.0086
10.1371/journal.pone.0298636,2024,"Kandarkar K, Palaniappan V, Satpathy S, Vemula A, Rajasekaran R, Jeyakumar P, Sevugaperumal N, Gupta SK.",Understanding genetic diversity in drought-adaptive hybrid parental lines in pearl millet.,,3,3,pearl millet,"expected heterozygosity (He=0.334), observed heterozygosity (Ho=0.031), identity-by-state (IBS) genetic distance","population stratification, neighbor-joining phylogenetics, principal coordinate analysis (PCoA)",Quantifies genetic diversity in hybrid parental lines; stratifies B-lines and pollinators to guide breeding base broadening.,https://doi.org/10.1371/journal.pone.0298636
10.1038/s41586-026-10229-9,2026,"Morris GP, Harder AM, Healey AL, McLaughlin CM, Rifkin JL, Cruet-Burgos C, Jenkins JW, Shu S, Spiekerman JJ, VanGessel CJ, Agnew E, Audebert A, Barry K, Baxter I, Beurier G, Boston LB, Boyles RE, Brad",A sorghum pangenome reference improves global crop trait discovery.,,3,3,sorghum,"pangenome diversity, structural variants, allele frequency, gene flow","landscape genomics, breeding target prioritization across 1,984 cultivars",Constructs pangenome reference and diversity panel; reveals domestication gene structural diversity; enables trait discovery and breeding optimization.,https://doi.org/10.1038/s41586-026-10229-9
10.1038/s41598-024-84262-x,2025,"Medina CA, Zhao D, Lin M, Sapkota M, Sandercock AM, Beil CT, Sheehan MJ, Irish BM, Yu LX, Poudel H, Claessens A, Moore V, Crawford J, Hansen J, Viands D, Peel MD, Tilhou N, Riday H, Brummer EC, Xu Z.","Pre-breeding in alfalfa germplasm develops highly differentiated populations, as revealed by genome-wide microhaplotype markers.",,3,3,alfalfa,"genetic diversity, differentiation (microhaplotypes, SNPs)","pre-breeding, germplasm screening, recombination maximization",Diversity quantified across germplasm pools; explicit strategy to broaden genetic base via selection.,https://doi.org/10.1038/s41598-024-84262-x
10.1007/s00122-022-04227-4,2022,"Berkner MO, Schulthess AW, Zhao Y, Jiang Y, Oppermann M, Reif JC.",Choosing the right tool: Leveraging of plant genetic resources in wheat (Triticum aestivum L.) benefits from selection of a suitable genomic prediction model.,,3,3,wheat,"subpopulation-specific marker effects, epistasis",genomic prediction with subpopulation structure,Genomic selection approach accounting for diversity structure in genebank wheat accessions.,https://doi.org/10.1007/s00122-022-04227-4
10.3389/fgene.2021.726152,2021,"Choudhury DR, Kumar R, S VD, Singh K, Singh NK, Singh R.",Identification of a Diverse Core Set Panel of Rice From the East Coast Region of India Using SNP Markers.,,3,3,rice,"Nei's diversity index, Shannon-Wiener index, PIC, allele frequency","core set and mini-core set selection from 2,242 accessions using SNP markers",Systematic core collection development captures genetic diversity of coastal rice germplasm with quantified metrics.,https://doi.org/10.3389/fgene.2021.726152
10.1111/eva.70047,2024,"Dominguez PG, Gutierrez AV, Fass MI, Filippi CV, Vera P, Puebla A, Defacio RA, Paniego NB, Lia VV.",Genome-Wide Diversity in Lowland and Highland Maize Landraces From Southern South America: Population Genetics Insights to Assist Conservation.,,3,3,maize,"genome-wide SNP diversity, gene diversity, population structure, essential biodiversity variables",conservation-informed genetic structure analysis,Quantifies genetic diversity in maize landraces across contrasting regions; informs conservation prioritization.,https://doi.org/10.1111/eva.70047
10.1590/0034-737x2024710056,2024,Pereira Joaes Alves da Silva; Santos Vanderley Borges dos,"Stratified mass selection, individual selection between and within, and genetic gains in native maize varieties",Revista Ceres,2,3,maize,"variance components, heritability, selection gains","stratified mass selection, individual selection between/within half-sib families",Directly compares stratified mass and individual selection in native maize for genetic gain.,https://doi.org/10.1590/0034-737x2024710056
10.1002/jsfa.70490,2026,Sun Jiachen; Yin Xingfu; Ma Yuanqu; Jiang Fuyan; Guo Ruijia; Shaw Ranjan K.,Heterotic group classification and heterosis prediction in recombinant maize inbred lines,Journal of the Science of Food and Agriculture,2,3,maize,"genetic distance (GD), heterozygous marker proportion, molecular markers in key genomic regions","heterotic group classification (HSGCA), heterosis prediction from genetic distance",Heterotic groups classified by markers; GD predicts grain yield heterosis; heterosis models explicitly tested.,https://doi.org/10.1002/jsfa.70490
10.3389/fpls.2024.1398715,2024,"John-Bejai C, Trethowan R, Revell I, de Groot S, Shezi L, Koekemoer F, Diffey S, Lage J.",Identifying the seeds of heterotic pools for Southern and Eastern Africa from global elite spring wheat germplasm.,,2,3,wheat,"genetic distinctness via F₁ hybrid testing, heterotic pool identification",heterotic pool delineation from multi-environment F₁ testing,Identifies genetically distinct germplasm groups and heterotic pools for hybrid breeding strategy in sub-Saharan Africa.,https://doi.org/10.3389/fpls.2024.1398715
10.1093/hr/uhaf258,2026,"Huo G, Wei H, He S, Ge G, Wang L, Xu G, Huang Y, Zhou Y, Yang X, Li Z, Han Y, Wei S, Luo L.",Genome-wide association study in a lettuce core collection from 811 accessions reveals genetic loci for anthocyanin accumulation and cultivar development.,,2,3,lettuce,"core collection capturing 99.4% genetic variation, population structure from 811 accessions",core collection selection (268 from 811 accessions),Develops core collection to retain diversity; GWAS identifies loci for cultivar improvement.,https://doi.org/10.1093/hr/uhaf258
10.3389/fpls.2024.1488814,2024,"Seck F, Prakash PT, Covarrubias-Pazaran G, Gueye T, Diédhiou I, Bhosale S, Kadaru S, Bartholomé J.",Stochastic simulation to optimize rice breeding at IRRI.,,2,3,rice,genetic gain,"genomic selection, rapid generation advance optimization",Stochastic simulation optimizing breeding scheme cycle time for long-term gain in rice.,https://doi.org/10.3389/fpls.2024.1488814
10.28951/bjb.v43i3.787,2025,Cendoya Maria Gabriela; Grondona Martín; Zambelli Andrés,Impact and interpretation of different measures of genetic diversity in inbred lines applied to crop breeding,Brazilian Journal of Biometrics,1,3,maize,"genetic distance, similarity measures, statistical methods for diversity comparison",framework for similarity/distance metrics in molecular breeding,Establishes unified framework for diversity metrics and their relation to distance; directly addresses quantification of total diversity.,https://doi.org/10.28951/bjb.v43i3.787
10.3390/ijms26167950,2025,Zhang Hongyou; Lyu Dexin; Zhang Yu; Wang Wei; Zhao Renjie; Lü Pengfei,Classification of Heterotic Groups and Prediction of Heterosis in Sorghum Based on Whole-Genome Resequencing,International Journal of Molecular Sciences,1,3,sorghum,"whole-genome resequencing SNP, genetic distance, GCA, SCA, heterosis",heterotic group classification; heterosis prediction; combining ability analysis,Non-maize but directly parallel: WGRS heterotic grouping with combining ability and heterosis prediction.,https://doi.org/10.3390/ijms26167950
10.1038/s41598-023-38980-3,2023,Gedil Melaku; Maazou Abdoul-Raouf Sayadi; Zebire Degife A.; Garcia-Oliveira Ana Luísa; Unachukwu Nnanna; Petroli César,Genetic structure analysis and identifying key founder inbred lines in diverse elite sub-tropical maize inbred lines,Scientific Reports,1,3,maize,"SNP-based genetic similarity, heterotic group assignment",pedigree analysis with molecular founder identification,Identifies 20 key founders from 623 inbreds using 5032 SNPs and pedigree; tracks diversity structure across breeding targets.,https://doi.org/10.1038/s41598-023-38980-3
10.1111/pbr.70042,2025,Anilkumar Chandrappa; Bernardo Rex,"Genomewide Selection in Rice (
                    <scp>
                      <i>Oryza sativa</i>
                    </scp>
                    L.) Breeding: Balancing Cost and Time for Higher Genetic Gain",Plant Breeding,1,3,rice,"predictive ability, genetic gain comparison",genomic selection with field-based rapid generation advancement,Simulation study comparing genomic selection schemes; demonstrates gain–cost trade-off in breeding pipeline.,https://doi.org/10.1111/pbr.70042
10.1111/pbr.70068,2026,Viana Jesimiel da Silva; DoVale Júlio César; Fritsche‐Neto Roberto,Using Stochastic Simulations to Shed Light on How to Deploy Speed Breeding and Genomic Selection in Self‐Pollinated Recurrent Breeding Programs,Plant Breeding,1,3,none,"genetic variance, prediction accuracy, response to selection",speed breeding with genomic selection (simulation of 20-year pipeline),"Stochastic simulations compare speed-breeding strategies with pedigree selection; balances gain, variance sustainability, cost.",https://doi.org/10.1111/pbr.70068
10.1002/tpg2.70036,2025,Sciara Giuseppe; Camerlengo Francesco; Welcker Claude; Cabrera‐Bosquet Llorenç; Grau Antonin; Cané Maria Angela,A maize landrace introgression library reveals a negative effect of root‐to‐shoot ratio on water‐use efficiency,The Plant Genome,1,3,maize,,introgression library from landrace Gaspé Flint; QTL mapping,Landrace introgression library phenotyped for WUE traits; identified QTL clusters; demonstrates exotic resource introgression for trait discovery.,https://doi.org/10.1002/tpg2.70036
10.1007/s00122-026-05169-x,2026,González-Diéguez David O.; Atlin Gary N.; Beyene Yoseph; Wegary Dagne; Gemenet Dorcus C.; Werner Christian R.,Sparse testcrossing for early-stage genomic prediction of general combining ability to increase genetic gain in maize hybrid breeding programs,Theoretical and Applied Genetics,1,3,maize,"general combining ability (GCA) prediction accuracy, genetic gain, short- and long-term gain retention","sparse testcrossing with genomic prediction, reciprocal recurrent selection (RRS) with early-stage GCA genomic selection",Simulation-based optimization of hybrid breeding design balancing GCA selection efficiency with genetic gain and resource constraints.,https://doi.org/10.1007/s00122-026-05169-x
10.1002/tpg2.70142,2025,"Chiaravallotti I, Hoyos-Villegas V.",Simulations of genomic selection implementation pathways in common bean (Phaseolus vulgaris L.) using parametric and nonparametric models.,,1,3,common bean,training set diversity,genomic selection simulation; rapid-cycle GS; parametric vs nonparametric models,Simulates GS implementation pathways; diverse training data optimizes gain; explores model choices in breeding cycles.,https://doi.org/10.1002/tpg2.70142
10.1186/s12864-025-11882-6,2025,"Todd ET, Arigoni F, Holzwarth JA, Bellanger L, Descombes P, Beche E, Lass T, Guiltinan MJ, Maximova SN, Leandro M, Mérot V, Lepelley M, Fillodeau A.",Developing a core collection for the conservation of Theobroma cacao's genetic diversity.,,1,3,cacao,"SNP diversity, genetic groups, allele frequency coverage",core collection (96 from 310 accessions),Core collection captures 99.6% diversity across ten genetic groups; balances diversity conservation and trait objectives.,https://doi.org/10.1186/s12864-025-11882-6
10.1101/2025.09.24.678244,2025,"Fernández-González J, Metwally SM, y Sánchez JI.",MateR: a novel framework for computing the usefulness criterion and applying genomic mating,,1,3,multi-crop,"additive standard deviation, family variance, diversity-linked metrics",genomic mating with usefulness criterion and diversity control,Derives diversity metric linked to additive variation loss; implements mating design maximizing gain with diversity constraint.,https://doi.org/10.1101/2025.09.24.678244
10.1111/jbg.12929,2025,"Wolf M, Yin T, Neumann GB, Kokuć P, Brockmann GA, König S.",Single-Step Breeding Value Estimations and Optimum Contribution Selection in Endangered Dual-Purpose German Black Pied Cattle (DSN) Using a Breed Specific SNP Chip.,,1,3,none,,optimum genetic contribution (OGC) selection,OGC applied to endangered cattle breed; explicit diversity-aware selection method with SNP chip.,https://doi.org/10.1111/jbg.12929
10.1186/s12870-024-05791-1,2024,"Oladimeji JJ, Abe A, Kumar PL, Agre PA, Ilesanmi OJ, Vetukuri RR, Bhattacharjee R.",Extent and patterns of morphological and molecular genetic diversity and population structure of Nigerian Taro cultivars.,,1,3,taro,"gene diversity, Nm gene flow, within/among population variance (AMOVA)",germplasm diversity assessment by DArT-SNP in two gene pools,Quantifies total genetic diversity within/between gene pools; foundation for breeding program design.,https://doi.org/10.1186/s12870-024-05791-1
10.1002/tpg2.70161,2025,"Montiel M, Moreno-Amores J, Punzalan J, Angira B, Cerioli T, Robbins K, McCouch S, Fritsche-Neto R, Famoso A.",The effect of haplotype size on genomic selection accuracy and epistasis: An empirical study in rice.,,1,3,maize,"haplotype size, linkage disequilibrium (LD)",genomic selection with additive vs. additive+epistasis models; biparental and multiparent populations,GS prediction accuracy varies with haplotype resolution and genetic model; explores gain dynamics.,https://doi.org/10.1002/tpg2.70161
10.1371/journal.pone.0292095,2023,"Akohoue F, Koch S, Lieberherr B, Kessel B, Presterl T, Miedaner T.",Effectiveness of introgression of resistance loci for Gibberella ear rot from two European flint landraces into adapted elite maize (Zea mays L.).,,1,3,maize,,introgression from landraces into elite germplasm with selection for disease resistance and adaptation,Evaluates effectiveness of transferring disease-resistance alleles from landraces to elite backgrounds.,https://doi.org/10.1371/journal.pone.0292095
10.1101/2025.01.10.632416,2025,"Pook T, Tost ML, Simianer H.",Optimization of a maize rapid cycle breeding scheme using the Modular Breeding Program Simulator (MoBPS),,1,3,maize,genetic diversity (monitoring via stochastic simulation),genomic selection with diversity constraint via training-set phenotyping updates,Simulation study directly addressing diversity collapse risk in rapid-cycle breeding; optimal phenotyping strategy identified.,https://doi.org/10.1101/2025.01.10.632416
10.15446/acag.v72n2.110480,2024,Torres González Laura Marcela; Mayor Durán Víctor Manuel; Chacón Sánchez Maria Isabel,Identificación de grupos heteróticos en líneas tropicales de maíz mediante cruzamientos dialélicos y marcadores moleculares de tipo SNP,Acta Agronómica,0,3,maize,"SNP markers, diallel crosses, heterotic group classification",heterotic group identification by SNP and diallel; hybrid selection,SNP-based heterotic grouping applied to tropical germplasm; directly supports heterotic group formation and cross selection.,https://doi.org/10.15446/acag.v72n2.110480
10.36103/tnhhjw11,2025,Neyaz R. Mustafa; Sakar A. Kakarash; Namam B. Ismael; Sebar D. Abdulazeez,FORMATION OF POTENTIAL HETEROTIC GROUPS OF MAIZE INBRED LINES USING VARIATION AT SIMPLE SEQUENCE REPEAT LOCI,IRAQI JOURNAL OF AGRICULTURAL SCIENCES,0,3,maize,"SSR polymorphism information content (PIC), AMOVA, UPGMA, PCoA",heterotic group identification via molecular variance; UPGMA/PCoA grouping,SSR-based diversity partitioning and heterotic group formation; directly answers (A) with genetic divergence metrics.,https://doi.org/10.36103/tnhhjw11
10.1093/g3journal/jkag163,2026,Godoy dos Santos Jenifer Camila; Edwards Jode; Lee Elizabeth; Mikel Mark A; Fernandes Samuel B; Hirsch Candice N,Dissecting genetic variance structure and evaluating genomic prediction models for single-cross hybrids derived from Stiff Stalk and Non-Stiff Stalk maize heterotic groups,"G3: Genes, Genomes, Genetics",0,3,maize,"genomic BLUP, additive/nonadditive relationship matrices, GCA/SCA variance components",genomic best linear unbiased prediction; variance component estimation; cross prediction,GBLUP models for GCA variance within heterotic groups and SCA across crosses; directly addresses (B) prediction.,https://doi.org/10.1093/g3journal/jkag163
10.1111/pbr.70026,2025,Elmyhun Melkamu; Abate Ermias; Abate Alemu; Menkir Abebe; Teklewold Adefris,"Genetic Diversity and Population Structure of Elite Maize (
                    <scp>
                      <i>Zea mays</i>
                    </scp>
                    ) Inbred Lines Using Phenotypic Data and Single Nucleotide Polymorphisms",Plant Breeding,0,3,maize,"SNP-based genetic distance (Euclidean), cluster analysis, agronomic trait clustering",integrated diversity assessment for hybrid heterosis optimization,Genetic diversity in elite inbred lines quantified by SNPs and phenotype; groups characterized for breeding utility.,https://doi.org/10.1111/pbr.70026
10.3389/fpls.2026.1872682,2026,Song Yuhan; Nong Hongsen; Liao Zhenyang; Wang Yanyan; Yu Hongying; Du Guohua,Genetic characterization of commercial spring maize germplasm in Northern China for hybrid breeding and trait improvement,Frontiers in Plant Science,0,3,maize,"nucleotide diversity (π), IBD, selective sweeps",heterotic group structure analysis,Characterizes genetic diversity trends over breeding era; identifies genetic erosion and selective sweeps across heterotic groups.,https://doi.org/10.3389/fpls.2026.1872682
10.1093/genetics/iyag205,2026,Ahlinder Jon; Waldmann Patrik,Uncertainty-aware breeding decisions: MCMC-based optimum contribution selection increases breeding decision robustness,GENETICS,0,3,forest tree,"genetic gain, inbreeding (via OCS)",CVaR-OCS (Optimum Contribution Selection with risk-aware uncertainty),Novel OCS formulation balances gain and inbreeding robustness; tested on Norway spruce and Loblolly pine progeny trials.,https://doi.org/10.1093/genetics/iyag205
10.1111/pbr.70093,2026,Surgy Sónia; Cadima Jorge; Gonçalves Elsa,maxRgain—An R Package for Maximising Genetic Gains in Polyclonal Selection,Plant Breeding,0,3,grapevine,genetic gains in target traits,polyclonal selection via integer programming (maxRgain R package),Selects groups of clones maximizing genetic gain subject to user constraints; demonstrated on ancient grapevine varieties.,https://doi.org/10.1111/pbr.70093
10.1002/tpg2.70229,2026,Anilkumar Chandrappa; Bernardo Rex,Optimum recombination rates for genetic gains in simulated recurrent selection in empirical maize populations,The Plant Genome,0,3,maize,"genetic gain vs. recombination rate, linkage disequilibrium",simulated recurrent selection with optimized recombination,Long-term gain-diversity trade-off in simulated selection; optimum recombination identified.,https://doi.org/10.1002/tpg2.70229
10.1186/s12864-025-12232-2,2025,Laribi Marwa; Ben M’Barek Sarrah; Velasco-Cuervo Sandra M.; Hwang Sheau-Fang; Yahyaoui Amor H.; Strelkov Stephen E.,Genetic diversity and population structure of a core collection of Mediterranean durum wheat accessions using DArTseq markers,BMC Genomics,0,3,durum wheat,"gene diversity, expected heterozygosity, SNP markers (8,015 + 28,200 SilicoDArT)",population structure analysis; landrace/breeding line diversity partitioning,Quantifies diversity in core collection; compares landraces vs. elite germplasm; addresses genetic erosion.,https://doi.org/10.1186/s12864-025-12232-2
10.3390/plants15132095,2026,Marklová Michaela; Pavliuk Liliia; Čmejlová Jana; Krška Boris; Sedlák Jiří,Germplasm Mining of Prunus domestica L.: Multi-Year Assessment of Pomological Characters to Identify Candidate Elite Donor Parents for European Plum Breeding and Their Genetic Evaluation,Plants,0,3,plum (Prunus domestica),"SSR marker diversity, genetic distance, kinship; phenotypic traits (UPOV-based, instrumental)",genetic structure partitioning; parentage analysis; identification of elite donor parents via multi-year phenotypic scre,Combines molecular and phenotypic diversity to select superior donor parents for competitive breeding; documents trait stability.,https://doi.org/10.3390/plants15132095
10.1186/s12870-026-08935-7,2026,Torrent Ignacio; Lorea Roberto D.; Micheli Darío; Rodríguez Gustavo Rubén; Velazco Julio G.; Presello Daniel A.,Genetic diversity and population structure of temperate maize (Zea mays L.) inbred lines from a public breeding program in Argentina,BMC Plant Biology,0,3,maize,"Rogers genetic distance, PIC, kinship coefficients, allelic diversity",core-set selection capturing program diversity,Quantifies diversity in maize breeding program; explicitly selects core subset for functional studies.,https://doi.org/10.1186/s12870-026-08935-7
10.1186/s12915-025-02496-1,2025,"Xue Y, Ma S, Liu Z, Xu L, Zhu S, Ge J, Xie F, Wang W, Shen X, Zhao W, Zhao Y, Zhao J, Wang F.",Novel perpetual genetic population development and genome assembly of superior maize inbred lines provide insights into genetic improvement.,,0,3,maize,"QTL mapping, heterotic pattern analysis (X group × SPT group)","whole chromosome substitution line population (MOSAIC), rapid QTL identification with genetic background control",Develops novel breeding population maintaining genetic backgrounds while mapping major QTLs; demonstrates systematic genetic improvement strategy.,https://doi.org/10.1186/s12915-025-02496-1
10.1007/s00122-026-05245-2,2026,"Cruet-Burgos C, Banda L, Faye JM, Diatta C, Zapata D, Morris GP, Rhodes DH.",Advancing provitamin A biofortification in sorghum: from allele mining and marker development to prebreeding and breeding.,,0,3,sorghum,Allelic variation for provitamin A; transgressive segregation analyzed across biparental families,"Allele mining, marker-assisted prebreeding, validation across diverse breeding materials","Mines alleles from genebank diversity, develops trait-predictive markers, demonstrates utility in breeding program.",https://doi.org/10.1007/s00122-026-05245-2
10.1007/s00122-026-05204-x,2026,"Chaves S, Ssali R, Chagas JTB, Dias KOG, De Boeck B, Mendes T, Lindqvist-Kreuze H, Campos H, Yencho GC, da Silva Pereira G.",Towards a sweetpotato genomic-enabled breeding: optimizing two-stage analysis of multi-environment augmented trials.,,0,3,sweetpotato,,"genomic selection, two-stage model optimization, pool-specific prediction",Compares genomic selection strategies in multi-environment trials; selection without replication.,https://doi.org/10.1007/s00122-026-05204-x
10.1007/s00122-025-05107-3,2025,"Rivera-Poulsen C, Polzer C, Hölker AC, Presterl T, da Silva S, Terán-Pineda M, Ouzunova M, Melchinger AE, Schön CC.",Rapid cycling genomic selection in maize landraces: a step toward closing the yield gap.,,0,3,maize,"selection response, prediction accuracy, yield gap metrics","rapid-cycle genomic selection with multi-trait stabilizing selection (biomass, height, flowering)",Three-cycle genomic selection in landrace pre-breeding; directly optimizes gain while preserving agronomic traits.,https://doi.org/10.1007/s00122-025-05107-3
10.1016/j.jgeb.2025.100491,2025,"Sidhu G, Banks T, Wolyn D.",Genetic diversity and population structure analysis in Asparagus officinalis.,,0,3,asparagus,"expected heterozygosity (He), polymorphic information content (PIC), observed heterozygosity (Ho)","population structure analysis (STRUCTURE), principal coordinate analysis (PCoA), linkage disequilibrium","Directly quantifies genetic diversity via He, PIC, Ho; assesses population structure to guide breeding decisions.",https://doi.org/10.1016/j.jgeb.2025.100491
10.1186/s12870-026-09023-6,2026,"Nakanwagi MJ, Wasswa P, Gonin M, Auguste R, Vi TB, Musoli P, Marraccini P, Kiwuka C, Karungi J, Dramadri IO, Ssemakula MO, Millet CP, Milton A, Arinaitwe G, Sseremba G, Poncet V, Delahaie B.",Uncovering the historic genetic diversity of Ugandan Robusta coffee germplasm: a foundation for core collection design.,,0,3,coffee (Robusta),genetic diversity metrics; differentiation; allelic variation,core collection design,Historic diversity assessment of 909 accessions; core collection methodology to preserve diversity for breeding.,https://doi.org/10.1186/s12870-026-09023-6
10.1186/s12870-025-08082-5,2026,"Gowda SA, Bueno L, Kuraparthy V.","Population structure, genetic diversity analyses and genome-wide association study of photoperiod sensitivity in Pima cotton (Gossypium barbadense L.).",,0,3,cotton (Pima),Nei's genetic distance; identity by state; allelic diversity,core collection design; photoperiod-group stratification,Diversity panel assembled; core set (41 accessions) captures 99% allelic diversity; group-specific cores for introgression.,https://doi.org/10.1186/s12870-025-08082-5
10.1007/s00122-025-05124-2,2026,"Fall ST, Kena A, Rice BR, Kanfany G, Diatta C, Kane NA, Fritz AK, Morris GP.",Genomic approaches to build de novo elite breeding gene pools from locally adapted landraces.,,0,3,cereal (Senegalese landraces),genotype-based inference metrics,"population-based genotypic inference (PGI), QTL-based genotypic inference (QGI), family-based phenotypic inference (FPI)",Defines iso-elite and allo-elite germplasm; evaluates three genomic inference approaches for de novo elite pool construction and gain simulation.,https://doi.org/10.1007/s00122-025-05124-2
10.3389/fgene.2025.1712106,2025,"Zhao H, Xu E, Lv D, Li W, Zhao X, Jia X, Yuan H, Zhou R.",Genetic evolution of parental populations and construction of core germplasm populations in qinghai spruce seed orchard based on SLAF-seq technology.,,0,3,forest tree,"genetic diversity retained in 20% core germplasm selection (allelic diversity, SNP markers)",core hunter II software core collection,Selects 33 core accessions retaining all genetic diversity; demonstrates germplasm reduction strategy.,https://doi.org/10.3389/fgene.2025.1712106
10.3389/fpls.2026.1727383,2026,"Okoye UJ, Frisch M, Herzog E.",Optimization of family sizes in sets of crosses with a greedy allocation strategy based on automatic differentiation.,,0,3,barley,"expected genetic value, selection differential from order statistics theory",greedy optimization algorithm for family size allocation across crosses,Optimizes allocation of progeny to crosses to maximize genetic gain given fixed resources; barley resistance breeding.,https://doi.org/10.3389/fpls.2026.1727383
10.1038/s41598-025-20383-1,2025,"Berta S, Menamo TM, Tadesse Z, Birhan T, Tesfaye Abebe A.",Assessing genetic gain and diversity in Ethiopian bread wheat across six decades.,,0,3,wheat,"heterozygosity, allele distribution, population structure",,"Quantifies genetic gain (0.90% annual, irrigated) vs diversity decline over 6 decades; identifies inbreeding and genetic narrowing.",https://doi.org/10.1038/s41598-025-20383-1
10.3389/fpls.2026.1757675,2026,"Gayacharan, Joshi DC, Aravind J, Wankhede DP, Singh B, Kumar P, Rajkumar S, Parida SK, Semwal DP, Sharma P, Singh M, Chattopadhyay D, Singh K, Singh GP, Singh AK.",Multi-environment phenotyping of ricebean (&lt;i&gt;Vigna umbellata&lt;/i&gt; (Thunb.) Ohwi &amp; Ohashi) germplasm and identification of core set for accelerating the crop improvement programs.,,0,3,ricebean,"genetic distance, MD%, VD%, coincidence rate, variable rate; core collection sampling","MStrat, PowerCore, PCSS, CoreHunter algorithms","Core collection construction from 1,589 accessions; explicitly evaluates diversity indices and core-subset selection.",https://doi.org/10.3389/fpls.2026.1757675
10.1186/s12870-026-08473-2,2026,"Guo M, Miao J, Li Y, Yin J, Wang P, Luo F, Li S, Hu J, Liu W, Zhang T, Ren L, Deng L.",A breeding strategy for high-oleic acid content and high-yield peanut using Tag SNPs and genomic selection.,,0,3,peanut,"GWAS, haplotype blocks, Tag SNPs","genomic selection, marker-assisted breeding",GS framework for trait selection; integrates prediction with diverse germplasm.,https://doi.org/10.1186/s12870-026-08473-2
10.3389/fpls.2026.1743562,2026,"Kalia RK, Gayacharan, Patil DK, Wankhede DP, Aravind J, Singh N, Kumar P, Singh AK, Panchariya P, Choudhary M, Solanki K, Kakani RK, Rani R, Mahla HR, Gomashe S, Latha M, Shekhawat N, Pathak R, Singh ",Unravelling phenotypic variations and establishing a core collection in mungbean for accelerating the crop improvement programs.,,0,3,mungbean,"diversity indices, heritability, genetic gain, PCA",core collection (five independent sets),Core collection strategy explicitly selects for trait-specific donors and germplasm utilization; diversity vs gain trade-off addressed.,https://doi.org/10.3389/fpls.2026.1743562
10.3390/plants14243750,2025,Fu YB.,Individual Genomic Distinctness of Rice Germplasm as Measured with an Average Pairwise Dissimilarity of Genome-Wide SNPs and Structural Variants.,,0,3,rice,"average pairwise dissimilarity (APD), SNP/SV-based distinctness",APD for genetic redundancy and germplasm optimization,APD directly measures individual genomic distinctness and redundancy; metric guides non-redundant germplasm selection.,https://doi.org/10.3390/plants14243750
10.7717/peerj.18909,2025,"Lei X, Su X, Zhou C, Jiang S, Yuan X, Zhao Y, Jiang S.",Genetic structure and designing a preliminary core collection of &lt;i&gt;Zizania latifolia&lt;/i&gt; in China based on 12 microsatellites markers.,,0,3,aquatic plant (Zizania),"expected heterozygosity (He = 0.439), microsatellite markers","core collection design (CoreHunter3, PowerMarker)",Designs core collection from wild accessions using molecular markers; directly addresses (B).,https://doi.org/10.7717/peerj.18909
10.3390/plants12193474,2023,"Dos Santos CC, de Andrade LRB, do Carmo CD, de Oliveira EJ.","The Development of Thematic Core Collections in Cassava Based on Yield, Disease Resistance, and Root Quality Traits.",,0,3,cassava,"Shannon-Weaver index, observed heterozygosity, inbreeding coefficient",thematic core collection (truncated selection by BLUP),Trait-focused core collections derived via ranking; diversity retained while selecting for specific traits.,https://doi.org/10.3390/plants12193474
10.1093/g3journal/jkaf183,2025,"Villar-Hernández BJ, Singh P, Lozano-Ramírez N, Vitale P, Gerard G, Breseghello F, Dreisigacker S, Crossa J.",Bayesian divergence-based approach for genomic multitrait ordinal selection.,,0,3,wheat,"Kullback-Leibler divergence, Bhattacharyya distance, Hellinger distance","Bayesian divergence-based ordinal genomic selection, multitrait selection (MPS-R)",Novel framework for genomic selection on ordinal traits balancing genetic gain with breeder targets; wheat validation.,https://doi.org/10.1093/g3journal/jkaf183
10.3389/fpls.2025.1553272,2025,"Chaingeni D, Mukaro R, Sneller C, Cairns JE, Musundire L, Das B, Odiyo O, Madahana S, Mazibuko P, Mubvereki W, Prasanna BM, Kutywayo D.",More bang for your buck: potential gains through optimizing maize breeding schemes in sub-Saharan Africa.,,0,3,maize,,"selection intensity optimization, doubled haploid lines, tester scheme",Optimization of maize breeding schemes for genetic gain; demonstrates gain vs. scheme efficiency trade-offs.,https://doi.org/10.3389/fpls.2025.1553272
10.3390/plants14203149,2025,"Sousa AMCB, Resende MPM, Crispim-Filho AJ, Miranda GV, Reis EFD.",Genetic Gains and Field Validation of Synthetic Populations in Tropical Maize Using Selection Indexes and REML/BLUP.,,0,3,maize,,"Smith-Hazel Index, Base Index, Mulamba-Mock Index, REML/BLUP",Comparison of selection indices in maize synthetic populations; realized vs. predicted gain analysis.,https://doi.org/10.3390/plants14203149
10.1093/database/baaf074,2025,"Nyaga C, Labroo MR, Paterne A, Asfaw A, Wolfe MD, Tecle IY, Mueller LA.",Genomic Predicted cross performance: a tool for optimizing parental combinations in breeding programs.,,0,3,yam,,"genomic predicted cross-performance (GPCP), optimized mate allocation","Cross-performance prediction optimizes parental combinations; maintains genetic variation, accelerates gain.",https://doi.org/10.1093/database/baaf074
10.1101/2024.05.24.595600,2024,"Peixoto MA, Amadeu RR, Bhering LL, Ferrão LFV, Munoz PR, Resende MFR.",SimpleMating: R-package for Prediction and Optimization of Breeding Crosses Using Genomic Selection,,0,3,multi-crop,"inbreeding coefficient, genetic relationship, parent relationship","SimpleMating: optimization algorithm for mate allocation minimizing inbreeding, maximizing cross merit",Software optimizes crosses for gain while constraining inbreeding across reproductive systems.,https://doi.org/10.1101/2024.05.24.595600
10.21203/rs.3.rs-3009231/v1,2023,"Sanchez D, Allier A, Sadoun SB, Tristan M, Bauland C, Palaffre C, Lagardère B, Madur D, Combes V, Melkior S, Bettinger L, Murigneux A, Moreau L, Charcosset A.",Assessing the potential of genetic resource introduction into elite germplasm: a collaborative multiparental population for Flint maize,,0,3,maize,genetic diversity (implied via usefulness criterion components),bridging population; usefulness criterion (UC); genetic resource introgression,Integrates genetic resources into elite germplasm via UC; manages diversity-gain trade-off in maize.,https://doi.org/10.21203/rs.3.rs-3009231/v1
10.1093/hr/uhaf349,2026,"Mochizuki H, Minamikawa MF, Hamazaki K, Kunihisa M, Moriya S, Noshita K, Hayashi T, Katayose Y, Yamamoto T, Iwata H.",Haplotype bias detection using pedigree-based transmission simulation: traces of selection that occurred in apple breeding.,,0,3,apple,"founder haplotype frequency, gene-drop simulation","pedigree-based haplotype bias detection, selection inference",Quantifies directional selection on haplotypes via simulation; reveals genetic narrowing and associated loci in breeding history.,https://doi.org/10.1093/hr/uhaf349
,2025,"Kang Z, Kong J, Li Q, Sui J, Dai P, Luo K, Meng X, Chen B, Cao J, Tan J, Fu Q, Wang Z, Luan S.",Genomic selection for hard-to-measure traits in aquaculture: Challenges in balancing genetic gain and diversity,,0,3,none,"genetic diversity (genome-wide), genetic gain, conversion efficiency",genomic selection with diversity constraint simulation,Simulation of GS vs. PS trade-offs in gain vs. diversity; explicitly balances genetic gain and diversity loss under different panel densities.,
10.3389/fpls.2026.1806277,2026,"Zhao JY, Song FJ, Hao JJ, Qiu SZ, Cui X, Jiao GQ, Song H, Bai J, Li G, Chen P, Li NN, Zhang XY.",SSR-based genetic diversity and population structure analysis of 144 core pea (&lt;i&gt;Pisum sativum&lt;/i&gt; L.) accessions.,,0,3,pea,"expected heterozygosity, allelic richness, Shannon index, PIC",core collection,"SSR diversity metrics on core collection; directly answers (A) with He, Na, Ne, Shannon, PIC.",https://doi.org/10.3389/fpls.2026.1806277
10.1038/s41598-025-20647-w,2026,"Yadav R, Vishwakarma H, Satpathy S, Mahalingam A, Rangan P, Kumar A, Ali S, Sharma K, Kumari K, Arya DK, Rialch I, Kumhar SR, Gohil V, Bisen R, Pandey R, Rai V, Tiwari K, Singh AK, Angadi UB, Vasimall",A multidimensional core set development of sesame germplasm leveraging agro-morphological traits diversity for genetic improvement and climate resilience.,,0,3,sesame,"coincidence rate, variable rate",core set development,Core set algorithm using morphological diversity; directly answers (B) subset selection maintaining variability.,https://doi.org/10.1038/s41598-025-20647-w
10.3389/fpls.2026.1773602,2026,"Shen B, Chen Y, Li K, Jin J, Yuan Y, Li L, Chen C, Fan D, Hao Q, Yang L.","Development and application of core collection, KASP markers and SNP-based DNA fingerprinting in &lt;i&gt;Ziziphus jujuba&lt;/i&gt;.",,0,3,jujube,"Shannon index, PIC","core collection, SNP fingerprinting",Core germplasm subset selection with molecular diversity metrics; directly answers (B).,https://doi.org/10.3389/fpls.2026.1773602
10.1002/tpg2.70216,2026,"Song Q, Araya S, Quigley C, Elia P.",Development of user-selectable diverse sets of cultivated and wild soybean germplasm for genetic and breeding applications.,,0,3,soybean,"SNP diversity retained, allelic diversity",diverse sets core collection,Core set algorithm capturing 92–98% SNP diversity vs random sampling; directly answers (B) subset selection.,https://doi.org/10.1002/tpg2.70216
10.3389/fpls.2026.1799510,2026,"Barnes EC, Leal-Bertioli SCM, Bertioli DJ.",Construction of an introgression line population for cultivated peanut (&lt;i&gt;Arachis hypogaea&lt;/i&gt;) to facilitate breeding with wild relatives &lt;i&gt;Arachis batizocoi&lt;/i&gt; and &lt;i&gt;Arachis stenosperma&lt;/i&gt;.,,0,3,peanut,,introgression line population,Structured IL population from wild Arachis; maximizes genome coverage and diversity introgression into cultivated background.,https://doi.org/10.3389/fpls.2026.1799510
10.1007/s00122-025-05143-z,2026,"Dent CI, Baus LC, Tusso S, Dehmer KJ, Hutten RCB, van Eck HJ, Schneeberger K.",Tracing modern breeding introgressions in European potato.,,0,3,potato,"pedigree-based major contributing ancestors, haplotype tracing, introgression tracking",pedigree + SNP haplotype analysis; MCA-based ancestry tracing; alien introgressions from wild relatives,Traces modern introgressions and genetic base broadening in European germplasm; documents diversity-gain breeding history.,https://doi.org/10.1007/s00122-025-05143-z
10.3389/fpls.2025.1689852,2025,"Patil DK, Dhare SL, Gite VK, Kalpande HV, Thakur NR, Pratap A, Baig KS, Ahire RD.",Pre-breeding efforts through introgression of pre-harvest sprouting resistance genes from wild &lt;i&gt;Vigna radiata&lt;/i&gt; var. &lt;i&gt;sublobata&lt;/i&gt; into cultivated mungbean.,,0,3,mungbean,wide genetic variation observed,introgression of resistance genes from wild Vigna radiata var. sublobata,Explicit introgression method to introduce PHS resistance into elite pool while maintaining agronomic traits.,https://doi.org/10.3389/fpls.2025.1689852
10.1101/2023.12.30.573724,2023,"Bančič J, Greenspoon P, Gaynor CR, Gorjanc G.",Plant breeding simulations with AlphaSimR,,0,3,multi-crop,,"stochastic simulation of breeding programs including genomic selection, index selection, backcrossing",AlphaSimR simulations for optimizing breeding strategies; gain and selection methods demonstrated across crop types.,https://doi.org/10.1101/2023.12.30.573724
10.21203/rs.3.rs-10069220/v1,2026,"Luo Y, Jiang F, Lyu H, Shaw RK, Yin X, Wang G, Fan X.",Integrated GWAS and linkage mapping in a multi-parent population prioritizes candidate genes for kernel number per row in maize,,0,3,maize,"haplotype comparison, genomic estimated breeding value","integrated GWAS, linkage mapping, haplotype analysis, genomic estimated breeding value modeling",Multi-parent population for KNPR; integrated mapping identifies candidate genes and favorable haplotypes.,https://doi.org/10.21203/rs.3.rs-10069220/v1
10.64898/2026.02.19.706772,2026,"Grzybowski MW, Schnable JC.",Haplotype-rich  <i>cis</i>  -regulation underlies transcriptomic diversity across the breeding history of maize (  <i>Zea mays</i>  ),,0,3,maize,"nucleotide diversity, transcriptomic diversity, cis-eQTN fine-mapping, haplotype diversity",cis-regulatory haplotype characterization across breeding history,Quantifies regulatory diversity loss during breeding; haplotypes tracking diversity retention in populations.,https://doi.org/10.64898/2026.02.19.706772
10.1186/s13059-025-03913-y,2026,"MacNish TR, Bergmann T, Edwards D.",Haplotype applications in genomic selection.,,0,3,multi-crop,"haplotype blocks, local epistasis",haplotype-based genomic selection; machine learning models,Review: haplotypes in genomic selection capture epistasis better than SNPs for breeding applications.,https://doi.org/10.1186/s13059-025-03913-y
10.1186/s12870-026-08494-x,2026,"Nguyen TTN, Heo J, Lim B, Sim SC.",Haplotype-based genome-wide association study uncovers QTL for fruit-related traits in the 287 tomato accessions.,,0,3,tomato,"haplotype blocks, genetic diversity and differentiation (within and between species)","haplotype-based GWAS (Hap-GWAS); 3,884 haplotype blocks, 11,970 haplotypes, 32 significant associations",Haplotype-GWAS quantifies diversity across species; associates haplotype variation with fruit trait QTL.,https://doi.org/10.1186/s12870-026-08494-x
10.1038/s41588-021-00807-0,2021,"Rabanus-Wallace MT, Hackauf B, Mascher M, Lux T, Wicker T, Gundlach H, Baez M, Houben A, Mayer KFX, Guo L, Poland J, Pozniak CJ, Walkowiak S, Melonek J, Praz CR, Schreiber M, Budak H, Heuberger M, Ste","Chromosome-scale genome assembly provides insights into rye biology, evolution and agronomic potential.",,180,2,rye,"genetic diversity in wild relatives, allelic repertoire",introgressive hybridization with wild rye,Genome resource enabling introgression breeding; diversity access described but not quantified.,https://doi.org/10.1038/s41588-021-00807-0
10.3389/fgene.2021.643761,2021,"Labroo MR, Studer AJ, Rutkoski JE.",Heterosis and Hybrid Crop Breeding: A Multidisciplinary Review.,,118,2,multi-crop,,"recurrent selection, heterosis exploitation",Conceptual framework for hybrid breeding as population improvement; no quantitative diversity metric.,https://doi.org/10.3389/fgene.2021.643761
10.1126/sciadv.aav0536,2019,"Balfourier F, Bouchet S, Robert S, De Oliveira R, Rimbert H, Kitt J, Choulet F, International Wheat Genome Sequencing Consortium, BreedWheat Consortium, Paux E.",Worldwide phylogeography and history of wheat genetic diversity.,,117,2,wheat,allele distribution; genetic structure; phylogeography,,"Wheat phylogeography and diversity over 10,000 years; breeding-driven allele enrichment and introgression documented.",https://doi.org/10.1126/sciadv.aav0536
10.1007/s10681-018-2192-5,2018,Louwaars Niels P.,Plant breeding and diversity: A troubled relationship?,Euphytica,108,2,multi-crop,"diversity bottlenecks, allelic composition loss","multiline breeding, participatory plant breeding",Reviews genetic diversity collapse during modernization; proposes breeding strategies to preserve diversity.,https://doi.org/10.1007/s10681-018-2192-5
10.1038/s41437-020-0312-1,2020,Bernardo R.,"Reinventing quantitative genetics for plant breeding: something old, something new, something borrowed, something BLUE.",,93,2,multi-crop,"reliability, kinship, genomic merit",mixed-model BLUE/BLUP with molecular markers for candidate selection,Conceptual framework for modern quantitative genetics in breeding; reliability as diversity proxy.,https://doi.org/10.1038/s41437-020-0312-1
10.1038/s41598-021-82437-4,2021,Delfini Jessica; Moda-Cirino Vânia; dos Santos Neto José; Ruas Paulo Maurício; Sant’Ana Gustavo César; Gepts Paul,"Population structure, genetic diversity and genomic selection signatures among a Brazilian common bean germplasm",Scientific Reports,77,2,common bean,"SNP diversity, population structure, gene pool differentiation, LD",population structure analysis (Bayesian),Diversity panel characterized for conservation and breeding direction.,https://doi.org/10.1038/s41598-021-82437-4
10.3390/plants9070817,2020,Nguyen Giao N.; Norton Sally L.,Genebank Phenomics: A Strategic Approach to Enhance Value and Utilization of Crop Germplasm,Plants,71,2,multi-crop,genotyping + phenotyping data integration,genebank phenomics strategy for trait discovery,Framework for utilizing germplasm diversity in breeding; phenotyping accelerates selection from diverse pools.,https://doi.org/10.3390/plants9070817
10.1371/journal.pone.0214810,2019,Boakyewaa Adu Gloria; Badu-Apraku Baffour; Akromah Richard; Garcia-Oliveira Ana Luisa; Awuku Frederick Justice; Gedil Melaku,Genetic diversity and population structure of early-maturing tropical maize inbred lines using SNP markers,PLOS ONE,70,2,maize,"genetic diversity, population structure, heterotic groups",,Assesses genetic diversity and identifies heterotic groups in early-maturing lines; no selection method to maintain diversity.,https://doi.org/10.1371/journal.pone.0214810
10.1038/s41586-024-07808-z,2024,"Cavalet-Giorsa E, González-Muñoz A, Athiyannan N, Holden S, Salhi A, Gardener C, Quiroz-Chávez J, Rustamova SM, Elkot AF, Patpour M, Rasheed A, Mao L, Lagudah ES, Periyannan SK, Sharon A, Himmelbach A",Origin and evolution of the bread wheat D genome.,,61,2,wheat,"haplotype diversity, allelic composition across Aegilops tauschii subpopulations",,Wild-relative genome diversity analysis; genetic reservoirs for introgression but no selection strategy.,https://doi.org/10.1038/s41586-024-07808-z
10.3389/fgene.2020.578123,2020,Tessema Biructawit Bekele; Liu Huiming; Sørensen Anders Christian; Andersen Jeppe Reitan; Jensen Just,Strategies Using Genomic Selection to Increase Genetic Gain in Breeding Programs for Wheat,Frontiers in Genetics,53,2,wheat,"genetic variance, genetic correlation","genomic selection simulation, multi-trait optimization",Simulation compares phenotypic vs genomic selection over 25 years; genetic variance tracked but diversity not primary focus.,https://doi.org/10.3389/fgene.2020.578123
10.1111/mec.16402,2022,Wambugu Peterson W.; Henry Robert,Supporting in situ conservation of the genetic diversity of crop wild relatives using genomic technologies,Molecular Ecology,50,2,multi-crop,"genome-based diversity indicators, allelic diversity","genomic prioritization for in situ conservation, adaptive-trait identification",Genomic tools for CWR conservation and genetic reserve enrichment; diversity monitoring framework; not primary breeding selection.,https://doi.org/10.1111/mec.16402
10.1093/bfgp/ely014,2018,"Wambugu PW, Ndjiondjop MN, Henry RJ.",Role of genomics in promoting the utilization of plant genetic resources in genebanks.,,49,2,multi-crop,"phylogenetic analysis, genetic value assessment","genebank selection, genomic identification",Reviews genomic approaches to improve genebank utility and germplasm selection; strategic application emphasis.,https://doi.org/10.1093/bfgp/ely014
10.3390/genes10040281,2019,Liu Fu-Mei; Zhang Ning-Nan; Liu Xiao-Jin; Yang Zeng-Jiang; Jia Hong-Yan; Xu Da-Ping,Genetic Diversity and Population Structure Analysis of Dalbergia Odorifera Germplasm and Development of a Core Collection Using Microsatellite Markers,Genes,44,2,forest tree,"allele count, polymorphic information content (PIC), Nei's gene diversity, Shannon index, Ho, He",core collection development,Germplasm diversity assessed and core collection built; no joint gain–diversity selection method.,https://doi.org/10.3390/genes10040281
10.1093/pcp/pcaa019,2020,"Tanaka N, Shenton M, Kawahara Y, Kumagai M, Sakai H, Kanamori H, Yonemaru J, Fukuoka S, Sugimoto K, Ishimoto M, Wu J, Ebana K.",Whole-Genome Sequencing of the NARO World Rice Core Collection (WRC) as the Basis for Diversity and Association Studies.,,43,2,rice,"SNP/indel variation, population structure, haplotype groups",core collection (69 accessions) characterization and genome browsing,World Rice Core Collection whole-genome sequencing provides baseline diversity data for association studies and trait haplotyping.,https://doi.org/10.1093/pcp/pcaa019
10.1007/s00122-019-03428-8,2019,"Hölker AC, Mayer M, Presterl T, Bolduan T, Bauer E, Ordas B, Brauner PC, Ouzunova M, Melchinger AE, Schön CC.",European maize landraces made accessible for plant breeding and genome-based studies.,,41,2,maize,"molecular variation, allelic diversity, population structure",doubled-haploid library creation from landraces,DH lines preserve 95% landrace variation; accessible diversity for breeding without selection optimization.,https://doi.org/10.1007/s00122-019-03428-8
10.1007/s00122-020-03638-5,2020,Wang Nan; Wang Hui; Zhang Ao; Liu Yubo; Yu Diansi; Hao Zhuanfang,Genomic prediction across years in a maize doubled haploid breeding program to accelerate early-stage testcross testing,Theoretical and Applied Genetics,37,2,maize,,"genomic selection (GEBV-based selection, skipping phenotyping rounds)",Genomic selection accelerates early testcross testing; cost/time saving but no diversity metric or constraint.,https://doi.org/10.1007/s00122-020-03638-5
10.1002/csc2.20060,2020,Sapkota Sirjan; Boyles Richard; Cooper Elizabeth; Brenton Zachary; Myers Matthew; Kresovich Stephen,Impact of sorghum racial structure and diversity on genomic prediction of grain yield components,Crop Science,36,2,sorghum,"gene diversity, SNP markers, population structure (races), within/between variance partitioning",genomic prediction with racial structure consideration,Diversity metrics on racial panel; structure impacts prediction accuracy; no explicit selection-diversity optimization.,https://doi.org/10.1002/csc2.20060
10.7554/elife.66873,2022,"Patiranage DSR, Rey E, Emrani N, Wellman G, Schmid K, Schmöckel SM, Tester M, Jung C, Jung C.",Genome-wide association study in quinoa reveals selection pattern typical for crops with a short breeding history.,,36,2,quinoa,"population structure (F_ST, LD decay), allele frequency variation",GWAS and marker-trait association for genomic selection,Characterizes genetic diversity across ecogeographic groups; demonstrates genomic selection feasibility in short-history crop.,https://doi.org/10.7554/elife.66873
10.1111/pbi.13458,2021,"Xu Y, Zhao Y, Wang X, Ma Y, Li P, Yang Z, Zhang X, Xu C, Xu S.",Incorporation of parental phenotypic data into multi-omic models improves prediction of yield-related traits in hybrid rice.,,35,2,rice,,"multi-omic genomic prediction, parental phenotypic integration",Hybrid parent selection via multi-omic prediction; diversity context via parent choice not explicit.,https://doi.org/10.1111/pbi.13458
10.1073/pnas.2205783119,2023,"Huang K, Jahani M, Gouzy J, Legendre A, Carrere S, Lázaro-Guevara JM, González Segovia EG, Todesco M, Mayjonade B, Rodde N, Cauet S, Dufau I, Staton SE, Pouilly N, Boniface MC, Tapy C, Mangin B, Duhne",The genomics of linkage drag in inbred lines of sunflower.,,34,2,sunflower,sequence and structural variation in introgressions,ridge-regression BLUP for phenotypic prediction of introgression effects,Genomic analysis of wild introgression impacts on cultivated pool; linkage drag assessment relevant to diversity-constrained selection.,https://doi.org/10.1073/pnas.2205783119
10.1007/s00122-020-03696-9,2021,"Atanda SA, Olsen M, Burgueño J, Crossa J, Dzidzienyo D, Beyene Y, Gowda M, Dreher K, Zhang X, Prasanna BM, Tongoona P, Danquah EY, Olaoye G, Robbins KR.",Maximizing efficiency of genomic selection in CIMMYT's tropical maize breeding program.,,34,2,maize,training set composition,genomic selection with optimized training subset,Optimizes GS training set design to maximize prediction; subset selection but no explicit diversity constraint.,https://doi.org/10.1007/s00122-020-03696-9
10.3390/plants9091140,2020,Kamara Mohamed M.; Rehan Medhat; Ibrahim Khaled M.; Alsohim Abdullah S.; Elsharkawy Mohsen M.; Kheir Ahmed M. S.,Genetic Diversity and Combining Ability of White Maize Inbred Lines under Different Plant Densities,Plants,33,2,maize,"genetic distance, GCA, SCA",combining ability analysis,Genetic distance among 8 inbreds; hybrid performance prediction without diversity constraint.,https://doi.org/10.3390/plants9091140
10.3389/fpls.2021.691211,2021,Barbosa Pedro Augusto Medeiros; Fritsche-Neto Roberto; Andrade Marcela Carvalho; Petroli César Daniel; Burgueño Juan; Galli Giovanni,Introgression of Maize Diversity for Drought Tolerance: Subtropical Maize Landraces as Source of New Positive Variants,Frontiers in Plant Science,31,2,maize,,landrace introgression panel; GWAS for drought tolerance,"Genome-wide association in 1,326 progenies from 20 arid-region landraces; identifies chromosomal regions for drought tolerance introgression.",https://doi.org/10.3389/fpls.2021.691211
10.1042/ebc20210096,2022,"Dinglasan E, Periyannan S, Hickey LT.",Harnessing adult-plant resistance genes to deploy durable disease resistance in crops.,,30,2,wheat,,genebank introgression of APR alleles into elite germplasm,Genebank diversity for durable resistance; introgression approach but no diversity quantification or optimization.,https://doi.org/10.1042/ebc20210096
10.1038/s41598-019-50345-3,2019,Annor Benjamin; Badu-Apraku Baffour; Nyadanu Daniel; Akromah Richard; Fakorede Morakinyo A. B.,Testcross performance and combining ability of early maturing maize inbreds under multiple-stress environments,Scientific Reports,28,2,maize,"general and specific combining ability (GCA, SCA)",testcross combining ability analysis,Combining ability under multiple stresses; identifies beneficial alleles for tropical maize but no diversity-constrained selection.,https://doi.org/10.1038/s41598-019-50345-3
10.1038/s41598-023-44961-3,2023,Dube Sweetbird Phindile; Sibiya Julia; Kutu Funso,Genetic diversity and population structure of maize inbred lines using phenotypic traits and single nucleotide polymorphism (SNP) markers,Scientific Reports,27,2,maize,"gene diversity, polymorphic information content",,Quantifies total diversity of germplasm pool using SNP markers; identifies subpopulations but no selection method.,https://doi.org/10.1038/s41598-023-44961-3
10.3389/fpls.2017.01934,2017,"Ramya AR, Ahamed M L, Satyavathi CT, Rathore A, Katiyar P, Raj AGB, Kumar S, Gupta R, Mahendrakar MD, Yadav RS, Srivastava RK.",Towards Defining Heterotic Gene Pools in Pearl Millet [<i>Pennisetum glaucum</i> (L.) R. Br.].,,27,2,pearl millet,"gene diversity, alleles per locus, PIC, neighbor-joining clustering",heterotic group assignment by SSR markers,Diversity metrics applied to maintainer and restorer lines; heterotic group identification via markers.,https://doi.org/10.3389/fpls.2017.01934
10.1007/s00122-023-04436-5,2023,Würschum Tobias; Zhu Xintian; Zhao Yusheng; Jiang Yong; Reif Jochen C.; Maurer Hans Peter,Maximization through optimization? On the relationship between hybrid performance and parental genetic distance,Theoretical and Applied Genetics,25,2,maize,"genetic distance (heterotic loci), heterosis magnitude",,Theoretical framework on relationship between heterosis and parental genetic distance; context for optimizing heterotic groups.,https://doi.org/10.1007/s00122-023-04436-5
10.1534/g3.120.401491,2020,"Keep T, Sampoux JP, Blanco-Pastor JL, Dehmer KJ, Hegarty MJ, Ledauphin T, Litrico I, Muylle H, Roldán-Ruiz I, Roschanski AM, Ruttink T, Surault F, Willner E, Barre P.",High-Throughput Genome-Wide Genotyping To Optimize the Use of Natural Genetic Resources in the Grassland Species Perennial Ryegrass (<i>Lolium perenne</i> L.).,,25,2,perennial ryegrass,"allele frequencies, SNP diversity across 189,781 markers",GWAS-guided selection of natural ecotype diversity,Characterizes natural genetic resources and marker associations; enabling selection without explicit diversity constraint.,https://doi.org/10.1534/g3.120.401491
10.2135/cropsci2018.03.0163,2018,Singh Satbeer; Gupta S. K.; Thudi Mahendar; Das Roma Rani; Vemula Anilkumar; Garg Vanika,Genetic Diversity Patterns and Heterosis Prediction Based on SSRs and SNPs in Hybrid Parents of Pearl Millet,Crop Science,24,2,pearl millet,"SSR alleles, SNP loci, diversity (AMOVA/PCoA), parental genetic distance",,Genetic diversity quantified across maintainer/restorer heterotic groups; heterosis prediction from GD.,https://doi.org/10.2135/cropsci2018.03.0163
10.1093/g3journal/jkab153,2021,"Technow F, Podlich D, Cooper M.",Back to the future: implications of genetic complexity for the structure of hybrid breeding programs.,,24,2,maize,"effective population size, genetic space",NK model simulation,Simulation on genetic-base narrowing in hybrid breeding structure; addresses long-term diversity collapse risk.,https://doi.org/10.1093/g3journal/jkab153
10.1111/pbi.14341,2024,"Burridge AJ, Winfield M, Przewieslik-Allen A, Edwards KJ, Siddique I, Barral-Arca R, Griffiths S, Cheng S, Huang Z, Feng C, Dreisigacker S, Bentley AR, Brown-Guedira G, Barker GL.",Development of a next generation SNP genotyping array for wheat.,,24,2,wheat,SNP diversity from skim sequencing of elite lines and landraces; haplotype optimization,novel haplotype optimization approach for SNP selection; designed from Watkins Core Collection,Captures varietal diversity in genotyping platform; core-collection-derived marker design.,https://doi.org/10.1111/pbi.14341
10.3389/fpls.2022.1008904,2022,"Tirnaz S, Zandberg J, Thomas WJW, Marsh J, Edwards D, Batley J.","Application of crop wild relatives in modern breeding: An overview of resources, experimental and computational methodologies.",,24,2,multi-crop,genetic diversity in crop wild relatives (CWRs) via pangenomes,"de novo domestication, modern breeding experimental approaches for CWR introgression",Reviews resources and strategies for introducing CWR diversity into crops; diversity-constrained improvement framework.,https://doi.org/10.3389/fpls.2022.1008904
10.1111/pbr.12821,2020,Neuweiler Jan E.; Maurer Hans Peter; Würschum Tobias,"Long‐term trends and genetic architecture of seed characteristics, grain yield and correlated agronomic traits in triticale (×<i>Triticosecale</i> Wittmack)",Plant Breeding,23,2,triticale,"genotypic variation, heritability, QTL effects, allele frequency trends",,Long-term genetic trends and architecture documented; phenotypic gain trends shown; no selection scheme.,https://doi.org/10.1111/pbr.12821
10.3389/fpls.2021.745379,2022,Juliana Philomin; He Xinyao; Marza Felix; Islam Rabiul; Anwar Babul; Poland Jesse,"Genomic Selection for Wheat Blast in a Diversity Panel, Breeding Panel and Full-Sibs Panel",Frontiers in Plant Science,23,2,wheat,"genetic diversity (diversity panel), prediction accuracy","genomic selection, GBLUP, Bayes B",Evaluates GS on diversity/breeding/full-sib panels; no explicit diversity constraint in optimization.,https://doi.org/10.3389/fpls.2021.745379
10.1038/s41437-021-00494-x,2022,"Chang CW, Fridman E, Mascher M, Himmelbach A, Schmid K.","Physical geography, isolation by distance and environmental variables shape genomic variation of wild barley (Hordeum vulgare L. ssp. spontaneum) in the Southern Levant.",,23,2,barley (wild),"gene diversity, genomic variation partitioning, environmental correlation",population structure and RDA,Quantifies genetic structure and local adaptation in wild barley; informs genetic resource utilization strategy.,https://doi.org/10.1038/s41437-021-00494-x
10.1002/csc2.20676,2022,Cerón‐Rojas J. Jesus; Crossa Jose,The statistical theory of linear selection indices from phenotypic to genomic selection,Crop Science,22,2,multi-crop,"selection response, expected genetic gain per trait","linear selection index (LSI), single/multi-stage, constrained/unconstrained",LSI theory from phenotypic to genomic selection; constrained LSI can impose diversity targets.,https://doi.org/10.1002/csc2.20676
10.1007/s00122-020-03731-9,2021,"Gaikpa DS, Kessel B, Presterl T, Ouzunova M, Galiano-Carneiro AL, Mayer M, Melchinger AE, Schön CC, Miedaner T.",Exploiting genetic diversity in two European maize landraces for improving Gibberella ear rot resistance using genomic tools.,,22,2,maize,"genotypic variance, broad-sense heritability, genotype-environment interaction","GWAS, genomic selection",Exploits genetic diversity in landraces for Fusarium resistance using GS; variance and heritability reported.,https://doi.org/10.1007/s00122-020-03731-9
10.3390/genes13122383,2022,Li Na; Yang Yuanmu; Xu Fang; Chen Xinyu; Wei Ruiyan; Li Ziyue,Genetic Diversity and Population Structure Analysis of Castanopsis hystrix and Construction of a Core Collection Using Phenotypic Traits and Molecular Markers,Genes,21,2,forest tree,"allele count, effective alleles (Ne), Ho, He, Shannon index (I), PIC, AMOVA",core collection construction using phenotypic/molecular data,Diversity metrics and core collection built; no explicit gain–diversity optimization method.,https://doi.org/10.3390/genes13122383
10.1016/j.dib.2022.108164,2022,Mayer Manfred; Hölker Armin C.; Presterl Thomas; Ouzunova Milena; Melchinger Albrecht E.; Schön Chris-Carolin,Genetic diversity of European maize landraces: Dataset on the molecular and phenotypic variation of derived doubled-haploid populations,Data in Brief,21,2,maize,SNP-based molecular inventory; additive genetic variance from homozygous DH lines,,Genomic characterization of DH landraces for diversity; phenotypic resource but no selection optimization.,https://doi.org/10.1016/j.dib.2022.108164
10.1093/hr/uhac041,2022,"Brault C, Segura V, This P, Le Cunff L, Flutre T, François P, Pons T, Péros JP, Doligez A.",Across-population genomic prediction in grapevine opens up promising prospects for breeding.,,21,2,grapevine,,"across-population genomic prediction, half-diallel mating design",GP for cross selection and individual merit from diversity panel; no diversity metric explicit.,https://doi.org/10.1093/hr/uhac041
10.1111/pbr.12700,2019,Denwar Nicholas Ninju; Awuku Frederick J.; Diers Brian; Addae‐Frimpomaah Francisca; Chigeza Godfree; Oteng‐Frimpong Richard,"Genetic diversity, population structure and key phenotypic traits driving variation within soyabean (<i>Glycine max</i>) collection in Ghana",Plant Breeding,20,2,soybean,"SSR gene diversity, PIC, UPGMA clustering, PCoA, STRUCTURE","population structure, clustering",142 accessions; diversity and subpopulation structure support breeding program design.,https://doi.org/10.1111/pbr.12700
10.1186/s13059-024-03203-z,2024,"He Y, Zhang K, Shi Y, Lin H, Huang X, Lu X, Wang Z, Li W, Feng X, Shi T, Chen Q, Wang J, Tang Y, Chapman MA, Germ M, Luthar Z, Kreft I, Janovská D, Meglič V, Woo SH, Quinet M, Fernie AR, Liu X, Zhou M","Genomic insight into the origin, domestication, dispersal, diversification and human selection of Tartary buckwheat.",,20,2,Tartary buckwheat,"population genomic variation, selective sweeps, GWAS-identified domestication genes",,Population diversity and domestication history; genetic variation described but no diversity-aware selection method.,https://doi.org/10.1186/s13059-024-03203-z
10.1016/j.xplc.2022.100325,2022,"Cui D, Zhou H, Ma X, Lin Z, Sun L, Han B, Li M, Sun J, Liu J, Jin G, Wang X, Cao G, Deng XW, He H, Han L.",Genomic insights on the contribution of introgressions from Xian/Indica to the genetic improvement of Geng/Japonica rice cultivars.,,20,2,rice,introgression frequency and genomic landscape from Xian/Indica into Geng/Japonica; haplotype tracking at key loci,genomic landscape analysis of 816 elite cultivars across breeding eras; haplotype-based introgression tracking,Documents long-term diversity introgression strategy; haplotype composition of elite lines across decades.,https://doi.org/10.1016/j.xplc.2022.100325
10.2135/cropsci2018.03.0197,2019,Smallwood Christopher J.; Saxton Arnold M.; Gillman Jason D.; Bhandari Hem S.; Wadl Phillip A.; Fallen Benjamin D.,Context‐Specific Genomic Selection Strategies Outperform Phenotypic Selection for Soybean Quantitative Traits in the Progeny Row Stage,Crop Science,19,2,soybean,SNP markers (4867 polymorphic),"genomic selection (Epistacy, BayesB, GBLUP) vs phenotypic selection",Context-specific GS strategies; genetically diverse RIL population; no diversity-gain trade-off measure.,https://doi.org/10.2135/cropsci2018.03.0197
10.1534/genetics.118.301286,2018,Brauner Pedro C; Müller Dominik; Schopp Pascal; Böhm Juliane; Bauer Eva; Schön Chris-Carolin,Genomic Prediction Within and Among Doubled-Haploid Libraries from Maize Landraces,Genetics,19,2,maize,prediction accuracy within/among doubled-haploid libraries,genomic prediction within and across DH libraries from landraces,GP in diverse landrace-derived DH populations; diversity context (landraces) but no diversity metric or constraint.,https://doi.org/10.1534/genetics.118.301286
10.1186/s12864-020-06922-2,2020,"Hoque A, Fiedler JD, Rahman M.",Genetic diversity analysis of a flax (Linum usitatissimum L.) global collection.,,19,2,flax,"SNP-based heterozygosity, nucleotide diversity, FST, population substructure",diversity assessment for parental stock enrichment,Global germplasm diversity analysis; identifies subpopulations to increase breeding program diversity.,https://doi.org/10.1186/s12864-020-06922-2
10.3390/plants9091223,2020,Stanley Adekemi; Menkir Abebe; Paterne Agre; Ifie Beatrice; Tongoona Pangirayi; Unachukwu Nnanna,Genetic Diversity and Population Structure of Maize Inbred Lines with Varying Levels of Resistance to Striga Hermonthica Using Agronomic Trait-Based and SNP Markers,Plants,18,2,maize,"gene diversity, polymorphic information content, population structure",,Assesses diversity in Striga-resistance lines using SNP markers; hierarchical clustering but no selection strategy.,https://doi.org/10.3390/plants9091223
10.1186/s12864-019-6323-8,2019,Gao Hongding; Madsen Per; Aamand Gert Pedersen; Thomasen Jørn Rind; Sørensen Anders Christian; Jensen Just,Bias in estimates of variance components in populations undergoing genomic selection: a simulation study,BMC Genomics,18,2,none,"variance components, genetic variance estimation bias",ssGBLUP and Bayesian variance-component estimation under genomic selection,Simulation study of VC estimation in GS context; methodology for tracking variance-component bias over breeding eras.,https://doi.org/10.1186/s12864-019-6323-8
10.1371/journal.pone.0210772,2019,"Singh S, Dey SS, Bhatia R, Kumar R, Sharma K, Behera TK.",Heterosis and combining ability in cytoplasmic male sterile and doubled haploid based Brassica oleracea progenies and prediction of heterosis using microsatellites.,,18,2,Brassica oleracea,"genetic distance (SSR-based), phenotypic distance",heterotic cross selection,Predicts heterosis using genetic distance and assigns parents to heterotic groups via SSR markers.,https://doi.org/10.1371/journal.pone.0210772
10.1038/s41598-022-24536-4,2022,"Prasanna BM, Burgueño J, Beyene Y, Makumbi D, Asea G, Woyengo V, Tarekegne A, Magorokosho C, Wegary D, Ndhlela T, Zaman-Allah M, Matova PM, Mwansa K, Mashingaidze K, Fato P, Teklewold A, Vivek BS, Zai",Genetic trends in CIMMYT's tropical maize breeding pipelines.,,18,2,maize,genetic trend (kg/ha/yr),,Monitors genetic gain trends across breeding pipelines; documents diversity-maintained gain over decade.,https://doi.org/10.1038/s41598-022-24536-4
10.1007/s10681-019-2406-5,2019,"Das B, Atlin GN, Olsen M, Burgueño J, Tarekegne A, Babu R, Ndou EN, Mashingaidze K, Moremoholo L, Ligeyo D, Matemba-Mutasa R, Zaman-Allah M, San Vicente F, Prasanna BM, Cairns JE.",Identification of donors for low-nitrogen stress with maize lethal necrosis (MLN) tolerance for maize breeding in sub-Saharan Africa.,,18,2,maize,,introgression of genetic resources,Identifies donor lines for low-N and MLN tolerance to introgress into elite germplasm; screening-based donor selection.,https://doi.org/10.1007/s10681-019-2406-5
10.1111/pbr.12734,2019,Jähne Felix; Balko Christiane; Hahn Volker; Würschum Tobias; Leiser Willmar L.,Cold stress tolerance of soybeans during flowering: QTL mapping and efficient selection strategies under controlled conditions,Plant Breeding,17,2,soybean,"QTL, genomic prediction","genomic prediction with test-set scenarios, QTL mapping","Cold-stress QTL and genomic selection scenarios; emphasis on resource allocation, no diversity metric.",https://doi.org/10.1111/pbr.12734
10.3389/fpls.2023.1252504,2023,Simiqueli Guilherme Ferreira; Resende Rafael Tassinari; Takahashi Elizabete Keiko; de Sousa João Edesio; Grattapaglia Dario,Realized genomic selection across generations in a reciprocal recurrent selection breeding program of Eucalyptus hybrids,Frontiers in Plant Science,17,2,forest tree,"predictive ability, genomic breeding value, additive and dominance variance",genomic selection (GBLUP) in reciprocal recurrent selection program,"Realized GS across generations in Eucalyptus hybrids; genetic gain operationalized; forest context, not annual crop.",https://doi.org/10.3389/fpls.2023.1252504
10.3390/f9070372,2018,Lu Wanhong; Arnold Roger J.; Zhang Lei; Luo Jianzhong,Genetic Diversity and Structure through Three Cycles of a Eucalyptus urophylla S.T.Blake Breeding Program,Forests,17,2,forest tree,"expected heterozygosity (He), observed heterozygosity (Ho), Fst",,Diversity tracked across three breeding cycles; no selection/optimization method stated.,https://doi.org/10.3390/f9070372
10.1002/csc2.20032,2020,Kuzay Saarah; Hamilton‐Conaty Paige; Palkovic Antonia; Gepts Paul,"Is the USDA core collection of common bean representative of genetic diversity of the species, as assessed by SNP diversity?",Crop Science,17,2,common bean,"SNP diversity, STRUCTURE, PCoA, neighbor-joining analysis",core collection representativity evaluation,Assesses whether core collection captures species-wide genetic diversity; no selection optimization.,https://doi.org/10.1002/csc2.20032
10.3390/plants10091904,2021,"Engels JMM, Ebert AW.",A Critical Review of the Current Global Ex Situ Conservation System for Plant Agrobiodiversity. II. Strengths and Weaknesses of the Current System and Recommendations for Its Improvement.,,17,2,none (review),"active vs. base collection roles, genetic/geographic gap analysis",genebank management and core collection optimization,Strategic framework for ex situ conservation and rational use; no quantified diversity metric or specific breeding application.,https://doi.org/10.3390/plants10091904
10.1093/g3journal/jkab445,2022,"Weiß TM, Zhu X, Leiser WL, Li D, Liu W, Schipprack W, Melchinger AE, Hahn V, Würschum T.",Unraveling the potential of phenomic selection within and among diverse breeding material of maize (Zea mays L.).,,17,2,maize,genetic and phenomic diversity captured in elite and landrace lines; heterotic-pool composition,phenomic and genomic selection with cross-group predictions; compares prediction within vs. across germplasm groups,Evaluates prediction accuracy across heterotic pools and landraces; diversity handling in selection scenarios.,https://doi.org/10.1093/g3journal/jkab445
10.2134/agronj2017.05.0290,2018,Fan XingMing; Bi Yaqi; Zhang Yudong; Jeffers Daniel; Yin XingFu; Kang Manjit,Improving Breeding Efficiency of a Hybrid Maize Breeding Program Using a Three Heterotic‐Group Classification,Agronomy Journal,16,2,maize,,three heterotic-group classification; general and specific breeding efficiency metrics,Compares two vs three heterotic groups for breeding efficiency; efficiency metrics but not genetic diversity or long-term diversity trajectories.,https://doi.org/10.2134/agronj2017.05.0290
10.3390/agriculture8010003,2018,Mastrodomenico Adriano; Hendrix C.; Below Frederick,Nitrogen Use Efficiency and the Genetic Variation of Maize Expired Plant Variety Protection Germplasm,Agriculture,16,2,maize,nucleotide diversity via SNP,cluster analysis for NUE performance,Evaluates genetic variation in ex-PVP germplasm; cluster analysis identifies inbreds for NUE breeding traits.,https://doi.org/10.3390/agriculture8010003
10.3390/biology12101280,2023,Rasoarahona Ryan; Wattanadilokchatkun Pish; Panthum Thitipong; Thong Thanyapat; Singchat Worapong; Ahmad Syed Farhan,Optimizing Microsatellite Marker Panels for Genetic Diversity and Population Genetic Studies: An Ant Colony Algorithm Approach with Polymorphic Information Content,Biology,16,2,multi-crop,polymorphic information content (PIC),ant colony optimization (ACO) for marker panel selection,"Optimizes microsatellite panels using PIC and heuristic algorithms; applied to chicken and gorals, not crops.",https://doi.org/10.3390/biology12101280
10.1186/s12870-021-02829-6,2021,"Badu-Apraku B, Garcia-Oliveira AL, Petroli CD, Hearne S, Adewale SA, Gedil M.",Genetic diversity and population structure of early and extra-early maturing maize germplasm adapted to sub-Saharan Africa.,,16,2,maize,"polymorphic information content (PIC), SNP markers (9642 DArTseq)",population structure analysis,Assesses early-maturing maize inbred diversity and population structure across SSA.,https://doi.org/10.1186/s12870-021-02829-6
10.1093/plphys/kiac550,2023,"Thakro V, Malik N, Basu U, Srivastava R, Narnoliya L, Daware A, Varshney N, Mohanty JK, Bajaj D, Dwivedi V, Tripathi S, Jha UC, Dixit GP, Singh AK, Tyagi AK, Upadhyaya HD, Parida SK.",A superior gene allele involved in abscisic acid signaling enhances drought tolerance and yield in chickpea.,,16,2,chickpea,allelic haplotype variation (drought tolerance gene CabHLH10),"introgression lines (ILs), near isogenic lines (NILs), association panel",Genomics-assisted breeding identifies superior alleles in mapping population; limited scope for broad diversity conservation.,https://doi.org/10.1093/plphys/kiac550
10.1002/advs.202300039,2023,"Dai F, Zhuo X, Luo G, Wang Z, Xu Y, Wang D, Zhong J, Lin S, Chen L, Li Z, Wang Y, Zhang D, Li Y, Zheng Q, Zheng T, Liu ZJ, Wang L, Zhang Z, Tang C.","Genomic Resequencing Unravels the Genetic Basis of Domestication, Expansion, and Trait Improvement in Morus Atropurpurea.",,16,2,mulberry,genetic diversity from gene flow in hybrid cultivars; population genomics,,Population genomic analysis of 425 accessions; identifies diversity contributors and domestication bottlenecks.,https://doi.org/10.1002/advs.202300039
10.3389/fpls.2024.1441555,2024,Xiang Yong; Xia Chao; Li Lujiang; Wei Rujun; Rong Tingzhao; Liu Hailan,Genomic prediction of yield-related traits and genome-based establishment of heterotic pattern in maize hybrid breeding of Southwest China,Frontiers in Plant Science,14,2,maize,,genomic prediction; heterotic pattern assignment,Genomic prediction of yield and heterotic pattern assignment in maize; establishes groups but no diversity-constrained selection or long-term simulation.,https://doi.org/10.3389/fpls.2024.1441555
10.3390/foods11070898,2022,Amegbor Isaac; van Biljon Angeline; Shargie Nemera; Tarekegne Amsal; Labuschagne Maryke,Identifying Quality Protein Maize Inbred Lines for Improved Nutritional Value of Maize in Southern Africa,Foods,14,2,maize,"allelic diversity in nutritional traits (tryptophan, lysine, zein fractions)",,Evaluates 40 QPM and non-QPM inbred lines for trait variation; identifies good-quality lines for hybrid breeding without explicit selection optimization.,https://doi.org/10.3390/foods11070898
10.1186/s12870-022-03726-2,2022,Selga Catja; Chrominski Pawel; Carlson-Nilsson Ulrika; Andersson Mariette; Chawade Aakash; Ortiz Rodomiro,Diversity and population structure of Nordic potato cultivars and breeding clones,BMC Plant Biology,14,2,potato,"SNP-based genetic distance, PCoA, STRUCTURE, allelic diversity","population structure, PCoA clustering",Nordic breeding germplasm and genebank diversity; population structure guides breeding decisions.,https://doi.org/10.1186/s12870-022-03726-2
10.1093/genetics/iyac018,2022,"Roth M, Beugnot A, Mary-Huard T, Moreau L, Charcosset A, Fiévet JB.",Improving genomic predictions with inbreeding and nonadditive effects in two admixed maize hybrid populations in single and multienvironment contexts.,,14,2,maize,"inbreeding coefficient, variance decomposition, dominance",genomic prediction with inbreeding/nonadditive effects in admixed hybrid populations,Genomic prediction in admixed populations; models diversity structure via inbreeding.,https://doi.org/10.1093/genetics/iyac018
10.3389/fpls.2023.1293186,2023,"Magon G, De Rosa V, Martina M, Falchi R, Acquadro A, Barcaccia G, Portis E, Vannozzi A, De Paoli E.",Boosting grapevine breeding for climate-smart viticulture: from genetic resources to predictive genomics.,,14,2,grapevine,,introgression of alleles via transformation; germplasm collections as diversity source,Genetic diversity within Vitis genus for climate resilience; introgression strategy but no diversity optimization.,https://doi.org/10.3389/fpls.2023.1293186
10.1371/journal.pone.0239541,2020,"Vendelbo NM, Sarup P, Orabi J, Kristensen PS, Jahoor A.",Genetic structure of a germplasm for hybrid breeding in rye (Secale cereale L.).,,14,2,rye,"FST, genetic differentiation",,SNP-based population structure and genetic separation quantified for heterotic-group assignment in hybrid breeding.,https://doi.org/10.1371/journal.pone.0239541
10.2135/cropsci2019.01.0045,2019,Egan Lucy M.; Hofmann Rainer W.; Ghamkhar Kioumars; Hoyos‐Villegas Valerio,Identification of Founding Accessions and Patterns of Relatedness and Inbreeding Derived from Historical Pedigree Data in a Red Clover Germplasm Collection in New Zealand,Crop Science,13,2,red clover,"inbreeding coefficients, kinship coefficients, relatedness",,Pedigree maps and relatedness structure in 1742 accessions; genetic bottlenecks identified but no selection strategy applied.,https://doi.org/10.2135/cropsci2019.01.0045
10.3390/su11246950,2019,Leišová-Svobodová Leona; Michel Sebastian; Tamm Ilmar; Chourová Marie; Janovska Dagmar; Grausgruber Heinrich,Diversity and Pre-Breeding Prospects for Local Adaptation in Oat Genetic Resources,Sustainability,13,2,oat,"molecular markers, population structure analysis, heritability",diversity panel phenotyping; subpopulation identification,Characterized 260-accession diversity panel; breeder selection by yield did not erode genetic diversity; genetic base assessed over breeding eras.,https://doi.org/10.3390/su11246950
10.3389/fpls.2021.735610,2021,Brhane Haftom; Haileselassie Teklehaimanot; Tesfaye Kassahun; Hammenhag Cecilia; Ortiz Rodomiro; Abreha Kibrom B.,Novel Expressed Sequence Tag-Derived and Other Genomic Simple Sequence Repeat Markers Revealed Genetic Diversity in Ethiopian Finger Millet Landrace Populations and Cultivars,Frontiers in Plant Science,13,2,finger millet,"polymorphic information content (PIC), gene diversity, number of alleles per locus",,SSR marker-based diversity assessment of finger millet landraces and cultivars; quantifies germplasm diversity.,https://doi.org/10.3389/fpls.2021.735610
10.1002/csc2.20400,2021,Zystro Jared; Peters Tessa; Miller Kathleen; Tracy William F.,Classical and genomic prediction of hybrid sweet corn performance in organic environments,Crop Science,13,2,maize,prediction accuracy (GBLUP with/without dominance),genomic prediction (GBLUP) and North Carolina Design II combining ability,GBLUP vs. classical combining ability for hybrid sweet corn selection; no diversity metric or constraint.,https://doi.org/10.1002/csc2.20400
10.1186/s12863-017-0589-0,2018,"Liu S, Feuerstein U, Luesink W, Schulze S, Asp T, Studer B, Becker HC, Dehmer KJ.","DArT, SNP, and SSR analyses of genetic diversity in Lolium perenne L. using bulk sampling.",,13,2,perennial ryegrass,"DArT, SNP, SSR polymorphism, clustering",,Genetic diversity assessment of germplasm accessions; no selection or breeding optimization method.,https://doi.org/10.1186/s12863-017-0589-0
10.1186/s12864-020-06796-4,2020,"Kanfany G, Serba DD, Rhodes D, St Amand P, Bernardo A, Gangashetty PI, Kane NA, Bai G.",Genomic diversity in pearl millet inbred lines derived from landraces and improved varieties.,,13,2,pearl millet,"genetic distance, population structure, linkage disequilibrium",,Characterizes diversity and structure in landraces and improved lines; foundational but no explicit selection strategy.,https://doi.org/10.1186/s12864-020-06796-4
10.1007/s00122-020-03682-1,2021,"Galiano-Carneiro AL, Kessel B, Presterl T, Miedaner T.",Intercontinental trials reveal stable QTL for Northern corn leaf blight resistance in Europe and in Brazil.,,13,2,maize,"QTL stability across continents, Brazilian germplasm as resistance donor","multi-parent QTL mapping, marker-assisted and genome-wide selection for disease resistance introgression",Validates introgression of Brazilian resistance alleles into European germplasm; QTL × environment stability.,https://doi.org/10.1007/s00122-020-03682-1
10.3390/agronomy11010177,2021,Shaibu Abdulwahab S.; Badu-Apraku Baffour; Ayo-Vaughan Monininuola A.,"Enhancing Drought Tolerance and Striga hermonthica Resistance in Maize Using Newly Derived Inbred Lines from the Wild Maize Relative, Zea diploperennis",Agronomy,12,2,maize,"heterotic grouping (HGCAMT), combining ability (GCA/SCA)",heterotic grouping by GCA of multiple traits (HGCAMT); introgression from Zea diploperennis,Classifies 12 maize inbreds from wild relative introgression; evaluates combining ability and stability across drought/Striga environments.,https://doi.org/10.3390/agronomy11010177
10.1007/s11295-023-01607-9,2023,McLean Duncan; Apiolaza Luis; Paget Mark; Klápště Jaroslav,Simulating deployment of genetic gain in a radiata pine breeding program with genomic selection,Tree Genetics &amp; Genomes,12,2,forest tree,"genetic variance, genetic gain",genomic selection deployment simulation in clonal/orchard systems,"GS acceleration in radiata pine; genetic gain deployment timing optimized; forest genetics context, not crop breeding.",https://doi.org/10.1007/s11295-023-01607-9
10.31742/ijgpb.78.3.5,2018,Babu B. Kalyana; Rashmi C.; Sood Salej,"Cross transferability of finger millet and maize genomic SSR markers
for genetic diversity and population structure analysis of barnyard millet",The Indian Journal of Genetics and Plant Breeding (The),12,2,barnyard millet,"PIC, gene diversity, polymorphism information",SSR marker-based population structure,Molecular diversity quantified; no explicit selection or optimization method.,https://doi.org/10.31742/ijgpb.78.3.5
10.1002/tpg2.20160,2021,Dzievit Matthew J.; Guo Tingting; Li Xianran; Yu Jianming,Comprehensive analytical and empirical evaluation of genomic prediction across diverse accessions in maize,The Plant Genome,12,2,maize,genomic prediction accuracy; genebank diversity exploitation,genomic prediction (cross-validation); genebank subset selection,Uses diversity panel (Ames) as training to select accessions from genebanks; diversity characterization only descriptive.,https://doi.org/10.1002/tpg2.20160
10.3389/fpls.2023.1070302,2023,Matongera Nakai; Ndhlela Thokozile; van Biljon Angeline; Kamutando Casper N.; Labuschagne Maryke,Combining ability and testcross performance of multi-nutrient maize under stress and non-stress environments,Frontiers in Plant Science,12,2,maize,"general and specific combining ability (GCA, SCA)",line-by-tester combining ability analysis,Combining ability estimated for multi-nutrient maize; heterotic-group context but no diversity metric.,https://doi.org/10.3389/fpls.2023.1070302
10.1534/g3.120.401196,2020,Zeitler Leo; Ross-Ibarra Jeffrey; Stetter Markus G,Selective Loss of Diversity in Doubled-Haploid Lines from European Maize Landraces,G3 Genes|Genomes|Genetics,11,2,maize,SNP allele frequency; haplotype diversity,,Quantifies diversity loss from DH production in landraces; genetic-base analysis without selection method.,https://doi.org/10.1534/g3.120.401196
10.3390/biology13060454,2024,"Balconi C, Galaretto A, Malvar RA, Nicolas SD, Redaelli R, Andjelkovic V, Revilla P, Bauland C, Gouesnard B, Butron A, Torri A, Barata AM, Kravic N, Combes V, Mendes-Moreira P, Murariu D, Šarčević H, ",Genetic and Phenotypic Evaluation of European Maize Landraces as a Tool for Conservation and Valorization of Agrobiodiversity.,,11,2,maize,"genetic grouping (admixture threshold 0.6), pool genotyping, nine genetic groups",core collection designation,Characterizes European maize landrace diversity; identifies 277 admixed accessions and geographic structure.,https://doi.org/10.3390/biology13060454
10.3389/fpls.2022.921608,2022,"Sang Z, Wang H, Yang Y, Zhang Z, Liu X, Li Z, Xu Y.",Epistasis Activation Contributes Substantially to Heterosis in Temperate by Tropical Maize Hybrids.,,11,2,maize,heterotic genetic distance,,"Analyzes how interparental divergence affects heterosis in 1,154 hybrids; genetic-base-broadening context but no selection optimization.",https://doi.org/10.3389/fpls.2022.921608
10.1155/2024/9912987,2024,"Ongom PO, Fatokun C, Togola A, Garcia-Oliveira AL, Ng EH, Kilian A, Lonardi S, Close TJ, Boukar O.",A Mid-Density Single-Nucleotide Polymorphism Panel for Molecular Applications in Cowpea (<i>Vigna unguiculata</i> (L.) Walp).,,11,2,cowpea,"minor allele frequency, heterozygosity, LD decay",mid-density SNP panel characterization and population stratification,Molecular characterization of diversity in breeding populations; supports marker-based selection.,https://doi.org/10.1155/2024/9912987
10.3389/fpls.2023.1101271,2023,"Broccanello C, Bellin D, DalCorso G, Furini A, Taranto F.",Genetic approaches to exploit landraces for improvement of <i>Triticum turgidum</i> ssp. <i>durum</i> in the age of climate change.,,11,2,durum wheat,genetic diversity in landraces; signature of selection,"MAS, GWAS, QTL mapping for trait identification in landraces",Reviews molecular techniques for exploiting landrace diversity; diversity-constrained improvement strategy.,https://doi.org/10.3389/fpls.2023.1101271
10.1111/jac.12650,2023,Manju; Yadav Shashank Kumar; Wankhede Dhammaprakash Pandhari; Saroha Ankit; Jacob Sherry Rachel; Pandey Rakesh,"Screening of barley germplasm for drought tolerance based on root architecture, agronomic traits and identification of novel allelic variants of<i>HVA1</i>",Journal of Agronomy and Crop Science,10,2,barley,,genebank screening for stress tolerance alleles,214 genebank accessions screened for drought tolerance; promising donors identified; allelic variation of HVA1 noted for breeding.,https://doi.org/10.1111/jac.12650
10.3390/ijms252312776,2024,Fu Yinyin; Li Shuangyun; Ma Bingyao; Liu Cuilan; Qi Yukun; Pang Caihong,Genetic Diversity Analysis and Core Collection Construction of Ancient Sophora japonica L. Using SSR Markers,International Journal of Molecular Sciences,10,2,forest tree,"Shannon index (I), observed/expected heterozygosity (Ho/He), polymorphism information content (PIC), Fst, AMOVA",core collection construction,Diversity metrics and core collection built; no explicit gain–diversity selection method.,https://doi.org/10.3390/ijms252312776
10.3390/d14060497,2022,Jahnke Gizella; Smidla József; Poczai Peter,MolMarker: A Simple Tool for DNA Fingerprinting Studies and Polymorphic Information Content Calculation,Diversity,10,2,none,polymorphic information content (PIC),marker selection and parental selection tool,Tool for selecting diverse parents and removing linkage drag; conceptual but not applied to specific crop pool.,https://doi.org/10.3390/d14060497
10.1534/g3.118.200994,2019,Technow Frank,Use of F2 Bulks in Training Sets for Genomic Prediction of Combining Ability and Hybrid Performance,G3 Genes|Genomes|Genetics,10,2,multi-crop,,genomic prediction with F1:2 training sets,Simulation of genomic selection feasibility in hybrid crops; addresses training-set design for prediction without diversity metrics.,https://doi.org/10.1534/g3.118.200994
10.3390/ijms23073696,2022,"Sodedji FAK, Ryu D, Choi J, Agbahoungba S, Assogbadjo AE, N'Guetta SA, Jung JH, Nho CW, Kim HY.",Genetic Diversity and Association Analysis for Carotenoid Content among Sprouts of Cowpea (<i>Vigna unguiculata</i> L. Walp).,,10,2,cowpea,"SNP allele frequency, carotenoid trait variation, cluster grouping","association analysis, QTL detection","Genetic diversity and trait association in 125 accessions; documents variation, no selection strategy.",https://doi.org/10.3390/ijms23073696
10.1186/s12864-020-07240-3,2020,"Hawliczek A, Bolibok L, Tofil K, Borzęcka E, Jankowicz-Cieślak J, Gawroński P, Kral A, Till BJ, Bolibok-Brągoszewska H.",Deep sampling and pooled amplicon sequencing reveals hidden genic variation in heterogeneous rye accessions.,,10,2,rye,"allelic diversity in candidate genes, haplotype variation",genebank pool characterization for allele discovery,Discovers hidden variation in heterogeneous accessions to improve breeding resource utility and selection.,https://doi.org/10.1186/s12864-020-07240-3
10.1093/molbev/msad177,2023,"Gonçalves-Dias J, Singh A, Graf C, Stetter MG.",Genetic Incompatibilities and Evolutionary Rescue by Wild Relatives Shaped Grain Amaranth Domestication.,,10,2,amaranth (grain),"gene flow quantification, genetic load",introgression from wild relatives,Documents gene flow reducing genetic load; introgression as adaptive rescue but lacks formal diversity metrics.,https://doi.org/10.1093/molbev/msad177
10.3390/agronomy12123078,2022,Hu Guangming; Jiang Quan; Wang Zhi; Li Zuozhou; Liao Wenyue; Shen Dandan,Genetic Diversity Analysis and Core Collection Construction of the Actinidia chinensis Complex (Kiwifruit) Based on SSR Markers,Agronomy,9,2,kiwifruit,"allele count, expected/observed heterozygosity, polymorphism information content",core collection construction,Genetic diversity characterized and core subset selected; no joint gain–diversity optimization.,https://doi.org/10.3390/agronomy12123078
10.3389/fpls.2024.1351466,2024,Lin Yan-Cheng; Mayer Manfred; Valle Torres Daniel; Pook Torsten; Hölker Armin C.; Presterl Thomas,Genomic prediction within and across maize landrace derived populations using haplotypes,Frontiers in Plant Science,9,2,maize,,genomic prediction with haplotypes vs. SNPs across landrace-derived populations,Comparison of haplotype-based genomic prediction in maize landrace populations; addresses prediction accuracy in diverse germplasm.,https://doi.org/10.3389/fpls.2024.1351466
10.1038/s41598-024-58816-y,2024,Mebratu Addisalem; Wegary Dagne; Teklewold Adefris; Tarekegne Amsal,Testcross performance and combining ability of early-medium maturing quality protein maize inbred lines in Eastern and Southern Africa,Scientific Reports,9,2,maize,"general and specific combining ability (GCA, SCA)",line-by-tester combining ability analysis,QPM hybrid combining ability in Eastern/Southern Africa; heterotic potential but no diversity quantification.,https://doi.org/10.1038/s41598-024-58816-y
10.1371/journal.pone.0238334,2021,"Diaw Y, Tollon-Cordet C, Charcosset A, Nicolas SD, Madur D, Ronfort J, David J, Gouesnard B.",Genetic diversity of maize landraces from the South-West of France.,,9,2,maize,"50K SNP array, genetic differentiation, heterozygosity",,Genetic diversity structure of 194 maize landraces characterized; diversity documentation without selection optimization.,https://doi.org/10.1371/journal.pone.0238334
10.1371/journal.pone.0193346,2018,"Reyes-Valdés MH, Burgueño J, Singh S, Martínez O, Sansaloni CP.",An informational view of accession rarity and allele specificity in germplasm banks for management and conservation.,,9,2,none,allele specificity; accession rarity; divergence (Kullback-Leibler); mutual information,core collection framework; genebank management,Information-theoretic framework for accession rarity and allele preservation in germplasm banks; diversity structure guidance.,https://doi.org/10.1371/journal.pone.0193346
10.1002/tpg2.20550,2025,"Sleper J, Tapia R, Lee S, Whitaker V.","Within-family genomic selection in strawberry: Optimization of marker density, trial design, and training set composition.",,9,2,strawberry,,within-family genomic selection with marker-density and training-set optimization,Within-family GS across 20 biparental families; optimizes marker density and training composition for seedling selection.,https://doi.org/10.1002/tpg2.20550
10.1016/j.xplc.2025.101260,2025,"Campbell Q, Bedford JA, Yu Y, Halpin-McCormick A, Castaneda-Alvarez N, Runck B, Neyhart J, Ewing P, Ortiz-Barrientos D, Gao L, Wang D, Chapman MA, Rieseberg LH, Kantar MB.",Agricultural landscape genomics to increase crop resilience.,,9,2,multi-crop,"landscape genomics, environmental-genomic association",core collection selection framework,Framework to identify populations/individuals with unique useful variation for climate adaptation from genebanks.,https://doi.org/10.1016/j.xplc.2025.101260
10.3390/plants13141899,2024,"Kongsil P, Ceballos H, Siriwan W, Vuttipongchaikij S, Kittipadakul P, Phumichai C, Wannarat W, Kositratana W, Vichukit V, Sarobol E, Rojanaridpiched C.","Cassava Breeding and Cultivation Challenges in Thailand: Past, Present, and Future Perspectives.",,9,2,cassava,,introgression of genetic diversity from international germplasm into local landraces,Incorporation of germplasm diversity in Thai breeding; introgression method but no diversity metric.,https://doi.org/10.3390/plants13141899
10.1007/s00122-023-04413-y,2023,"Melchinger AE, Fernando R, Stricker C, Schön CC, Auinger HJ.",Genomic prediction in hybrid breeding: I. Optimizing the training set design.,,9,2,maize,"expected prediction accuracy, GCA and SCA effects","optimizing training set design (parent number and crosses per parent) for genomic prediction of hybrids H0, H1, H2",Theory and simulation on training set composition for hybrid prediction across generations; indirect diversity implication.,https://doi.org/10.1007/s00122-023-04413-y
10.1111/pbr.12795,2019,Sommer Leonhard; Spiller Monika; Stiewe Gunther; Pillen Klaus; Reif Jochen C.; Schulthess Albert W.,Proof of concept to unmask the breeding value of genetic resources of barley (<i>Hordeum vulgare</i>) with a hybrid strategy,Plant Breeding,8,2,barley,SNP-based genetic relationships (5562 SNPs),hybrid strategy for resource evaluation; targeted introgression; genomic prediction,Uses hybrid strategy and SNP data to identify introgression targets; germplasm characterisation and introgression intent but no diversity metric or simulation.,https://doi.org/10.1111/pbr.12795
10.2135/cropsci2018.08.0517,2019,Campbell B. T.; Hugie K.; Hinze L.; Wu J.; Jones D. C.,Assessing the Breeding Potential of Thirteen Day‐Neutral Landrace Accessions in an Upland Cotton Breeding Program,Crop Science,8,2,cotton,,introgression of landrace alleles into elite germplasm,Day-neutral landrace accessions crossed with elite; new allelic combinations improve fiber quality.,https://doi.org/10.2135/cropsci2018.08.0517
10.1002/tpg2.70138,2025,Tomura Shunichiro; Wilkinson Melanie J.; Powell Owen; Cooper Mark,Ensemble AnalySis with Interpretable Genomic Prediction (EasiGP): Computational tool for interpreting ensembles of genomic prediction models,The Plant Genome,8,2,maize,"prediction accuracy, marker effect contributions by model",ensemble genomic prediction with genome-level interpretation,EasiGP tool interprets ensembles of genomic prediction models; prediction diversity improves accuracy but no selection constraint.,https://doi.org/10.1002/tpg2.70138
10.1186/s12870-023-04337-1,2023,"Hawliczek A, Borzęcka E, Tofil K, Alachiotis N, Bolibok L, Gawroński P, Siekmann D, Hackauf B, Dušinský R, Švec M, Bolibok-Brągoszewska H.",Selective sweeps identification in distinct groups of cultivated rye (Secale cereale L.) germplasm provides potential candidate genes for crop improvement.,,8,2,rye,"genetic diversity (SNP markers, DArTseq), population structure","selective sweep identification, diversity broadening guidance",Maps population structure and selection targets in cultivated rye for targeted diversity introgression.,https://doi.org/10.1186/s12870-023-04337-1
10.1093/genetics/iyae159,2024,"Feldmann MJ, Pincot DDA, Seymour DK, Famula RA, Jiménez NP, López CM, Cole GS, Knapp SJ.",A Dominance Hypothesis Argument for Historical Genetic Gains and the Fixation of Heterosis in Octoploid Strawberry.,,8,2,strawberry,"inbreeding coefficient, between-parent allele frequency differences, dominant allele distribution",long-term selection analysis,Traces heterosis fixation and inbreeding during long-term yield selection; documents diversity loss.,https://doi.org/10.1093/genetics/iyae159
10.2135/cropsci2017.09.0531,2018,"Makumbi D, Assanga S, Diallo A, Magorokosho C, Asea G, Worku M, Bänziger M.",Genetic Analysis of Tropical Midaltitude- Adapted Maize Populations under Stress and Nonstress Conditions.,,8,2,maize,genetic distance (Rogers distance equivalent); heterosis; dominance variance,diallel crosses; heterosis analysis,Diversity quantified among stress-tolerant populations; relationship between diversity and heterosis examined.,https://doi.org/10.2135/cropsci2017.09.0531
10.3389/fpls.2023.1276764,2023,"Margaryan K, Töpfer R, Gasparyan B, Arakelyan A, Trapp O, Röckel F, Maul E.",Wild grapes of Armenia: unexplored source of genetic diversity and disease resistance.,,8,2,grape (wild),"allele frequency, expected heterozygosity, genetic groups",,Population genetic diversity and structure characterized; potential resistance identified for breeding.,https://doi.org/10.3389/fpls.2023.1276764
10.3390/plants11212911,2022,"Palombo NE, Carrizo García C.",Geographical Patterns of Genetic Variation in Locoto Chile (&lt;i&gt;Capsicum pubescens&lt;/i&gt;) in the Americas Inferred by Genome-Wide Data Analysis.,,8,2,pepper (Capsicum pubescens),"genetic diversity, population structure, geographic differentiation",,Genome-wide diversity and structure characterized across cultivation range for species understanding.,https://doi.org/10.3390/plants11212911
10.1270/jsbbs.23006,2023,"Nagata K, Nonoue Y, Matsubara K, Mizobuchi R, Ono N, Shibaya T, Ebana K, Ogiso-Tanaka E, Tanabata T, Sugimoto K, Taguchi-Shiobara F, Yonemaru JI, Uga Y, Fukuda A, Ueda T, Yamamoto SI, Yamanouchi U, Ta",Development of 12 sets of chromosome segment substitution lines that enhance allele mining in Asian cultivated rice.,,8,2,rice,QTL allelic distribution across genetic resources,chromosome segment substitution lines (CSSLs),CSSLs with japonica background enable systematic validation of beneficial alleles from diverse Asian germplasm.,https://doi.org/10.1270/jsbbs.23006
10.4314/njb.v37i1.11,2020,Zebire Degife Asefa,Applications of molecular markers in Genetic Diversity Studies of maize,Nigerian Journal of Biotechnology,7,2,maize,molecular marker genetic similarity; heterotic group clustering,heterotic group assignment by markers,Reviews role of markers in diversity analysis and heterotic grouping; contextual but no novel metric or optimization method presented.,https://doi.org/10.4314/njb.v37i1.11
10.1111/pbr.12712,2019,Abtahi Mozhgan; Majidi Mohammad Mahdi; Mirlohi Aghafakhr,Genotype selection for physiological responses of drought tolerance using molecular markers in polycross hybrids of orchardgrass,Plant Breeding,7,2,orchardgrass,"molecular distance (ISSR, SRAP markers), genetic diversity high vs low",parental selection by molecular diversity,Polycross parents selected for contrasting molecular diversity; improved progeny drought tolerance.,https://doi.org/10.1111/pbr.12712
10.1111/aab.12480,2019,Samayoa Luis F.; Butrón Ana; Malvar Rosa A.,Usefulness of marker‐assisted selection to improve maize for increased resistance to <i>Sesamia nonagrioides</i> attack with no detrimental effect on yield,Annals of Applied Biology,7,2,maize,QTL-linked markers,marker-assisted selection (MAS),MAS to balance disease resistance and yield without trade-off; demonstrates selection method but low genetic variance limits gain.,https://doi.org/10.1111/aab.12480
10.1093/g3journal/jkab145,2021,Billings Grant T; Jones Michael A; Rustgi Sachin; Hulse-Kemp Amanda M; Campbell B Todd,Population structure and genetic diversity of the Pee Dee cotton breeding program,G3 Genes|Genomes|Genetics,7,2,cotton,"polymorphic SNP markers, identity-by-state distance, population structure within breeding groups",,Diversity survey across breeding cycles and heterotic groups; no explicit selection/optimization method.,https://doi.org/10.1093/g3journal/jkab145
10.31742/ijgpb.80.3.7,2020,Viswanatha K. P.; Patil Rajendragouda; Upadhyaya H. D.; Khan Hasan; Gururaj S.; . Somasekhar,"Genetic diversity, association and principle component analyses for agronomical and quality traits in genomic selection training population of groundnut (Arachis hypogaea L.)",Indian Journal of Genetics and Plant Breeding (The),7,2,groundnut,"GCV, PCV, heritability, PCA, cluster analysis","clustering, PCA",340-genotype training population; diversity and associations for genomic selection design.,https://doi.org/10.31742/ijgpb.80.3.7
10.1002/csc2.20545,2021,Burdo Brett; de Leon Natalia; Kaeppler Shawn M.,Testcross vs. randomly paired single‐cross progeny tests for genomic prediction of new inbreds and hybrids derived from multiparent maize populations,Crop Science,7,2,maize,"general combining ability (GCA), parental heterotic groups (Iodent, Stiff Stalk)","genomic prediction, testcross vs. random pairing",Heterotic group structure examined; GCA estimated from genomic data; hybrid selection via GCA/dominance.,https://doi.org/10.1002/csc2.20545
10.1186/s12864-021-08127-7,2022,"de Faria SV, Zuffo LT, Rezende WM, Caixeta DG, Pereira HD, Azevedo CF, DeLima RO.",Phenotypic and molecular characterization of a set of tropical maize inbred lines from a public breeding program in Brazil.,,7,2,maize,"genetic diversity (GD=0.34), kinship coefficients, SNP markers (3083)",,Characterizes tropical inbred-line diversity and population structure for breeding program guidance.,https://doi.org/10.1186/s12864-021-08127-7
10.1007/s00122-023-04447-2,2023,"Lanzl T, Melchinger AE, Schön CC.",Influence of the mating design on the additive genetic variance in plant breeding populations.,,7,2,multi-crop,additive genetic variance,"mating design comparison (disjoint, factorial, half-diallel)",Quantifies how mating designs affect genetic variance; framework for variance estimation from genotypes.,https://doi.org/10.1007/s00122-023-04447-2
10.1186/s12870-022-03770-y,2022,"Chakrabarty S, Mufumbo R, Windpassinger S, Jordan D, Mace E, Snowdon RJ, Hathorn A.",Genetic and genomic diversity in the sorghum gene bank collection of Uganda.,,7,2,sorghum,"SNP-based diversity, subpopulation structure, phylogenetic analysis",population structure characterization,Quantifies sorghum germplasm diversity; identifies racial ancestry and unique subgroups.,https://doi.org/10.1186/s12870-022-03770-y
10.1126/sciadv.ady1667,2025,"VanGessel CJ, Felderhoff TJ, Prigozhin DM, Cui M, Pressoir G, Healey AL, Lovell JT, Nalam VJ, Nishimura MT, Morris GP.",Ancient pangenomic origins of noncanonical NLR genes underlying the recent evolutionary rescue of a staple crop.,,7,2,sorghum,"pangenomic variation, structural variants, NLR gene family diversity",,Identifies rare standing variation in pan-genome enabling evolutionary rescue; ancient gene diversity.,https://doi.org/10.1126/sciadv.ady1667
10.3390/genes13040618,2022,"Kumar B, Choudhary M, Kumar P, Kumar K, Kumar S, Singh BK, Lahkar C, Meenakshi, Kumar P, Dar ZA, Devlash R, Hooda KS, Guleria SK, Rakshit S.",Population Structure Analysis and Association Mapping for Turcicum Leaf Blight Resistance in Tropical Maize Using SSR Markers.,,7,2,maize,"genetic diversity via SSR, polymorphic information content, population structure",,GWAS of disease resistance in diverse inbred panel; diversity characterized but no breeding-selection method.,https://doi.org/10.3390/genes13040618
10.1371/journal.pone.0315463,2025,Gunundu Rodreck; Shimelis Hussein; Tesfamariam Seltene Abady,Genetic diversity and population structure analyses of tropical maize inbred lines using Single Nucleotide Polymorphism markers,PLOS ONE,6,2,maize,"genetic diversity, heterozygosity, polymorphic information content",,Assesses diversity in founder and derived lines to identify unique lines for hybrid breeding; no optimisation method.,https://doi.org/10.1371/journal.pone.0315463
10.1371/journal.pone.0294863,2024,Adu Gloria Boakyewaa; Awuku Frederick Justice; Garcia-Oliveira Ana Luisa; Amegbor Isaac Kodzo; Nelimor Charles; Nboyine Jerry,DArTseq-based SNP markers reveal high genetic diversity among early generation fall armyworm tolerant maize inbred lines,PLOS ONE,6,2,maize,"polymorphic information content, gene diversity, heterozygosity, kinship coefficients",,Assesses diversity and homozygosity in fall-armyworm-tolerant S₃ lines; no selection method to preserve diversity.,https://doi.org/10.1371/journal.pone.0294863
10.3389/fpls.2021.616975,2021,Tolley Seth A.; Singh Amritpal; Tuinstra Mitchell R.,Heterotic Patterns of Temperate and Tropical Maize by Ear Photometry,Frontiers in Plant Science,6,2,maize,testcross performance via ear photometry; yield components,heterotic group characterization; tester performance evaluation,Phenotypic heterotic group assessment; no molecular diversity metric or optimal cross selection algorithm.,https://doi.org/10.3389/fpls.2021.616975
10.3390/su132212778,2021,Timaeus Johannes; Weedon Odette Denise; Finckh Maria Renate,Combining Genetic Gain and Diversity in Plant Breeding: Heritability of Root Selection in Wheat Populations,Sustainability,6,2,wheat,"heritability, intraspecific diversity",population breeding with diversity-conscious selection,Selection for root traits in diverse composite-cross population; heritability estimated; diversity maintenance goal stated.,https://doi.org/10.3390/su132212778
10.1534/g3.120.401171,2020,Cerón-Rojas J Jesus; Crossa Jose,Combined Multistage Linear Genomic Selection Indices To Predict the Net Genetic Merit in Plant Breeding,G3 Genes|Genomes|Genetics,6,2,multi-crop,"genomic estimated breeding value, index correlation, economic value weighting","multistage linear genomic selection index (CMLGSI, OCMLGSI, DCMLGSI)",Multistage genomic index for multi-trait selection; cost-saving optimization; framework agnostic to diversity goals.,https://doi.org/10.1534/g3.120.401171
10.3390/plants14050771,2025,Cheng Yuanzhi; Zhang Jing; Liu Ziyang; Ran Bin; Deng Jiao; Huang Juan,Genetic Diversity Analysis and Core Germplasm Collection Construction of Tartary Buckwheat Based on SSR Markers,Plants,6,2,buckwheat,"allele count, genetic variability indices, population structure",core germplasm collection construction,"Core collection built from wild, landrace, improved accessions; no joint gain–diversity selection method.",https://doi.org/10.3390/plants14050771
10.21475/ajcs.21.15.06.p3088,2021,Sejake Thulo; Shargie Nemera; Christian Riann; Amelework Assefa B.; Tsilo Toi J.,Genetic diversity in sorghum (Sorghum bicolor L. Moench) accessions using SNP based Kompetitive allele-specific (KASP) markers,Australian Journal of Crop Science,6,2,sorghum,"gene diversity, observed heterozygosity, polymorphic information content (PIC); 136 KASP SNP markers",analysis of molecular variance (AMOVA); population partitioning by breeding status and geography,Quantifies diversity in germplasm; stratifies variation between and within populations.,https://doi.org/10.21475/ajcs.21.15.06.p3088
10.1017/s1479262123000631,2023,Rasoamanalina Rivo Onisoa Léa; Mirzaei Khaled; El Jaziri Mondher; Ramirez Ramirez Angel Rafael; Bertin Pierre,Diversity and structure assessment of the genetic resources in a germplasm collection from a vanilla breeding programme in Madagascar,Plant Genetic Resources: Characterization and Utilization,6,2,vanilla,"SNP markers (23,701 filtered), ddRAD-seq, population clustering",genetic diversity and population structure assessment of breeding program germplasm,Quantifies diversity in rescued vanilla breeding germplasm; validates genetic resources via molecular markers.,https://doi.org/10.1017/s1479262123000631
10.3390/plants12233949,2023,Liu Wei; Xiao Zhidan; Jiang Nonghui; Fan Chao; Xiang Xu,Genome-Wide Development of Polymorphic SNP Markers and Evaluation of Genetic Diversity of Litchi (Litchi chinensis Sonn.),Plants,6,2,litchi,expected heterozygosity (He = 0.364); cluster analysis,SNP marker panel for germplasm characterization,Evaluates genetic diversity of litchi accessions for breeding; no explicit selection method for gain/diversity trade-off.,https://doi.org/10.3390/plants12233949
10.3390/genes14071480,2023,"Yahaya MA, Shimelis H, Nebie B, Ojiewo CO, Rathore A, Das R.",Genetic Diversity and Population Structure of African Sorghum (<i>Sorghum bicolor</i> L. Moench) Accessions Assessed through Single Nucleotide Polymorphisms Markers.,,6,2,sorghum,"expected heterozygosity (0.10–0.50, mean 0.32), observed heterozygosity, PIC, within/between population variance","population structure, heterotic grouping",Quantifies sorghum accession diversity via SNP markers; four clusters identified for breeding.,https://doi.org/10.3390/genes14071480
10.3390/ijms252212344,2024,"Li Z, Zhao Y, Luo K.",Molecular Mechanisms of Heterosis and Its Applications in Tree Breeding: Progress and Perspectives.,,6,2,forest tree,molecular markers,"marker-assisted selection, heterosis prediction methods",Review integrating genomics and heterosis mechanisms; advocates molecular marker use in tree breeding efficiency.,https://doi.org/10.3390/ijms252212344
10.3390/plants12183321,2023,"Pipan B, Sinkovič L, Neji M, Janovská D, Zhou M, Meglič V.",Agro-Morphological and Molecular Characterization Reveal Deep Insights in Promising Genetic Diversity and Marker-Trait Associations in <i>Fagopyrum esculentum</i> and <i>Fagopyrum tataricum</i>.,,6,2,buckwheat (multi-species),"expected heterozygosity (Nei's), polymorphic information content",,Genetic diversity quantified across germplasm; marker-trait associations identified for breeding potential.,https://doi.org/10.3390/plants12183321
10.3389/fpls.2024.1339298,2024,"Zhao D, Sapkota M, Lin M, Beil C, Sheehan M, Greene S, Irish BM.","Genetic diversity, population structure, and taxonomic confirmation in annual medic (<i>Medicago</i> spp.) collections from Crimea, Ukraine.",,6,2,annual medic (Medicago),"genetic diversity, population structure",,Genetic characterization of germplasm collection for diversity and taxonomic confirmation.,https://doi.org/10.3389/fpls.2024.1339298
10.1007/s11033-022-07295-3,2022,"Mukri G, Patil MS, Motagi BN, Bhat JS, Singh C, Jeevan Kumar SP, Gadag RN, Gupta NC, Simal-Gandara J.","Genetic variability, combining ability and molecular diversity-based parental line selection for heterosis breeding in field corn (Zea mays L.).",,6,2,maize,"SSR markers, genetic distance clustering","line × tester crossing, parental selection by yield and molecular diversity",Molecular diversity applied to heterotic group assignment and parental selection in hybrid breeding.,https://doi.org/10.1007/s11033-022-07295-3
10.1093/g3journal/jkaf090,2025,"Denning-James KE, Chater C, Cortés AJ, Blair MW, Peláez D, Hall A, De Vega JJ.",Genome-wide association mapping dissects the selective breeding of determinacy and photoperiod sensitivity in common bean (Phaseolus vulgaris L.).,,6,2,common bean,population structure; genetic admixture between gene pools,GWAS in diversity panel of landraces; subpopulation definition,Analyzes gene pool structure and trait associations; context for genetic base and trait introgression but no explicit diversity optimization.,https://doi.org/10.1093/g3journal/jkaf090
10.3389/fpls.2023.1166854,2023,"Keilwagen J, Lehnert H, Badaeva ED, Özkan H, Sharma S, Civáň P, Kilian B.",Finding needles in a haystack: identification of inter-specific introgressions in wheat genebank collections using low-coverage sequencing data.,,6,2,wheat,inter-specific introgressions identified at 1-Mb resolution,introgression detection for germplasm selection,Genebank screening for beneficial introgressions; identifies promising germplasm for breeding but no diversity metric.,https://doi.org/10.3389/fpls.2023.1166854
10.3329/bjar.v43i4.39151,2018,Maniruzzaman -; Azam MG; Islam S; Hossain MG; Rohman MM,Molecular assessment of maize inbred lines (Zea mays L.) Using microsatellite markers,Bangladesh Journal of Agricultural Research,5,2,maize,"genetic distance, polymorphic information content, cluster analysis",,Assesses molecular diversity and genetic relatedness in BARI lines; identifies divergent parents but no selection method.,https://doi.org/10.3329/bjar.v43i4.39151
10.1007/s11032-024-01483-8,2024,Girma Gezahegn; Tirfessa Alemu; Bejiga Tamirat; Seyoum Amare; Mekonen Moges; Nega Amare,"Assessing genetic, racial, and geographic diversity among Ethiopian sorghum landraces and implications for heterotic potential for hybrid sorghum breeding",Molecular Breeding,5,2,sorghum,gene diversity; allelic richness; cluster assignment (Admixture; DAPC),,Quantifies diversity of Ethiopian landraces using GBS SNPs and population structure; identifies heterotic potential but no selection/optimisation method applied.,https://doi.org/10.1007/s11032-024-01483-8
10.1111/pbr.13005,2022,Akpertey Abraham; Padi Francis Kwame; Meinhardt Lyndel; Zhang Dapeng,Relationship between genetic distance based on single nucleotide polymorphism markers and hybrid performance in Robusta coffee (<scp><i>Coffea canephora</i></scp>),Plant Breeding,5,2,coffee,genetic distance (SNP-based),parental selection by GD,Correlates SNP-based genetic distance with hybrid yield; selects high-GD parents but no diversity metric or long-term gain simulation.,https://doi.org/10.1111/pbr.13005
10.1186/s12870-022-03662-1,2022,Maazou Abdoul-Raouf Sayadi; Gedil Melaku; Adetimirin Victor O.; Mengesha Wende; Meseka Silvestro; Ilesanmi Oluyinka,Optimizing use of U.S. Ex-PVP inbred lines for enhancing agronomic performance of tropical Striga resistant maize inbred lines,BMC Plant Biology,5,2,maize,"combining ability (GCA/SCA), heterosis",testcross evaluation; combining ability of ex-PVP lines with tropical Striga-resistant testers,Evaluates 24 temperate ex-PVP inbreds as genetic resources to enhance tropical Striga-resistant germplasm; identifies useful alleles and heterosis.,https://doi.org/10.1186/s12870-022-03662-1
10.1002/csc2.20944,2023,Crain Jared; Larson Steve; Sthapit Sajal; Jensen Kevin; Poland Jesse; Dorn Kevin,Genomic insights into the NPGS intermediate wheatgrass germplasm collection,Crop Science,5,2,intermediate wheatgrass,,,"Genomic profiling of 331 NPGS accessions; subpopulation structure identified (European/Asian); GWAS only, no diversity metric or selection method.",https://doi.org/10.1002/csc2.20944
10.1002/csc2.20283,2020,Maulana Frank; Perumal Ramasamy; Tesso Tesfaye,Hybrid performance as related to genomic diversity and population structure in public sorghum inbred lines,Crop Science,5,2,sorghum,"gene diversity, PIC, population structure (PCA, STRUCTURE)",heterotic group assignment by markers,Diversity metrics on inbred panel; hybrid performance vs genomic diversity; no selection optimization.,https://doi.org/10.1002/csc2.20283
10.1007/s10722-023-01683-9,2023,Haile Alye Tefera; Kovi Mallikarjuna Rao; Johnsen Sylvia Sagen; Tesfaye Bizuayehu; Hvoslef-Eide Trine; Rognli Odd Arne,"Genetic diversity, population structure and selection signatures in Enset (Ensete ventricosum, (Welw.) Cheesman), an underutilized and key food security crop in Ethiopia",Genetic Resources and Crop Evolution,5,2,enset,"SNP-based genetic diversity, AMOVA, FST, population structure",population structure and diversity characterization,3505 SNP markers; within- vs between-population diversity partitioned; selection signatures noted but no breeding optimization.,https://doi.org/10.1007/s10722-023-01683-9
10.1111/pbr.13193,2024,Bhartiya Anuradha; Aditya Jay prakash; Gupta Sanjay; Rajesh Vangla; Nataraj Vennampally; Kant Lakshmi,Utilising soybean [<scp><i>Glycine max</i></scp> (L.) Merr.] wild and untapped genetic resources through pre‐breeding: Challenges and opportunities,Plant Breeding,5,2,soybean,,pre-breeding with wild and untapped genetic resources,Reviews gene pool structure and conservation; addresses widening genetic base via pre-breeding to overcome narrow cultivar diversity.,https://doi.org/10.1111/pbr.13193
10.1371/journal.pone.0306263,2024,Dossa Emeline N.; Shimelis Hussein; Shayanowako Admire I. T.,Genetic diversity analysis of tropical and sub-tropical maize germplasm for Striga resistance and agronomic traits with SNP markers,PLOS ONE,5,2,maize,SNP-based genetic diversity; agronomic and Striga-resistance traits,germplasm characterization and selection of complementary genotypes,Characterizes diversity of 130 maize inbreds for Striga resistance and agronomic traits; no formal optimization.,https://doi.org/10.1371/journal.pone.0306263
10.1371/journal.pone.0239900,2020,"Sant'Ana GC, Espolador FG, Granato ÍSC, Mendonça LF, Fritsche-Neto R, Borém A.",Population structure analysis and identification of genomic regions under selection associated with low-nitrogen tolerance in tropical maize lines.,,5,2,maize,"SNP markers (417,112), genetic distance, allelic frequency (Fst)","population structure, phenotypic grouping (LNAE)",Analyzes tropical maize population structure; pairs lines with high low-N tolerance and genetic distance.,https://doi.org/10.1371/journal.pone.0239900
10.1371/journal.pgen.1011714,2025,"Li F, Gates DJ, Buckler ES, Hufford MB, Janzen GM, Rellán-Álvarez R, Rodríguez-Zapata F, Romero Navarro JA, Sawers RJH, Snodgrass SJ, Sonder K, Willcox MC, Hearne SJ, Ross-Ibarra J, Runcie DE.",Environmental data provide marginal benefit for predicting climate adaptation.,,5,2,maize,"genome-wide relatedness, population structure",genomic selection for climate adaptation,Identifies pre-adapted germplasm via genomic prioritization in traditional maize varieties.,https://doi.org/10.1371/journal.pgen.1011714
10.1016/j.csbj.2022.11.028,2022,Tripodi P.,Next generation sequencing technologies to explore the diversity of germplasm resources: Achievements and trends in tomato.,,5,2,tomato,"SNP genotyping, domestication history, pan-genome variation",,NGS for germplasm diversity characterization; pan-genome mining for trait variation.,https://doi.org/10.1016/j.csbj.2022.11.028
10.1270/jsbbs.19064,2020,"Kamboj R, Singh B, Mondal TK, Bisht DS.",Current status of genomic resources on wild relatives of rice.,,5,2,rice (wild relatives),,introgression of wild alleles into cultivated varieties,Reviews genomic resources in wild rice; emphasizes genetic erosion and trait introgression but lacks quantified diversity metrics.,https://doi.org/10.1270/jsbbs.19064
10.3389/fgene.2023.996828,2023,"Gayacharan, Parida SK, Mondal N, Yadav R, Vishwakarma H, Rana JC.",Mining legume germplasm for genetic gains: An Indian perspective.,,5,2,multi-crop (legumes),,allele mining in genebank collections for ideal donor traits,Strategy paper for mining 0.4M ex situ legume accessions; emphasizes trait-based selection but lacks quantified diversity metrics.,https://doi.org/10.3389/fgene.2023.996828
10.3389/fnut.2024.1393357,2024,"Johansson E, Lan Y, Olalekan O, Kuktaite R, Chawade A, Rahmatov M.",Alien introgression to wheat for food security: functional and nutritional quality for novel products under climate change.,,5,2,wheat,,alien introgression from rye and wild relatives,Alien germplasm introgression for quality and resistance; strategy outlined but no diversity quantification.,https://doi.org/10.3389/fnut.2024.1393357
10.1016/j.xplc.2024.100942,2024,"Wu ZY, Chapman MA, Liu J, Milne RI, Zhao Y, Luo YH, Zhu GF, Cadotte MW, Luan MB, Fan PZ, Monro AK, Li ZP, Corlett RT, Li DZ.","Genomic variation, environmental adaptation, and feralization in ramie, an ancient fiber crop.",,5,2,ramie,"genetic diversity comparison: feral > wild ≈ domesticated; phylogenetic, demographic, admixture analysis",,Comprehensive genomic variation map of 915 accessions; documents diversity changes during domestication and feralization.,https://doi.org/10.1016/j.xplc.2024.100942
10.1038/s41598-021-94586-7,2021,"Kebede D, Mengesha W, Menkir A, Abe A, Garcia-Oliveira AL, Gedil M.",Marker based enrichment of provitamin A content in two tropical maize synthetics.,,5,2,maize,genetic diversity (not specified quantitatively),MARS (marker-assisted recurrent selection),Reports diversity changes across MARS cycles; documents selection impact but lacks explicit diversity metric.,https://doi.org/10.1038/s41598-021-94586-7
10.1007/s00122-022-04063-6,2022,"Dreccer MF, Macdonald B, Farnsworth CA, Paccapelo MV, Awasi MA, Condon AG, Forrest K, Lee Long I, McIntyre CL.",Multi-donor × elite-based populations reveal QTL for low-lodging wheat.,,5,2,wheat,,"multi-donor × elite crossing design, SNP tagging",Donor selection and population design to introgress novel alleles; structured crossing but diversity not quantified.,https://doi.org/10.1007/s00122-022-04063-6
10.3389/fpls.2023.1270166,2023,"Sanchez DL, Santana AS, Morais PIC, Peterlini E, De La Fuente G, Castellano MJ, Blanco M, Lübberstedt T.",Phenotypic and genome-wide association analyses for nitrogen use efficiency related traits in maize (<i>Zea mays</i> L.) exotic introgression lines.,,5,2,maize,"exotic introgression from landraces (BGEM), doubled haploid lines from germplasm enhancement",GWAS in exotic introgression lines; marker-assisted selection from exotic donors,Introgresses exotic germplasm for nitrogen use efficiency; quantifies marker associations in diverse backgrounds.,https://doi.org/10.3389/fpls.2023.1270166
10.3390/plants13030336,2024,Mastrangelo Anna Maria; Hartings Hans; Lanzanova Chiara; Balconi Carlotta; Locatelli Sabrina; Cassol Helga,Genetic Diversity within a Collection of Italian Maize Inbred Lines: A Resource for Maize Genomics and Breeding,Plants,4,2,maize,"linkage disequilibrium, genetic diversity, population structure, genetic relationships",,"Comprehensive characterisation of Italian OP and elite inbreds using SNP markers; genomics focus, no selection strategy.",https://doi.org/10.3390/plants13030336
10.56739/jor.v38i3.137143,2021,C RAMANAIAH; P KADIRVEL,Genetic diversity analysis in sunflower (Helianthus annuus L.) restorer lines using SSR markers,Journal of Oilseeds Research,4,2,sunflower,"average alleles, gene diversity, polymorphic information content, analysis of molecular variance",,Quantifies diversity in restorer lines; identifies population structure but non-maize and no selection strategy.,https://doi.org/10.56739/jor.v38i3.137143
10.1111/pbr.70040,2025,Olajide T. A.; Bello O. B.; Afolabi M. S.; Ige S. A.,Dissecting Heterotic Patterns and Combining Ability for Grain Yield and Nutritional Composition in Extra‐Early Quality Protein Maize Hybrids,Plant Breeding,4,2,maize,,heterotic pattern dissection; partial-diallel; GCA/SCA analysis,Evaluates heterosis and combining ability in QPM maize hybrids; identifies superior inbreds but no diversity-constrained gain or long-term simulation.,https://doi.org/10.1111/pbr.70040
10.2135/cropsci2018.02.0108,2018,Pérez-Vich B.; Aguirre M. R.; Guta B.; Fernández-Martínez J. M.; Velasco L.,Genetic Diversity of a Germplasm Collection of Confectionery Sunflower Landraces from Spain,Crop Science,4,2,sunflower,"SSR markers (52), Nei's expected heterozygosity, allele frequency",,192 confectionery sunflower landraces characterized for phenotypic and molecular diversity; descriptive.,https://doi.org/10.2135/cropsci2018.02.0108
10.37992/2021.1201.010,2025,Naresh Kumar; Vijay Kumar,Assessment of genetic diversity in linseed germplasm  using morphological traits,Electronic Journal of Plant Breeding,4,2,linseed,"heritability, genetic advance, principal component analysis, cluster analysis",,Genetic variability and PCA used to assess diversity; cluster-based grouping shown; selection by clusters.,https://doi.org/10.37992/2021.1201.010
10.36814/pgr.2019.24.05,2019,Baistruk-Hlodan L; Khomiak M; Zhapaleu G; Koval G,Genetic diversity of forage grasses as source  material for breeding,Genetičnì resursi roslin (Plant Genetic Resources),4,2,forage grasses,"morphological and economic trait collections, gene pool grouping",core collection and trait-specific collections for breeding programs,Accessions evaluated and grouped into collections; trait sources identified for forage grass breeding.,https://doi.org/10.36814/pgr.2019.24.05
10.1111/pbr.13273,2025,Zeffa Douglas Mariani; Bertagna Filipe Augusto Bengosi; Delfini Jéssica; Koltun Alessandra; Uhdre Renan Santos; Scapim Carlos Alberto,"Genetic diversity, population structure and linkage disequilibrium in tropical maize (<scp><i>Zea mays</i></scp> L.) germplasm adapted to South Brazil",Plant Breeding,4,2,maize,"nucleotide diversity (π), Fst, SNP allele frequency",,Quantifies diversity across three maize types via molecular markers; no selection or optimization method.,https://doi.org/10.1111/pbr.13273
10.46265/genresj.ugud8568,2021,Wanders Tieme H V; Ofori James N; Amoako Alexander; Postuma Maarten; Wagemaker Cornelis A M; Veenendaal Elmar,Teak genetic diversity in Ghana shows a narrow base for further breeding and a need for improved international collaboration for provenance exchange.,Genetic Resources,4,2,forest tree (teak),"population structure, genetic differentiation",,"GBS reveals narrow genetic base in provenance collection; recommends wider provenance exchange, no selection algorithm.",https://doi.org/10.46265/genresj.ugud8568
10.3390/agronomy13061605,2023,Nyoni Rejoice Shumirai; Magorokosho Cosmos; Kamutando Casper Nyaradzai,"Potential of Temperate, Tropical, and Sub-Tropical Exotic Maize Germplasm for Increased Gains in Yield Performance in Sub-Tropical Breeding Programs",Agronomy,4,2,maize,,introgression of exotic germplasm into local pool,Assesses yield gains from crossing exotic and sub-tropical adapted lines; tests genetic base broadening strategy.,https://doi.org/10.3390/agronomy13061605
10.1002/csc2.21379,2024,Costa Martin; Holland James B.; de Leon Natalia; Kaeppler Shawn M.,Impact of genotype × environment interaction and selection history on genomic prediction in maize (<i>Zea mays</i> L.),Crop Science,4,2,maize,"G×E variance, selection history",genomic prediction with G×E interaction,Population structure and selection history affect prediction; no diversity quantification or optimization.,https://doi.org/10.1002/csc2.21379
10.1002/csc2.21037,2023,Nepal Nirman; Condori‐Apfata Jorge Alberto; Gaire Rupesh; Anco Mayela Elizabeth Mayta; Scofield Steven; Zhang Cankui,Phenotypic and genotypic resources for the USDA quinoa (<i>Chenopodium quinoa</i>) genebank accessions,Crop Science,4,2,quinoa,"heterozygosity (11.76% avg), SNP markers (59,248), principal component analysis",genebank accession characterization; phenotypic + genotypic diversity assessment,Quantifies diversity in USDA genebank quinoa collection; correlates molecular and morphological variation.,https://doi.org/10.1002/csc2.21037
10.3390/plants10081503,2021,Babić Vojka; Andjelkovic Violeta; Jovovic Zoran; Babic Milosav; Vasic Vladimir; Kravic Natalija,Diversity Assessment of the Montenegrin Maize Landrace Gene Pool Maintained in Two Gene Banks,Plants,4,2,maize,"molecular diversity, genetic structure, redundancy assessment",gene bank collection monitoring and structure analysis,Diversity monitoring of Montenegrin maize landraces; identified redundancy and preservation of authenticity in germplasm collections.,https://doi.org/10.3390/plants10081503
10.1071/cp23288,2024,Arzhang Sorour; Darvishzadeh Reza; Alipour Hadi; Hatami Maleki Hamid; Dezhsetan Sara,Genetic variability of maize (Zea mays) germplasm from Iran: genotyping with a maize 600K SNP array and genome-wide scanning for selection signatures,Crop &amp; Pasture Science,4,2,maize,SNP heterozygosity; polymorphism information content; selection signatures,600K SNP array genotyping and population structure analysis,Characterizes genetic variability and subpopulation structure in Iranian maize inbreds; no explicit selection method.,https://doi.org/10.1071/cp23288
10.3390/plants11223092,2022,Qu Jingtao; Chassaigne-Ricciulli Alberto A.; Fu Fengling; Yu Haoqiang; Dreher Kate; Nair Sudha K.,Low-Density Reference Fingerprinting SNP Dataset of CIMMYT Maize Lines for Quality Control and Genetic Diversity Analyses,Plants,4,2,maize,"SNP genetic distance, PCA, subgroup divergence",,CIMMYT maize germplasm diversity quantified; heterotic pattern identified; quality control via molecular markers.,https://doi.org/10.3390/plants11223092
10.2298/gensr2103219p,2021,Peric Sanja; Stevanovic Milan; Prodanovic Slaven; Mladenovic-Drinic Snezana; Grcic Nikola; Kandic Vesna,Genetic distance of maize inbreds for prediction of heterosis and combining ability,Genetika,4,2,maize,"SNP-based genetic distance (modified Rogers distance), dendrogram clustering",,Genetic distance among inbreds correlated with heterosis and combining ability; marker-based diversity in commercial pool.,https://doi.org/10.2298/gensr2103219p
10.1371/journal.pone.0312079,2025,"Silue T, Agre PA, Olasanmi B, Adewumi AS, Adejumobi II, Abebe AT.",Genetic diversity and population structure of soybean (Glycine max (L.) Merril) germplasm.,,4,2,soybean,"PIC, MAF, expected heterozygosity, observed heterozygosity, SNPs",population structure (model-based grouping),Evaluates diversity for breeding; identifies four groups but no selection/optimization method.,https://doi.org/10.1371/journal.pone.0312079
10.3389/fpls.2024.1523745,2024,"Plestenjak E, Neji M, Sinkovič L, Meglič V, Pipan B.",Genomic insights into genetic diversity and seed coat color change in common bean composite populations.,,4,2,common bean,"nucleotide diversity (π), observed/expected heterozygosity, allelic richness, Fst",,Quantifies diversity in composite populations; investigates trait variation but no selection optimization.,https://doi.org/10.3389/fpls.2024.1523745
10.1007/s00122-025-04986-w,2025,"Callipo P, Schmidt M, Strack T, Robinson H, Vasudevan A, Voss-Fels KP.",Harnessing clonal diversity in grapevine: from genomic insights to modern breeding applications.,,4,2,grapevine,"intra-varietal somatic mutation diversity, epigenetic variation",,Clonal diversity quantified; breeding opportunities explored but no explicit selection method.,https://doi.org/10.1007/s00122-025-04986-w
10.3390/plants11141802,2022,"Naidoo SIM, Laurie SM, Amelework AB, Shimelis H, Laing M.",Selection of Sweetpotato Parental Genotypes Using Simple Sequence Repeat Markers.,,4,2,sweetpotato,"polymorphic information content (PIC), genetic distance, effective alleles, cluster analysis","SSR marker-based parent selection, distance-based pairing",Quantifies diversity and selects distantly related parents; explicit parental selection from diversity.,https://doi.org/10.3390/plants11141802
10.3390/plants14020252,2025,"Anglin NL, Wenzl P, Azevedo V, Lusty C, Ellis D, Gao D.",Genotyping Genebank Collections: Strategic Approaches and Considerations for Optimal Collection Management.,,4,2,multi-crop (genebank focus),genetic diversity from genotyping data,genotyping-based collection management strategies,Strategic approaches to genotyping genebanks for diversity assessment; context for collection use but no explicit metrics or selection methods.,https://doi.org/10.3390/plants14020252
10.1093/g3journal/jkad244,2023,"Conde S, Rami JF, Okello DK, Sambou A, Muitia A, Oteng-Frimpong R, Makweti L, Sako D, Faye I, Chintu J, Coulibaly AM, Miningou A, Asibuo JY, Konate M, Banla EM, Seye M, Djiboune YR, Tossim HA, Sylla S",The groundnut improvement network for Africa (GINA) germplasm collection: a unique genetic resource for breeding and gene discovery.,,4,2,groundnut,"SNP-based genetic structure, diversity per breeding program","germplasm collection characterization, market-type assignment",Quantifies diversity across African peanut breeding programs; guides collection utilization.,https://doi.org/10.1093/g3journal/jkad244
10.3390/plants13060823,2024,"Patel R, Memon J, Kumar S, Patel DA, Sakure AA, Patel MB, Das A, Karjagi CG, Patel S, Patel U, Roychowdhury R.",Genetic Diversity and Population Structure of Maize (<i>Zea mays</i> L.) Inbred Lines in Association with Phenotypic and Grain Qualitative Traits Using SSR Genotyping.,,4,2,maize,"genetic diversity via SSR markers, population structure, polymorphic information content",,Characterizes diversity and structure in inbred panel; no selection/optimization method for maintaining diversity.,https://doi.org/10.3390/plants13060823
10.21475/ajcs.20.14.12.1589.pdf,2020,Sin Maizura Abu; Saleh Ghizan; Abdullah Nur Ashikin Psyquay; Kashiani Pedram,Genetic diversity among tropical maize inbred lines as revealed by SSR markers,Australian Journal of Crop Science,3,2,maize,"allelic richness, effective alleles, gene diversity, polymorphic information content",,Comprehensive diversity metrics on 30 inbred lines for hybrid parent screening; no optimisation for gain-diversity trade-off.,https://doi.org/10.21475/ajcs.20.14.12.1589.pdf
10.1088/1755-1315/977/1/012041,2022,Lubis K; Butarbutar L K S,Genetic diversity analysis of several maize lines (Zea mays L.) developed in acid soil using molecular markers RAPD,IOP Conference Series: Earth and Environmental Science,3,2,maize,"RAPD genetic similarity, UPGMA clustering",phylogenetic grouping (UPGMA),Molecular marker-based diversity and phylogenetic partitioning; no selection method or long-term gain simulation.,https://doi.org/10.1088/1755-1315/977/1/012041
10.3389/fgene.2024.1487700,2024,Zhao Xinghua; Wang Changbiao; Liu Jiang; Han Bin; Huang Jinling,Molecular markers and molecular basis of plant type related traits in maize,Frontiers in Genetics,3,2,maize,"SNP polymorphism information content, gene diversity, population structure, GWAS",population subgrouping,Molecular diversity metrics and subgroup structure; GWAS focus limits relevance to diversity-gain trade-off.,https://doi.org/10.3389/fgene.2024.1487700
10.31742/isgpb.84.3.11,2024,Bhat Jayant S.; Kumar C.S. Kantha; Mukri Ganapati; Neelam Sunil; Naidu G.K.,Heterotic grouping methods reveal differential breeding efficiencies and season-specific categorization of inbreds in tropical maize (Zea mays L.),Indian Journal of Genetics and Plant Breeding (The),3,2,maize,"heterotic grouping methods (SCA-PY, HSGCA, HGCAMT)","heterotic grouping by SCA, pedigree, yield; GCA-based heterotic grouping",Compares three heterotic grouping methods for classifying 54 maize inbreds; HSGCA most consistent across seasons.,https://doi.org/10.31742/isgpb.84.3.11
10.3390/d14040270,2022,Leão André; Filho Jaire; Pereira Valquiria; Alves Alexandre; Souza Júnior Manoel,Genomic Characterization of SNPs for Genetic Differentiation and Selection in Populations from the American Oil Palm [Elaeis oleifera (Kunth) Cortés] Germplasm Bank from Brazil,Diversity,3,2,oil palm,"allele frequency distribution, genotypic differentiation, SNP diversity",germplasm bank selection assessment,SNP-based diversity characterization of maintained collection; selection signatures detected.,https://doi.org/10.3390/d14040270
10.1002/csc2.20189,2020,Dao Abdalla; Sanou Jacob; Sanon R. Diane; Zeba Issiaka; Coulibaly Sarah; Lübberstedt Thomas,Exploring the potential usefulness of U.S. maize expired Plant Variety Protection Act lines for maize breeding in sub‐Saharan Africa,Crop Science,3,2,maize,"cluster analysis, phenotypic traits, heterotic groups (NS vs. SS)",germplasm characterization and screening for elite lines,Evaluates ExPVP inbred lines as germplasm resource; identifies heterotic groups and traits but no formal diversity metric or selection optimization.,https://doi.org/10.1002/csc2.20189
10.3389/fpls.2022.1034322,2022,Bouhlal Outmane; Visioni Andrea; Verma Ramesh Pal Singh; Kandil Mostafa; Gyawali Sanjaya; Capettini Flavio,CGIAR Barley Breeding Toolbox: A diversity panel to facilitate breeding and genomic research in the developing world,Frontiers in Plant Science,3,2,barley,"polymorphism information content, population structure, allelic diversity",,Characterizes genetic diversity and subpopulation structure in diversity panel; useful context for germplasm representation.,https://doi.org/10.3389/fpls.2022.1034322
10.3390/f14112212,2023,Galeano Esteban; Cappa Eduardo Pablo; Bousquet Jean; Thomas Barb R.,"Optimizing a Regional White Spruce Tree Improvement Program: SNP Genotyping for Enhanced Breeding Values, Genetic Diversity Assessment, and Estimation of Pollen Contamination",Forests,3,2,forest tree,"SNP-based genetic diversity estimates, heritability, breeding value accuracy","GBLUP, ssGBLUP for enhanced BVs",Compares genomic models for breeding value prediction; diversity assessed but not optimized jointly.,https://doi.org/10.3390/f14112212
10.3390/jof11120842,2025,Li Yan; Zhou Heli; Shang Junjun; Zhou Chenli; Wan Jianing; Li Jinxin,Genome-Wide SSR Markers Reveal Genetic Diversity and Establish a Core Collection for Commercial Hypsizygus marmoreus Germplasm,Journal of Fungi,3,2,none,"SSR alleles, genetic similarity coefficients, cluster analysis",core germplasm collection construction,Fungal germplasm; diversity captured via core subset; no selection method for gain.,https://doi.org/10.3390/jof11120842
10.1002/csc2.21395,2024,Gouda Arnaud Comlan; Sangare Jean Rodrigue; Gnikoua Karlin; Wambugu Peterson; Huggins Trevis D.; Ndjiondjop Marie Noelle,Genetic variation and population structure of the rice accessions maintained in the AfricaRice genebank using DArTseq,Crop Science,3,2,rice,"genetic distance, DArTseq SNPs (27,718), neighbor-joining clustering, Bayesian population structure",population structure analysis; diversity assessment across Oryza species and subspecies,"Comprehensive diversity characterization of large genebank (9,013 accessions); informs utilization strategy.",https://doi.org/10.1002/csc2.21395
10.1002/csc2.21384,2024,Fritsche‐Neto Roberto; Yassue Rafael Massahiro; da Silva Allison Vieira; Prado Melina; DoVale Júlio César,"Elite germplasm introduction, training set composition, and genetic optimization algorithms effect on genomic selection‐based breeding programs",Crop Science,3,2,self-pollinated crops,,genomic selection with training set optimization; elite germplasm introduction analysis,Simulation study on genomic selection accuracy with external germplasm introduction; addresses diversity-prediction tradeoff in long-term programs.,https://doi.org/10.1002/csc2.21384
10.3389/fpls.2025.1489244,2025,Shrestha Avinash; Stephens Christian J.; Angeles-Shim Rosalyn B.,Taming wild genomes: perspectives on mechanisms governing differential introgression in exotic rice germplasm and their applications in breeding,Frontiers in Plant Science,3,2,rice,,introgression from exotic wild germplasm,Mechanisms of preferential introgression in wide hybrids; addresses transfer of wild alleles while capturing ancestral variation.,https://doi.org/10.3389/fpls.2025.1489244
10.1017/s1479262125000024,2025,García-Mendoza Pedro J.; Saldaña Carla L.; Pérez-Almeida Iris B.; Prieto-Rosales Gino P.; Medina-Castro Darío E.; Taramona-Ruíz Luis A.,Genetic diversity and population structure of maize landraces from Huancavelica and Cajamarca provinces of Peru using SNP markers,Plant Genetic Resources: Characterization and Utilization,3,2,maize,expected heterozygosity (He = 0.35); population structure; AMOVA,genotyping-by-sequencing and genebank diversity characterization,Describes genetic diversity and population structure of Peruvian maize landraces; no selection strategy.,https://doi.org/10.1017/s1479262125000024
10.2135/cropsci2017.09.0546,2018,Campbell B.T.; Hugie K.L.; Wu J.; Jones D.C.,Assessing the Breeding Potential of Extra‐Long Staple Upland Germplasm in a Cotton Breeding Program,Crop Science,3,2,cotton,,introgression of exotic germplasm (G. barbadense into G. hirsutum),Evaluates breeding potential of ELS germplasm for fiber traits; introgression strategy assessed.,https://doi.org/10.2135/cropsci2017.09.0546
10.7717/peerj.15485,2023,Kutlu Imren; Çelik Sadettin; Karaduman Yaşar; Yorgancılar Özcan,"Phenotypic and genetic diversity of doubled haploid bread wheat population and molecular validation for spike characteristics, end-use quality, and biofortification capacity",PeerJ,3,2,multi-crop,Genotypic variation; SSR markers for trait-specific selection,marker-assisted selection (implicit),Phenotypic and molecular diversity in DH wheat; quality/nutrition traits selected but not diversity-constrained.,https://doi.org/10.7717/peerj.15485
10.3390/plants14111620,2025,"Arslanova SK, Ernazarova ZA, Ernazarova DK, Turaev OS, Safiullina AK, Toshpulatov AK, Kholova MD, Azimova LA, Rafiyeva FU, Gapparov BM, Gapparov BM, Khalikov KK, Khidirov MT, Iskandarov AA, Kodirov DM",Development and Characterization of Synthetic Allotetraploids Between Diploid Species &lt;i&gt;Gossypium herbaceum&lt;/i&gt; and &lt;i&gt;Gossypium nelsonii&lt;/i&gt; for Cotton Genetic Improvement.,,3,2,cotton,"SSR markers (74 polymorphic), phylogenetic analysis","interspecific hybridization, allotetraploid synthesis, backcrossing for trait introgression",Expands genetic base via alien introgression; SSR diversity verification and trait mapping but no formal diversity metric or optimization.,https://doi.org/10.3390/plants14111620
10.1038/s41598-025-01626-7,2025,"Chauhan R, Prabhakaran S, Tiwari A, Joshi D, Chandora R, Taj G, Jahan T, Singh SP, Jaiswal JP, Joshi R, Kumar A, Pandey D.",Genetic distances and genome wide population structure analysis of a grain amaranth (Amaranthus hypochondriacus) diversity panel using genotyping by sequencing.,,3,2,amaranth,"expected heterozygosity, PIC, allelic richness",population structure analysis,GBS-based diversity characterization of 192 germplasm accessions; population structure revealed three subpopulations.,https://doi.org/10.1038/s41598-025-01626-7
10.1371/journal.pone.0308626,2024,"Tehseen MM, Wyatt NA, Bolton MD, Fugate KK, Preister LS, Yang S, Ramachandran V, Li X, Chu C.","Genetic drift, historic migration, and limited gene flow contributing to the subpopulation divergence in wild sea beet (Beta vulgaris ssp. maritima (L.) Arcang).",,3,2,sugar beet (wild relative),"genome-wide SNPs, population clustering, geographic structure",,Maps wild sea beet diversity and evolutionary history; informs breeding but no selection method.,https://doi.org/10.1371/journal.pone.0308626
10.1007/s13205-023-03785-8,2023,"Kumar K, Gupta P, Singh KN, Nirgude MS, Srivastava H, Sharma S, Sevanthi AM, Durgesh K, Jain PK, Gaikwad K.",Whole chloroplast genome-specific non-synonymous SNPs reveal the presence of substantial diversity in the pigeonpea mini-core collection.,,3,2,pigeonpea,"expected heterozygosity, Watterson's estimate, Shannon index, effective alleles",mini-core collection,Diversity metrics applied to defined germplasm subset; characterization for breeding utility.,https://doi.org/10.1007/s13205-023-03785-8
10.1093/g3journal/jkae205,2024,"Niehoff TAM, Ten Napel J, Calus MPL.",Prediction of additive genetic variances of descendants for complex families based on Mendelian sampling variances.,,3,2,multi-crop,"genetic variance, Mendelian sampling variance",variance prediction for cross/mating decisions,Predicts offspring variance to support selection; applicable across populations and generations.,https://doi.org/10.1093/g3journal/jkae205
10.3389/fgene.2024.1361418,2024,"Aguirre NC, Villalba PV, García MN, Filippi CV, Rivas JG, Martínez MC, Acuña CV, López AJ, López JA, Pathauer P, Palazzini D, Harrand L, Oberschelp J, Marcó MA, Cisneros EF, Carreras R, Martins Alves ",Comparison of ddRADseq and EUChip60K SNP genotyping systems for population genetics and genomic selection in <i>Eucalyptus dunnii</i> (Maiden).,,3,2,forest tree,"genetic diversity parameters, LD, population structure",SNP genotyping comparison; genomic selection and population genetics,SNP panel comparison for diversity and GS in tree breeding; genetic characterization.,https://doi.org/10.3389/fgene.2024.1361418
10.1007/s10681-020-02763-y,2021,"Ongom PO, Fatokun C, Togola A, Oyebode OG, Ahmad MS, Jockson ID, Bala G, Boukar O.",Genetic worth of multiple sets of cowpea breeding lines destined for advanced yield testing.,,3,2,cowpea,"genotypic coefficient of variation, genetic advance, genetic usefulness (Up)","genetic worth evaluation, PCA",Quantifies genetic variance and usefulness in breeding lines; useful context for selection potential.,https://doi.org/10.1007/s10681-020-02763-y
10.1002/tpg2.70088,2025,"Aldiss Z, Lam Y, Baraibar S, Van Der Meer S, Dinglasan E, Massel K, Crisp P, Godwin I, Borrell A, Moody D, Hickey L, Robinson H.",Haplotype-based insights into seminal root angle in barley.,,3,2,barley,genetic diversity for trait within diverse global collection,haplotype-based mapping in diverse germplasm,Documents diversity of SRA in 816 accessions; maps trait variation but no selection optimization or diversity quantification metric.,https://doi.org/10.1002/tpg2.70088
10.1007/s11032-023-01378-0,2023,"Li D, Zhang Z, Gao X, Zhang H, Bai D, Wang Q, Zheng T, Li YH, Qiu LJ.",The elite variations in germplasms for soybean breeding.,,3,2,soybean,"genetic base narrowing, elite variations","high-throughput genotyping, elite allele identification",Addresses genetic-base narrowing; identifies elite alleles from diverse germplasm.,https://doi.org/10.1007/s11032-023-01378-0
10.1093/hr/uhaf140,2025,"Zhang X, Song B, Du S, Zhang S, Ren Y, Xue C, Xu S, Zheng P, Chen S, Qiao Z, Liu J, Wei W, Wu J.",Genomic insights into deleterious mutations and their impact on agronomic traits during pear domestication.,,3,2,pear,"deleterious mutation burden, selective sweep regions",,Documents domestication-driven changes in deleterious mutation frequency; genetic-load landscape.,https://doi.org/10.1093/hr/uhaf140
10.1017/s1479262120000489,2020,Iboyi J. E.; Abe A.; Adetimirin V. O.,Microsatellite marker-based genetic diversity of tropical-adapted <i>shrunken-2</i> maize inbred lines and its relationship with normal endosperm inbred lines of known heterotic classification,Plant Genetic Resources: Characterization and Utilization,2,2,maize,"gene diversity, polymorphic information content, genetic distance",,"Characterises diversity in shrunken-2 lines and relates to heterotic groups; descriptive, no optimisation.",https://doi.org/10.1017/s1479262120000489
10.1139/cjps-2020-0051,2021,Zawadi Mwaikonyole; Sibiya Julia; Mashingaidze Kingstone; Amelework Assefa B.; Kondwakwenda Aleck; Musvosvi Cousin,Molecular characterization and diversity analysis of selected maize inbred lines using single-nucleotide polymorphism markers,Canadian Journal of Plant Science,2,2,maize,"gene diversity, polymorphic information content, analysis of molecular variance",,Quantifies diversity and defines heterotic groups in South African lines; no selection or optimisation strategy.,https://doi.org/10.1139/cjps-2020-0051
10.59665/rar3601,2019,Murariu Danela; Plăcintă Domnica Daniela; Simioniuc Violeta,"Assessing Genetic Diversity in Romanian Maize Landraces, Using Molecular Markers",Romanian Agricultural Research,2,2,maize,"RAPD genetic diversity, genetic relationships, pedigree clustering",molecular marker grouping,Landraces characterized for diversity; no selection optimization or breeding strategy application.,https://doi.org/10.59665/rar3601
10.54910/sabrao2023.55.3.3,2023,SAMONTE SOPB; SANCHEZ DL; ALPUERTO JBB; WILSON LT; YAN Z; THOMSON MJ,"HETEROSIS AND HETEROTIC GROUPING EFFECTS ON GRAIN YIELD, HEIGHT, TILLER DENSITY, AND DAYS TO HEADING IN HYBRID RICE (ORYZA",SABRAO Journal of Breeding and Genetics,2,2,rice,parental genetic distance (PGD); population structure (Neighbour-joining; STRUCTURE),heterotic group assignment; low vs high PGD hybrid classification,Assigns rice parents to heterotic groups via markers and PGD; diversity structure identified but no optimisation for sustained gain vs diversity.,https://doi.org/10.54910/sabrao2023.55.3.3
10.1111/pbr.13182,2024,Papanna Rakshith; Gupta Shashi Kumar,Identification of efficient inbred testers to strengthen established heterotic groups in pearl millet (<scp><i>Pennisetum glaucum</i></scp> [L.] R. Br),Plant Breeding,2,2,pearl millet,,"tester evaluation; heterotic group assignment (HGB, HGR); line × tester mating",Identifies efficient testers within established heterotic groups; group structure used but no diversity metric or selection optimisation.,https://doi.org/10.1111/pbr.13182
10.1111/pbr.13037,2022,Ayenan Mathieu Anatole Tele; Danquah Agyemang; Hanson Peter; Asante Isaac Kwadwo; Danquah Eric Yirenkyi,Combining abilities and heterotic patterns for heat tolerant traits in tomatoes (<scp><i>Solanum lycopersicum</i></scp>),Plant Breeding,2,2,tomato,SNP-based heterotic grouping,"heterotic grouping by SNP markers, combining ability (GCA/SCA)",SNP-based heterotic classification 28% more efficient than GCA method; identifies three groups for heat-tolerant hybrid selection.,https://doi.org/10.1111/pbr.13037
10.2298/gensr1802359g,2018,Grcic Nikola; Delic Nenad; Stevanovic Milan; Pavlov Jovan; Crevar Milos; Mladenovic Marko,Genetic distance of maize inbred lines based on SSR markers for prediction of heterosis and combining ability,Genetika,2,2,maize,"genetic distance (SSR markers, allele-based)",,SSR-based genetic distance predicts heterosis and SCA for 6 elite maize inbreds; links diversity metric to hybrid performance.,https://doi.org/10.2298/gensr1802359g
10.3389/fpls.2024.1506139,2025,Kavai Hilda M.; Makumbi Dan; Nzuve Felister M.; Woyengo Vincent W.; Suresh L. M.; Muiru William M.,Inheritance of resistance to maize lethal necrosis in tropical maize inbred lines,Frontiers in Plant Science,2,2,maize,"combining ability (GCA/SCA), heritability, reciprocal effects","diallel cross (Griffing's Method 3, Hayman's models); combining ability partitioning",14-parent diallel quantifies additive vs non-additive effects for MLN resistance; heritability informs parent selection strategy.,https://doi.org/10.3389/fpls.2024.1506139
10.1071/cp24149,2024,Mustafa Zemran,Screening Turkish pea (Pisum sativum) germplasm with start codon targeted (SCoT) polymorphism marker for evaluation of genetic diversity,Crop &amp; Pasture Science,2,2,pea,"polymorphism information content, effective numbers of alleles, Shannon's diversity index, gene diversity, fixation index",,Molecular diversity metrics applied to germplasm pool; population structure via STRUCTURE; no selection/optimization.,https://doi.org/10.1071/cp24149
10.17557/tjfc.484975,2018,GUZMAN Manuel; VILAIN Luis; RONDON Tatiana,INCREASING GENETIC DIVERSITY OF COTTON BREEDING PROGRAMS IN VENEZUELA,Turkish Journal Of Field Crops,2,2,cotton,"trait performance across environments, genotype-by-environment interaction",germplasm evaluation for genetic base expansion,Introduced germplasm evaluated to expand genetic base of breeding program; stability assessed.,https://doi.org/10.17557/tjfc.484975
10.1111/eva.70186,2026,Lezzi Alessandra; Stagnati Lorenzo; Caproni Leonardo; Dell'Acqua Matteo; Busconi Matteo; Lanubile Alessandra,Leveraging Knowledge of Traditional Italian Maize Landrace Diversity to Identify Signals of Local Adaptation,Evolutionary Applications,2,2,maize,"molecular markers (GBS), genetic diversity, population structure, admixture",landscape genomics; partial redundancy analysis linking climate to genetic variation,Characterized 140 individuals from 28 Italian landraces; identified signals of local adaptation and ancestral populations for resilience breeding.,https://doi.org/10.1111/eva.70186
10.1002/agj2.21153,2022,Gaytán‐Pinzón Grethel P.; Sandoval‐Castro Eduardo; Peinado‐Fuentes Luis A.; Valenzuela‐Apodaca Juan P.; Cruz‐Mendívil Abraham; Calderón‐Vázquez Carlos L.,Genetic diversity of subtropical double‐haploid maize lines selected for high oil content,Agronomy Journal,2,2,maize,"PIC, observed heterozygosity, expected heterozygosity",,High-oil maize populations; genetic diversity and structure reported by population; supports breeding decisions.,https://doi.org/10.1002/agj2.21153
10.56093/ijas.v94i2.142323,2024,DEVI VEENA; SETHI MEHAK; KAUR CHARANJEET; RAIGAR OM PRAKASH; KUMAR RAMESH; CHAUDHARY DHARAM PAUL,Genetic diversity among maize (Zea mays) inbred lines for methionine and yield associated traits,The Indian Journal of Agricultural Sciences,2,2,maize,"broad-sense heritability, PCA, cluster analysis",cluster analysis,22 inbreds clustered by methionine/yield traits; guides breeding program crosses.,https://doi.org/10.56093/ijas.v94i2.142323
10.31742/ijgpb.79.4.4,2020,Kumar Amarjeet; Singh N. K.; Adhikari Sneha; Joshi Anjali,Morphological and molecular characterization of teosinte derived maize population,Indian Journal of Genetics and Plant Breeding (The),2,2,maize,"allelic richness (SSR markers), genetic distance",introgression of teosinte alleles into maize,Characterizes diversity from wild-species introgression; tracks allelic contribution in BC1F4 lines.,https://doi.org/10.31742/ijgpb.79.4.4
10.3390/plants9020138,2020,Mowers Ronald P.; Foster David J.,"Genetic Variance Estimates for Maize Yield, Grain Moisture, and Stalk Lodging for Doubled-Haploid and Conventional Selfed-Line Hybrids",Plants,2,2,maize,Estimated genetic variance,,Genetic variance higher in DH than S2; diversity consequence discussed but no selection optimization.,https://doi.org/10.3390/plants9020138
10.22159/ijags.2022.v10i6.46548,2022,AL-NAGGAR AHMED MEDHAT MOHAMED; SOLIMAN AHMED MONGED; HUSSIEN MONA HASHEM; IBRAHIM SHAFIK DARWISH; HASSAN MOHAMED ELHAM MOHAMED,GENETIC RELATEDNESS AMONG MAIZE INBRED LINES BASED ON ISSR MARKERS AND ITS ASSOCIATION WITH HETEROSIS AND HYBRID PERFORMANCE,Innovare Journal of Agricultural Sciences,2,2,maize,genetic similarity coefficients from ISSR markers,,Genetic diversity quantified by molecular markers; relationship with heterosis/yield measured descriptively.,https://doi.org/10.22159/ijags.2022.v10i6.46548
10.3390/plants14101552,2025,"Li X, Li Y, Sun Y, Li S, Cai Q, Li S, Sun M, Yu T, Meng X, Zhang J.",Integrating Genetic Diversity and Agronomic Innovations for Climate-Resilient Maize Systems.,,2,2,maize,"Genetic diversity from wild relatives, allelic variation captured by genomic selection","Genomic selection (GS), marker-assisted selection (MAS), speed breeding",Integrates wild-relative diversity and discusses GS/MAS for climate resilience; lacks formal diversity metrics.,https://doi.org/10.3390/plants14101552
10.3390/genes13122289,2022,"Adu GB, Badu-Apraku B, Akromah R, Awuku FJ.",Combining Abilities and Heterotic Patterns among Early Maturing Maize Inbred Lines under Optimal and <i>Striga</i>-Infested Environments.,,2,2,maize,"SNP genetic distance, general combining ability","heterotic group classification (HGCAMT, SNP-GD)",Assigns inbreds to heterotic groups; evaluates combining ability under Striga stress.,https://doi.org/10.3390/genes13122289
10.1007/s13353-022-00740-w,2023,"Niedziela A, Bednarek PT.",Population structure and genetic diversity of a germplasm for hybrid breeding in rye (Secale cereale L.) using high-density DArTseq-based silicoDArT and SNP markers.,,2,2,rye,"expected heterozygosity (He=0.31–0.35), Shannon diversity index, SNP and silicoDArT markers","population structure, heterotic grouping (RF and CMS lines)",Quantifies rye diversity for hybrid breeding; compares marker systems and germplasm groups.,https://doi.org/10.1007/s13353-022-00740-w
10.1038/s41467-025-65563-9,2025,"Li G, Schmidt RH, Zhao Y, Reif JC, Jiang Y.",Powerful one-dimensional scan to detect heterotic quantitative trait loci.,,2,2,wheat,"heterotic QTL contribution, epistatic interactions","hQTL-ODS one-dimensional scanning, heterosis mapping",Genome-wide heterotic QTL detection in 5243 hybrids; identifies loci contributing to heterosis.,https://doi.org/10.1038/s41467-025-65563-9
10.1111/mec.17720,2025,"Takou M, Schulz K, Stetter MG.",Local Selection Shaped the Diversity of European Maize Landraces.,,2,2,maize,"genetic diversity (genome-wide markers), population structure, genetic load, allele frequency change",population-level diversity and selection signature analysis,Quantifies diversity erosion and genetic load in European landraces; documents selection-driven diversity patterns.,https://doi.org/10.1111/mec.17720
10.1371/journal.pone.0313850,2025,"Mukhebi DW, Gachanja PW, Karan DJ, Kamau BM, King'ori PW, Juma BS, Mbinda WM.",DArTseq-based silicoDArT and SNP markers reveal the genetic diversity and population structure of Kenyan cashew (Anacardium occidentale L.) landraces.,,2,2,cashew,"DArT silicoDArT, SNP markers, population structure",,Establishes genomic baseline for diversity; addresses climate resilience but no selection method.,https://doi.org/10.1371/journal.pone.0313850
10.1111/eva.70155,2025,"Beck SV, May SA, Kess T, Bradbury IR, Lozada-Soto EA, Wellenreuther M.",Applying Genomic Offsets to Breeding Programmes: Bridging Evolutionary Insights With Practical Applications.,,2,2,none,genomic offsets,selective breeding with genomic offset assessment,Proposes genomic offsets to manage genotype-by-environment interactions in breeding; potential diversity applications.,https://doi.org/10.1111/eva.70155
10.1111/eva.70092,2025,"Beaman JE, Gates K, Saltré F, Hogg CJ, Belov K, Ashman K, da Silva KB, Beheregaray LB, Bradshaw CJA.",A Guide for Developing Demo-Genetic Models to Simulate Genetic Rescue.,,2,2,none,"genetic drift, inbreeding",genetic rescue,Demo-genetic modeling of genetic rescue in small populations; conservation rather than crop breeding.,https://doi.org/10.1111/eva.70092
10.1007/s00122-024-04645-6,2024,"Li Z, Zhu QH, Moncuquet P, Wilson I, Llewellyn D, Stiller W, Liu S.",Quantitative genomics-enabled selection for simultaneous improvement of lint yield and seed traits in cotton (Gossypium hirsutum L.).,,2,2,cotton,"QTL, prediction accuracy, heritability, correlation",Bayesian linkage-disequilibrium genomic prediction for multi-parent population,Genomic prediction in multi-parent RIL population; simultaneous trait improvement.,https://doi.org/10.1007/s00122-024-04645-6
10.1038/s41598-025-10654-2,2025,"Stella AA, Pavan JPS, Araújo MS, Fregonezi BF, Unzimai IV, Leles EP, Santos MF, Goldsmith P, Chigeza G, Diers BW, Gathungu T, Njoroge J, Pinheiro JB.",Soybean selection in Kenya enhanced by multi-trait and genotype-by-environment interaction modeling.,,2,2,soybean,"genotype-by-environment interaction (G×E), stability indices (Weighted Average of Absolute Scores)","multi-trait index selection (Desired Gain Index), 20% selection intensity",Soybean; multi-trait selection under G×E; stability-based selection but diversity trade-off not explicitly addressed.,https://doi.org/10.1038/s41598-025-10654-2
10.1093/plphys/kiag052,2026,"Silvestre S, Prigent S, Pétriacq P, Hassall KL, Le Boulch M, Da Costa A, Tellier F, Alberghini B, Aldorino E, Hallab A, Großkinsky DK, Cassan C, Monti A, Prieto J, Leon P, Yambanis YH, Gibon Y, Usadel",Assessment of phenotypic trait plasticity in the oilseed Camelina sativa using integrated early stage abiotic stress and field studies.,,2,2,camelina,genetic diversity panel of 54 accessions,,Diversity panel phenotyped for stress traits; selection context implied but not explicit.,https://doi.org/10.1093/plphys/kiag052
10.1002/ece3.72043,2025,"Luo L, Wang Q, Li X, Xu D, Hu H.",Population Genetic Diversity and Species Distribution Evaluation of &lt;i&gt;Bletilla striata&lt;/i&gt; (Orchidaceae) in Southwest China Using SSR Markers.,,2,2,orchid (non-crop),"Na, Ne, PIC, Ho, He, population differentiation",SSR markers; population structure and genetic diversity assessment,"Genetic diversity quantified across 18 populations; conservation focus, not breeding gain.",https://doi.org/10.1002/ece3.72043
10.1002/tpg2.70149,2025,"Ruperao P, Vemula AK, Valluri VK, Manda S, Srivastava RK, Mayes S, Varshney RK, Kudapa H.","Assessing genetic diversity and performing genome-wide association studies (GWAS) using multiple marker types across desi, kabuli, and wild accessions in chickpea (Cicer arietinum L.).",,2,2,chickpea,"SNP, indel, PAV diversity",,"Multi-marker diversity in desi, kabuli, wild types; diversity characterized but no selection method for gain–diversity trade-off.",https://doi.org/10.1002/tpg2.70149
10.1371/journal.pone.0340826,2026,"Ramirez-Gil JG, López-Hernández F, Conejo-Rodriguez DF, Henao-Rojas JC, Quiroga-Benavides KE, Cortés AJ, Chacón-Sánchez MI.",GermVersity: A free and user-friendly interface to enhance the visualization and analysis of genebank data.,,2,2,multi-crop (bean genebank focus),genetic diversity via SNP data; genetic clustering/populations,core collection prioritization via phenotypic and SNP analysis,Platform for genebank diversity visualization and germplasm prioritization; relevant to core-collection selection but not explicit optimization.,https://doi.org/10.1371/journal.pone.0340826
10.1002/tpg2.70023,2025,"Lin Z, Li Y, Riaz A, Sudheesh S, Yazdifar S, Atieno J, Blake S, Croser J, Fanning J, Hayden MJ, Kaur S.",Assessing the utility of genomic selection to breed for durable Ascochyta blight resistance in chickpea.,,2,2,chickpea,"SNPs (23,239 high-quality), broad germplasm collections",genomic selection for Ascochyta resistance,Applies genomic selection to pathogen resistance; no explicit diversity constraint mechanism described.,https://doi.org/10.1002/tpg2.70023
10.1038/s41467-025-59488-6,2025,"M McLaughlin C, Shi Y, Viswanathan V, Sawers RJH, Kemanian AR, Lasky JR.",Maladaptation in cereal crop landraces following a soot-producing climate catastrophe.,,2,2,maize,"gradient forest offset, genomic markers, landrace adaptation",gradient forest models for matching landraces to future conditions,Uses genomic markers to identify maize/cereal landraces matched to post-catastrophic stress environments.,https://doi.org/10.1038/s41467-025-59488-6
10.1002/tpg2.70118,2025,"Chen S, Lin M, Taniguti CH, Tang X, de la Torre F, Sideli GM, Iorizzo M, Edger PP, Neyhart J, Zalapa J, Bassil N, Heller-Uszynska K, Zhao D, Beil CT, Sheehan MJ.",A public mid-density genotyping platform for cultivated cranberry (Vaccinium macrocarpon Aiton).,,2,2,cranberry,genetic diversity (max diversity among breeding germplasm prioritized in marker selection),3K SNP panel optimization for germplasm characterization,Panel designed to maximize genetic diversity in cultivated germplasm; validates diverse accessions and hybrids but no selection or gain-diversity trade-off analysis.,https://doi.org/10.1002/tpg2.70118
10.1155/2019/4652769,2019,"Guarino F, Castiglione S, Improta G, Triassi M, Cicatelli A.",Ecotype-Level Genetic Biodiversity of Five Italian Traditional Crops.,,2,2,maize,SSR-based genetic biodiversity,,Characterizes ecotype diversity in Italian traditional maize; descriptive diversity survey without optimization.,https://doi.org/10.1155/2019/4652769
10.36103/ijas.v55ispecial.1908,2024,Alaa K.H. Al-Hazemawi; Dhia S. Hassawi; Abbas A. mohammed,THE GENETIC DIVERSITY OF MAIZE INBRED LINES GROWN IN IRAQ USING SIMPLE SEQUENCE RECURRENT (SSR) MARKERS,IRAQI JOURNAL OF AGRICULTURAL SCIENCES,1,2,maize,"polymorphism information content, genetic similarity",,Quantifies diversity via SSR markers; determines heterotic groups but no selection method described.,https://doi.org/10.36103/ijas.v55ispecial.1908
10.32854/agrop.v14i11.1975,2021,Gayosso Barragán Odilon; Chávez-Aguilar Griselda; Marroquín-Morales José Angel; López-Benítez Alfonso,Yield and forage quality in maize (Zea mays L.) inbred lines,Agro Productividad,1,2,maize,"genetic diversity (phenotypic PCA, unspecified molecular)",,"100 inbreds evaluated for forage traits and diversity; genetic structure described, no selection method.",https://doi.org/10.32854/agrop.v14i11.1975
10.29321/maj.10.000459,2020,; A Bharathi,Phenotypic Diversity and Molecular diversity of Finger Millet Composite Collection and Identification of Trait Specific Germplasm for Use in Crop Improvement,Madras Agricultural Journal,1,2,finger millet,"SSR markers (20), principal component analysis, clustering",core collection (622 accessions from 1000 composite); trait-specific accession identification,Composite/core collection with SSR diversity assessment; identifies trait-specific germplasm for breeding use.,https://doi.org/10.29321/maj.10.000459
10.37992/2023.1401.039,2025,K. Mukhthambica; R. Bisen; K.T. Ramya,Genetic diversity analysis in sesame (Sesamum indicum L.),Electronic Journal of Plant Breeding,1,2,sesame,"genetic distance (Ward's method, Gower's method), UPGMA clustering",selection of divergent parents from different clusters for hybridization,Genetic divergence analysis; distant clusters identified for crosses to maximize heterosis.,https://doi.org/10.37992/2023.1401.039
10.1017/s1479262124000352,2024,Kumar Ramesh; Das Abhijit Kumar; Kaur Yashmeet; Kumar Sushil; Shukla Shanu; GK Chikkappa,Strategic genetic amelioration of quality protein maize (QPM) germplasm and its utilization in hybrid breeding,Plant Genetic Resources: Characterization and Utilization,1,2,maize,"GCA, SCA",heterotic group assignment,Assigns QPM lines to heterotic groups via combining ability; supports parent selection for crosses.,https://doi.org/10.1017/s1479262124000352
10.3390/genes16101138,2025,Guo Suying; Zheng Xin; Wang Shuaiyi; Ai Yuran; Zhao Rengui; Lan Jinhao,Genetic Diversity of Fresh Maize Germplasm Revealed by Morphological Traits and SSR Markers,Genes,1,2,maize,"polymorphic alleles, PIC, SSR diversity",phenotypic and molecular clustering,Evaluates genetic divergence via SSR and phenotypic traits; classifies inbred diversity into four groups.,https://doi.org/10.3390/genes16101138
10.1007/s10722-024-02039-7,2024,Cuevas Hugo E.; Prom Louis K.,The NPGS Sudanese sorghum core collection encloses novel grain mold resistant germplasm,Genetic Resources and Crop Evolution,1,2,sorghum,,core collection subset selection,Sudan core collection assessed; phylogenetic analysis identified resistance sources; subset selection but no explicit diversity metric.,https://doi.org/10.1007/s10722-024-02039-7
10.1111/pbr.13293,2025,Lifschitz Mauro Ezequiel; Re Alejo Esteban; Tomas María Andrea,Differences Between Phenotypic Selection Methods in Two Botanical Varieties of <i><scp>Panicum coloratum</scp> L. (Kleingrass)</i> to Increase Forage Production Under Saline‐Hypoxic Conditions,Plant Breeding,1,2,forage grass,"heritability, genetic correlation",individual vs progeny-test phenotypic selection,Panicum coloratum: selection method efficiency varies by variety under stress; heritability reported.,https://doi.org/10.1111/pbr.13293
10.3390/plants14182909,2025,Gao Yan; Yan Wei; Zhang Chunying,Pilot Study of Genetic Diversity and Structure in Elite Germplasm of Hibiscus syriacus,Plants,1,2,Hibiscus syriacus,"SSR and ISSR markers, effective alleles per locus, genetic structure",marker-based population structure analysis,Genetic diversity and population structure of 46 elite cultivars; informs breeding decisions but no optimization method.,https://doi.org/10.3390/plants14182909
10.13057/biodiv/d220230,2021,Makore Fortunate; Gasura Edmore; Souta Caleb; Mazarura Upenyu; Derera John; Zikhali Meluleki,Molecular characterization of a farmer-preferred maize landrace population from a multiple-stress-prone subtropical lowland environment,Biodiversitas Journal of Biological Diversity,1,2,maize,"polymorphic information content (PIC), number of alleles, AMOVA (within/among variance)",,SNP-based diversity quantification of maize landrace and standard lines; subpopulation structure identified.,https://doi.org/10.13057/biodiv/d220230
10.1186/s12870-026-08518-6,2026,Amin Nurul; Chaudhary Raju; Wang Zhengping; Islam Anarul; Ali Julfikar; Islam Tofazzal,Unveiling genetic diversity and population structure in jackfruit (Artocarpus heterophyllus) through SNP markers for enhanced breeding and conservation,BMC Plant Biology,1,2,none,"gene diversity, allele frequency, population structure (SNP markers)",,SNP diversity characterization in jackfruit germplasm; no selection or optimization method.,https://doi.org/10.1186/s12870-026-08518-6
10.1186/s13007-021-00785-8,2021,Zhang Tifu; Jiang Lu; Ruan Long; Qian Yiliang; Liang Shuaiqiang; Lin Feng,Heterotic quantitative trait loci analysis and genomic prediction of seedling biomass-related traits in maize triple testcross populations,Plant Methods,1,2,maize,,"genomic prediction (molecular markers, heterotic QTL)",Heterotic QTL identified and used in genomic prediction; heterosis quantified but no diversity constraint.,https://doi.org/10.1186/s13007-021-00785-8
10.1002/tpg2.70148,2025,"Shrestha S, Adhikari L, Crain J, Dreisigacker S, Wu S, Singh RP, Mondal S, Juliana P, Crossa J, Lucas M, Elbasyoni I, Poland J.","Genotyping analysis of over 130,000 CIMMYT bread wheat breeding lines: A decade-long effort in optimizing wheat genotyping.",,1,2,wheat,"nucleotide diversity (π), minor allele frequency, GBS SNP",,"Genotyping 130k lines; genome-wide diversity quantified, reduced variation in pericentromeric regions.",https://doi.org/10.1002/tpg2.70148
10.1002/tpg2.70131,2025,"Ismail YMA, Mujjabi C, Olatoye MO, Gray S, Lipka AE, Bohn MO.",Mean and variance heterogeneity loci impact kernel compositional traits in maize.,,1,2,maize,"SNP allelic variation, variance partitioning from vGWAS, genomic selection prediction accuracy","Ridge-regression BLUP, genomic selection models for kernel composition","Uses genebank germplasm diversity, estimates locus-specific effects; GS achieves moderate accuracy without explicit diversity constraint.",https://doi.org/10.1002/tpg2.70131
10.1371/journal.pone.0316185,2025,"Hammami MDE, Madur D, Kthiri Z, Galaretto A, Nicolas SD, Charcosset A, Combes V, Karmous C, Revilla P.",Phylogenetic relationships and genetic diversity of Tunisian maize landraces.,,1,2,maize,"SNP clustering, phylogenetic relationships",heterotic group classification,Characterizes Tunisian landrace diversity and structure; identifies three clusters as heterotic-group basis.,https://doi.org/10.1371/journal.pone.0316185
10.1016/j.jare.2024.08.010,2025,"Huang C, Cheng Y, Hu Y, Zhang X, Chen J, Zhao T, Si Z, Cao Y, Li Y, Fang L, Guan X, Zhang T.",Impacts of parental genomic divergence in non-syntenic regions on cotton heterosis.,,1,2,cotton,"genetic divergence (non-syntenic regions, structural variants, rIBD), parental genome divergence",structural variant analysis and divergence quantification in heterotic parents,Links parental genetic divergence in non-syntenic regions to heterosis expression; quantifies divergence drivers.,https://doi.org/10.1016/j.jare.2024.08.010
10.3389/fpls.2024.1463924,2024,"Bonkoungou TO, Badu-Apraku B, Adetimirin VO, Nanema KR, Adejumobi II.",Genetic analysis of grain yield and related traits of extra-early orange maize inbred lines and their hybrids under drought and rain-fed conditions.,,1,2,maize,"general combining ability (GCA), specific combining ability (SCA)",heterotic group classification,Classifies inbreds into heterotic groups; GCA/SCA analysis for combining ability but no diversity metric or long-term selection method.,https://doi.org/10.3389/fpls.2024.1463924
10.1016/j.heliyon.2025.e42378,2025,"Gebre W, Mekbib F, Tirfessa A, Bekele A.",Phenotypic diversity of sorghum [<i>Sorghum bicolor</i> (L.) Moench] genotypes based on qualitative and quantitative traits.,,1,2,sorghum,Shannon-Weaver diversity index (H'),,Phenotypic diversity quantified across 225 genotypes; effective traits identified for distinguishing genotypes but no selection optimization shown.,https://doi.org/10.1016/j.heliyon.2025.e42378
10.1038/s41598-021-91568-7,2021,"Patil KS, Mungra KD, Danam S, Vemula AK, Das RR, Rathore A, Gupta SK.",Heterotic pools in African and Asian origin populations of pearl millet [Pennisetum glaucum (L.) R. Br.].,,1,2,pearl millet,SSR-based genetic distance (heterotic loci-weighted),heterotic group assignment; diallel crosses,Heterotic pool definition via marker clustering; hybrid performance and heterosis quantified but diversity metrics not primary.,https://doi.org/10.1038/s41598-021-91568-7
10.3389/fpls.2025.1645319,2025,"Liu Y, Zhang P, Wang Z, Fu J, Han J, Gao Y, Feng Z.",Genetic analysis of wild walnuts in Xinjiang based on whole-genome resequencing.,,1,2,walnut (forest tree),"nucleotide diversity, allele frequency, population differentiation, ancestry","evolutionary clade assignment, ancestry inference",Characterizes 200 wild and cultivated walnuts; reveals four ancestral populations and conservation-relevant substructure.,https://doi.org/10.3389/fpls.2025.1645319
10.3389/fpls.2026.1744272,2026,"Agre PA, Uwimana B, Nkouaya Mbanjo EG, Ferguson M, Bhattacharjee R, Nyine M, Banda V, Peteti P, Mouritala S, Ismail KS, Amah D, Kolombia Y, Batte M, Tripathi JN, Nakato V, Shah T, Swennen R, Asfaw A, ","Advances and prospects of genomic-assisted breeding in roots, tubers, and banana crops.",,1,2,multi-crop,,"marker-assisted selection, genomic selection, pan-genomics",RTB breeding review: genomic tools and selection methods; diversity studies mentioned but not detailed quantification.,https://doi.org/10.3389/fpls.2026.1744272
10.1038/s41598-025-34232-8,2026,"Barajehfard M, Fazli M, Fooladvand M, Salami M, Stevanato P, Heidari B.",Selection for high-yielding sugarcane ideotypes and multi-trait selection via MGIDI across different harvesting periods improves sugar quality and yield.,,1,2,sugarcane,heritability; genetic advance; factor analysis,MGIDI (Multi-Trait Genotype-Ideotype Distance Index); Pesek–Baker Index,Multi-trait selection for yield and quality; ideotype-based GS; no explicit diversity quantification.,https://doi.org/10.1038/s41598-025-34232-8
10.1002/tpg2.70222,2026,"LaPorte MF, Hu H, Solomon W, Oard JH, Knapp SJ, Runcie DE, Edwards JD, McClung A, Diepenbrock CH.",Multi-environment evaluation and genomic prediction of agronomic traits in the southern US rice genepool.,,1,2,rice,"principal component analysis (PCA), clustering","genomic prediction (GBLUP), multi-environment evaluation",Southern US rice genepool characterized by PCA and clustering; genomic prediction predicts genetic values but no diversity constraint model.,https://doi.org/10.1002/tpg2.70222
10.3390/ijms26115312,2025,"Wang W, Pang H, Hu N, Hu H, Hu T, Yan Y, Wang J, Ai J, Bao C, Wei Q.",Construction of SNP Fingerprinting and Genetic Diversity Analysis of Eggplant Based on KASP Technology.,,1,2,eggplant,"SNP fingerprinting, genetic diversity by KASP markers",,Germplasm diversity and fingerprinting; no selection/optimization method.,https://doi.org/10.3390/ijms26115312
10.1186/s13104-025-07336-7,2025,"Camacho-Villalobos A, Mestanza O, Cabrera-Pintado RM, Sanchez Sunción G, Bendezu J.","SNP profiling of Elaeis oleifera (H.B.K) Cortes germplasm in Ucayali, Peru using Genotyping-by-Sequencing (GBS).",,1,2,American oil palm,"observed/expected heterozygosity, Fst, allele frequencies",population structure clustering,Heterozygosity and genetic differentiation quantify diversity; population structure supports gene pool characterization.,https://doi.org/10.1186/s13104-025-07336-7
10.3390/biology13121018,2024,"QuZhen N, Namgyal L, Dondrup D, Wang Y, Wang Z, Cai XX, Lu BR, Qiong.",Abundant Genetic Diversity Harbored by Traditional Naked Barley Varieties on Tibetan Plateau: Implications in Their Effective Conservation and Utilization.,,1,2,barley,"SSR fingerprints, private alleles, principal coordinates, STRUCTURE analysis",,Characterizes diversity within/among traditional and modern pools; genetic narrowing identified.,https://doi.org/10.3390/biology13121018
10.3390/life16010143,2026,"Kou S, Ci Z, Liu W, Wu Z, Peng H, Yuan P, Jiang C, Li H, Mansour E, Huang P.","Conservation and Sustainable Development of Rice Landraces for Enhancing Resilience to Climate Change, with a Case Study of 'Pantiange Heigu' in China.",,1,2,rice,genetic diversity of landraces,,Emphasizes landrace genetic resources for climate adaptation; no optimization or selection method.,https://doi.org/10.3390/life16010143
10.1038/s41598-024-83087-y,2024,"Diallo S, Badiane FA, Kabkia BA, Diédhiou I, Diouf M, Diouf D.",Genetic diversity and population structure of cowpea mutant collection using SSR and ISSR molecular markers.,,1,2,cowpea,"SSR and ISSR markers, allele number, genetic distance, Shannon index, AMOVA",,Comprehensive diversity assessment of mutant collection; partitions variation but no selection method.,https://doi.org/10.1038/s41598-024-83087-y
10.1002/cbdv.202201033,2023,"Mohamed A, García-Martínez S, Carbonell P, José Ruiz J, Loumerem M.",Genetic Diversity Assessment of Spanish and Some Endangered Tunisian Pea (Pisum sativum L.) Accessions Based on Microsatellite Markers (SSRs).,,1,2,pea,"allelic richness, Shannon information index, polymorphic information content",,Diversity indices quantify germplasm variation; addresses conservation and breeding management.,https://doi.org/10.1002/cbdv.202201033
10.1002/advs.202507157,2026,"Hu L, Wang X, Zhang Y, Garg V, Yuan X, Xue R, Zhou H, Chen Y, Hu W, Barmukh R, Cao R, Chen T, Song Q, Gao D, Luo G, Zhu X, Jing X, Wang S, Li C, Wei Y, Ge W, Chen X, Wang L, K Varshney R, Jiao C, Chen",High-Resolution Genomic Resources for Trait Mapping and Precision Breeding for Adzuki Bean (Vigna angularis).,,1,2,adzuki bean,"population structure, genetic variation map",,Diversity panel reveals population structure and trait loci; enables efficient utilization of genetic diversity.,https://doi.org/10.1002/advs.202507157
10.1186/s12870-025-07596-2,2025,"Salardi-Jost M, Mager S, Dini G, Macharia MW, Rovira M, Cristofori V, Pé ME, Cavallero A, Todeschini C, Genova G, Dell'Acqua M.",Genomic characterization of a global Corylus avellana L. collection: insights into hazelnut ancestry and genetic determinants of production traits.,,1,2,hazelnut,"SNPs, genetic clusters, ancestral populations, loci under selection",,"Genetic diversity, ancestry structure, and loci under selection; guides breeding of understudied crop.",https://doi.org/10.1186/s12870-025-07596-2
10.1002/tpg2.70151,2025,"Aro T, Tan B, Chen ZQ, Hallingbäck H, Suontama M, Westin J, Wu H, Hurry V.",Multivariate models improve accuracy of genomic prediction for spring frost tolerance in Norway spruce.,,1,2,forest tree (Norway spruce),"genetic parameters, heritability, genetic correlation",multivariate genomic selection (GS),Multivariate genomic selection integrating frost tolerance and phenology; improves prediction; forest breeding context.,https://doi.org/10.1002/tpg2.70151
10.1186/s12711-024-00932-4,2024,"Sharif-Islam M, van der Werf JHJ, Henryon M, Chu TT, Wood BJ, Hermesch S.",Genotyping both live and dead animals to improve post-weaning survival of pigs in breeding programs.,,1,2,none,,genomic selection simulation,Pig breeding simulation comparing genotyping strategies; examines inbreeding vs. gain trade-off.,https://doi.org/10.1186/s12711-024-00932-4
10.1038/s41467-025-66716-6,2025,"Gali KK, Koh KC, Satyavathi TC, Nanaiah GK, Palanna KB, Kirzinger MW, Nanjundappa S, Perumal S, Bomireddy D, Mahesh HB, Patil HE, Chaudhary R, Dhillon LK, Bandi V, Reddy Lachagari VB, Veeramachaneni S",Little millet genome reveals evolutionary insights into tetraploid structure and genetic basis of micronutrient density.,,1,2,little millet,"SNP and structural variant diversity across 300 accessions, allelic richness","GWAS, marker-assisted selection",Germplasm diversity quantified; GWAS loci for traits identified; breeding resources provided.,https://doi.org/10.1038/s41467-025-66716-6
10.1038/s41598-025-88609-w,2025,"Swanckaert J, Dos Santos IG, Chaves SFS, Ssali R, Mwanga ROM, Azevedo CF, Mendes TO, De Boeck B, Eyzaguirre R, Kitavi M, Gemenet DC, Andrade M, Grüneberg WJ, Lindqvist-Kreuze H, Yencho GC, Campos H, d",Tester selection for combining ability estimation of storage root yield and sweetpotato virus disease in sweetpotato breeding.,,1,2,sweetpotato,"general combining ability (GCA), specific combining ability (SCA)",tester selection via partial diallel; reciprocal recurrent selection,Identifies testers for efficient parental selection and combining ability assessment.,https://doi.org/10.1038/s41598-025-88609-w
10.1016/j.heliyon.2024.e29521,2024,"Malik G, Jabeen A, Mir JI, Shah RA, Shah MA, Dinkar V, Sheikh MA, Kumar R, Sharma OC, Verma MK.","Genetic diversity, population structure and marker-trait associations in Indian kale (<i>Brassica oleracea</i> L. gp. acephala) using cross-species microsatellite markers.",,1,2,kale,"allele count, PIC, within/among population variance (AMOVA), population structure",germplasm characterization and marker-trait association,Partitions diversity within/between subpopulations; supports conservation and breeding decisions.,https://doi.org/10.1016/j.heliyon.2024.e29521
10.3390/ijms26167688,2025,"Hassanine NNAM, Saleh AA, Essa MOA, Adam SY, Mohai Ud Din R, Rehman SU, Ali R, Husien HM, Wang M.","Candidate Genes, Markers, Signatures of Selection, and Quantitative Trait Loci (QTLs) and Their Association with Economic Traits in Livestock: Genomic Insights and Selection.",,1,2,none,"QTL regions, SNPs, signatures of selection (SSs), haplotype-based analyses","marker-assisted selection, genomic selection for economic traits",Livestock genomics review; selection signatures and QTLs for breeding; context on diversity loss via domestication but not explicit constraints.,https://doi.org/10.3390/ijms26167688
10.3390/plants14182906,2025,"Cao Z, Li J, Lei H, Yan M, Wang Q, Ji R, Zhang S, Min X, Sun Z, Wei Z.",PCA-Driven Multivariate Trait Integration in Alfalfa Breeding: A Selection Model for High-Yield and Stable Progenies.,,1,2,alfalfa,PCA of six yield-related traits,PCA-based multivariate selection framework for F1/F2 generations,Multivariate selection model captures trait interactions; diversity implicit in parental choice.,https://doi.org/10.3390/plants14182906
10.1038/s41598-025-07165-5,2025,"Strillacci MG, Bernini F, Vevey M, Blanchet V, Bagnato A.",The genomic comparison between autochthonous and cosmopolitan cows reveals structural variants involved in environmental adaptation.,,1,2,none,"Copy Number Variants (CNVs), PCA; genetic diversity and structural variation",genomic comparison of autochthonous vs. cosmopolitan breeds,"Diversity and adaptation to farming systems characterized; livestock, not plant.",https://doi.org/10.1038/s41598-025-07165-5
10.1186/s12870-025-07998-2,2025,"Wang H, Li J, He M, Zhang R, Wu Y, Zhao J, Zhang Y, Liu Q.",Genetic diversity analysis of sorghum grain traits and development of KASP markers for grain width genes SbTGW3 and SbGS5.,,1,2,sorghum,"allelic richness, genetic parameters","KASP markers, haplotype association","Diversity and yield-trait correlations; KASP markers developed but selection focus on single trait, not diversity constraint.",https://doi.org/10.1186/s12870-025-07998-2
10.1038/s41598-024-72319-w,2024,"Vetriventhan M, Upadhyaya HD, Deshpande S, Johnson MS, Wallace JG, Victor A, Naresh D, Rayaprolu L, Singh K, Mayes S.",Genome-wide assessment of population structure and association mapping for agronomic and grain nutritional traits in proso millet (Panicum miliaceum L.).,,1,2,proso millet,modified Rogers Distance; diversity by race and geography,genome-wide association mapping in diversity panel,Quantifies population diversity and identifies marker-trait associations; no explicit selection or long-term gain-diversity trade-off.,https://doi.org/10.1038/s41598-024-72319-w
10.3389/fpls.2025.1632888,2025,"Osorio-Guarín JA, Berdugo-Cely JA, Garzón-Martínez GA, Toloza-Moreno DL, Delgadillo-Duran P, Báez-Daza EY, Meinhardt LW, Park S, Zhang D, Yockteng R.",Assessing genetic redundancy and diversity in Colombian cacao germplasm banks using SNP fingerprinting.,,1,2,cacao,genetic diversity; genetic redundancy and mislabeling rates,core collection definition for germplasm optimization,Defines core collections from SNP fingerprinting; addresses genebank curation and subset selection but not breeding gain optimization.,https://doi.org/10.3389/fpls.2025.1632888
10.1186/s12864-024-10564-z,2024,"Liu Y, Fu B, Zhang Q, Cai J, Guo W, Zhai W, Wu J.",Genetic diversity and population structure of wheat landraces in Southern Winter Wheat Region of China.,,1,2,wheat,"allelic richness, AMOVA within/between subpopulations",core germplasm set construction,Quantifies diversity in wheat landraces; describes core collection for germplasm utilization.,https://doi.org/10.1186/s12864-024-10564-z
10.1002/tpg2.70113,2025,"Cuevas HE, Prom LK.",The NPGS Sudan sorghum germplasm collection reveals a novel cluster of R genes associated with rust resistant.,,1,2,sorghum,"R-gene cluster haplotype diversity, allelic variation across germplasm core","GWAS on Sudan core collection, candidate gene resequencing",Characterizes rust-resistance haplotypes in core collection; identifies genetic basis for trait in genebank subset.,https://doi.org/10.1002/tpg2.70113
10.1007/s00122-025-04940-w,2025,"Stetter MG, Joshi DC, Singh A.",Assessing and mining grain amaranth diversity for sustainable cropping systems.,,1,2,amaranth,"genomic diversity, ecological, geographical approaches",introgression from crop wild relatives,Discusses diversity framework and introgression potential; no quantified metric or explicit selection algorithm.,https://doi.org/10.1007/s00122-025-04940-w
10.3390/ijms26178205,2025,"Vega-Muñoz MA, López-Hernández F, Cortés AJ, Roda F, Castaño E, Montoya G, Henao-Rojas JC.",Pangenomic and Phenotypic Characterization of Colombian &lt;i&gt;Capsicum&lt;/i&gt; Germplasm Reveals the Genetic Basis of Fruit Quality Traits.,,1,2,Capsicum (pepper),"morphological, biochemical diversity assessed, GBS-derived genetic variation",,Characterizes diversity of germplasm collection across species; no selection or optimization method.,https://doi.org/10.3390/ijms26178205
10.1111/mec.70287,2026,"Cerda EEV, Bellis ES, Das A, Slayton ER, Morris GP, Lasky JR.","Population Genomic Structure of Sorghum Landraces Across Landscape, Environment and Culture.",,1,2,sorghum,"population structure, spatial and linguistic structure, isolation by distance",,"Quantifies sorghum landrace diversity partitioned by environment, culture, and geography across continents.",https://doi.org/10.1111/mec.70287
10.3390/biology14111602,2025,"Guimarães JB, Simões-Costa MC, Pinho M, Godinho CM, Sá Pereira P, Neves Martins J, Ribeiro-Barros A, Talhinhas P, Veloso MM.","Genetic Diversity of Sweetpotato (&lt;i&gt;Ipomoea batatas&lt;/i&gt; (L.) Lam.) from Portugal, Mozambique and Timor-Leste.",,1,2,sweetpotato,"polymorphism (SSR), alleles per locus, Bayesian population structure, Bruvo distance",,SSR-based diversity and population structure across geographic regions; no selection strategy for diversity maintenance or gain optimization.,https://doi.org/10.3390/biology14111602
10.1371/journal.pone.0316549,2025,"Teklewold TH, Bogale TG, Tseganeh DG, Birara ME, Senbeta TF.",Genetic diversity and population structure of Ethiopian Sweet Sorghum [Sorghum bicolor (L.) Moench] germplasms using SSR markers.,,1,2,sorghum,"SSR alleles, allele frequency, PIC, pairwise genetic differentiation (FST)",,SSR diversity and population structure of germplasm; no selection or cross-optimization method shown.,https://doi.org/10.1371/journal.pone.0316549
10.1002/tpg2.70155,2025,"Arcia-Ruiz I, Pégard M, Surault F, Živanov D, Milić D, Karagić Đ, Julier B.",Phenotypic and genomic insights into alfalfa diversity: Identifying critical loci for enhanced resilience.,,1,2,alfalfa,"phenotypic and genetic structure, SNP genotyping, genome-wide differentiation scans",,Phenotypic and genetic diversity characterized; identifies loci for resilience but no selection algorithm.,https://doi.org/10.1002/tpg2.70155
10.1101/gr.280514.125,2026,"Wang S, Khaipho-Burch M, Johnson LC, Miller ZR, Bradbury PJ, Speed D, Allen WJ, Romay MC, Xue J, Buckler ES, Ramstein GP, Song B.",Predicted protein 3D structures provide essential insights into the genetic architecture underlying phenotypic diversity in maize.,,1,2,maize,"protein 3D structural variation, GERP scores, genomic evolutionary rate profiling","structure-based proteome-wide association study (PWAS), haplotype information",Protein 3D structure variation linked to phenotypic diversity; NAM population exploration.,https://doi.org/10.1101/gr.280514.125
10.1007/s00122-025-04947-3,2025,"Bertram L, Kopisch-Obuch F, Frisch M.",Crop wild relative populations of Beta vulgaris as source for genome-wide association mapping of complex traits.,,1,2,sugar beet,,"QTL detection via wild-elite crosses, mapping population design simulation",Explores wild-relative introgression for QTL detection; relevant to genetic-resource utilization strategy.,https://doi.org/10.1007/s00122-025-04947-3
10.3390/ijms26031152,2025,"Islam MS, Lee JD, Song Q, Jo H, Kim Y.",Integration of Genetic and Imaging Data to Detect QTL for Root Traits in Interspecific Soybean Populations.,,1,2,soybean,,QTL mapping in interspecific (wild × cultivated) population,Introgression of wild-soybean genetic variation; demonstrates genetic-resource utilization for QTL discovery.,https://doi.org/10.3390/ijms26031152
10.1101/2024.06.07.597898,2024,"Takou M, Schulz K, Stetter MG.",Local selection shaped the diversity of European maize landraces,,1,2,maize,"genome-wide genetic markers, population structure, genetic load",,Quantifies diversity and differentiation in European landraces vs. elite lines using molecular markers; genetic-base narrowing analysis.,https://doi.org/10.1101/2024.06.07.597898
10.3390/plants13192790,2024,"Liu C, Du S, Wei A, Cheng Z, Meng H, Han Y.",Hybrid Prediction in Horticulture Crop Breeding: Progress and Challenges.,,1,2,multi-crop,genetic distance (limitations noted),,"Reviews hybrid prediction; discusses genetic distance limitations, heterosis theory.",https://doi.org/10.3390/plants13192790
10.3390/plants13060879,2024,"Crozier D, Winans ND, Hoffmann L, Patil NY, Klein PE, Klein RR, Rooney WL.",Evaluating and Predicting the Performance of Sorghum Lines in an Elite by Exotic Backcross-Nested Association Mapping Population.,,1,2,sorghum,"exotic introgression, geographic diversity of BC-NAM parents",backcross-nested association mapping (BC-NAM) for diversity introgression into elite,Strategy to introduce diversity from unadapted accessions while maintaining agronomic performance via backcross design.,https://doi.org/10.3390/plants13060879
10.1371/journal.pone.0297549,2024,Mitsuhashi Shohei,Genetic diversity among maize (Zea mays L.) inbred lines adapted to Japanese climates,PLOS ONE,0,2,maize,"principal component analysis, phylogenetic clustering, Bayesian clustering",,Determines genetic diversity and heterotic groups from molecular data; no selection or optimisation strategy.,https://doi.org/10.1371/journal.pone.0297549
10.9734/jeai/2025/v47i103831,2025,S G Sharanu; Patil Ayyanagouda; Kuchanur P.H.; Nair Sudha; B Kisan; Yeri Sharanabasappa B,Assessing Molecular Diversity of Tropical Maize Inbred Lines Using Single Nucleotide Polymorphic (SNP) Markers,Journal of Experimental Agriculture International,0,2,maize,"polymorphic information content, gene diversity, hierarchical clustering, PCA",,Assesses molecular diversity and population structure of tropical lines; identifies divergent lines but no selection method.,https://doi.org/10.9734/jeai/2025/v47i103831
10.14719/pst.2368,2023,Keerthana D; Haritha T; Sudhir Kumar I; Ramesh D,Molecular diversity in maize inbred lines for turcicum leaf blight resistance using simple sequence repeats (SSRs),Plant Science Today,0,2,maize,"polymorphic information content, allele frequency",,Characterises diversity of leaf-blight-resistant lines; identifies divergent parent for crossing but no optimisation.,https://doi.org/10.14719/pst.2368
10.3390/cimb48060586,2026,Mladenović Marko; Banović Đeri Bojana; Nikolić Ana; Dudić Dragana; Prodanović Slaven; Perić Sanja Z.,Genetic Relatedness and Heterotic Grouping in MRIZP Elite Maize Inbred Lines Using SNP Markers from 25k SNP Array and RNA-seq Data,Current Issues in Molecular Biology,0,2,maize,"genetic relatedness, population structure, SNP array and RNA-seq markers",,Evaluates concordance between SNP array and RNA-seq for assessing genetic relationships; heterotic grouping context.,https://doi.org/10.3390/cimb48060586
10.16882/derim.2018.409862,2018,ERDAL Şekip,Kendilenmiş Mısır Hatlarının Genetik Uzaklıklarının Belirlenmesi,Derim,0,2,maize,"genetic distance, polymorphic information content, allele frequency",,"Determines genetic distances and heterotic groups via SSR markers; Turkish breeding context, no optimisation method.",https://doi.org/10.16882/derim.2018.409862
10.18805/ag.d-6439,2026,Korake Siddheshwar Ravsaheb; Shrivastav Shiv Prakash; Kaur Harmanpreet; Singh Rahul; Yadav Yashpal Singh B.,"Studies on Components of Genetic Variance, Combining Ability and Heterotic Response in Rice (Oryza sativa L.) Through Morphological and Molecular SSR Markers",Agricultural Science Digest - A Research Journal,0,2,rice,"GCA, SCA, SSR polymorphism, heterobeltiosis, standard heterosis",heterotic pattern establishment; combining ability analysis,Heterotic pattern and combining ability in rice; non-maize and lacks diversity partitioning focus.,https://doi.org/10.18805/ag.d-6439
10.9734/jsrr/2026/v32i74351,2026,Anusha G.; Rani G. Usha; Lakshmidevi G.,Heterotic Grouping Strategies for Enhancing Hybrid Performance in Maize,Journal of Scientific Research and Reports,0,2,maize,,heterotic grouping; reciprocal recurrent selection; genomic selection,Reviews heterotic group classification methods and genomic selection in maize; context but no explicit diversity metric or optimisation algorithm.,https://doi.org/10.9734/jsrr/2026/v32i74351
10.63990/jaes.v11i1.12712,2026,Mulualem Tafere; Tadesse Taye; Alamrew Sentayehu,Genetic Relationships among Sorghum [Sorghum bicolor (L.) Moench] Lines and Correlation between Genetic Distance and Hybrid Performance,Journal of Agriculture and Environmental Sciences,0,2,sorghum,"genetic distance (SNP-based, 7339 SNPs); cluster assignment",parental selection by genetic distance; hybrid development,Quantifies diversity of sorghum lines via SNPs; correlates genetic distance with grain yield; selects parents but no diversity preservation optimisation.,https://doi.org/10.63990/jaes.v11i1.12712
10.1002/csc2.21039,2023,Sullivan Madsen; Williams Martin M.; Studer Anthony J.,Genetic diversity of North American popcorn germplasm and the effect of population structure on nicosulfuron response,Crop Science,0,2,popcorn (maize),"SNP data (308,811), model-based clustering, population structure, genetic diversity indices",,Characterizes genetic diversity and population structure in 320 popcorn accessions; no selection or gain strategy.,https://doi.org/10.1002/csc2.21039
10.1002/csc2.70045,2025,Yu Shuhao; Fontanier Charles; Singh Lovepreet; Fishbein Mark; Zhang Xiaoyu; Singh Manveer,Genetic diversity and variations among Oklahoma and Texas sedge germplasm,Crop Science,0,2,sedge (Carex spp.),"SNP markers (20,689), population structure, genetic variability",,Genetic diversity and population structure characterized in 35 sedge accessions; no breeding application stated.,https://doi.org/10.1002/csc2.70045
10.1071/cp24128,2024,Baran Nurettin,Assessing the population structure and genetic diversity of wheat germplasm with the iPBS-retrotransposons marker system,Crop &amp; Pasture Science,0,2,wheat,"iPBS-retrotransposon markers (12 selected), effective number of alleles, Shannon index, gene diversity",,Germplasm characterized for diversity with molecular markers; no selection or gain optimization.,https://doi.org/10.1071/cp24128
10.37992/2021.1202.075,2025,S. Alarmelu; A. Anna Durai; H. K. Mahadeva Swamy; G. Hemaprabha; Adhini S. Pazhany,Genetic diversity of parental clones used in breeding  programs of sugarcane,Electronic Journal of Plant Breeding,0,2,sugarcane,"principal component analysis, hierarchical cluster analysis",parental selection from divergent clusters,Genetic divergence quantified in breeding population; selection of diverse parents for hybridization.,https://doi.org/10.37992/2021.1202.075
10.36814/pgr.2018.22.04,2018,Kharchenko Yu.V.; Tryhub O.V.,Diversity of initial material of buckwheat and trends in its use in breeding,Genetičnì resursi roslin (Plant Genetic Resources),0,2,buckwheat,"trait expression clustering, eco-geographical origin grouping",core collection formation by trait sets,Germplasm evaluated for diversity and grouped into trait-specific collections for breeding purposes.,https://doi.org/10.36814/pgr.2018.22.04
10.37992/2021.1204.198,2025,Y. Satish,Genetic diversity analysis in American cotton   (Gossypium hirsutum L.) genotypes,Electronic Journal of Plant Breeding,0,2,cotton,"D² statistics, principal component analysis, genetic distance",heterotic group identification by divergence clustering,Genetic divergence quantified; divergent genotypes identified for heterotic hybrid crosses.,https://doi.org/10.37992/2021.1204.198
10.37992/2021.1202.084,2025,Ashok Kumar Meena; Sandhya; Manoj Kumar,Assessment of genetic diversity in linseed    (Linum usitatissimum L.) genotypes,Electronic Journal of Plant Breeding,0,2,linseed,"Mahalanobis D² statistics, inter- and intra-cluster distance, hierarchical clustering",cluster-based parental selection for hybridization,Genetic divergence partitioned into clusters; distant pairs identified for cross combination design.,https://doi.org/10.37992/2021.1202.084
10.37992/2023.1401.014,2025,P. Lintu; Raji Vasudevan Namboodiri,Genetic diversity of brinjal (Solanum melongena L.) and its wild relatives,Electronic Journal of Plant Breeding,0,2,brinjal,"morphological trait-based D² analysis, multivariate clustering",introgression of wild relatives into cultivated germplasm,Genetic diversity quantified in landraces and wild relatives; divergent accessions selected for introgression.,https://doi.org/10.37992/2023.1401.014
10.1371/journal.pone.0294315,2023,Capo-Chichi Dènoumi B. E.; Tchokponhoué Dèdéou A.; Sogbohossou Dêêdi E. O.; Achigan-Dako Enoch G.,Narrow genetic diversity in germplasm from the Guinean and Sudano-Guinean zones in Benin indicates the need to broaden the genetic base of sweet fig banana (Musa acuminata cv Sotoumon),PLOS ONE,0,2,banana,"expected heterozygosity (He), Fst, AMOVA",,Quantifies low diversity in germplasm collection; recommends genetic base broadening but no selection method.,https://doi.org/10.1371/journal.pone.0294315
10.3390/wild3020023,2026,Senthilkumar Suriya; Balakrishnan Divya; Tomar N. S.; Nair S. K.; Gireesh C.; Prasad S. V. Sai,Bridging Biodiversity and Breeding: Characterisation of Wild Rice (Oryza spp.) Accessions and Development of Novel Interspecific Germplasm to Broaden the Genetic Base,Wild,0,2,rice,morphological polymorphism,pre-breeding characterization,Characterizes wild rice diversity; identifies donors for introgression into elite background via DUS traits.,https://doi.org/10.3390/wild3020023
10.3390/ijms27125433,2026,Radzevičius Audrius; Juškevičienė Danguolė; Viškelis Jonas; Karklelienė Rasa,From Genetic Diversity to Genetic Gain: Molecular Approaches and Breeding Strategies in Tomato with Insights from Lithuanian Germplasm,International Journal of Molecular Sciences,0,2,tomato,"expected heterozygosity (He), PIC",,Reviews genetic diversity and molecular characterization of Lithuanian germplasm; notes genetic base narrowing but no selection method.,https://doi.org/10.3390/ijms27125433
10.1007/s10722-025-02518-5,2025,Carbajal Melgar Esdras M.; Gouveia Beatriz T.; van der Laat Rocio; Miller Grady L.; Dunne Jeffrey C.; Schwartz Brian M.,Evaluation of bermudagrass germplasm newly introduced from Africa for shade tolerance and simple sequence repeat (SSR) allelic diversity,Genetic Resources and Crop Evolution,0,2,bermudagrass,"SSR allelic diversity, ploidy levels",,24 African accessions evaluated for shade tolerance; SSR allelic diversity assessed; new trait sources identified.,https://doi.org/10.1007/s10722-025-02518-5
10.1002/csc2.70314,2026,Graham Sydney; Howard Reka; Frels Katherine,Facilitating hands‐on plant breeding training: A case study in genetic gain and genomic selection in a student‐led barley breeding program,Crop Science,0,2,barley,realized genetic gain (kg/ha/year),"genomic selection (GBLUP, Bayesian, random forest, SVM)",Historical breeding gain documented; GS models compared; no diversity constraint or long-term trade-off.,https://doi.org/10.1002/csc2.70314
10.1007/s11032-026-01700-6,2026,Kinoshita Sei; Sakurai Kengo; Tsusaka Takahiro; Sakurai Miki; Shirasawa Kenta; Isobe Sachiko,"Progeny-based genomic selection reveals untapped genetic potential in an underutilized medicinal plant, Perilla frutescens",Molecular Breeding,0,2,medicinal plant,"segregation variance, additive genotypic values",cross-selection based on progeny genomic prediction,"GS-based cross selection in Perilla; progeny variance maximized; non-staple crop, limited direct crop-breeding applicability.",https://doi.org/10.1007/s11032-026-01700-6
10.1002/csc2.21368,2024,Cameron John N.; Bernardo Rex,Potential genetic gains from targeted recombination versus recurrent selection for maize yield and moisture,Crop Science,0,2,maize,genotypic value distribution,targeted recombination vs. recurrent selection simulation,Compares selection strategies for gain; diversity effects implicit in recombination.,https://doi.org/10.1002/csc2.21368
10.31186/aa.21.2.5-12,2018,Yono Sahri; Herawati Reny; Pujiwati Hesti,Genetic Diversity and Agromorphological Characteristics of 50 Upland Rice Genotypes Derived from Recurrent Selection,Akta Agrosia,0,2,rice,genetic diversity (descriptive morphological),recurrent selection,Diversity in recurrent-selection-derived lines; no quantitative molecular metric.,https://doi.org/10.31186/aa.21.2.5-12
10.14719/pst.7496,2025,Anvesh Ellandula; Ajay Kumar; Satish Kumar  Singh; Ashish Narayan; Uthej Karla; Prasenjit Paul,Exploring genetic diversity in quality protein maize and selection of genotypes by MGIDI index,Plant Science Today,0,2,maize,"genetic diversity (PCA, Mahalanobis D2 distance)",MGIDI index selection,Identifies diverse lines via multivariate analysis; selection based on agro-morphology.,https://doi.org/10.14719/pst.7496
10.22620/agrisci.2021.30.011,2021,; Petrovska Natalyia; Valkova Valentina; ,Use of recurrent selection in middle late synthetic maize populations. results of the first cycle in synthetic “1/2017”,Agricultural Sciences,0,2,maize,genetic variability index (12.2%),recurrent selection cycle 1,Diversity retained after first RRS cycle; selection intensity and gain reported.,https://doi.org/10.22620/agrisci.2021.30.011
10.36814/pgr.2023.32.02,2023,Kharhenko Yu.V.; Kharchenko L.Ya.; Rohovyi O.Yu.,Monitoring maize genetic diversity to identify sources of drought tolerance,Genetičnì resursi roslin (Plant Genetic Resources),0,2,maize,drought-resistance trait expression grouping,germplasm collection evaluation and source selection,Diverse accessions screened for drought; sources identified for heterosis breeding.,https://doi.org/10.36814/pgr.2023.32.02
10.1111/pbr.70102,2026,Tambarussi Evandro Vagner,Additive Variance and Open‐Pollinated Progenies Under Mixed Mating,Plant Breeding,0,2,multi-crop,"coancestry within families, additive variance, heritability",,Uses molecular markers to infer realized relatedness and mating systems in open-pollinated families; impacts selection gain estimation.,https://doi.org/10.1111/pbr.70102
10.3390/d18040208,2026,Pagnotta Mario A.,Genomic Tools for Assessing Plant Diversity in the 2020s: From PCR-Based Markers to High-Throughput Sequencing and eDNA,Diversity,0,2,multi-crop,"allelic diversity, structural polymorphisms, adaptive variation, spatial genetic structure",marker-assisted selection,Reviews HTS tools for assessing plant diversity; context for characterizing germplasm pools.,https://doi.org/10.3390/d18040208
10.1038/s41598-026-35464-y,2026,Hanson Forrest; Harms Benjamin; Kreutz Gustavo; Mahmood Anser; Bandillo Nonoy; Hudson Matthew,Genetic diversity analysis of North Dakota public soybean breeding program cultivars,Scientific Reports,0,2,soybean,"coefficient of parentage (CP), SNP-based genetic relationships, population structure",,Analyzes genetic base narrowing and founder dependence; documents diversity loss but no selection method.,https://doi.org/10.1038/s41598-026-35464-y
10.1007/s11032-026-01679-0,2026,Vargas Brizza; Piovesan Newton Deniz; Ribeiro Cleberson; Dal-Bianco Maximiller,Genome-wide signatures of selection and genetic diversity reveal the impact of modern breeding on Brazilian soybean,Molecular Breeding,0,2,soybean,"nucleotide diversity, Tajima's D, AMOVA, Fst, Nei genetic distance, linkage disequilibrium",,Genome-wide diversity trends across breeding periods; documents erosion but no gain–diversity optimization.,https://doi.org/10.1007/s11032-026-01679-0
10.46265/genresj.zueq4037,2026,Morris Brad; Tonnis Brandon; Chen Zhenbang; Wang Ming Li,Selection of a core collection from the US castor bean germplasm collection,Genetic Resources,0,2,castor bean,morphological descriptors (7 traits),core collection (10%),"Core collection assembly from 1,033 accessions; diversity representation via morphological data.",https://doi.org/10.46265/genresj.zueq4037
10.1186/s12870-025-07202-5,2025,Haupt Max; Schmid Karl,Using landscape genomics to infer genomic regions involved in environmental adaptation of soybean genebank accessions,BMC Plant Biology,0,2,soybean,environmental association signatures; gene expression datasets; linkage disequilibrium patterns,landscape genomics; population structure inference,Identifies adaptive diversity and candidate genes in germplasm; contextualizes diversity within environmental gradients.,https://doi.org/10.1186/s12870-025-07202-5
10.51470/plantarchives.2026.v26.supplement-2.038,2026,Dave Devang N; Patel Rohan V.; Prajapati Girish K.; Joshi Kavya K.,"DISTANT HYBRIDIZATION IN COTTON (Gossypium spp.): WILD GENETIC RESOURCES, BARRIERS, INTROGRESSION STRATEGIES AND BREEDING PROSPECTS",Plant Archives,0,2,cotton,wild Gossypium species genetic diversity,"introgression via distant hybridization, backcrossing, chromosome substitution lines, somatic hybridization",Synthesizes strategies to exploit wild genetic resources and overcome reproductive barriers; introgression into elite pools.,https://doi.org/10.51470/plantarchives.2026.v26.supplement-2.038
10.14719/pst.8896,2025,Rahul Singh Chauhan; Pramesh Khoyumthem; Renuka Th.; Pushparani Senjam; Nabakishor Nongmaithem; Bhagya Shree,Marker-assisted introgression of turcicum leaf blight (Ht1) resistant gene into northeastern Himalayan region maize landrace,Plant Science Today,0,2,maize,,marker-assisted introgression of resistance gene (Ht1) into landrace,Introgression of turcicum leaf blight resistance into Himalayan maize landrace; example of exotic germplasm utilization in breeding.,https://doi.org/10.14719/pst.8896
10.1007/s13353-026-01072-9,2026,Tang Huangyi; Mulim Henrique A.; Chen Shi-Yi; Schinckel Allan P.; Hongfeng-Xue; Dingjie-Qiu,"Genomic diversity, inbreeding, and selection signatures in duroc, landrace, and yorkshire pigs from a long-term closed breeding system",Journal of Applied Genetics,0,2,none,"observed heterozygosity, pairwise FST, linkage disequilibrium (r²), inbreeding coefficient (F)",,"Pigs; genetic diversity metrics in closed breeding systems; documents diversity erosion, non-plant.",https://doi.org/10.1007/s13353-026-01072-9
10.3390/plants15111717,2026,Pan Jiawei; Fang Caochuang; Anwar Toheed; Ma Kun,Genetic Diversity and SNP-Based Fingerprinting of 94 Pumpkin Cultivars: Database Establishment and Population Analysis,Plants,0,2,pumpkin,"SNPs, PCA, STRUCTURE, Neighbor-Joining, LD decay, DNA fingerprinting",,Pumpkin cultivar fingerprinting and population structure; establishes diversity baseline for variety purity control.,https://doi.org/10.3390/plants15111717
10.9734/ijpss/2021/v33i1630531,2021,Jaiswal Priyanka; Banshidhar .; Banshidhar .; Jakhar Dan Singh; Singh Rajesh,Diversity Analysis in Biofortified Inbred Lines of Maize (Zea mays L.),International Journal of Plant &amp; Soil Science,0,2,maize,"D² statistics, cluster analysis",,D² quantifies diversity among 30 biofortified inbreds; identifies distant parents for crossing.,https://doi.org/10.9734/ijpss/2021/v33i1630531
10.1111/pbr.70021,2025,Chizhande Nomusa; Sibiya Julia; Gasura Edmore; Mutari Bruce; Chaingeni Davison; Kutywayo Dumisani,"Genetic Diversity and Population Structure of Sweetpotato Accessions (
                    <scp>
                      <i>Ipomoea batatas</i>
                    </scp>
                    [L.] Lam.) Revealed by Single Nucleotide Polymorphism Markers",Plant Breeding,0,2,sweetpotato,"SNP-based gene diversity, heterozygosity, MAF, PIC",population structure via STRUCTURE,327 accessions; genetic diversity assessment informs germplasm sampling and breeding pool design.,https://doi.org/10.1111/pbr.70021
10.37992/2021.1204.191,2025,S. T. Ponsiva; N. Senthilkumar,Investigation of population structure and molecular  genetic diversity under coastal agro-ecosystem in rice  (Oryza sativa L.),Electronic Journal of Plant Breeding,0,2,rice,"SSR alleles, PIC, expected heterozygosity, UPGMA clustering, STRUCTURE",population structure analysis,88 rice genotypes; molecular diversity assessment and subpopulation classification.,https://doi.org/10.37992/2021.1204.191
10.56228/jart.2024.49119,2024,Boratkar Manish V.; Bhivgade Surendra W.,Genetic Diversity and Association Study in Pearl Millet Hybrid Parents for Genetic Improvement of Hybrids,Journal of Agriculture Research and Technology,0,2,pearl millet,"PCA, cluster analysis, eigen values and trait loadings",multivariate diversity assessment,Genetic diversity and clustering of hybrid parents; identifies divergent lines for hybrid development.,https://doi.org/10.56228/jart.2024.49119
10.18805/ag.r-2450,2022,Patel Kishan; Varshney Rajeev; Saxena Rachit; Singh Pradeep Kumar,Genomic Basis of Defining Heterotic Pools in Pigeonpea (Cajanus cajan L.): A Review,Agricultural Reviews,0,2,pigeonpea,"genome-wide variation, combining ability",heterotic pool definition via marker-based grouping,"Review of heterotic pool assignment and combining ability for hybrid breeding; framework, no quantitative analysis.",https://doi.org/10.18805/ag.r-2450
10.1093/insilicoplants/diag014,2026,Tomura Shunichiro; Powell Owen; Wilkinson Melanie J; Cooper Mark,Ensembles of graph attention networks supervised by genotype-to-phenotype structures improved genomic prediction performance,in silico Plants,0,2,maize,prediction accuracy from genotype-to-phenotype graph networks,ensemble graph attention networks (GAT) genomic prediction,Novel GAT ensemble for genomic prediction; applies Diversity Prediction Theorem but no diversity-constrained selection.,https://doi.org/10.1093/insilicoplants/diag014
10.1371/journal.pone.0350861,2026,Mekasha Goshime Muluneh; Yigezu Zerihun Demrew; Teklewold Adefris; Gowda Manje; Burgueño Juan; Beyene Yoseph,Performance of doubled haploid maize (Zea mays L.) testcross hybrids under optimal and drought-stressed environments,PLOS One,0,2,maize,phenotypic diversity (DH testcross performance under contrasting conditions),doubled haploid testcross design,DH testcrosses capture within-population variation under drought; heterotic-group contrast but no explicit diversity metric or constraint.,https://doi.org/10.1371/journal.pone.0350861
10.3390/genes17050568,2026,"Wang H, Zhao Z, Xu W, Sun P, Zhao S, Qu J, Hu Y, Wei J, Zheng H.",Integrating Multi-Environment Phenotypes and Genome-Wide Variation to Evaluate Diversity and Identify Representative Germplasm in Specialty Maize.,,0,2,maize,"population structure, genetic diversity analyzed among subpopulations",,Evaluates diversity levels among specialty maize subpopulations; identifies representative germplasm but lacks formal selection optimization.,https://doi.org/10.3390/genes17050568
,2026,"Elmyhun M, Abate E, Alemu A, Menkir A, Teklewold A.",Genetic Diversity and Population Structure of Elite Maize (Zea mays) Inbred Lines Using Phenotypic Data and Single Nucleotide Polymorphisms,,0,2,maize,"Euclidean genetic distances, SNP-based cluster analysis, gene diversity",,Integrates phenotypic and SNP data to assess diversity among inbred lines; three clusters identified but no selection strategy applied.,
10.3390/plants14243866,2025,"Fan H, Wang J, Yan Y, Zhang Q, Wang L, Song L, Wei J, Li X, Zhang D, Guo J, Guo R, Song W.",Molecular and Genetic Characterization of Newly Released CIMMYT Inbred Maize Lines.,,0,2,maize,"linkage disequilibrium decay, phylogenetic structure, principal component analysis, genetic distances",,Characterizes genetic diversity and population structure in CIMMYT tropical germplasm; mentions suitability for improvement but no formal selection method.,https://doi.org/10.3390/plants14243866
10.1186/s12864-025-11964-5,2025,"Bonkoungou TO, Adejumobi II, Adetimirin VO, Badu-Apraku B, Agre PA, Nanema KR, Abubakar AM, Dao A, Mengesha W.",Joint analysis of phenotypic and molecular data for genetic diversity assessment in extra-early orange maize (Zea Mays L.).,,0,2,maize,"Gower matrix from phenotypic data, identical-by-state matrix from SNP markers, genetic dissimilarity heatmap",,Comprehensive diversity assessment of 187 orange maize inbred lines using phenotypic and genomic markers; low concordance noted but no selection strategy.,https://doi.org/10.1186/s12864-025-11964-5
10.3390/genes17050570,2026,"Wang J, Du B.",Genome-Wide Association and Selective Sweep Analyses Reveal Candidate Genes Associated with Shoot Height in Maize Across Breeding Eras.,,0,2,maize,"selective sweep analysis, breeding-era differentiated genomic regions",,GWAS and selective sweep analysis reveal genetic basis across breeding eras; genetic narrowing implied but not explicitly quantified or addressed.,https://doi.org/10.3390/genes17050570
10.1590/1519-6984.298945,2025,"Pardey-Rodríguez C, Rivera Mesa BJ, Morillo AC, Morillo Y.","Molecular characterization of creole inbred lines from Magdalena, Colombia using Inter Simple Sequence Repeats (ISSRs).",,0,2,maize,"expected heterozygosity, fixation index, Analysis of Molecular Variance",,Genetic diversity of 15 creole maize inbred lines; ISSR markers; limited allelic diversity reported for germplasm conservation.,https://doi.org/10.1590/1519-6984.298945
10.1038/s41598-026-40372-2,2026,"Darvishzadeh R, Alipour H, Türkoğlu A, Haliloğlu K, Fatanatvash S.",Genome-wide assessment of genetic diversity and selective signatures in sunflower (Helianthus annuus L.) using a 10 K SNP array.,,0,2,sunflower,"SNP-based genetic diversity, population structure, AMOVA, selective signatures",,"Genome-wide diversity assessment in 94 sunflower inbred lines; two subgroups identified, 16% inter-subpopulation variance reported.",https://doi.org/10.1038/s41598-026-40372-2
10.3389/fpls.2026.1862097,2026,"Liu Y, Chen C, Zhu H, Yang J.",From QTL mapping to genome editing: advances and integrated strategies for improving aluminum tolerance in crops.,,0,2,multi-crop,,"marker-assisted selection, genomic selection, gene pyramiding, CRISPR/Cas editing",Review of QTL mapping to genome editing for Al tolerance; discusses selection and editing strategies but not diversity quantification per se.,https://doi.org/10.3389/fpls.2026.1862097
10.7717/peerj.19598,2025,"Hassanin AA, Jalal AS, Mahdy EM, Mandour H, Mansour E, Kamara MM, Alshaharni MO, Fayad E, Alqurashi M, Aljabri M, Fallatah TA, Abd El-Moneim D, Eldomiaty AS.",Unravelling agronomic performance and genetic diversity of newly developed maize inbred lines for arid conditions.,,0,2,maize,"SCoT, CDDP, SRAP polymorphism",,Genetic diversity assessed in 14 inbred lines via three marker techniques; descriptive diversity reporting.,https://doi.org/10.7717/peerj.19598
10.3390/genes17040413,2026,"Nanyangwe S, Ndeve AD, Fato P, Munisse P, Oladiran KP, Lhamine CF, Kipkoech MC.","Phenotypic Diversity in Maize Landraces: A Systematic Review of Global Patterns, Methodological Approaches, and Implications for Breeding.",,0,2,maize,"agro-morphological traits, heritability, phenotypic diversity",,Systematic review of phenotypic diversity in landraces; synthesis of diversity reporting across studies.,https://doi.org/10.3390/genes17040413
10.1007/s00122-026-05259-w,2026,"Laugel H, Link W.",Faba bean populations already contain the inbreds needed for breeding.,,0,2,faba bean,"inbreeding coefficient (F_L), KASP markers",core population selection,Identifies highly inbred individuals from diverse populations; cost-efficient selection without diversity collapse.,https://doi.org/10.1007/s00122-026-05259-w
10.3390/cimb47110877,2025,"Wang H, Zhang X, Weng J, Li M, Hao Z, Zhang D, Yong H, Han J, Zhou Z, Li X.",Genetic Trends in General Combining Ability for Maize Yield-Related Traits in Northeast China.,,0,2,maize,"general combining ability (GCA), elite allele frequency",,GCA trends across 40 years; genetic narrowing analysis via allele frequency changes in breeding lines.,https://doi.org/10.3390/cimb47110877
10.21203/rs.3.rs-7142266/v1,2025,"Sahoo S, Varalakshmi S, Singh P, Singh NK, Jaiswal JP, Pant U.",Wild Relatives Enhance Genetic Resources for Maize (Zea mays ssp. mays) Improvement through Diversity Analysis,,0,2,maize,"morphological and molecular diversity, population structure, k-means clustering, PCA",core collection design,"Diversity analysis of landraces, inbreds, wild relatives; parent selection for introgression of novel alleles.",https://doi.org/10.21203/rs.3.rs-7142266/v1
10.1186/s12864-026-12685-z,2026,"Abdi H, Alipour H, Bernousi I, Darvishzadeh R, Fatanatvash S, Türkoğlu A.",Integration and imputation of GBS-derived and DArTseq-derived SNP markers in assessing genetic diversity of bread wheat genotypes.,,0,2,wheat,"SNP allelic diversity, genetic diversity indices from integrated GBS/DArTseq markers",,Integrated marker data to assess genetic diversity in wheat germplasm; lacks selection optimization.,https://doi.org/10.1186/s12864-026-12685-z
10.1007/s00122-026-05201-0,2026,"MacNish TR, Kopalli V, Zanini SF, Snowdon RJ, Golicz AA, Edwards D.",Accessing crop genetic diversity via pangenomics.,,0,2,multi-crop,"Pangenome-based structural variation, allelic diversity captured across multiple genomes",Pangenome-assisted breeding (PAB),Pangenomes capture genetic diversity for trait association and introgression; strategic but not diversity-quantified.,https://doi.org/10.1007/s00122-026-05201-0
10.3390/plants15010050,2025,"Zhao Y, Qu J, Gu W, Yu D, Wang H, Zhang Z, Garcia FSV, Yang M, Sun X, Zheng H, Guan Y.",Genetic Dissection of Carotenoid Variation by Integrating Quantitative Trait Loci Mapping and Candidate Region Association Study in Sweet Corn.,,0,2,maize,"SNP allelic variation, QTL-based genetic variance partitioning for carotenoid traits",QTL mapping combined with candidate region association; no explicit diversity constraint,Maps genetic architecture of trait variation; quantifies variance by locus but no population diversity selection.,https://doi.org/10.3390/plants15010050
10.1111/nph.70439,2025,"Uberti A, Santana AS, Nikolau BJ, DeLima RO, Lübberstedt T.",Molecular breeding approaches for the improvement of oil content and fatty acid composition in exotic-derived maize germplasm.,,0,2,maize,"allelic variation, phenotypic diversity","GWAS, genomic prediction (GBLUP), trait selection in exotic germplasm",Exotic maize germplasm characterized for oil/fatty acids; genomic selection from diverse pool.,https://doi.org/10.1111/nph.70439
10.3389/fpls.2026.1767075,2026,"Prakash U, Yadav VK, Mehta BK, Dwivedi KK, Keerthana D, Choudhary R, Shweta, Kaushal P, P S.",Integrating morphological and molecular diversity to develop high-biomass fodder pearl millet composites.,,0,2,pearl millet,"SSR markers (203 alleles, 46 loci), allelic richness, genetic divergence",morphological and molecular clustering for composite development,Characterizes diversity in fodder inbreds; identifies divergent clusters for hybrid/composite breeding.,https://doi.org/10.3389/fpls.2026.1767075
10.1186/s12870-026-08892-1,2026,"Tahir M, Iram S, Potter D, Rana RM, Székács A.",Genetic diversity and population structure analysis of mango (Mangifera indica L.) germplasm using microsatellite markers.,,0,2,mango,"SSR markers (alleles, heterozygosity, genetic distance)",genetic relatedness assessment via SSR,Molecular diversity of germplasm panel; supports breeding germplasm characterization.,https://doi.org/10.1186/s12870-026-08892-1
10.3389/fpls.2026.1703515,2026,"Fabjan P, Mikulič-Petkovšek M, Kastelec D, Podržaj A, Rudolf-Pilih K.","Glucosinolate variation, heterosis, and prediction of hybrid performance from parental values in white cabbage (&lt;i&gt;Brassica oleracea&lt;/i&gt; var. &lt;i&gt;capitata&lt;/i&gt;).",,0,2,cabbage,"heritability, parent-hybrid phenotypic correlations, genotype-dependent variation",parent-hybrid correlation approach for hybrid prediction,Uses heritable trait variation and parent values to predict hybrid GSL phenotype; supports targeted hybrid development.,https://doi.org/10.3389/fpls.2026.1703515
10.3389/fgene.2025.1659937,2025,"Roy SC, Shil P.",Comprehensive genetic diversity revealed in the pre-breeding RILs (&lt;i&gt;O. sativa&lt;/i&gt; × &lt;i&gt;O. rufipogon&lt;/i&gt;) with enhanced yield and pigmented grain quality.,,0,2,rice,"genetic variability parameters, principal component analysis (PCA), Mahalanobis D² test",RIL development via interspecific hybridization (alien introgression),Quantifies diversity in pre-breeding RILs from wild introgression; diversity assessment demonstrates genetic base broadening.,https://doi.org/10.3389/fgene.2025.1659937
10.1038/s41598-025-23884-1,2025,"Parray SA, Ramalingam AP, Tugoo MZ, Serba DD, Vara Prasad PV, Perumal R.",Harnessing genetic diversity for drought tolerance and forage yield improvement in pearl millet germplasms through a prebreeding framework.,,0,2,pearl millet,"expected heterozygosity (He), SNP-based genetic variation, principal component analysis (PCA)","rank summation index selection, BLUP-GGE biplot, MTSI, MGIDI, FAI-BLUP stability models",Selects drought-tolerant accessions using stability indices; diversity assessed post-selection but method balances performance and stability.,https://doi.org/10.1038/s41598-025-23884-1
10.3389/fpls.2025.1611495,2025,"Menkir A, Dieng I, Meseka S, Maziya-Dixon B, Bossey B, Muhyideen O, Ewool M, Coulibaly M, Mengesha W.",Concurrent enhancement of provitamin A and yield in tropical maize hybrids.,,0,2,maize,,"long-term breeding program analysis (12 years, genetic gain estimation)",Tracks genetic gains in yield and carotenoid content over years; demonstrates sustained improvement without explicit diversity constraint.,https://doi.org/10.3389/fpls.2025.1611495
10.3390/genes17050528,2026,"Muteti WN, Chiulele RM, Abincha W.",Genetic Characterization and Population Structure of Mozambique's Sesame (&lt;i&gt;Sesamum indicum&lt;/i&gt; L.) Accessions Using DArTseq-Derived SNP Markers.,,0,2,sesame,"He, Ho, MAF, PIC; Nei's distance; population structure",population structure analysis; clustering,Germplasm diversity characterized; eight subpopulations identified for resource utilization.,https://doi.org/10.3390/genes17050528
10.1038/s41598-026-49018-9,2026,"Toprak S, Coşkun ÖF.","Multi-marker genetic diversity assessment of snake melon using iPBS, POGP and SRAP markers.",,0,2,melon,polymorphic information content (PIC); genetic similarity; population structure,multi-marker clustering; population structure analysis,Genetic diversity and genotype relationships assessed; no explicit breeding selection or optimization method.,https://doi.org/10.1038/s41598-026-49018-9
10.1007/s11033-026-11813-y,2026,"S S, K R V S, R R, T S, V B, S S, N K, V D.",Identification of maize inbreds for hybridization using agro-morphological traits and SSR markers through clustering and population structure analysis.,,0,2,maize,allele frequency; Shannon diversity; principal component variation,heterotic group identification; clustering for parent selection,Diversity assessment via 30 SSR markers; diverse parents identified for hybridization programs.,https://doi.org/10.1007/s11033-026-11813-y
10.3389/fpls.2026.1785981,2026,"Hou X, Li X, Jiao Y, Guo X, Zhang D, Gao Y, Liu Y, Cheng X, Li S.",Genetic diversity and association analysis between agronomic traits and EST-SSR markers in Chinese chive (&lt;i&gt;Allium tuberosum&lt;/i&gt;).,,0,2,Chinese chive,population structure; marker-trait associations,population structure analysis; trait-marker association,Genetic diversity and population structure defined; marker-trait links for breeding but no explicit optimization.,https://doi.org/10.3389/fpls.2026.1785981
10.1038/s41598-026-42744-0,2026,"Raut VK, Ngangkham U, Yadav A, Kaur V, Malav PK, Saroha A, Singh GP, Wankhede DP, Singh M.",Cross-species transferability and genetic diversity analysis in Linum species using microsatellite markers.,,0,2,flax (wild relatives),allelic richness; Shannon index; Fst; polymorphic information content,cross-species transferability; cluster analysis for pedigree,Crop wild relatives diversity quantified; genetic variation in Linum species characterized for breeding resource assessment.,https://doi.org/10.1038/s41598-026-42744-0
,2026,"Işık Mİ, Türkoğlu A, Eren B, Koc A, İleri O, Haliloğlu K, Sarıtaş Y, Bocianowski J.",Assessment of genetic diversity and population structure in alfalfa (Medicago sativa L.) using sequence-related amplified polymorphism (SRAP) markers,,0,2,alfalfa,"Nei's gene diversity (He), Shannon information index, PIC, allele counts",,"Quantifies diversity metrics (He=0.27, I=0.42) in germplasm pool; cluster analysis but no selection method.",
10.3389/fpls.2026.1801895,2026,"Verma SK, Mohanta SK, Nawalkar P.",Assessment of genetic variation in Deenanath grass (&lt;i&gt;Pennisetum pedicellatum&lt;/i&gt; L.) based on morphological trait and molecular markers.,,0,2,forage grass (Deenanath),"SSR markers, D² analysis, intra/inter-cluster distance",,Genetic variation characterized via SSR and morphology; clustering shows diversity distribution; no selection strategy.,https://doi.org/10.3389/fpls.2026.1801895
10.7717/peerj.20934,2026,"Cui R, Wang Z, Jia L, Miao Y, Yan C, Qian M, Shu Y, Zhang K.",Whole-genome simple sequence repeat development and genetic diversity analysis of sponge gourd (&lt;i&gt;Luffa cylindrica&lt;/i&gt;).,,0,2,sponge gourd,"Genome-wide SSR marker density, polymorphic SSR markers",,"Develops SSR marker panel (128,557 loci) for genetic diversity analysis; validates markers on germplasm subset.",https://doi.org/10.7717/peerj.20934
,2026,Karagöz H.,Exploring the genetic diversity and population structure of origanum (Origanum rotundifolium L.) genotypes through start codon targeted (SCoT) marker system,,0,2,medicinal herb (Origanum),"SCoT markers, PIC, genetic diversity indices",,SCoT polymorphism reveals diversity patterns in 50 genotypes; identifies superior accessions but no selection algorithm.,
10.1007/s11033-026-12038-9,2026,"de Jesus ON, Costa EMR, Azevedo FQ, de Sousa VR, Gonçalves ZS, Lima LKS, Soares TL.",Genetic diversity and population structure of Passiflora spp. using inter-primer binding site (iPBS) - retrotransposon markers.,,0,2,Passiflora (passion fruit),"iPBS retrotransposon markers, Nei's He, Shannon index, PIC","UPGMA clustering, Structure, DAPC",Characterizes 88 genotypes' population structure and diversity (He=0.28) with marker-based clustering; no breeding selection.,https://doi.org/10.1007/s11033-026-12038-9
10.3390/plants15081219,2026,"Zegeye W, Burridge A, Siluveru A, Orford S, Sayers L, Goram R, Horler R, Barker G, Chayut N.",Molecular Labelling Tool for Cereal Genetic Resources Management Derived from Barley and Tetraploid Wheat Genebank-Genomics Projects.,,0,2,"barley, wheat (tetraploid)","SNP markers, allele identity",minimal SNP panel for accession identification,Develops efficient SNP genotyping method for genebank scale-up; enables accurate germplasm management and duplicate detection.,https://doi.org/10.3390/plants15081219
10.1186/s12870-025-07633-0,2025,"Baloch FS, Lee SM, Mansoor S, Morales A, Karunathilake EMBM, Nadeem MA, Cavagnaro PF, Chung YS.",GBS-derived SNP and SilicoDArT markers reveals the genetic variation and population structure of Korean buckwheat (Fagopyrum esculentum) an underutilised crop.,,0,2,buckwheat (underutilized),"Nei's genetic diversity, PIC, allele frequency, nucleotide diversity",,Quantifies diversity (He=0.24) via GBS-SNP and SilicoDArT markers in Korean germplasm; supports genebank management.,https://doi.org/10.1186/s12870-025-07633-0
10.3389/fpls.2025.1643469,2025,"Eltaher S, DeStefano D, Abuasbeh Y, Sandhu HS, Rouse M, Ali GS, Singh S.",Genetic variation and preliminary marker-trait associations for cane quality traits in a diverse world collection of sugarcane (&lt;i&gt;Saccharum&lt;/i&gt; spp.) and wild relatives.,,0,2,sugarcane (and wild relatives),"molecular markers, genetic loci, allelic variation",GWAS for trait association,Assesses cane-quality trait diversity and preliminary marker-trait associations in world collection; enables germplasm resource utilization.,https://doi.org/10.3389/fpls.2025.1643469
10.1186/s12864-026-12643-9,2026,"Haliloğlu K, Akgöl B, Hançer T, Alipour H, Türkoğlu A.",Genetic diversity and population structure analysis of cotton (Gossypium hirsutum L.) genotypes using DArTseq technology.,,0,2,cotton (upland),"SNP diversity, PIC, allele counts, heterozygosity estimates",DArTseq subgroup classification,Assesses 913 genotypes' genetic diversity and population structure via SNPs; informs breeding strategy but no selection algorithm.,https://doi.org/10.1186/s12864-026-12643-9
10.3389/fpls.2026.1785664,2026,"Yang Q, Fan J, Song X, Zhang B, Zhao Y, Lu X, Ge J, Liu C, Li M, Liu G, Feng Y, Yang F.",Development of KASP molecular markers and fingerprinting based on reduced representation genome sequencing of garlic.,,0,2,garlic,"SNP minor allele frequency, expected heterozygosity (He=0.281), PIC",KASP fingerprinting panel (13 core SNPs),Develops SNP-based DNA fingerprinting system for accession identification; enables efficient genebank curation and duplicate detection.,https://doi.org/10.3389/fpls.2026.1785664
10.3389/fpls.2025.1705070,2025,"Elsafy M, Abdalla AAA, Abdo S, Ahmed A, Novakazi F, Hovmalm HP, Johansson E, Ortiz R, Rahmatov M, Abdelhalim T.",From tradition to trait: stay-green alleles in Sudanese <i>Feterita</i> unlock pathways to climate-resilient sorghum.,,0,2,sorghum,"gene diversity, PIC, Fst, AMOVA",,Feterita genetic diversity and AMOVA in 133 genotypes; weak population differentiation; marker informativeness reported.,https://doi.org/10.3389/fpls.2025.1705070
10.3390/plants14203233,2025,"Zhai L, Zhao M, Yan X, Li Y, Xiao X, Wang Q, Wang H, Zhou B, Yun Y, Xing F, Tang Q.",Genetic Diversity and Population Structure of Shanlan Upland Rice Germplasm Based on SSR Markers.,,0,2,rice,"effective allele number, Shannon index, PIC, He, Ho, AMOVA",,SSR-based diversity of 288 Shanlan upland rice accessions; genetic distance and phylogenetic relationships quantified.,https://doi.org/10.3390/plants14203233
10.3389/fpls.2026.1774008,2026,"Zeng Z, Zhang L, Guo Y, Li Y, Chen Q, Song H, Deng J, Sun X, Su G, He X, Kang D, Chen Z.",Genetic diversity analysis of angled luffa germplasm resources based on phenotypic traits and resequencing data.,,0,2,angled luffa,"Shannon-Wiener index, PIC, coefficient of variation","population structure analysis, PCA, phylogenetic clustering",209 accessions characterized by phenotype and whole-genome resequencing; extensive phenotypic and genetic diversity.,https://doi.org/10.3389/fpls.2026.1774008
10.1111/mec.70239,2026,"Ning W, Hu G, Yuan D, Arick MA, Hsu CY, Magbanua ZV, Pechanova O, Peterson DG, Dong Y, Udall JA, Grover CE, Wendel JF.",Comparative Population Genomics of Relictual Caribbean Island Gossypium hirsutum.,,0,2,cotton,"genetic variation, heterozygosity, allele frequency patterns",,Whole-genome resequencing of Caribbean G. hirsutum populations; genetic diversity within/among feral and wild forms.,https://doi.org/10.1111/mec.70239
10.3389/fpls.2026.1818688,2026,"Bobadilla LG, Ortiz R, Castillo G, Matias FI, Gutiérrez L, Valqui L, Carrasco-Chilón W, Díaz-Valderrama JR, Venancio TM, Alava EI, Castillo MS, Vásquez HV.",Genomic insights into &lt;i&gt;Lolium multiflorum&lt;/i&gt; diversity for forage breeding in Andean livestock systems.,,0,2,forage grass,"PIC, inbreeding coefficient","population structure analysis, PCA, AMOVA",GBS-based genomic variability in 27 L. multiflorum accessions; gene flow and local selection evident.,https://doi.org/10.3389/fpls.2026.1818688
10.1111/pbi.70591,2026,"Nie S, Li F, Li R, Wang J, Ma Y, Chan CKK, Zhao J, Hu H.",Challenges in Bringing Pangenome Research Into Breeding: A Case Study in Rice.,,0,2,rice,,"pangenome-based breeding, pangenomic data integration",Review: pangenome unlocks genetic diversity via SVs and PAVs; promises trait discovery and new breeding strategies.,https://doi.org/10.1111/pbi.70591
10.1186/s12870-025-07935-3,2026,"Messadia A, Agre P, Darkwa K, Adjei EA, Dibi KEB, Bakayoko L, Pokou DN, Dansi A, Michel AK, Adejumobi I, Adewumi A, Obidiegwu J, Mushoriwa H, Morufat B, Olaniyan AB, Asfaw A.",Yam genetic diversity in Sub-Saharan Africa: implications for conservation and breeding.,,0,2,yam,"observed heterozygosity, PIC, inbreeding coefficient",population structure analysis,"1,247 accessions (six species) assayed with 7,648 SNPs; substantial inter/intra-specific variation; implications for breeding.",https://doi.org/10.1186/s12870-025-07935-3
10.1186/s12864-025-11469-1,2025,"Ambaw YD, Abitea AG, Olango TM.",Genetic diversity and population structure in Ethiopian mustard (Brassica carinata A. Braun) revealed by high-density DArTSeq SNP genotyping.,,0,2,Ethiopian mustard,"PIC, He, inbreeding coefficient","population structure analysis, PCoA",DArTSeq SNP analysis of 188 B. carinata genotypes; two subpopulations; limited overall genetic diversity detected.,https://doi.org/10.1186/s12864-025-11469-1
10.3390/genes17010075,2026,"Chikasha TE, Chiulele RM, Nkhata W, Muatinte BL.",The Genetic Diversity of African Common Bean Germplasm: A Systematic Review of Reported Molecular Studies.,,0,2,common bean,"PIC, He, inbreeding coefficient, AMOVA",population structure analysis,Systematic review of 29 African common bean studies; moderate-to-high diversity; canonical Andean/Mesoamerican structure.,https://doi.org/10.3390/genes17010075
10.1038/s41598-025-31312-7,2025,"Mohammad DO, Vafaee Y, Seraj RGM, Mozafari AA, Tahir NA.",Genetic diversity of native Cucumis melo L. accessions from Iran and Iraq revealed by SCoT and ISSR markers.,,0,2,melon,"polymorphic information content (PIC), Jaccard similarity, UPGMA clustering",,Characterizes melon germplasm diversity with molecular markers; no selection optimization presented.,https://doi.org/10.1038/s41598-025-31312-7
10.3390/biotech14020037,2025,"Sun X, Bundock P, Mason P, Poudel PD, Varshney R, Topp B, Alam M.",Exploring Genetic Diversity and Population Structure of Australian Passion Fruit Germplasm.,,0,2,passion fruit,"allelic diversity, SNP-based genetic relationships, STRUCTURE clusters, inferred heterotic groups",,Evaluates rootstock and scion diversity to support breeding; no cross selection or OCS method.,https://doi.org/10.3390/biotech14020037
10.1155/tswj/5778077,2026,"Kaboré H, Soro M, Bionimian Tibiri E, Tiendrebéogo F, Nanema KR.",Genetic Diversity and Population Structure Analysis of Hoary Basil (Ocimum americanum L.) Germplasm From Burkina Faso Using Simple Sequence Repeat (SSR) Markers.,,0,2,none,"expected heterozygosity, PIC, SSR polymorphism",,Assesses genetic diversity of Ocimum accessions; germplasm characterization without selection strategy.,https://doi.org/10.1155/tswj/5778077
10.1186/s12864-026-12751-6,2026,"Adhikari L, Olivera PD, Raupp J, Sela H, Distelfeld A, Maccaferri M, Bozzoli M, Mazzucotelli E, Brandolini A, Tuberosa R, Özkan H, Wulff BBH, Steffenson BJ, Poland J.","Dissecting the population structure, diversity and genetic architecture of rust resistance in wild emmer wheat (Triticum turgidum subsp. dicoccoides).",,0,2,wheat,"nucleotide diversity, FST pairwise divergence, population structure",,Wild emmer diversity and structure analysis; GWAS for rust resistance without diversity-constrained selection.,https://doi.org/10.1186/s12864-026-12751-6
10.3390/genes17030261,2026,"Genievskaya Y, Maulenbay A, Zatybekov A, Abugalieva S, Turuspekov Y.",SSR-Based Analysis of Genetic Diversity and Resistance to Barley Scald and Net Blotch in a Collection of Barley from Kazakhstan.,,0,2,barley,"SSR diversity indices, PCoA, STRUCTURE clusters, allele associations",,Quantifies barley diversity and identifies disease-linked alleles; no optimized cross selection.,https://doi.org/10.3390/genes17030261
10.3390/plants15101505,2026,"Alcantara MAM, Rossini BC, Silvestre MAM, Guyot R, Garavito A, Alves PF, Alonso DP, Ribolla PEM, Moraes MLT, Marino CL.","Assessing Genetic Divergence and Adaptive Potential of Aroeira (&lt;i&gt;Myracrodruon urundeuva&lt;/i&gt; Allemão LC, Anacardiaceae) Across Brazilian Biomes.",,0,2,forest tree,"allelic richness, inbreeding coefficient (Fis), ddRADseq SNP diversity",,Characterizes aroeira genetic diversity and population structure across biomes; no breeding application.,https://doi.org/10.3390/plants15101505
10.1038/s41598-025-13511-4,2025,"Ofem NP, Kamal NM, Pearson S, Shatte T, Jordan D, Mace E, Ishii T.",Genetic diversity and structure of Asian cowpea germplasm.,,0,2,cowpea,"SilicoDArT and SNP-based diversity, population structure, subgroup classification",,Analyzes Asian cowpea germplasm diversity and geographic subgroups; no selection optimization.,https://doi.org/10.1038/s41598-025-13511-4
10.3389/fpls.2025.1670651,2025,"Yadav S, Semwal VK, Amagnide GAYG, Pegalepo E, Kobi KO, Adjah KL, Amoah NKA, El-Namaky R, Zenna N, Noumouha ENG, Ndaw FO, Muhammad ML, Barry LM, Khouma M, Menidiou D, Zhao D, Manneh B.",Genetic progress in rice yield: preliminary insights from historically released varieties in Sub-Saharan Africa.,,0,2,rice,estimated genetic gain over time (1986–2020),,Measures breeding progress and genetic gain rates; contextualizes diversity loss in breeding eras.,https://doi.org/10.3389/fpls.2025.1670651
10.3390/biology15110832,2026,"Shi J, Lu Y, Sheng Z, Liu H, Li K, Chong Y, Gao Z, Deng W, Wu D.","Pangenomics for Agricultural Breeding: Construction Strategies, Evidence Integration, and Translational Constraints.",,0,2,multi-crop,"structural variants, CNVs, PAVs",,Pangenome framework captures genetic diversity; discusses variant discovery but not selection methods.,https://doi.org/10.3390/biology15110832
10.3389/fpls.2026.1849494,2026,"Sinkovič L, Tavakoli Hasanaklou H, Karče Poljanšek N, Šuštar Vozlič J, Pipan B.",Integrated molecular and phenotypic analysis of onion (&lt;i&gt;Allium cepa&lt;/i&gt; L.) germplasm reveals limited correspondence between genetic structure and phenotypic traits.,,0,2,onion,"SSR, ILP markers, Bayesian clustering, genetic structure",,Genetic diversity and structure characterized; limited genotype–phenotype correspondence; no selection method.,https://doi.org/10.3389/fpls.2026.1849494
10.1186/s12870-026-08253-y,2026,"Chagas JTB, Araújo MS, Martinez M, Pavan JPS, Mwadzingeni L, Mukaro R, Henderson A, Mutimaamba C, Scaboo A, Leles EP, Santos MF, Diers BW, Goldsmith P, Pinheiro JB.",Leveraging probabilistic models to enhance soybean cultivar recommendation in Zimbabwe.,,0,2,soybean,,Bayesian Probabilistic Selection Index (BPSI),"Multi-trait, multi-environment cultivar selection; addresses variety×environment interaction but not diversity constraint.",https://doi.org/10.1186/s12870-026-08253-y
10.3389/fpls.2026.1739121,2026,"Habib Y, Angione G, Vitale P, Baneh H, Natoli V, Lotti C, Dolaberidze SD, Bespalova LA, Mudrova AA, Ianovskii AS, Esposito S, De Vita P.",Predictive breeding and marker-assisted selection for grain quality and freezing tolerance in durum wheat.,,0,2,wheat,,"GWAS, genomic prediction, marker-assisted selection",Genomic tools for freezing tolerance and quality; genetic differentiation by origin but no diversity constraint analysis.,https://doi.org/10.3389/fpls.2026.1739121
10.3390/biology15080628,2026,"Wang Y, Yang C, Li X, Liu R, Huang S, Zhou Y.",Genomics-Driven Mulberry Breeding for Improving Agronomic Traits and Circular Utilization Value.,,0,2,mulberry,,"marker-assisted selection, genome editing, multi-omics breeding",Genomic advances in mulberry breeding; selection methods discussed but no diversity quantification or constraint analysis.,https://doi.org/10.3390/biology15080628
10.1002/tpg2.70258,2026,"Stoll H, Bajgain P, Anderson JA.",Genome-wide association study identifies genomic regions under selection for domestication and agronomic traits in intermediate wheatgrass.,,0,2,intermediate wheatgrass,,"GWAS, QTL mapping",Identifies domestication and agronomic QTLs in neo-domestication program; genomic selection targets but no diversity management strategy.,https://doi.org/10.1002/tpg2.70258
10.1038/s41598-026-38703-4,2026,"Padhee AK, Varaprasad KS, Chellapilla TS, Kurra SB, Bhagyalaxmi S, Chaudhury SS, Balam D, Das BS, Nayak PR, Lekkala S, Ghiuria R, Ronda V, Nanaiah GK.","Mainstreaming traditional varieties and on-farm conservation of crop diversity for sustainable finger millet cultivation in Odisha, India.",,0,2,finger millet,descriptive trait performance,on-farm conservation; variety selection across regions,Identifies stable traditional varieties; in situ conservation; no formal diversity metric or selection optimization.,https://doi.org/10.1038/s41598-026-38703-4
10.3389/fpls.2026.1704652,2026,"Keerthana D, Yadav VK, Tiwari JK, Khan R, Chand S, Joshi DC, Shweta, Kumar RV, Saini RP, Kaushal P, Kumar A.",Quantifying genetic variation for DUS descriptors in diverse finger millet germplasm evaluated under semi-arid Bundelkhand region of India.,,0,2,finger millet,diversity index; cluster analysis; heritability; genetic advance,morphological characterization; DUS guidelines; cluster classification,Quantifies trait diversity; identifies genetically distinct clusters; no explicit selection for gain vs diversity.,https://doi.org/10.3389/fpls.2026.1704652
10.3389/fpls.2026.1721129,2026,"Guo L, Kong B, Chen H, Ren M, Cheng L, Yang A, Liang L, Zan Y, Si H, Cai C.",Genomic selection for tar content in &lt;i&gt;Nicotiana tabacum&lt;/i&gt;: genetic architecture analysis and model evaluation.,,0,2,tobacco,polygenic architecture; regional heritability mapping,genomic selection; rrBLUP; GBM prediction models; cross-validation,Genomic prediction for tar content; polygenic trait; models evaluated for accuracy; no diversity constraint.,https://doi.org/10.3389/fpls.2026.1721129
10.1371/journal.pone.0344085,2026,"Aleri I, Gowda M, Chavangi A, Burgueno J, Beyene Y.",Yield and combining ability of temperate ex-PVP introgressed and tropical maize under contrasting moisture regimes.,,0,2,maize,"general combining ability (GCA), specific combining ability (SCA)",introgression of temperate ex-PVP lines into tropical germplasm,Temperate germplasm introgression to improve yield and genetic diversity in tropical maize; GCA/SCA analysis guides parent selection for drought tolerance.,https://doi.org/10.1371/journal.pone.0344085
10.1371/journal.pone.0339252,2026,"Gowda M, Beyene Y, Lingadahalli Mahabaleswara S, Ogugo V, Amadu MK, Chaikam V.",Genetic Insights from Line × Tester analysis of Maize Lethal Necrosis testcrosses for developing multi-stress-resilient hybrids in Sub-Saharan Africa.,,0,2,maize,"general combining ability (GCA), specific combining ability (SCA), heritability, Baker's ratio",line × tester testcross evaluation,Combining ability and quantitative trait analysis in maize testcrosses for MLN and drought resilience; additive gene action guides parent and hybrid selection.,https://doi.org/10.1371/journal.pone.0339252
10.1038/s41598-026-43895-w,2026,"Dossa EN, Shimelis H, Abady S.",Progeny testing of tropical and sub-tropical maize lines for grain yield and Striga resistance.,,0,2,maize,"general combining ability (GCA), specific combining ability (SCA)","progeny testing, line × tester crosses",Combining ability and gene action for grain yield and dual Striga resistance in tropical/subtropical maize; identifies elite parental lines and hybrids.,https://doi.org/10.1038/s41598-026-43895-w
10.1111/plb.70183,2026,"Zhao Y, Wang HJ, Yang B, Li PB, Kuerban Z, Wang H, Feng G, Hu X.",Multivariate trait profiling and genetic diversity in a global foxtail millet germplasm panel.,,0,2,foxtail millet,"genetic diversity indices, principal component analysis (PCA), cluster analysis, coefficient of variation (CV)",germplasm characterization and clustering,Global 260-accession panel evaluated for phenotypic diversity; PCA and cluster analysis identify elite groups for targeted breeding objectives.,https://doi.org/10.1111/plb.70183
10.3389/fpls.2026.1739804,2026,"Riaz A, Li Y, Pandey BR, Gebremedhin A, Azizinia S, Sudheesh S, Lin Z, Fanning J, Rosewarne G, Hayden MJ, Kaur S.",Genomic prediction for grain yield and biotic stress resistance in field pea (&lt;i&gt;Pisum sativum&lt;/i&gt; L.).,,0,2,field pea,,"genomic selection (GS), GBLUP, multi-environment multi-trait models",Genomic selection for grain yield and disease resistance in pea breeding program; GS accelerates gain but diversity conservation not explicitly addressed.,https://doi.org/10.3389/fpls.2026.1739804
10.1186/s12870-026-08545-3,2026,"Priyadarsini S, Acharya GC, Singh S, Nandi A, Choudhari P, Nimje C.","Exploring grain amaranth germplasm potential as a source of breeding nutritious leafy greens: insights from nutritional profiling, genetic and multivariate analysis.",,0,2,amaranth,"mineral nutrient variation, genetic diversity",,Germplasm pool diversity profiled; no explicit selection/optimization method.,https://doi.org/10.1186/s12870-026-08545-3
10.3389/fpls.2025.1640041,2025,"Behera PP, Deshmukh D, Vemula AK, Bangaru K, Bagudam R, Mathew A, Purohit A, Vishnumolakala A, Wankhade AP, Kounain S, Guguloth N, Variath MT, Kurva M, Potupureddi G, Muragesan S, Raman A, Pasupuleti ",Realized genetic gain for yield and yield attributes in groundnut breeding at ICRISAT from an ERA trial.,,0,2,groundnut,"realized genetic gain, genetic advance as % of mean",,RGG estimated in breeding program; no diversity retention analysis or constraint.,https://doi.org/10.3389/fpls.2025.1640041
10.1111/plb.70170,2026,"Devabhakthini N, Kavka M, Harpke D, Himmelbach A, Lohwasser U, Willner E, Dehmer KJ.",Exploring the genetic diversity of the IPK Medicago germplasm collection using GBS.,,0,2,alfalfa/Medicago,"SNP-based population structure, genetic clusters, allele diversity",,Germplasm diversity characterized by GBS; no explicit selection/optimization method.,https://doi.org/10.1111/plb.70170
10.3390/plants14213374,2025,"Yang R, Wu X, Bai Y, He Y, Chang S, Hai L.",Genome-Wide SNP Analysis Reveals Population Structure and Genetic Diversity in &lt;i&gt;Lycium ruthenicum&lt;/i&gt; Murr.,,0,2,black goji,"SNP diversity, genetic clusters, population structure",,Germplasm diversity quantified; no selection method for gain-diversity tradeoff.,https://doi.org/10.3390/plants14213374
10.1126/sciadv.aed3360,2026,"Favela A, Kent AD, Sible CN, Flint-Garcia S, Klimasmith IM, Mujjabi C, Raglin SS, Below FE, Bohn MO.",Lost and found: Rediscovering microbiome-associated phenotypes that reshape agricultural sustainability.,,0,2,maize,"microbiome phenotypes, genetic loci, exudate variation",teosinte introgression,Genetic resource introgression into elite lines; diversity reintroduced but unmeasured.,https://doi.org/10.1126/sciadv.aed3360
10.3389/fpls.2025.1719980,2025,"Kawuki R, Akpertey A, Barrera S, Berny Mier Y Teran JC, Devasia J, Kraft K, Akbar MR, Shivalingu BR, Sseremba G, Teixeira A, Rocha RB, Ha PV, Wibowo A, Humphrey T.",Genetic improvement of robusta coffee (&lt;i&gt;Coffea canephora&lt;/i&gt;) in the 20th and 21st centuries: prospects for increasing future breeding effectiveness and impact.,,0,2,coffee,"genetic variation in germplasm, breeding trait priorities",,Review of breeding history and genetic base; no diversity metric or selection method.,https://doi.org/10.3389/fpls.2025.1719980
10.3390/plants15111733,2026,"Dhasarathan M, Karthikeyan A, Samyuktha SM, Vishwanathan LJK, Ariharasutharsan G, Senthil N, Pandiyan M.",Genetic Diversity Analysis and Core Collection Development of Indian Mungbean (&lt;i&gt;Vigna radiata&lt;/i&gt;) Germplasm.,,0,2,mungbean,"Shannon-Weaver diversity index, PCA, allelic richness",core collection,"Core collection development from 500 accessions; Shannon index quantifies diversity, clustering groups germplasm.",https://doi.org/10.3390/plants15111733
10.1186/s12870-026-08875-2,2026,"Nadeem MA, Sarıkaya MF, Tatar M, Kökten K, Altaf MT, Ali A, Yüce I, Qureshi SA, Liaqat W, Ali F, Kaplan M, Nazli RI, Ercişli S, Baloch FS.",Exploring genetic diversity and population structure of Turkish Dactylis glomerata L. germplasm using Start Codon Targeted (SCoT) marker system.,,0,2,orchard grass,"Shannon's information index, PIC, genetic distance, Fst","STRUCTURE clustering, population assignment","Diversity metrics (Shannon index, PIC) and population structure quantified; heterotic-group identification.",https://doi.org/10.1186/s12870-026-08875-2
10.1186/s12870-025-08089-y,2026,"Ram M, Sharma R, Upadhayay SK, Abdi G, Jain D.",Start codon targeted (SCoT) based molecular diversity and population structure analysis in black turmeric (Curcuma caesia Roxb.).,,0,2,black turmeric,"PIC, marker index, resolving power, AMOVA within/between populations","UPGMA clustering, Bayesian structure assignment",Diversity and population structure quantified via markers; germplasm grouping supports breeding.,https://doi.org/10.1186/s12870-025-08089-y
10.1186/s12870-025-07914-8,2025,"Zhao L, Zhou J, Zhao W, Wang Y, Wang P.","Integrated phenotypic, nutritional, and SSR marker analyses reveal genetic diversity and guide germplasm utilization in bird's-foot trefoil.",,0,2,bird's-foot trefoil,"SSR polymorphism, allelic richness, genetic distance","cluster analysis, germplasm selection","Phenotypic and molecular diversity assessed; accessions grouped by breeding value (crude protein, leaf morphology).",https://doi.org/10.1186/s12870-025-07914-8
10.1186/s12870-026-08505-x,2026,"Kurt D, Saygili İ, Kinay A, Karakoc E.",The contributions of genetic diversity to the performance of sun-cured tobacco.,,0,2,tobacco,"SSR allele counts, genetic distinctness (259 unique genotypes)","dendrogram clustering, germplasm characterization",Genetic diversity of landraces quantified; association with agronomic traits informs germplasm utility.,https://doi.org/10.1186/s12870-026-08505-x
10.3390/plants14193000,2025,"Tsolakidou MD, Kyratzis AC, Nikoloudakis N.",DArTseq Analysis of Cypriot Common Bean Germplasm Unveils an Assortment of Unexplored Genetic Variability.,,0,2,common bean,"SNP diversity, private alleles, heterozygosity, Fst",phylogenetic/Bayesian structure clustering,Genetic distinctness of landraces assessed; structure analysis identifies breeding-relevant groups.,https://doi.org/10.3390/plants14193000
10.1016/j.dib.2026.112548,2026,"Moradkhani H, Jadidi O, Jamshidi B, Turkoglu A, Bocianowski J, Niemann J, Pour-Aboughadareh A.","A dataset for revealing the potential of inter-primer binding site (iPBS), Start codon-targeted (SCoT), and CAAT box-derived polymorphism (CBDP) in exploring genetic diversity and grouping the plant genetic materials: A case study in &lt;i&gt;Aegilops tauschii&lt;/i&gt; populations.",,0,2,Aegilops,"PIC, marker index, resolving power, AMOVA, polymorphism rate","marker clustering, population grouping",Molecular markers quantify diversity metrics; AMOVA partitions variation within/between populations.,https://doi.org/10.1016/j.dib.2026.112548
10.1093/g3journal/jkaf093,2025,"Rahman A, Sapkota S, Ajayi-Moses O, Nandety RS, Fiedler JD, Mohajeri Naraghi S, McMullen MS, Bockelman HE, Esvelt Klos K, Carlson CH.","A global assembly of landrace oat (Avena sativa L.) accessions is a discovery resource for adaptive variation, association mapping, and trait deployment.",,0,2,oat,"allelic diversity, phenotypic variation, adaptive genetic variation",GWAS and association mapping framework,758 landraces characterized for adaptive variation and trait deployment; foundation for diversity-informed breeding.,https://doi.org/10.1093/g3journal/jkaf093
10.3390/life16010021,2025,Eren B.,"ISSR-Based Genetic Diversity and Structure of <i>Medicago sativa</i> L. Populations from the Aras Basin, a Crossroad of Gene Centers.",,0,2,alfalfa,"ISSR allele frequencies, genetic distance, Fst, population structure","ISSR clustering, population stratification",Genetic diversity and population differentiation (wild vs. cultivated) quantified; ecotype assignment supports breeding.,https://doi.org/10.3390/life16010021
10.1007/s00425-025-04851-6,2025,"Lebeda A, Majeský Ľ, Křístková E, Pink DCA, Simko I.","Unraveling the variation, phylogeny, and taxonomy of Lactuca spp. for germplasm management and breeding.",,0,2,lettuce,genetic diversity of wild Lactuca spp.,,Discusses wild species as genetic resource for breeding; conservation emphasis without selection method.,https://doi.org/10.1007/s00425-025-04851-6
10.3389/fpls.2025.1731515,2025,"Bertram L, Frisch M.",Morphological and genetic diversity of &lt;i&gt;Beta maritima&lt;/i&gt; populations across Europe and North Africa: a comprehensive review.,,0,2,sugar beet (wild relative),"morphological variation, genetic structure, allele diversity",,Identifies diversity patterns in wild ancestor; supports breeding but no selection algorithm.,https://doi.org/10.3389/fpls.2025.1731515
10.3390/plants14070990,2025,"Smaili O, Luca LP, Scollo F, Chebouti-Meziou N, Catalano C, Di Guardo M, Distefano G, Nicolosi E, Gentile A, La Malfa S.",Comprehensive Genetic and Morphological Analysis of Algerian Carob (&lt;i&gt;Ceratonia siliqua&lt;/i&gt; L.) Accessions.,,0,2,carob,"allelic richness, nuclear and chloroplast SSR markers",,Comprehensive genetic characterization; demonstrates polymorphism but no selection optimization.,https://doi.org/10.3390/plants14070990
10.1038/s42003-025-08227-0,2025,"Macharia MW, Caproni L, Solemanegy M, Takele R, Chiulele RM, Munisse P, Amane M, Pè ME, Buizza R, Dell'Acqua M.",Cowpea (Vigna unguiculata L. Walp.) landraces in Mozambique and neighbouring Southern African countries harbour genetic loci with potential for climate adaptation.,,0,2,cowpea,"genotype-environment association (LFMM, pRDA), genomic loci",,Identifies diversity and adaptation signatures; no formal selection or crossing optimization.,https://doi.org/10.1038/s42003-025-08227-0
10.3390/plants13223249,2024,"Redaelli R, Bassolino L, Balconi C, Terracciano I, Torri A, Nicoletti F, Benedetti G, Iacoponi V, Rea R, Taviani P.","Morpho-Phenological, Chemical, and Genetic Characterization of Italian Maize Landraces from the Lazio Region.",,0,2,maize,"ddRADseq SNPs, population structure",,"Characterizes genetic structure of Italian landraces; conservation focus, no selection method.",https://doi.org/10.3390/plants13223249
10.3390/plants15091349,2026,"Zhang L, Zhou T, Zhou Y, Peng Y, Huang G, Tang G, Liu Y, Xiao Y, Zhao F, Li W, Yang J, Fu H.",Genetic Diversity and Core Collection Construction of &lt;i&gt;Cymbidium ensifolium&lt;/i&gt; var. susin.,,0,2,orchid,"genetic diversity analysis, SNP/InDel genotyping",core collection construction,Core collection algorithm applied to germplasm pool with molecular diversity metrics.,https://doi.org/10.3390/plants15091349
10.3390/ijms27114882,2026,"Sang R, Noor M, Feng G, Han M, Feng Y, Mao P, Yan X, Meng L.",Diversity Analysis of Global White Clover (&lt;i&gt;Trifolium repens&lt;/i&gt; L.) Germplasm Based on Agronomic and Photosynthetic Traits and SLAF-Seq Technology.,,0,2,white clover,"SNP markers, population structure, genetic evolution",,Genetic diversity quantified via SNP-based population structure and phylogenetics.,https://doi.org/10.3390/ijms27114882
10.3390/plants15101493,2026,"Kanbar A, Jabbour Y, Nick P.",Integrating Multivariate Analysis and DNA Barcoding for Amaranth Germplasm Characterization and Promising Genotype Selection.,,0,2,amaranth,DNA barcoding (chloroplast/nuclear markers),multivariate analysis for genotype selection,Molecular characterization and multivariate outlier detection; diversity used for selection.,https://doi.org/10.3390/plants15101493
10.3389/fpls.2026.1812087,2026,"Liu S, Lu X, Zhao J, Shan F, Yu Z, Sun X, Wang G, Xie H, Zhou Y, Hu B, Li WX, Ning H.","Mining genes, genomic selection and simulation breeding on hundred-seed weight using a four-way RIL population.",,0,2,soybean,"allelic richness, SNP markers, haplotype effects",genomic selection simulation breeding,Four-way RIL population enhances allelic diversity; simulation breeding approach.,https://doi.org/10.3389/fpls.2026.1812087
10.1186/s12870-026-08231-4,2026,"Singh AK, Yadav LP, Anil, K G, Ram C, Meena RK, Rane J, Sahil A, Ravat P, Kumar R, Rai AK, Kaushik P.",Harnessing genetic diversity in bael (Aegle marmelos) germplasm to enhance yield and quality traits under rainfed hot semi-arid environment.,,0,2,fruit tree,"phenotypic variability, genotypic coefficient of variation",genotype selection for yield/quality traits,Genetic diversity in germplasm pool used for selecting best-performing genotypes.,https://doi.org/10.1186/s12870-026-08231-4
10.1371/journal.pone.0340188,2026,"Chaity SS, Islam MR, Faruquee M, Ahmed JU, Islam AKMA.",Identification of elite rice lines with better breeding values using genomic prediction and multi-trait genotype ideotype distance index (MGIDI) for grain yield under irrigation cropping system.,,0,2,rice,"genetic variation, heritability, genetic advance","genomic prediction, multi-trait genotype-ideotype distance index (MGIDI)",MGIDI selection of elite parents integrating multiple traits; genetic metrics reported.,https://doi.org/10.1371/journal.pone.0340188
10.1038/s41598-026-38477-9,2026,"Wang J, Xing X, Yan P, Wang H, Xie Z, Zhang H.",Genetic variation analysis and comprehensive evaluation of multiple traits among Larix olgensis families.,,0,2,forest tree,"coefficient of variation, family heritability, realized gains",estimated breeding value selection at 20% rate,Genetic parameters and realized gains quantified; family selection for genetic gain.,https://doi.org/10.1038/s41598-026-38477-9
10.3389/fpls.2026.1727579,2026,"Mamidi A, Lavuri K, Badri J, Prasad SVS, Sundaram RM.",A multi-model genotype × environment interaction analysis discerning phenotypic plasticity of the strong culm trait in rice.,,0,2,rice,"stability indices, WAASB, WAASBY, multi-trait stability index (MTSI)","genotype selection index (GSI), multi-trait stability across environments",Genotype-ideotype distance via MTSI; stability-based selection in METs.,https://doi.org/10.3389/fpls.2026.1727579
10.1038/s41598-026-46140-6,2026,"Zahedi MB, Tahmasebi S, Salami M, Sukumaran S, Heidari B.",Identification of drought-tolerant ideotype in wheat using multi-trait genotype-ideotype distance index (MGIDI) and comprehensive evaluation value.,,0,2,wheat,"genetic diversity, drought indices, comprehensive evaluation value",multi-trait genotype-ideotype distance index (MGIDI),MGIDI identifies drought-tolerant ideotypes; diversity assessed via RIL population.,https://doi.org/10.1038/s41598-026-46140-6
10.1186/s12870-026-08504-y,2026,"Gómez-Gálvez F, de la Rosa-Navarro R, Besnard G, Lorite IJ, Belaj A.","An olive parentage atlas: founder cultivars, regional diversification, and implications for breeding programs.",,0,2,olive,"EST-SNP markers, parentage assignment",pedigree network analysis,Founder cultivar identification and pedigree diversity structure; useful for germplasm management and breeding program design.,https://doi.org/10.1186/s12870-026-08504-y
10.1186/s12870-026-08597-5,2026,"Ps B, Biradar M, Meena VS, Tripathi K, Babar R, Sreekanth D, Km B, Cb H, Halli HM, C AK, Hb S, Sultana R, K SR.",Multi-trait stability selection drives genetic gains in cowpea [Vigna unguiculata (L.) Walp.] under high-temperature stress.,,0,2,cowpea,"multi-trait stability indices (MGIDI, MTSI, MTMPS, FAI-BLUP)","multi-trait stability selection, genetic parameters",Applies stability metrics to 250 accessions; identifies superior genotypes but lacks explicit coancestry or diversity constraint.,https://doi.org/10.1186/s12870-026-08597-5
10.1007/s00122-026-05251-4,2026,"Flores-Saavedra M, Bančič J, Huamán Y, Arrones A, Vicente O, Plazas M, Vilanova S, Gramazio P, Prohens J.","Water stress tolerance, genomic selection and identification of genomic regions in a MAGIC population of eggplant.",,0,2,eggplant,"GWAS-identified genomic regions, genomic selection index",genomic selection index construction from stress-related traits,MAGIC population evaluation with selection index; no explicit genetic diversity metric or diversity-preservation constraint.,https://doi.org/10.1007/s00122-026-05251-4
10.1186/s12870-026-08174-w,2026,"Ahmed MS, Sani QUA, Majeed A, Dhawi F, Alsanie SI, Abdelghany AM.",Molecular and phenotypic diversity of bacterial leaf blight resistance in green super rice germplasm.,,0,2,rice,"resistance gene frequencies, molecular markers, K-means clustering","phenotypic and molecular characterization, cluster analysis",Characterizes genetic diversity of resistance alleles in germplasm; elite materials identified but no diversity-optimized selection method.,https://doi.org/10.1186/s12870-026-08174-w
10.1016/j.xplc.2026.101822,2026,"Wang D, Zheng J, Shang H, Liu JN, Gao LZ, Ye J, Sarsaiya S, Zhang J.",Leveraging AI and integrated genomic-enviromic prediction for intelligent sugarcane breeding.,,0,2,sugarcane,"genomic, environmental, and phenotypic prediction models","integrated genomic-enviromic prediction (iGEP), multi-trait selection optimization",Proposes AI-integrated framework for clonal breeding with multi-trait selection; addresses polyploidy but no explicit diversity metric.,https://doi.org/10.1016/j.xplc.2026.101822
10.3389/fpls.2026.1796047,2026,"Qiu HY, Qin XQ, Fang C, Hou YJ, Li DB, You JY, Xu N, Cai XL, Li H.",Genome-wide SNP analysis uncovers population structure and genetic differentiation in longan (&lt;i&gt;Dimocarpus longan&lt;/i&gt; Lour.).,,0,2,fruit tree (longan),"gene diversity, differentiation, linkage disequilibrium",,"Population structure, diversity and differentiation scans in germplasm panel; conservation-oriented.",https://doi.org/10.3389/fpls.2026.1796047
10.3389/fpls.2026.1808140,2026,"Almarri NB, Mostafa SM, Alsofuani NM, Osman S, Alomran SM, A Ibrahim M, Alrashidi I, Al-Haidar OA, Ahmad S.",Whole-genome sequencing reveals genomic diversity and population structure of mango germplasm from the Jazan region of Saudi Arabia.,,0,2,mango,"expected heterozygosity, nucleotide diversity, population structure",,Characterizes genetic diversity and ancestry in regional germplasm; supports breeding resource utilization.,https://doi.org/10.3389/fpls.2026.1808140
10.1111/tpj.70908,2026,"Ma Y, Main D, Coyne CJ, Porter LD, Heineck GC, Burrows M, Warburton ML, Uhdre R, Sari H, Bourland B, Bett K, McGee RJ.","Insights into lentil diversity, domestication, and the genetic basis of important agronomic traits through resequencing of 238 Lens accessions.",,0,2,lentil,"SNPs, indels, CNVs, demographic history, selective sweeps",,Comprehensive resequencing of wild and cultivated germplasm; domestication and diversity analysis.,https://doi.org/10.1111/tpj.70908
10.1186/s12870-026-08258-7,2026,"Jeon D, Choi C, Park JH, Kang CS, Kim JY, Kim C.",Genomic selection for multi-trait crop improvement in wheat (Triticum aestivum L.): a practical modeling approach.,,0,2,wheat,"genomic prediction models, heritability",genomic selection with benchmarking,Multi-trait GS modeling and prediction accuracy; addresses digital breeding but no explicit diversity constraint.,https://doi.org/10.1186/s12870-026-08258-7
10.3390/plants15111621,2026,"Son KS, Kim KM, Kim D, Lee HY, Hong SY, Kim SH, Jang SW, Park J, Kim TS.",GWAS-Guided Compact SNP Panels Enable Breeding-Relevant Prediction of Bolting and Flowering Timing of Lettuce.,,0,2,lettuce,"SNPs, GWAS, heritability",genomic selection with compact marker panels,Core collection GWAS and GS for flowering; demonstrates breeding-relevant prediction in structured panel.,https://doi.org/10.3390/plants15111621
10.1186/s12863-025-01332-3,2025,"Wu X, Feng Q, Zhang Z, Zhang X, Liu Z, Yang Q, Shi X, Zhang M, Yan L.","Analysis of genetic diversity among wild soybean (Glycine soja) from Hengshui Lake in Hebei Province, China.",,0,2,soybean (wild),"SNPs, population structure, ADMIXTURE, neighbor-joining",,Wild soybean resequencing and population structure; allelic diversity for breeding introgression.,https://doi.org/10.1186/s12863-025-01332-3
10.1186/s12284-026-00893-w,2026,"Tao H, Wu S, Wu G, Chen X, Sun Y, Zhu X, Chen L, Feng C, Kabore MAF, Woldegiorgis ST, Zhang L, Ai Y, Liu W, He H.","Pan-genome of wild and cultivated rice uncovers genetic diversity, lost and selected sequences during rice domestication.",,0,2,rice,"SNP/InDel counts, novel sequence content, allele frequency",,Pan-genome quantifies genetic diversity in wild AA-genome rice; potential for introgression into cultivated pools.,https://doi.org/10.1186/s12284-026-00893-w
10.1111/mec.70420,2026,"Buck RC, Zapata DJ, Sork VL.",Landscape Genomic Tools Can Inform Future Rootstock and Farmland Selection for an Agricultural Tree Nut From Its Wild Relatives.,,0,2,walnut,"climate-adaptive genomic predictions, adaptedness to future climate",rootstock selection from wild relatives,Landscape genomics identifies climate-resilient wild genotypes for rootstock; potential introgression strategy.,https://doi.org/10.1111/mec.70420
10.1093/hr/uhag104,2026,"Blanchard I, Bui QT, Mergez A, Denni S, Cornille A, Dufau I, Marande W, Groppi A, Decroocq S, Confais J, Duvaux L, Decroocq V, Linard B.",Phylogeny-driven pangenome analysis uncovers the genomic landscape of domesticated and wild Armeniaca species.,,0,2,apricot (Armeniaca),"SNP/SV counts, pangenome expansion contribution, genetic variation by taxon",,Cross-taxon pangenome catalogues structural and sequence diversity; potential for trait introgression from wild relatives.,https://doi.org/10.1093/hr/uhag104
10.1093/molbev/msag087,2026,"Cochetel N, Cantu D.",From structural pangenomes to functional panomics in plants.,,0,2,multi-crop,"core/variable gene compartments, pangenome graph structure, allelic and structural diversity",,Pangenome frameworks preserve allelic diversity; discusses domestication and selection; no breeding optimization method.,https://doi.org/10.1093/molbev/msag087
10.1186/s12711-025-00949-3,2025,"Kang Z, Kong J, Li Q, Sui J, Dai P, Luo K, Meng X, Chen B, Cao J, Tan J, Fu Q, Xing Q, Luan S.",Genomic selection strategies to overcome genotype by environment interactions in biosecurity-based aquaculture breeding programs.,,0,2,none,"genetic gain, within-family variance",genomic selection vs. pedigree-based selection,Compares selection methods for gain under G×E in aquaculture; not plant-specific.,https://doi.org/10.1186/s12711-025-00949-3
10.1002/tpg2.70066,2025,"Aalborg T, Romé H, Ranzau C, Bagge M, Jensen J, Nielsen KL.",The transmission ability in a population of elite tetraploid potatoes.,,0,2,potato,"additive genetic variance, specific combining ability, genomic prediction","diallel cross evaluation, genomic prediction",Assesses parental breeding value in elite tetraploid potato; addresses inbreeding depression limits.,https://doi.org/10.1002/tpg2.70066
10.3389/fpls.2025.1544491,2025,"Fumia N, Dudley N, Jones T, Dobbs J, Stewart J, Kantar M.",&lt;i&gt;Acacia koa&lt;/i&gt; seedling disease tolerance and vigor driven by breeding orchard size.,,0,2,forest tree,"breeding values, selection response","selection simulation, breeding orchard design",Simulation of selection methods for rapid improvement in Hawaiian endemic tree species.,https://doi.org/10.3389/fpls.2025.1544491
10.1371/journal.pone.0344624,2026,"Silue T, Olasanmi B, Adewumi AS, Agre PA, Adejumobi II, Kehinde PO, Chigeza G, Abebe AT.",Multi-trait selection for drought-tolerant soybean accessions under contrasting water regimes.,,0,2,soybean,"broad-sense heritability, multi-trait genotype-ideotype distance index (MGIDI)","multi-trait selection, MGIDI","Identifies superior accessions under contrasting water regimes; genetic variation, not diversity partitioning.",https://doi.org/10.1371/journal.pone.0344624
10.3390/plants14192989,2025,"Tsolakidou MD, Markou A, Kyratzis AC, Kotsiras A, Delis C, Mattas K, Katsiotis A, Nikoloudakis N.",Genomic and Phytochemical Diversity Across a Collection of Snake Melon Landraces.,,0,2,melon,"SNP, InDel, SV, CNV variation; hierarchical clustering, PCA",genome-wide analysis of landrace collection,Characterizes genomic and phytochemical diversity in landraces as breeding resource.,https://doi.org/10.3390/plants14192989
10.1007/s00122-025-04825-y,2025,"Mothukuri SR, Beyene Y, Gültas M, Burgueño J, Griebel S.",Optimization of sparse phenotyping strategy in multi-environmental trials in maize.,,0,2,maize,,sparse phenotyping optimization,Genomic prediction in multi-environment maize trials; cost-accuracy trade-off but diversity not explicit.,https://doi.org/10.1007/s00122-025-04825-y
10.1007/s42995-025-00340-7,2026,"Lee WH, Sung YH, Low BW, Fong JJ.","Population genomics identifies genetic structure and admixture in the endangered Beale's Eyed Turtle (&lt;i&gt;Sacalia bealei&lt;/i&gt;), and implications for aquatic ecology and ex situ breeding.",,0,2,none,"genetic clusters, admixture",ex situ breeding implications,"Population structure and admixture in endangered turtle; conservation genetics guide, non-plant.",https://doi.org/10.1007/s42995-025-00340-7
10.1007/s00122-026-05209-6,2026,"Mohamedikbal S, Al-Mamun HA, Marsh JI, Upadhyaya SR, Batley J, Edwards D.",Dissection of local haplotype diversity at soybean rust loci reveals resistance-associated and context-dependent variation patterns in diverse germplasm.,,0,2,soybean,"haplotype diversity, allelic diversity at resistance loci",association and haplotype analysis in diverse germplasm,Characterizes allelic and haplotype diversity at SBR loci in 2815 accessions; identifies resistance variation patterns in germplasm pool.,https://doi.org/10.1007/s00122-026-05209-6
10.1038/s41598-025-29738-0,2025,"Takalkar SA, Mohan SM, Nagesh P, Dhliwayo T, Naidu PB, Boregowda SC, Kachapur RM, Kanwade DG, Mahadevu P, Singh NK, Injeti SK, Kariganur MB, Pattanashetti SK, Ravindra BG, Vivek BS.",Diverse and stable male sterile tropical Asian maize inbred lines provide strategic opportunities for hybrid development.,,0,2,maize,"genetic background diversity, CMS-hybrid genetic diversity",,"Diverse elite lines converted to CMS; hybrid diversification evaluated, stable performance documented.",https://doi.org/10.1038/s41598-025-29738-0
10.1002/tpg2.70217,2026,"Schierenbeck M, Helmi RY, Maurer A, Tarawneh RA, Ali DH, Schneider HM, Börner A, Pillen K, Youssef HM.",Introgression of wild barley alleles improves seedlings salinity tolerance in the nested association mapping HEB-400 population.,,0,2,barley,"wild barley allelic diversity, nested association mapping allele frequencies","introgression of wild barley alleles, GWAS-guided selection",Wild alleles introgressed for salinity tolerance; diversity resource and selection pathway identified.,https://doi.org/10.1002/tpg2.70217
10.1093/genetics/iyaf119,2025,"Toniutti L, Rio S, Madec C, Ricci S, Guiougou C, Marius F, Mina C, Delos JE, Lambert F, Efile JC, D'Hont A, Martin G, Hoarau JY, Salmon F.",Combining ability of banana triploid hybrid progenitors and genomic prediction of cross performance for agro-morphological traits.,,0,2,banana,"general combining ability, specific combining ability, within-cross genetic variability, heritability","combining ability assessment, genomic prediction of cross performance",Parental combining abilities quantified in triploid crosses; cross performance prediction guides breeding.,https://doi.org/10.1093/genetics/iyaf119
10.1007/s00122-026-05198-6,2026,"Roberts AMI, Neugebauer K, Ewaoluwagbemiga EO, Milbourne D, Byrne S, Cockram J, Zanella CM, Wallace M, Niedermayer M, Andreani L, Pécs M, van der Kooij WWP, Schmid K.",Integrating genomic prediction into crop DUS testing: new approaches in support of reference collection management and distinctness assessment.,,0,2,multi-crop,genetic markers for distinctness,genomic prediction; DUS reference collection management,Uses genomic markers to manage variety reference collections and distinctness assessment.,https://doi.org/10.1007/s00122-026-05198-6
10.1111/mec.70324,2026,Hamilton JA.,Molecular Passports for Ex Situ Seed Donors: Enhanced Genetic Monitoring for Plant Conservation.,,0,2,multi-crop,"molecular passport, genetic diversity indices",core collection / genebank monitoring,Genetic monitoring framework for ex situ conservation; identifies gaps and redundancies in seed donor preservation.,https://doi.org/10.1111/mec.70324
10.1038/s41598-026-40849-0,2026,"Al-Yahyai RA, Halo BA, Al-Subhi AM, Yaish MW.",Genome-wide SNP analysis reveals genetic diversity and structure of wild and cultivated olives (Olea europaea L.) in Oman.,,0,2,olive,"SNPs, genetic diversity indices, population structure",,Genome-wide diversity and structure in wild and cultivated olives; characterizes diversity but no selection method.,https://doi.org/10.1038/s41598-026-40849-0
10.1371/journal.pone.0344465,2026,"Liu J, Shen W, Tan Z, Zhong Y.",Genetic diversity of Schima superba based on physiological traits and SSR markers.,,0,2,forest tree,"SSR loci (20 polymorphic), He = 0.804, Fst, gene flow",,Genetic diversity quantification across natural populations; SSR-trait associations identified but no breeding selection method.,https://doi.org/10.1371/journal.pone.0344465
10.1111/nph.71031,2026,"Wojcik A, Belcram H, Rousselet A, Bouët M, Brault M, Serin P, Desprez A, Rincent R, Peil A, Henry K, Marchal C, Lacombe T, Glémin S, Alix K, Gérard PR, Manicacci D, Vigouroux Y, Dogimont C, Tenaillon ",Evolution of crop phenotypic spaces through domestication.,,0,2,multi-crop,multivariate phenotypic divergence index (mPDI),,Quantifies phenotypic space reduction during domestication across 13 species; documents diversity collapse but no selection optimization.,https://doi.org/10.1111/nph.71031
10.3389/fpls.2026.1813482,2026,"Al Jabri T, Halo BA, Culham A, Ellis R.",Genomic insights into population structure and conservation of wild olive (&lt;i&gt;Olea europaea&lt;/i&gt; subsp. &lt;i&gt;cuspidata&lt;/i&gt;) in Oman's Dhofar and Hajar Mountains.,,0,2,olive,"SNPs (nuclear and plastid), population structure, haplotypes",conservation assessment,Genetic diversity and population structure in wild olive; informs conservation prioritization but no breeding selection method.,https://doi.org/10.3389/fpls.2026.1813482
10.1002/tpg2.70238,2026,"Clare SJ, Schmuker P, Altendorf K.",Association mapping for hop cone chemistry and morphology identifies natural beneficial allele stacks.,,0,2,hop,"SNPs (20,861 markers from GBS), association mapping",association mapping for trait selection,Identifies marker-trait associations for cone chemistry and morphology; supports selection but no diversity constraint explicitly modeled.,https://doi.org/10.1002/tpg2.70238
10.3389/fpls.2025.1670349,2025,"Sampaio LFS, Zucchi MI, Colombo CA, Jacomino AP, Figueira A, Mourão Filho FAA.",Population genomics of Brazilian native fruit species of <i>Eugenia</i> spp. (Myrtaceae) for conservation and improvement.,,0,2,multi-crop,"SNPs (genotyping by sequencing), genetic diversity and structure",population genomic assessment for conservation,Characterizes diversity in three Eugenia spp. across populations; targets native fruit improvement and conservation.,https://doi.org/10.3389/fpls.2025.1670349
10.1007/s00122-026-05247-0,2026,"Zapata SL, Mirdita V, Boeven PHG, Varenne P, Spiller M, Nagireddy S, Gils M, Reif JC, Li G.",Association mapping of hybrid seed set and heterosis in a central European multi-parental wheat population.,,0,2,wheat,"SNP markers, heterosis metrics (dominance, epistasis)","association mapping, multi-parental population design",Dissects heterosis and identifies traits for hybrid seed efficiency; gains quantified but diversity maintenance not explicit.,https://doi.org/10.1007/s00122-026-05247-0
10.1007/s00122-026-05175-z,2026,"Thomsen LE, Zhao Y, Avenhaus U, Reif JC, Gundala RR.",Integrating genomic predictions into an applied Central European wheat breeding program.,,0,2,wheat,"population size, training set diversity across breeding stages",genomic selection (GBLUP/GEBV),Genomic prediction accuracy in wheat breeding stages; diversity mentioned implicitly via population structure but not explicitly quantified.,https://doi.org/10.1007/s00122-026-05175-z
10.1016/j.jgeb.2026.100688,2026,"Nair KR, Satish D, Hiremata V, Fakrudin B, Pallavi HM, Gunnaiah R, Sowmya HM, Chittapur RB, Biradar IB, Peerjade D, Gollagi S, Ajjappalavara PS, Jagadeesha RC.",Molecular and morphological insights into the diversity of Moringa oleifera: a comparative analysis.,,0,2,none,"SSR polymorphism, alleles per locus, genetic divergence (morphological and molecular)",heterosis breeding via cluster-based selection,Drumstick (Moringa); genetic diversity assessed by SSRs and morphology; clusters leveraged for heterosis breeding.,https://doi.org/10.1016/j.jgeb.2026.100688
10.3390/ijms26157220,2025,"Ararsa L, Mulugeta B, Bekele E, Geleta N, Abreha KB, Geleta M.",A 25K Wheat SNP Array Revealed the Genetic Diversity and Population Structure of Durum Wheat (&lt;i&gt;Triticum turgidum&lt;/i&gt; subsp. &lt;i&gt;durum&lt;/i&gt;) Landraces and Cultivars.,,0,2,wheat,"polymorphism information content (PIC), gene diversity, population structure (STRUCTURE, PCoA, AMOVA), selection signatures (FST)",,Durum wheat landraces and cultivars; diversity and selection signatures quantified; conservation context but no selection method for constrained gain.,https://doi.org/10.3390/ijms26157220
10.1186/s12711-025-01018-5,2025,"Pouil S, Aubin J, Phocas F.",Deriving breeding goals and expected selection responses to reduce environmental impacts in rainbow trout farming.,,0,2,none,"environmental merit indices (TGC, DFI, survival)",multi-trait index selection with environmental constraints,Rainbow trout; breeding goal with environmental constraints; selection response and diversity trade-off implied but not explicitly modeled.,https://doi.org/10.1186/s12711-025-01018-5
10.1016/j.dib.2026.112746,2026,"Subedi M, Diack O, Faye A, Diao Y, Ackerman AJ, Wondifraw M, Diop EAMC, Mbengue SD, Seck EM, Cubitt R, Crain JL, Beil C, Sheehan MJ.",Whole genome sequence data on diverse pearl millet accessions across the African continent.,,0,2,pearl millet,,,"WGS diversity panel and phenotyping; foundational germplasm resource, enables downstream selection but no metric or method.",https://doi.org/10.1016/j.dib.2026.112746
10.1038/s41598-026-42155-1,2026,"Rajpoot SK, Dhakar MK, Singh N, Nath V, Kumar C, Choudhary JS, Bishi SK, Bhavana P, Kherwar D, Das B, Das A.",In-situ characterization of wild Annona squamosa L. genotypes reveals rich genetic diversity and elite selections for crop improvement and conservation.,,0,2,sugar apple,,,Wild germplasm characterization and elite selection; phenotypic diversity assessed but no molecular metric or formal method.,https://doi.org/10.1038/s41598-026-42155-1
10.21203/rs.3.rs-8087544/v1,2025,"Jaganathan D, Gibbs JM, Thomas N, McAvoy T, Azad M, Tian M, Lozada DN, Railey WH, Nankar AN.",Morphological and simple sequence repeat (SSR)-based diversity of Capsicum germplasm characterizes population structure and enables marker-assisted selection for Phytophthora capsici resistance,,0,2,Capsicum,"alleles per locus, PIC",marker-assisted selection,SSR diversity and population structure in germplasm; MAS for disease resistance but no diversity-gain trade-off analysis.,https://doi.org/10.21203/rs.3.rs-8087544/v1
10.1186/s12870-026-08357-5,2026,Altaf MT.,Assessing mung bean genetic diversity with Start Codon Targeted (SCoT) markers: a step towards climate-tolerant varieties for global food security.,,0,2,mung bean,"Nei gene diversity, effective alleles, Shannon index, PIC",,SCoT diversity metrics in multi-country germplasm; no selection or optimization method described.,https://doi.org/10.1186/s12870-026-08357-5
10.1186/s12870-025-07715-z,2025,"Yang L, Li J, Li S.",Construction of a core collection of Notopterygii Rhizoma et Radix based on molecular phylogeography.,,0,2,medicinal plant,"haplotype diversity, genetic structure",core collection stratified sampling,Core collection of endangered medicinal plants from phylogeographic strata; conservation-focused diversity preservation.,https://doi.org/10.1186/s12870-025-07715-z
10.1186/s12915-025-02422-5,2025,"Dhiman AS, Taliadoros D, Stukenbrock EH, McGrath JM, Emrani N, Jung C.",Signatures in domesticated beet genomes pointing at genes under selection in a sucrose-storing root crop.,,0,2,beet,"nucleotide diversity, selection signatures",,Genome-wide diversity in wild and cultivated beets; domestication selection patterns but no forward breeding method.,https://doi.org/10.1186/s12915-025-02422-5
10.3390/plants15081249,2026,"Hasanaklou HT, Sinkovič L, Papa R, Bitocchi E, Bellucci E, Dolničar P, Pipan B.",Uncovering Phenotypic Variation in Common Bean (&lt;i&gt;Phaseolus vulgaris&lt;/i&gt; L.): Insights from the INCREASE Project.,,0,2,common bean,phenotypic diversity via multivariate analysis; core collection composition,core collection (R-core) with multi-trait selection indices,Core collection phenotypic characterization and multi-trait ranking; context for diversity-based selection but not explicit optimization.,https://doi.org/10.3390/plants15081249
10.1111/tpj.70936,2026,"Fukuda H, Fukuda A, Sakamoto T, Kawahara Y, Naito K, Kawakatsu T, Yonemaru JI, Ogawa D.",Dissecting Agronomically favorable genotypes in temperate japonica rice via haplotype analysis of a Japan-MAGIC population.,,0,2,rice (temperate japonica),allele/haplotype conservation in modern cultivars,haplotype analysis with multi-parent advanced-generation intercross population,Shows distinct selection pressures on loci; haplotype structure guides elite cultivar assembly but not explicit diversity-constrained selection.,https://doi.org/10.1111/tpj.70936
10.1007/s00122-025-05053-0,2025,"Blower A, Ray RV, Rawsthorne S, Howell PJ, Leigh FJ, Kanyuka K.","Harnessing primary, secondary and tertiary genepools for durable wheat disease resistance.",,0,2,wheat,"genepool classification, disease-resistance loci diversity","marker-assisted selection, genomic selection, genome editing for exotic germplasm introgression",Reviews harnessing primary-tertiary genepools and alien gene transfer; strategic diversity-broadening framework for breeding.,https://doi.org/10.1007/s00122-025-05053-0
10.1631/jzus.b2400339,2025,"Zhou Y, Liu N, Yang J, Chen B, Li C, Bu F, Wu S, Zhou Z, Yu Q, Shu Q.","Genomic insights into the diversity of rice cultivars developed in Heilongjiang Province, China.",,0,2,rice,"SNPs, InDels, population structure, selective sweep analysis",,Quantifies genetic diversity by markers; identifies narrowing in recent breeding but no selection method.,https://doi.org/10.1631/jzus.b2400339
10.1186/s12864-025-12323-0,2025,"Marcotuli I, Soriano JM, Colasuonno P, Muciaccia S, Gadaleta A.",Identification of new QTLs for quality traits and yield using tetraploid wheat interspecific backcross inbred lines.,,0,2,wheat,introgressed segment distribution,backcross inbred lines from wild Triticum turgidum var. dicoccoides,Analyzes introgression patterns and QTL mapping; demonstrates use of wild germplasm but no diversity optimization.,https://doi.org/10.1186/s12864-025-12323-0
10.3390/plants14172804,2025,"Yang Y, Sun F, Wei X, Wang Z, Ma J, Zhang D, Li C, Lai C, Fu G, Li Y.",The Genetic Loci Associated with Fiber Development in Upland Cotton (&lt;i&gt;Gossypium hirsutum&lt;/i&gt; L.) Were Mapped by the BSA-Seq Technique.,,0,2,cotton,SNPs from bulked segregant analysis,introgression of chromosome segments from sea island cotton into upland cotton,QTL mapping in introgression lines; demonstrates use of secondary gene pool but no diversity-constrained selection.,https://doi.org/10.3390/plants14172804
10.3389/fpls.2025.1692942,2025,"Yang L, Yang R, Wang Y, Asad MAU, Wang Y, Chang Z, Miao T, Yang S, Wei Y, Wu S, Bao J, Wu M, Ye J, Zhai R, Ye S, Zhang X, Zeng F, Yu F.",Integrative genomic and transcriptomic approaches decipher pre-harvest sprouting resistance in rice.,,0,2,rice,"1,584,905 high-quality SNPs from 165 accessions",GWAS for PHS resistance,Multi-omics diversity mapping and candidate gene identification; no diversity-aware selection algorithm.,https://doi.org/10.3389/fpls.2025.1692942
10.3389/fpls.2025.1602171,2025,"Qian Y, Katz E, Kliebenstein DJ, Taylor G.",Breeding indoor watercress for enhanced crop biofortification: harnessing natural variation of wild germplasm.,,0,2,watercress,"morphology, sensory, nutritional quality variation (45–68% across 32 accessions)",,Quantifies phenotypic diversity in wild germplasm; no selection or breeding application method.,https://doi.org/10.3389/fpls.2025.1602171
10.1186/s12284-025-00882-5,2026,"Teng K, Wang X, Qin X, Huang Z, Meng S, Liu B, Yan W, Ma S, Zhang M, Xie Y, Fan Z, Cao X, Li M, Xu K, Li R, Li J.",Genetic Interaction Between Bph50 and Bph51 Confers Resistance to Brown Planthopper in Rice.,,0,2,rice,wild germplasm GXU184 SNP markers,marker-assisted selection (MAS) to pyramid Bph50 and Bph51 loci,Identifies and introgresses paired resistance loci; demonstrates MAS for trait combination without diversity loss.,https://doi.org/10.1186/s12284-025-00882-5
10.1038/s41598-025-27797-x,2025,"Sharma D, Mohapatra A, Sivakumar T, Kumari A, Budhlakoti N, Bashir L, Yadav A, Mir RR, Gahlaut V, Kulwal P, Vikas VK, Gaikwad KB, Singh AK, Singh GP, Kumar S.",Dissecting the genetic architecture of pre-harvest sprouting tolerance in Indian dwarf wheat (Triticum sphaerococcum) by multi-locus association analysis.,,0,2,wheat,"15,308 high-quality SNPs from 116 global T. sphaerococcum accessions",multi-locus GWAS for PHS tolerance,Genome-wide diversity assessment and multi-environment association; no explicit diversity-constrained selection method.,https://doi.org/10.1038/s41598-025-27797-x
10.1038/s41467-025-66100-4,2025,"Zhang Z, Ma S, Yin M, Zhao C, Zhao X, Yu Y, Wang H, Li X, Si Y, Niu J, Xie J, Wang L, Wu J, Zhang Y, Zheng Q, Zheng S, Jiang N, Liu X, Ling HQ, He F.",Population-scale gene expression analysis reveals the contribution of expression diversity to the modern wheat improvement.,,0,2,wheat,"expression diversity, eQTL",,Quantifies expression variation across landraces and elite lines; documents breeding-driven directional changes.,https://doi.org/10.1038/s41467-025-66100-4
10.1093/aob/mcaf226,2026,"Walter N, King I, King J, Grewal S.","Gametocidal genes: biological mechanisms owing to hybrid dysgenesis in crop breeding, challenges and innovation.",,0,2,multi-crop,,introgression from wild relatives,Reviews challenges introgressing diversity from wild/diverse accessions due to gametocidal genes.,https://doi.org/10.1093/aob/mcaf226
10.1073/pnas.2607107123,2026,"Ning W, Arick MA, Udall JA, Hsu CY, Abdala-Roberts L, Solís-Rodríguez U, Briones-May Y, Magbanua ZV, Pechanova O, Bustos-Segura C, Clancy MV, Díaz-Cruz S, Garnica-Cabrera A, Mamin M, Yu JZ, Turlings T",Genomic diversity and the domestication history of cotton (&lt;i&gt;Gossypium hirsutum&lt;/i&gt;).,,0,2,cotton,"genome heterozygosity, genetic load, population structure, transposable element burden",,Quantifies wild-population diversity patterns and genetic bottleneck effects; domestication history.,https://doi.org/10.1073/pnas.2607107123
10.1007/s00122-026-05234-5,2026,"Tan K, Guo Z, Schnurbusch T.",Pan-genome analysis reveals hidden diversity and selection signatures of auxin response factors (ARFs) associated with breeding in barley.,,0,2,barley,"gene presence/absence variation, copy number variation, selection signatures, haplotype diversity",,Pan-genome diversity and selection sweep signatures in ARF family; barley breeding haplotypes identified.,https://doi.org/10.1007/s00122-026-05234-5
10.1371/journal.pone.0338577,2025,"Hammami MDE, Kthiri Z, Hamada W, Malvar RA, Karmous C, Revilla P.",Genotypic variability of Tunisian maize landraces: A valuable genetic resource to mitigate drought and heat stress in the Mediterranean basin.,,0,2,maize,"genotypic variability, stress-response traits",landrace pre-selection and multi-environment evaluation,Evaluates Tunisian maize landraces for drought/heat stress; identifies adapted germplasm for breeding.,https://doi.org/10.1371/journal.pone.0338577
10.1111/pbi.70473,2026,"Wang Z, Liu P, Jiao C, Zhang Y, Xu Z, Lin T, Zhu Y, Jing X, Huang Y, Chao N, Zhao M, Liu Y, Liu H, Sun B, Zhang F, Li Q, Lv Z, Sun X, Lin YJ, Wei J.",Haplotype-Resolved Genome Assembly and Population Genomics Reveal Evolutionary History and Agronomic Traits of Mulberry.,,0,2,mulberry,"population structure, genetic differentiation, haplotype diversity, GWAS-identified trait loci",population genomics and genebank sampling,Quantifies mulberry population diversity and differentiation; maps haplotypes for production traits.,https://doi.org/10.1111/pbi.70473
10.1101/2023.11.29.568958,2023,"Cavalet-Giorsa E, González-Muñoz A, Athiyannan N, Holden S, Salhi A, Gardener C, Quiroz-Chávez J, Rustamova SM, Elkot AF, Patpour M, Rasheed A, Mao L, Lagudah ES, Periyannan SK, Sharon A, Himmelbach A",Origin and evolution of the bread wheat D genome,,0,2,wheat,"genetic diversity loss from polyploidization, domestication, breeding bottlenecks; haplotype diversity at resistance loci",pangenome resources; haplotype analysis for allele discrimination,Demonstrates wild relative genetic reservoir for bread wheat; documents diversity and introgression potential.,https://doi.org/10.1101/2023.11.29.568958
10.1101/2023.11.27.568448,2023,"Burridge AJ, Winfield M, Przewieslik-Allen A, Edwards KJ, Siddique I, Barral-Arca R, Griffiths S, Cheng S, Huang Z, Feng C, Dreisigacker S, Bentley AR, Brown-Guedira G, Barker GL.",Development of a Next Generation SNP Genotyping Array for Wheat,,0,2,wheat,SNP diversity from elite and landrace skim sequencing; varietal discrimination via haplotype optimization,minimal marker optimization within 1.5 Mb windows; Watkins Core Collection basis,Core-collection-based marker design captures germplasm diversity; array supports diversity-aware selection.,https://doi.org/10.1101/2023.11.27.568448
10.1186/s12864-026-13162-3,2026,"Kaweesi T, Bombom A, Mcebisi M, Asiimwe P, Ovuga E.",Ex Situ Diversity of Sorghum bicolor (L.) moench collections and derived wide crosses (sorghum x maize) based on DArTSeq markers.,,0,2,sorghum,"observed heterozygosity, expected heterozygosity, inbreeding coefficient, DArTSeq SNP markers",,Ex situ diversity assessment of 177 sorghum accessions using molecular markers; population structure but no selection strategy.,https://doi.org/10.1186/s12864-026-13162-3
10.64898/2026.02.03.703488,2026,"Oli A, Benor S, Haile G, Tadesse B, Beyene Y, Amudu MK, Gowda M.",From Diversity to Discovery: Genome-Wide Insights into the Genetic Landscape of Tropical Maize DH Lines,,0,2,maize,"gene diversity, polymorphic information content, minor allele frequency, observed heterozygosity, fixation index",,"Genome-wide diversity and population structure in 2,555 maize DH lines; heterotic groups identified, no optimization method.",https://doi.org/10.64898/2026.02.03.703488
10.1007/s00438-024-02222-6,2025,"Venadan S, Das AK, Dixit S, Arora A, Kumar B, Hossain F, Saha S, Rakshit S.",Characterization of Indian waxy and non-waxy maize germplasm for genetic differentiation through SNP genotyping.,,0,2,maize,"molecular diversity, kinship, linkage disequilibrium, population structure, SNP genotyping",,"Waxy/non-waxy germplasm characterization; diversity and population structure assessed, no selection method specified.",https://doi.org/10.1007/s00438-024-02222-6
10.1371/journal.pone.0332895,2025,"Assfaw AT, Bunmi O, Paterne A, Chigeza G, Mushoriwa H, Fowobaje K, Abebe AT.",Genetic diversity and population structure analysis of soybean [Glycine max (L.) Merrill] genotypes based on agro-morphological traits and SNP markers.,,0,2,soybean,"genetic diversity, population structure, SNP markers, phenotypic traits",,"Diversity and structure of 45 breeding lines; germplasm characterization for breeding strategy, no selection method.",https://doi.org/10.1371/journal.pone.0332895
10.3390/genes16101210,2025,"Makebe A, Shimelis H, Mashilo J.",Genetic Interrelationship Among Newly-Bred Mutant Lines of Wheat Using Diagnostic Simple Sequence Repeat Markers and Phenotypic Traits Under Drought.,,0,2,wheat,"polymorphic information content (PIC), alleles per locus, gene diversity",,"SSR-based diversity assessment of EMS mutant lines; characterizes genetic relationships among mutants for targeted selection, but no optimization algorithm.",https://doi.org/10.3390/genes16101210
10.3389/fpls.2025.1558741,2025,"Abu P, Badu-Apraku B, Ifie BE, Eleblu JSY, Ehemba GL, Tongoona PB, Offei SK.",SeqSNP-based genic markers reveal genetic architecture and candidate genes for low nitrogen tolerance in tropical maize inbred lines.,,0,2,maize,population structure (six sub-populations identified),marker-assisted selection (MAS) for low-nitrogen tolerance,SeqSNP-based germplasm characterization and population structure; identifies candidate genes for MAS but no diversity-preserving selection optimization.,https://doi.org/10.3389/fpls.2025.1558741
10.1016/j.bbrep.2025.102435,2026,"Hamid R, Ghorbanzadeh Z, Panahi B.",Integration of inter-simple sequence repeats with machine learning approach for diversity analysis and authentication of Iranian cotton cultivars.,,0,2,cotton,"observed alleles (Na), effective alleles (Ne), Shannon index (I), expected heterozygosity (He)",ISSR markers + machine learning for cultivar authentication,Quantifies genetic diversity in cultivated pool; addresses genetic-base narrowing but no selection method to recover diversity.,https://doi.org/10.1016/j.bbrep.2025.102435
10.1038/s41598-025-22122-y,2025,"Abed JN, Ibitoye DO, Afuape SO, Olasanmi B, Mushoriwa H, Agre PA.",Assessment of genetic diversity and phenotypic trait profiles among sweetpotato using single-nucleotide polymorphism (SNP) markers and agronomic variables.,,0,2,sweetpotato,"observed heterozygosity (Ho), SNP-based diversity metrics, cluster analysis",Multi Trait Genotype Ideotype Distance Index (MGIDI) for top-ranking genotype selection,Characterizes germplasm diversity via SNPs; MGIDI ranks genotypes by multi-trait merit but not explicit diversity-gain trade-off.,https://doi.org/10.1038/s41598-025-22122-y
10.1038/s41598-026-44863-0,2026,"Bilgen Y, Akça Y, Yıldız K, Yıldırım K.",Unraveling genetic diversity in 'Foşa' and 'Yomra' hazelnut accessions (Corylus avellana L.) using SSR markers and phenotypic analysis.,,0,2,hazelnut,"genetic diversity (0.53), observed heterozygosity (0.31), polymorphism rate (0.48)",,SSR-based diversity characterization and population structure in two varieties; no selection strategy for diversity preservation or gain.,https://doi.org/10.1038/s41598-026-44863-0
10.1186/s12870-025-07382-0,2025,"Gostinčar K, Osterc G, Štajner N, Luthar Z.",Cytometric and genetic analysis of Slovenian local apple genotypes.,,0,2,apple,"expected heterozygosity, observed heterozygosity, alleles per locus, power of discrimination",,SSR diversity assessment of germplasm pool; identifies synonyms/duplicates but no selection strategy.,https://doi.org/10.1186/s12870-025-07382-0
10.1186/s12870-025-06926-8,2025,"Wang X, Lee S, Choi YM, Yi J, Desta KT, Shin MJ, Lee GA, Jeon YA, Yoo E.",Evaluation of genetic diversity and population structure of wheat core collection using SNP and KASP markers for major agronomic traits.,,0,2,wheat,"SNP, KASP, neutral marker diversity, population structure",,Core collection diversity analysis; documents genetic diversity loss in breeding but no optimization method.,https://doi.org/10.1186/s12870-025-06926-8
10.3390/plants14121812,2025,"Walcott I, Lanspeary A, Shams F, Bredell P, Cook E, Higgisson W.",On the Precipice of Extinction: Genetic Data in the Conservation Management of In Situ and Ex Situ Collections of the Critically Endangered &lt;i&gt;Muehlenbeckia tuggeranong&lt;/i&gt; (Tuggeranong Lignum).,,0,2,none,"genetic diversity indices, inbreeding coefficient simulation","optimal breeding pair selection via simulation, minimization of further diversity loss",Endangered plant conservation with genetically-informed breeding pairs; not mainstream crop breeding.,https://doi.org/10.3390/plants14121812
10.3390/ijms27115087,2026,"Al-Mohusaien RM, Sadder MT, Al-Taha'at E, N Hamadneh B, A Al-Slaibi O, Alkhatatbeh HA, Siam FA.",Genetic and Phenotypic Variations Within Ancient 'Mehras' Olive (&lt;i&gt;Olea europaea&lt;/i&gt; L.).,,0,2,olive,"ISSR similarity, genetic diversity via Bayesian clustering",,Genetic diversity characterized in ancient cultivar; germplasm pool context but no selection method.,https://doi.org/10.3390/ijms27115087
10.3390/plants15071069,2026,"Hegedűs A, Pfeiffer P, Tóth EG, Halász J.","Genetic Relatedness Is Uncoupled from Fruit Color in Sour Cherry: Evidence from SSR, &lt;i&gt;S-RNase&lt;/i&gt;, and Expression Profiling.",,0,2,sour cherry,"SSR alleles, S-alleles, multilocus probability of identity",,"Genetic diversity and population structure in germplasm; phenotype-genotype decoupling noted, no selection.",https://doi.org/10.3390/plants15071069
10.1093/hr/uhag026,2026,"Yang H, Ye X, Wang Y, Yan W, Ji C, Wang Y, Ding Z, Tie W, Yan F, Hao Z, Liu Q, Zhong Z, Dong X, Kang L, Zhu M, Lv H, Hu W, Liu G, Nan Z.",High-quality genome and variation map reveal valuable loci and the genetic basis of trait divergence driven by geographic dispersal in &lt;i&gt;Crotalaria pallida&lt;/i&gt;.,,0,2,Crotalaria pallida,"genetic diversity decline, genome-wide association scan",,Diversity trends across geographic dispersal; GWAS identifies loci but no breeding selection strategy.,https://doi.org/10.1093/hr/uhag026
10.1186/s12870-025-07941-5,2025,"Malmberg MM, Suraweera DD, Baillie RC, Smith KF, Cogan NOI.","Genomic resources for Australian alfalfa (Medicago sativa L.) genomics: reformatted reference genome, annotated variants, gene presence-absence and diversity analysis from genome re-sequencing.",,0,2,alfalfa,"presence-absence variation, SNP discovery, genetic diversity analysis",,Genomic resources for diversity analysis in germplasm; limited breeding application mentioned.,https://doi.org/10.1186/s12870-025-07941-5
10.1038/s41598-025-24188-0,2025,"Fikere M, Zurn JD, Verma S, Amaya I, Muñoz P, Sánchez-Sevilla JF, Cockerton HM, Harrison RJ, Mahoney LL, Davis TM, Hancock JF, Finn CE, Mathey MM, Neal J, Ko HL, Whitaker VM, Bassil NV, Hardner C.",Accounting for population structure in genomic prediction of strawberry sweetness at a global scale.,,0,2,strawberry,"population structure analysis, allele frequency differentiation",genomic prediction (GBLUP variants accounting for sub-population structure),Population structure quantified; genomic prediction models fit sub-populations to improve accuracy.,https://doi.org/10.1038/s41598-025-24188-0
10.1186/s12896-026-01143-z,2026,"Wang L, Tian Y, Zhao D, Shi X, Guo W.",Integrated whole-genome resequencing and mRNA-miRNA analysis reveals selection signals and regulatory networks of antipyretic effect variation in Morus alba var. multicaulis.,,0,2,mulberry,"genetic diversity, principal component analysis, population structure analysis",,Genetic diversity and selection signals in domesticated germplasm; no breeding selection method.,https://doi.org/10.1186/s12896-026-01143-z
10.64898/2026.06.11.731510,2026,"Guffanti F, Nagel KA, Galinski A, Müller C, Pariyar SR, Scheuermann D, Urbany C, Presterl T, Ouzunova M, Schön C.",Genetic analysis of maize seedling root traits under chilling highlights their importance for early field development,,0,2,maize,"haplotype-based GWAS, allelic diversity from landraces",,Genetic architecture of root traits; landraces as diversity source but no formal selection/optimization.,https://doi.org/10.64898/2026.06.11.731510
10.1007/s00122-026-05323-5,2026,"Zhang Z, Zhang Y, Guo Y, Ye X, Wu R, Zhang X, Yang H, Jin P, Li S, Singh RP, Bai B, Yang F, Lan C.",Identification of stripe rust resistance loci in Gansu wheat landraces using genome-wide association analysis.,,0,2,wheat,"haplotype analysis, favorable vs. unfavorable alleles",,Stripe rust loci identified in landraces; haplotype comparison but no introgression or selection strategy.,https://doi.org/10.1007/s00122-026-05323-5
10.3390/genes17040399,2026,"Xu X, Zhao K, Zeng Y, Lin S, Muhammad N, Gao W, Ren J, Wu P.",Dissection of the Genetic Basis of Maize Plant Architecture and Candidate Gene Mining Based on the MAGIC Population.,,0,2,maize,"broad-sense heritability, phenotypic variation","MAGIC population (16 diverse elite founders, 935 RILs)",Multi-parent population from diverse founders for trait dissection; no explicit diversity-gain trade-off.,https://doi.org/10.3390/genes17040399
10.3390/plants15020241,2026,"Zhao Z, Xu W, Qin T, Qu J, Guan Y, Hu Y, Xue W, Lu Y, Wang H, Zheng H.",Systematic Analysis of the Maize <i>CAD</i> Gene Family and Identification of an Elite Drought-Tolerant Haplotype of <i>ZmCAD6</i>.,,0,2,maize,haplotype analysis (ZmCAD6),,"Elite drought-tolerant haplotype identified; functional haplotype for stress tolerance, no optimization.",https://doi.org/10.3390/plants15020241
10.21203/rs.3.rs-9220691/v1,2026,"Stetter M, Takou M, Terán-Pineda M, Silva Sd, Schoen C.",Time series analysis in a maize landrace reveals rapid fixation of beneficial alleles,,0,2,maize,"genetic divergence, FST outlier analysis",,Genetic divergence tracked across selection cycles; temporal allele frequency shifts under selection.,https://doi.org/10.21203/rs.3.rs-9220691/v1
10.64898/2026.03.25.713886,2026,"Takou M, Terán-Pineda M, da Silva S, Schön C, Stetter MG.",Time series analysis in a maize landrace reveals rapid fixation of beneficial alleles,,0,2,maize,"genetic divergence, FST outlier analysis",,Genetic divergence and allele fixation across selection experiment; tracks diversity loss under directional selection.,https://doi.org/10.64898/2026.03.25.713886
10.1002/tpg2.70117,2025,"Jines M, Chandler M, Podlich D, Baumgarten A, Wright D, Jacobson A, Zhao H, Gogerty J, Regennitter M, Hung HY, McDowell R, Tang T, Diepenbrock C, Helmi H, Messina C, Ross A, Henke G, Spangler L, Caldw","The Big BIT maize experiment: A large multi-location, multi-year, multi-tester, multi-population predictive breeding validation study.",,0,2,maize,"genomic estimated breeding values (GEBVs), prediction accuracy",genomic selection with training-set updates,Large multi-location validation of genomic prediction; discusses long-term gain and training-data strategies.,https://doi.org/10.1002/tpg2.70117
10.3389/fpls.2025.1715826,2025,"Aguilar FS, Lamkey KR, Edwards JW.",Dual genetic mechanisms of heterosis: population structure and gene action.,,0,2,maize,F_ST (population-level inbreeding),,Formalizes heterosis theory with inbreeding and population structure; quantifies F_ST.,https://doi.org/10.3389/fpls.2025.1715826
10.3390/plants14162601,2025,"Yan L, Gao C, Liu C, Wang Y, Liu N, Zhang X, Liu F.",Predicting Heterosis and Selecting Superior Families and Individuals in &lt;i&gt;Fraxinus&lt;/i&gt; spp. Based on Growth Traits and Genetic Distance Coupling.,,0,2,forest tree,genetic distance (SSR markers),parent selection by combining ability,Couples genetic distance with heterosis prediction; selects superior families.,https://doi.org/10.3390/plants14162601
10.3390/biology13100817,2024,"Hallahan BF, Hallahan BF.",One Hundred Years of Progress and Pitfalls: Maximising Heterosis through Increasing Multi-Locus Nuclear Heterozygosity.,,0,2,multi-crop,"nuclear heterozygosity, parental genetic distance, ploidy",,Reviews heterosis vs genetic distance and polyploidy; quantifies heterozygosity contribution.,https://doi.org/10.3390/biology13100817
10.1016/j.isci.2025.112836,2025,"Souza R, Van Tassel DL, Korani W, Harkess A, Clevenger J.",Accelerating domestication of perennial plants with genomics.,,0,2,multi-crop (perennial),"diversity collection establishment, allelic diversity","marker-assisted selection, introgression of alleles from exotic germplasm","Pathway to accelerate domestication via diversity collection, reference genome, and genomic-guided selection.",https://doi.org/10.1016/j.isci.2025.112836
