"strategy","genes","s","N","gen","n_rep","p_lost","ibd","ibd_sd","rpg","drag","p_ibd","p_drag","p_both","drag_q95","p_both_lo","p_both_hi","gain"
"bg",1,0.6,20,1,300,0,0.928882235528942,0.0131040366980922,0.80565119760479,91.6166666666667,0.983333333333333,0.0533333333333333,0.0533333333333333,190,0.0307883197734781,0.0851667649095142,0.0347909750588456
"bg",1,0.6,20,2,300,0,0.976497005988024,0.00781975420529833,0.929675648702595,53.925,1,0.25,0.25,100.125,0.202018744601552,0.302994002046034,0.0169823255171309
"bg",1,0.6,20,3,300,0,0.991117764471058,0.00367523758887426,0.972946606786427,32.6833333333333,1,0.563333333333333,0.563333333333333,70,0.505151368136088,0.620252068176669,0.00684753311531006
"bg",1,0.6,40,1,300,0,0.936017964071856,0.0118886498137881,0.820114770459082,86.5,1,0.0833333333333333,0.0833333333333333,190,0.054654275878409,0.120558736875935,0.0423751496783
"bg",1,0.6,40,2,300,0,0.981297405189621,0.006371868826315,0.939815369261477,49.2166666666666,1,0.29,0.29,105.125,0.23928667449971,0.34491608924551,0.018197156629835
"bg",1,0.6,40,3,300,0,0.993590319361277,0.00280592115755606,0.978460578842315,25.5166666666667,1,0.663333333333333,0.663333333333333,55,0.606776982015293,0.716626011729883,0.00648801204002726
"bg",1,0.6,60,1,200,0,0.94002245508982,0.0102407969784092,0.827814371257485,85.1,1,0.095,0.095,182.5,0.0581696097251203,0.144376639976852,0.0464617057091419
"bg",1,0.6,60,2,200,0,0.983701347305389,0.00506573377665746,0.943454341317365,46.7875,1,0.36,0.36,95.125,0.293504720891167,0.430713946018717,0.018527308966922
"bg",1,0.6,60,3,200,0,0.994633233532934,0.0022273941084353,0.979797904191617,20.3,1,0.81,0.81,47.5,0.748668481376256,0.86189687462716,0.00626698480023451
"bg",1,0.6,80,1,150,0,0.942405189620758,0.00941564248424691,0.832385229540918,78.45,1,0.08,0.08,172.5,0.0420202647001724,0.135573890212639,0.048296463181135
"bg",1,0.6,80,2,150,0,0.98563872255489,0.00464283011735013,0.949431137724551,41.9166666666667,1,0.393333333333333,0.393333333333333,86.375,0.314652630010596,0.476315140016847,0.0190637233223786
"bg",1,0.6,80,3,150,0,0.995738522954092,0.00200572158527816,0.981721556886228,16.3666666666667,1,0.886666666666667,0.886666666666667,50,0.824751361334463,0.932575860352091,0.00609069500747667
"bg",1,0.6,100,1,120,0,0.943020209580838,0.00941182005166958,0.835061127744511,90.375,1,0.1,0.1,190,0.0527477863900599,0.168165212702666,0.0492288381612121
"bg",1,0.6,100,2,120,0,0.986152694610778,0.00456999610480236,0.948490518962076,40.75,1,0.383333333333333,0.383333333333333,82.875,0.296071885581727,0.476497206188391,0.0195488054167878
"bg",1,0.6,100,3,120,0,0.995833333333333,0.00185827614552566,0.983046407185629,15.3958333333333,1,0.9,0.9,42.5,0.831834787297334,0.94725221360994,0.00588253708531353
"bg",1,0.6,120,1,100,0,0.945875748502994,0.0106354039038035,0.840853293413174,84.525,1,0.1,0.1,187.625,0.049004689221486,0.176222597740023,0.0517829566468646
"bg",1,0.6,120,2,100,0,0.988046407185629,0.00429449526276409,0.95498502994012,38.875,1,0.39,0.39,77.875,0.294010414853417,0.492685520367636,0.0195001917372789
"bg",1,0.6,120,3,100,0,0.996579341317365,0.00163523979169688,0.985119760479042,12.875,1,0.91,0.91,35.375,0.836017744970365,0.958016404371608,0.00542092895936762
"bg",1,0.6,160,1,90,0,0.947247172322023,0.0088976981559766,0.843379906852961,80.5277777777778,1,0.0888888888888889,0.0888888888888889,165.25,0.0391606927491511,0.167653220874137,0.0538551571691254
"bg",1,0.6,160,2,90,0,0.987999001996008,0.00397569671442293,0.951180971390552,41.4166666666667,1,0.444444444444444,0.444444444444444,87.5,0.339644156316046,0.553003985535103,0.0190630416718445
"bg",1,0.6,160,3,90,0,0.996498669328011,0.00183971524580111,0.984131736526946,13.4722222222222,1,0.922222222222222,0.922222222222222,37.75,0.846293891918057,0.96815743687868,0.00547177609227709
"bg",1,0.6,200,1,90,0,0.949575848303393,0.00831262889364195,0.843862275449102,84.6388888888889,1,0.0666666666666667,0.0666666666666667,187.5,0.024856666279035,0.139475699484797,0.0560412376941839
"bg",1,0.6,200,2,90,0,0.989446107784431,0.00324242378508952,0.95604624085163,35.0555555555556,1,0.5,0.5,71.375,0.392697998948573,0.607302001051427,0.019360410567818
"bg",1,0.6,200,3,90,0,0.996914504324684,0.00133626989882046,0.984472721224218,12,1,0.922222222222222,0.922222222222222,42.5,0.846293891918057,0.96815743687868,0.00503718064377382
"bg",1,0.6,250,1,90,0,0.95146373918829,0.0081986034598518,0.850690286094478,87.3333333333333,1,0.0555555555555556,0.0555555555555556,176.625,0.0182825458148836,0.124902665929017,0.0584764339018367
"bg",1,0.6,250,2,90,0,0.989920159680639,0.00355037279297032,0.958932135728543,36.9166666666667,1,0.433333333333333,0.433333333333333,72.75,0.329184284821458,0.541994250777973,0.0190024488274193
"bg",1,0.6,250,3,90,0,0.997155688622754,0.0013380222474829,0.987200598802395,10.25,1,0.977777777777778,0.977777777777778,30,0.922022314522336,0.997297364149852,0.00503215984973727
"bg",1,0.6,320,1,90,0,0.952603127079175,0.00848826392545429,0.852262142381903,78.8888888888889,1,0.1,0.1,188.875,0.0467553152741643,0.181359972883932,0.0585612682501047
"bg",1,0.6,320,2,90,0,0.990909846972721,0.00298466445833281,0.960113107119095,33.4166666666667,1,0.566666666666667,0.566666666666667,68,0.458005749222027,0.670815715178542,0.0189902615498406
"bg",1,0.6,320,3,90,0,0.997455089820359,0.0012074462750818,0.987025948103792,9.36111111111111,1,0.977777777777778,0.977777777777778,22.75,0.922022314522336,0.997297364149852,0.00450844668958895
"bg",1,0.6,400,1,90,0,0.953617764471058,0.00725566111749234,0.853035595475715,73.6111111111111,1,0.166666666666667,0.166666666666667,166.625,0.0963914275891819,0.25995055360842,0.0598489333318575
"bg",1,0.6,400,2,90,0,0.99148369926813,0.00311271813307973,0.961360612109115,32.2222222222222,1,0.633333333333333,0.633333333333333,83.875,0.52514879255029,0.732478428158446,0.0190704480289225
"bg",1,0.6,400,3,90,0,0.997687957418496,0.00110875937700994,0.98769128409847,7.72222222222222,1,0.988888888888889,0.988888888888889,15,0.939642519425268,0.999718730586057,0.0043657042810814
"bg",2,0.6,20,1,300,0.0033333333333333,0.912475216790499,0.0159200456707844,0.776573107964673,187.031772575251,0.813333333333333,0.02,0.01,312.5,0.00206700723509232,0.0289445112556926,0.0243898311833094
"bg",2,0.6,20,2,300,0.0033333333333333,0.959565818196383,0.0113520968259585,0.8959756073138,122.157190635451,0.996666666666667,0.11,0.11,227.5,0.0769389635276147,0.151003221574725,0.0133075580476973
"bg",2,0.6,20,3,300,0.0033333333333333,0.978376023871988,0.00697609677268446,0.947639837382092,82.1822742474916,0.996666666666667,0.316666666666667,0.316666666666667,155,0.264404361106815,0.372594493813449,0.00652745114961986
"bg",2,0.6,40,1,300,0,0.921342315369261,0.0135682446980553,0.796354790419162,179.05,0.96,0.0233333333333333,0.0233333333333333,297.625,0.00943150206179464,0.0474825650297819,0.0335298379320427
"bg",2,0.6,40,2,300,0,0.96749750499002,0.00821533353567596,0.915094810379242,106.591666666667,1,0.103333333333333,0.103333333333333,190.25,0.0712964460285331,0.143460521487415,0.016727922879714
"bg",2,0.6,40,3,300,0,0.983395708582834,0.00461305005703078,0.960087325349301,70,1,0.43,0.43,127.625,0.373248442979169,0.488147851100922,0.00752701128761982
"bg",2,0.6,60,1,200,0,0.923690119760479,0.0116762681571893,0.79938997005988,176.1375,0.995,0.01,0.01,292.5,0.00121334901373603,0.0356546683972397,0.036771320978081
"bg",2,0.6,60,2,200,0,0.97064371257485,0.00708232750696478,0.919214071856287,97.4625,1,0.165,0.165,172.75,0.116383119958054,0.223843467711821,0.0186582548995385
"bg",2,0.6,60,3,200,0,0.985669910179641,0.00431674573638969,0.963413173652695,61.375,1,0.595,0.595,122.625,0.523475024716723,0.663665169945383,0.00769865815008335
"bg",2,0.6,80,1,150,0,0.928622754491018,0.0122271898053507,0.813188622754491,169.266666666667,1,0.0133333333333333,0.0133333333333333,270.25,0.00161882702983975,0.0473330194963356,0.0416720952846193
"bg",2,0.6,80,2,150,0,0.973168662674651,0.00637356045832227,0.928348303393214,94.4333333333333,1,0.193333333333333,0.193333333333333,160,0.133466785846508,0.265711481457349,0.0182046397916703
"bg",2,0.6,80,3,150,0,0.986626746506986,0.00395563909283576,0.966996007984032,56.5666666666667,1,0.66,0.66,101.375,0.578263332512665,0.735274903348861,0.00730406126596471
"bg",2,0.6,100,1,120,0,0.931686626746507,0.0113560606854056,0.815955588822355,175.3125,1,0,0,270.125,0,0.0302729725774201,0.0439785476192562
"bg",2,0.6,100,2,120,0,0.974575848303393,0.00643589202166771,0.930538922155689,96.375,1,0.191666666666667,0.191666666666667,160.625,0.125551724856464,0.27358238273732,0.0182040711440919
"bg",2,0.6,100,3,120,0,0.987942864271457,0.0036935046757301,0.968662674650699,56.5625,1,0.625,0.625,95.75,0.531988138286018,0.711686329429866,0.00773621279631425
"bg",2,0.6,120,1,100,0,0.931399700598802,0.011232017395853,0.812432634730539,172.275,1,0.02,0.02,305.5,0.00243133682394254,0.0703839324710701,0.043912309491332
"bg",2,0.6,120,2,100,0,0.975793413173653,0.00621454667925593,0.932163173652695,93.975,1,0.2,0.2,167.75,0.126655552101956,0.291842689088628,0.0195634417418199
"bg",2,0.6,120,3,100,0,0.988877245508982,0.00312536952122943,0.971152694610778,48.125,1,0.77,0.77,102.625,0.675141267224897,0.848268388698952,0.00780149618628558
"bg",2,0.6,160,1,90,0,0.933873918829009,0.00907210630617875,0.819269793745842,167.055555555556,1,0,0,267.5,0,0.0401589196157747,0.0459211195526171
"bg",2,0.6,160,2,90,0,0.97749500998004,0.00535279465134806,0.93522122421823,90.1666666666667,1,0.2,0.2,159.125,0.123055546010914,0.297542450132727,0.0197183361991593
"bg",2,0.6,160,3,90,0,0.989654025282768,0.00275206970061575,0.973461410512309,48.3055555555556,1,0.722222222222222,0.722222222222222,87.75,0.61781122522149,0.811495737378083,0.00756668626359097
"bg",2,0.6,200,1,90,0,0.936285761809714,0.00990705683612519,0.822945775116434,151.444444444444,1,0.0333333333333333,0.0333333333333333,232.5,0.00692760273101017,0.0943360934131362,0.0485895014580783
"bg",2,0.6,200,2,90,0,0.978343313373254,0.00475888243325426,0.939745508982036,80.3611111111111,1,0.277777777777778,0.277777777777778,132.75,0.188504262621917,0.38218877477851,0.0192104489161634
"bg",2,0.6,200,3,90,0,0.990161343978709,0.00263518042208638,0.973977045908184,40.6944444444444,1,0.844444444444444,0.844444444444444,81.625,0.752797419854484,0.912264135383818,0.00748057188186504
"bg",2,0.6,250,1,90,0,0.937666333998669,0.00942793850823947,0.82356121091151,158.861111111111,1,0.0333333333333333,0.0333333333333333,270.25,0.00692760273101017,0.0943360934131362,0.0504232316195482
"bg",2,0.6,250,2,90,0,0.978950432468397,0.00510605545638906,0.938539587491683,87.8333333333333,1,0.222222222222222,0.222222222222222,146.375,0.14133689846537,0.322126812327098,0.0195271934760907
"bg",2,0.6,250,3,90,0,0.990527278775782,0.00267218645759163,0.974484364604125,42.3888888888889,1,0.822222222222222,0.822222222222222,80,0.727415234796895,0.894830920127363,0.00741808106634877
"bg",2,0.6,320,1,90,0,0.937924151696607,0.00887969007133346,0.826039587491683,151.388888888889,1,0.0333333333333333,0.0333333333333333,251.375,0.00692760273101017,0.0943360934131362,0.0506738513587618
"bg",2,0.6,320,2,90,0,0.981129407850965,0.00458052725343355,0.942307052561544,73.5555555555556,1,0.444444444444444,0.444444444444444,164.375,0.339644156316046,0.553003985535103,0.021137404309774
"bg",2,0.6,320,3,90,0,0.991816367265469,0.00256555497867581,0.976771457085828,33.0833333333333,1,0.933333333333333,0.933333333333333,66.375,0.860524300515203,0.975143333720965,0.0070848244096652
"bg",2,0.6,400,1,90,0,0.942074184963407,0.0087244213772739,0.831794743845642,152.388888888889,1,0.0222222222222222,0.0222222222222222,245,0.00270263585014776,0.0779776854776639,0.0543257308297038
"bg",2,0.6,400,2,90,0,0.981836327345309,0.0045284274750442,0.941683300066534,80.5555555555556,1,0.311111111111111,0.311111111111111,156.375,0.217669532851391,0.417391522807753,0.0195452490439437
"bg",2,0.6,400,3,90,0,0.9916999334664,0.00233388311513175,0.975565535595476,35.6944444444444,1,0.911111111111111,0.911111111111111,67.75,0.832346779125863,0.960839307250849,0.00674981806102391
"bg",3,0.6,20,1,300,0.0633333333333334,0.895936774138556,0.0204204463247591,0.743689666929486,279.973309608541,0.403333333333333,0.00666666666666667,0.00666666666666667,407.5,0.000808386412799792,0.0238734975721736,0.013840138736254
"bg",3,0.6,20,2,300,0.13,0.941238213228715,0.0151092704855478,0.862289788239613,200.019157088123,0.86,0.0233333333333333,0.0233333333333333,325,0.00943150206179464,0.0474825650297819,0.00831423838147459
"bg",3,0.6,20,3,300,0.186666666666667,0.9629337636203,0.0105816073810695,0.920256822420732,147.151639344262,0.813333333333333,0.126666666666667,0.126666666666667,237.125,0.0912184237457539,0.169692907358495,0.00488997122850318
"bg",3,0.6,40,1,300,0,0.904900199600798,0.0164593916778207,0.762682135728543,277.675,0.593333333333333,0,0,412.625,0,0.0122209746942935,0.0231359125183975
"bg",3,0.6,40,2,300,0.00666666666666671,0.950654061005506,0.0120230816095624,0.881515492504923,185.402684563758,0.993333333333333,0.04,0.04,285,0.0208365763064137,0.0688289881894961,0.013338282650539
"bg",3,0.6,40,3,300,0.0166666666666667,0.97030853547143,0.00788614285461056,0.936075307013092,127.754237288136,0.983333333333333,0.196666666666667,0.196666666666667,208.25,0.153215002804122,0.246222809228837,0.0071236440296625
"bg",3,0.6,60,1,200,0,0.910097305389222,0.0138069730639239,0.768604041916168,278.0875,0.8,0,0,395.125,0,0.0182753403551362,0.0286229576519621
"bg",3,0.6,60,2,200,0,0.954771706586826,0.00951933061132059,0.889255239520958,176.4,1,0.06,0.06,265,0.0313839538934835,0.102461831308324,0.0144313097705688
"bg",3,0.6,60,3,200,0,0.973169910179641,0.00654988639011634,0.940501497005988,117.025,1,0.245,0.245,187.5,0.187084126076001,0.310639865861599,0.00792060567509669
"bg",3,0.6,80,1,150,0,0.913922155688623,0.0137662507495108,0.780174650698603,265.966666666667,0.86,0.00666666666666667,0.00666666666666667,395,0.000168771143109948,0.0365831677405802,0.0319002109437249
"bg",3,0.6,80,2,150,0,0.958238522954092,0.0085471452941285,0.8975,167.033333333333,1,0.0533333333333333,0.0533333333333333,255.25,0.02330381019647,0.102381896023324,0.0161412584503021
"bg",3,0.6,80,3,150,0,0.976442115768463,0.00569098639776394,0.946686626746507,107.983333333333,1,0.366666666666667,0.366666666666667,178.875,0.289563165438639,0.449150244710522,0.0087008684528718
"bg",3,0.6,100,1,120,0,0.914839071856287,0.0123851641282298,0.782771956087824,282.1875,0.908333333333333,0,0,395.5,0,0.0302729725774201,0.0334017650724395
"bg",3,0.6,100,2,120,0,0.959543413173653,0.00846603714684125,0.897860528942116,166.854166666667,1,0.0583333333333333,0.0583333333333333,262.625,0.0237720237905191,0.116498379645615,0.0170341671988592
"bg",3,0.6,100,3,120,0,0.977133233532934,0.00520196118380061,0.948191117764471,107.645833333333,1,0.358333333333333,0.358333333333333,167.625,0.2728784811684,0.450960963819114,0.0086838065060191
"bg",3,0.6,120,1,100,0,0.918802395209581,0.0114930501496043,0.790059880239521,262.825,0.95,0,0,377.75,0,0.0362166926451765,0.0370045362728986
"bg",3,0.6,120,2,100,0,0.961691616766467,0.00854443976477648,0.903892215568862,166.175,1,0.07,0.07,280.125,0.0286052889074387,0.138919728455857,0.0168410408959206
"bg",3,0.6,120,3,100,0,0.978667664670659,0.00538441000422477,0.951586826347305,102.6,1,0.41,0.41,172.875,0.312619976567571,0.512855796233229,0.0087681629166727
"bg",3,0.6,160,1,90,0,0.919760479041916,0.0100961117824234,0.789911842980705,277.611111111111,0.966666666666667,0,0,390.75,0,0.0401589196157747,0.0376849553226058
"bg",3,0.6,160,2,90,0,0.962999001996008,0.00651665794614515,0.901996007984032,152.138888888889,1,0.0888888888888889,0.0888888888888889,221.375,0.0391606927491511,0.167653220874137,0.0176830366977823
"bg",3,0.6,160,3,90,0,0.978942115768463,0.00446176753585741,0.950706919494345,93.5833333333333,1,0.533333333333333,0.533333333333333,148.875,0.425127344744916,0.639284321387208,0.00843497894765171
"bg",3,0.6,200,1,90,0,0.921024617431803,0.010553414701993,0.795251164337991,251.083333333333,0.977777777777778,0.0222222222222222,0.0222222222222222,371.875,0.00270263585014776,0.0779776854776639,0.0397511899779371
"bg",3,0.6,200,2,90,0,0.966059547571524,0.00654568031971781,0.913547904191617,145.527777777778,1,0.0888888888888889,0.0888888888888889,226.375,0.0391606927491511,0.167653220874137,0.0195590965404435
"bg",3,0.6,200,3,90,0,0.981437125748503,0.00415493217397541,0.959323020625416,85.5,1,0.622222222222222,0.622222222222222,137.75,0.513825989207765,0.722335461397739,0.00883039308094608
"bg",3,0.6,250,1,90,0,0.925540585495675,0.010236072080781,0.802835994677312,243.305555555556,1,0,0,334.125,0,0.0401589196157747,0.0436003420434353
"bg",3,0.6,250,2,90,0,0.967049234863606,0.00629748702474108,0.914629075182967,144.527777777778,1,0.111111111111111,0.111111111111111,225.5,0.0545856049501299,0.194858636788595,0.0184922960213728
"bg",3,0.6,250,3,90,0,0.982410179640719,0.00413221977736505,0.959655688622755,79.9722222222222,1,0.633333333333333,0.633333333333333,122.75,0.52514879255029,0.732478428158446,0.00928899470391868
"bg",3,0.6,320,1,90,0,0.92564870259481,0.00968222235934866,0.803060545575516,251.194444444444,1,0.0111111111111111,0.0111111111111111,376.625,0.000281269413942739,0.0603574805747319,0.043911077308521
"bg",3,0.6,320,2,90,0,0.969585828343313,0.00576679792531872,0.918704258150366,137.25,1,0.0888888888888889,0.0888888888888889,196.625,0.0391606927491511,0.167653220874137,0.0201559919923057
"bg",3,0.6,320,3,90,0,0.983458083832335,0.0035642641280641,0.961385562208915,78.9444444444444,1,0.7,0.7,126.375,0.594278784957084,0.792118100313643,0.0085760686009103
"bg",3,0.6,400,1,90,0,0.927395209580838,0.0096084731054234,0.807243845642049,251,1,0,0,385.25,0,0.0401589196157747,0.0456062937756009
"bg",3,0.6,400,2,90,0,0.969635728542914,0.00557881759139094,0.920575515635396,135,1,0.155555555555556,0.155555555555556,219.375,0.0877358646161824,0.247202580145516,0.0199026340995066
"bg",3,0.6,400,3,90,0,0.984306387225549,0.00381077162724203,0.962915834996673,72,1,0.777777777777778,0.777777777777778,123.25,0.677873187672902,0.85866310153463,0.0093946930925097
"bg",4,0.6,20,1,300,0.256666666666667,0.881511640396337,0.0177930513210753,0.720177358287908,411.558295964126,0.103333333333333,0,0,554.25,0,0.0122209746942935,0.00630605381165919
"bg",4,0.6,20,2,300,0.476666666666667,0.922851748731836,0.0158906074694255,0.830876463633243,287.643312101911,0.48,0,0,423,0,0.0122209746942935,0.00424445694598065
"bg",4,0.6,20,3,300,0.626666666666667,0.945452844311377,0.0124683554082757,0.890865590248075,221.875,0.373333333333333,0.01,0.01,336.75,0.00206700723509232,0.0289445112556926,0.0030737631879099
"bg",4,0.6,40,1,300,0.08,0.888912392606092,0.0183977829692695,0.731116571205415,403.605072463768,0.256666666666667,0,0,545.625,0,0.0122209746942935,0.0141794245360211
"bg",4,0.6,40,2,300,0.153333333333333,0.931956952237258,0.0143989523669806,0.845976354377858,274.891732283465,0.816666666666667,0.00333333333333333,0.00333333333333333,398.375,8.43891323178005e-05,0.0184312520480678,0.00830267193397232
"bg",4,0.6,40,3,300,0.216666666666667,0.954306281054911,0.0111144315242781,0.906163205503886,199.159574468085,0.783333333333333,0.0633333333333333,0.0633333333333333,323.25,0.0385580198283761,0.0971381966071202,0.00536861686960426
"bg",4,0.6,60,1,200,0.035,0.89491095529149,0.0163279305725775,0.74380642859359,383.795336787565,0.385,0,0,535,0,0.0182753403551362,0.0184849675187006
"bg",4,0.6,60,2,200,0.055,0.938214840160948,0.0130796626502766,0.858125019801666,253.981481481481,0.935,0.02,0.02,398,0.00547556587955645,0.0504136090898963,0.0107653582982687
"bg",4,0.6,60,3,200,0.105,0.958669253671428,0.00979317129625778,0.91270113404476,186.061452513966,0.895,0.145,0.145,296,0.0993086225552075,0.20156149617318,0.00581280077514564
"bg",4,0.6,80,1,150,0,0.89688622754491,0.0169561440221278,0.746387225548902,377.066666666667,0.44,0,0,506.375,0,0.0242925971661085,0.0219377460807102
"bg",4,0.6,80,2,150,0,0.940563872255489,0.0114673176530906,0.864181636726547,243.683333333333,1,0.0266666666666667,0.0266666666666667,363.875,0.00731254639800825,0.0668678766774894,0.0124046736973384
"bg",4,0.6,80,3,150,0,0.961631736526946,0.00817253622146027,0.919865269461078,172.516666666667,1,0.166666666666667,0.166666666666667,260.25,0.110857332017575,0.236124326540432,0.00753499224494733
"bg",4,0.6,100,1,120,0,0.899756736526946,0.0140980898293234,0.756518213572854,373,0.5,0,0,535.125,0,0.0302729725774201,0.0235105118946811
"bg",4,0.6,100,2,120,0,0.943619011976048,0.0105257361673595,0.870839570858283,245.1875,1,0.00833333333333333,0.00833333333333333,373.125,0.000210959478121709,0.045555513233593,0.013561053398254
"bg",4,0.6,100,3,120,0,0.963454341317365,0.00770915793505153,0.9249750499002,169.770833333333,1,0.158333333333333,0.158333333333333,247.75,0.0981022947405918,0.236163556028212,0.00803908821966457
"bg",4,0.6,120,1,100,0,0.901624251497006,0.0138018178174582,0.762821856287425,367.025,0.62,0,0,507.75,0,0.0362166926451765,0.0266960828384855
"bg",4,0.6,120,2,100,0,0.945666167664671,0.00936276918165961,0.874184131736527,235.4,1,0.03,0.03,340.375,0.0062299715383064,0.08517605297428,0.014668443374656
"bg",4,0.6,120,3,100,0.01,0.965062299643138,0.00719277628951816,0.927100344765015,159.444444444444,0.99,0.24,0.24,249,0.160224613171447,0.335735489270998,0.00804638788330496
"bg",4,0.6,160,1,90,0,0.906520292747838,0.0126187090395137,0.764213240186294,341.555555555556,0.677777777777778,0,0,497.5,0,0.0401589196157747,0.0311671305381495
"bg",4,0.6,160,2,90,0,0.949617431803061,0.00929995112558716,0.878110445775116,220.305555555556,1,0.0333333333333333,0.0333333333333333,325,0.00692760273101017,0.0943360934131362,0.015313894448126
"bg",4,0.6,160,3,90,0,0.968180306054558,0.00631870959831708,0.930871590153027,154.111111111111,1,0.244444444444444,0.244444444444444,235,0.159969293043021,0.346376726582402,0.00822821840020897
"bg",4,0.6,200,1,90,0,0.910071523619428,0.0114000634282139,0.778434797072522,352.388888888889,0.822222222222222,0,0,503.25,0,0.0401589196157747,0.0349376156727167
"bg",4,0.6,200,2,90,0,0.950765136393879,0.00905239004678849,0.885379241516966,216.166666666667,1,0.111111111111111,0.111111111111111,363.875,0.0545856049501299,0.194858636788595,0.0157317900741638
"bg",4,0.6,200,3,90,0,0.970217897538257,0.00571861488090972,0.938714238190286,136.416666666667,1,0.466666666666667,0.466666666666667,221.375,0.360715678612792,0.574872655255084,0.00968124403971653
"bg",4,0.6,250,1,90,0,0.908142049234864,0.0114823010463159,0.773112109115103,360.777777777778,0.744444444444444,0,0,470.5,0,0.0401589196157747,0.033899970259139
"bg",4,0.6,250,2,90,0,0.952029274783766,0.00904603650982228,0.885620425815037,219.083333333333,1,0.0222222222222222,0.0222222222222222,317.5,0.00270263585014776,0.0779776854776639,0.0175444057174495
"bg",4,0.6,250,3,90,0,0.970924817032601,0.00612204432826865,0.938456420492349,140.361111111111,1,0.366666666666667,0.366666666666667,218,0.267521571841554,0.47485120744971,0.00977174467149857
"bg",4,0.6,320,1,90,0,0.913165335994677,0.0114995392897419,0.784422821024617,336.388888888889,0.855555555555556,0,0,466,0,0.0401589196157747,0.0379965836836604
"bg",4,0.6,320,2,90,0,0.956204258150366,0.00727714100952454,0.897488356620093,205.277777777778,1,0.0333333333333333,0.0333333333333333,320.75,0.00692760273101017,0.0943360934131362,0.0179078743022558
"bg",4,0.6,320,3,90,0,0.973270126413839,0.00466461840056645,0.944236526946108,130.166666666667,1,0.433333333333333,0.433333333333333,191.875,0.329184284821458,0.541994250777973,0.00917905067597533
"bg",4,0.6,400,1,90,0,0.916059547571524,0.0112494242350149,0.78351630073187,345.944444444444,0.911111111111111,0,0,478.875,0,0.0401589196157747,0.0399954874096623
"bg",4,0.6,400,2,90,0,0.959397870924817,0.0072364279018782,0.899001996007984,195.555555555556,1,0.0666666666666667,0.0666666666666667,298.25,0.024856666279035,0.139475699484797,0.0202416135721926
"bg",4,0.6,400,3,90,0,0.975141383898869,0.0049376654836556,0.946398868928809,118.888888888889,1,0.577777777777778,0.577777777777778,190.25,0.469066225976584,0.681224417955958,0.00910692874196516
"rec12",1,0.6,20,1,300,0,0.914154191616766,0.018581196728782,0.782133233532934,47.55,0.776666666666667,0.22,0.173333333333333,80,0.132246481903705,0.221008852447475,0.0204162398018729
"rec12",1,0.6,20,2,300,0,0.962861776447106,0.0128515817589045,0.902899201596806,26.5333333333333,1,0.68,0.68,52.5,0.623959858763491,0.732441652771838,0.0101438913818218
"rec12",1,0.6,20,3,300,0,0.989041916167665,0.00549270141256262,0.968438123752495,21.2916666666667,1,0.803333333333333,0.803333333333333,47.5,0.753777190771163,0.846784997195878,0.0105742165006761
"rec12",1,0.6,40,1,300,0,0.92440618762475,0.0151005410077596,0.799116766467066,47.1083333333333,0.953333333333333,0.166666666666667,0.15,75,0.111562522430126,0.195516440684027,0.031003841436707
"rec12",1,0.6,40,2,300,0,0.97309381237525,0.00958973153498605,0.921115269461078,25.2166666666667,1,0.72,0.72,47.5,0.66551717283471,0.770078087682577,0.0149727339968088
"rec12",1,0.6,40,3,300,0,0.99313622754491,0.0032341912725252,0.975998003992016,18.8583333333333,1,0.86,0.86,42.5,0.815506440078933,0.897202000168827,0.00924386091158558
"rec12",1,0.6,60,1,200,0,0.930711077844311,0.0140536841730408,0.812024700598802,46.3875,0.99,0.17,0.17,70,0.120695623236217,0.229371600393886,0.0374157599195689
"rec12",1,0.6,60,2,200,0,0.977979041916168,0.0075465978093267,0.93124625748503,23.45,1,0.755,0.755,45,0.689360134138401,0.812915873923999,0.0164826166613921
"rec12",1,0.6,60,3,200,0,0.994580838323353,0.00243526189702983,0.979876497005988,16.1,1,0.905,0.905,40,0.855623360023148,0.94183039027488,0.0083060336779
"rec12",1,0.6,80,1,150,0,0.932719560878243,0.0134164306521665,0.816142714570858,44.0833333333333,1,0.2,0.2,66.375,0.139193999223658,0.273036217790927,0.0393225709895134
"rec12",1,0.6,80,2,150,0,0.980853293413174,0.00725869987991191,0.935723552894212,19.6333333333333,1,0.873333333333333,0.873333333333333,41.375,0.809279386243611,0.921985474569597,0.0184390821447968
"rec12",1,0.6,80,3,150,0,0.995344311377246,0.00212040483784225,0.981736526946108,13.45,1,0.966666666666667,0.966666666666667,30,0.923927677462653,0.989089813531089,0.0074068316505044
"rec12",1,0.6,100,1,120,0,0.936427145708583,0.0140829106433773,0.822043413173653,45.6458333333333,1,0.183333333333333,0.183333333333333,67.5,0.118606421556804,0.264306571168272,0.0431301902820807
"rec12",1,0.6,100,2,120,0,0.982541167664671,0.00646743808520206,0.940101047904192,20.875,1,0.808333333333333,0.808333333333333,40,0.72641761726268,0.874448275143536,0.0183766210576116
"rec12",1,0.6,100,3,120,0,0.995901946107784,0.00200272234143141,0.98128118762475,12.7083333333333,1,0.983333333333333,0.983333333333333,30,0.941090780532973,0.997975177662307,0.00701302830867821
"rec12",1,0.6,120,1,100,0,0.937994011976048,0.0109272633290498,0.82562874251497,44.625,1,0.18,0.18,65.125,0.110311229153261,0.269477085966812,0.0441715959400177
"rec12",1,0.6,120,2,100,0,0.984303892215569,0.00588166040244953,0.946803892215569,22,1,0.78,0.78,45,0.686080346213682,0.856696423250185,0.0191323964631341
"rec12",1,0.6,120,3,100,0,0.996287425149701,0.0019206421175215,0.984049401197605,11.925,1,0.95,0.95,30.25,0.887165088894537,0.983568120817948,0.00668722366176543
"rec12",1,0.6,160,1,90,0,0.939978376580173,0.0103136758678195,0.831728210246174,46.5277777777778,1,0.133333333333333,0.133333333333333,65,0.0708362050670467,0.22132650051665,0.0468431396684648
"rec12",1,0.6,160,2,90,0,0.986327345309381,0.00484540035316088,0.950474051896208,19.0833333333333,1,0.877777777777778,0.877777777777778,41.375,0.7918257953654,0.937379390599158,0.020187321398469
"rec12",1,0.6,160,3,90,0,0.99664005322688,0.00159175230122772,0.985154690618762,10.1666666666667,1,1,1,22.75,0.959841080384225,1,0.00570201799601165
"rec12",1,0.6,200,1,90,0,0.943479707252162,0.0115850288077931,0.833507984031936,41.9166666666667,1,0.288888888888889,0.288888888888889,66.375,0.198159402030974,0.393987636532328,0.0501852720172719
"rec12",1,0.6,200,2,90,0,0.987009314703925,0.00523689045845833,0.952262142381903,19.1388888888889,1,0.888888888888889,0.888888888888889,42.5,0.805141363211405,0.94541439504987,0.0189443029249448
"rec12",1,0.6,200,3,90,0,0.99704757152362,0.00141646129195223,0.986576846307385,9.22222222222222,1,1,1,20,0.959841080384225,1,0.00582116013850523
"rec12",1,0.6,250,1,90,0,0.946423819028609,0.0104844337020393,0.839728875582169,40.25,1,0.266666666666667,0.266666666666667,62.5,0.178918961135762,0.370322387111767,0.0526843776252234
"rec12",1,0.6,250,2,90,0,0.989321357285429,0.00404530994996425,0.958532934131737,17.25,1,0.922222222222222,0.922222222222222,35,0.846293891918057,0.96815743687868,0.0196695685413774
"rec12",1,0.6,250,3,90,0,0.997463406520293,0.00110335253619649,0.987250499001996,7.94444444444444,1,1,1,15,0.959841080384225,1,0.00489731084048454
"rec12",1,0.6,320,1,90,0,0.948220226214238,0.0105069850821222,0.844843646041251,41.8611111111111,1,0.244444444444444,0.244444444444444,61.375,0.159969293043021,0.346376726582402,0.054400348224759
"rec12",1,0.6,320,2,90,0,0.989529274783766,0.00358968451153744,0.959347970725216,19.1666666666667,1,0.866666666666667,0.866666666666667,40,0.77867349948335,0.929163794932953,0.0190608357884593
"rec12",1,0.6,320,3,90,0,0.997571523619428,0.00104242997286185,0.987425149700599,7.44444444444444,1,1,1,15,0.959841080384225,1,0.00494402535734845
"rec12",1,0.6,400,1,90,0,0.947438456420492,0.00874178119563059,0.842564870259481,41.9166666666667,1,0.233333333333333,0.233333333333333,61.375,0.150611523385766,0.334291516859158,0.0539722572582851
"rec12",1,0.6,400,2,90,0,0.990502328675981,0.00346865979183457,0.958033932135729,16.6111111111111,1,0.955555555555556,0.955555555555556,30,0.890099173121986,0.987759472149989,0.0204856029521485
"rec12",1,0.6,400,3,90,0,0.99772122421823,0.000977611294701659,0.985470725216234,7.44444444444445,1,1,1,15,0.959841080384225,1,0.0045217768372124
"rec12",2,0.6,20,1,300,0.00666666666666671,0.898143310694048,0.0209696046557849,0.753913314310975,136.258389261745,0.473333333333333,0.00333333333333333,0.00333333333333333,213.625,8.43891323178005e-05,0.0184312520480678,0.0109781106929637
"rec12",2,0.6,20,2,300,0.00666666666666671,0.945916891050115,0.0173539322713586,0.876313647872041,79.8741610738255,0.983333333333333,0.233333333333333,0.233333333333333,122.5,0.186649824407041,0.285369008515505,0.00608741469601544
"rec12",2,0.6,20,3,300,0.0133333333333333,0.975375262987538,0.00943483817769042,0.945723418028807,63.6402027027027,0.986666666666667,0.476666666666667,0.476666666666667,102.5,0.418958158070027,0.534840457724735,0.00930605206896374
"rec12",2,0.6,40,1,300,0,0.909263972055888,0.0188490127759526,0.771591816367265,125.2,0.673333333333333,0.03,0.0233333333333333,190.125,0.00943150206179464,0.0474825650297819,0.0215733160722263
"rec12",2,0.6,40,2,300,0,0.9575,0.0136049112187017,0.894418662674651,70.9583333333333,1,0.356666666666667,0.356666666666667,110.125,0.302450314874084,0.413745590695789,0.0116049127960672
"rec12",2,0.6,40,3,300,0,0.98190618762475,0.00653634200555617,0.956783932135729,56.7666666666667,1,0.573333333333333,0.573333333333333,95,0.515206383383555,0.629997446928277,0.00993954237899069
"rec12",2,0.6,60,1,200,0,0.916710329341317,0.0163169438407183,0.790142215568862,118.5,0.87,0.035,0.025,185.125,0.00816616619084252,0.0573743511268459,0.0283436969956521
"rec12",2,0.6,60,2,200,0,0.964906437125749,0.01000800995544,0.910370508982036,65.8125,1,0.435,0.435,97.625,0.365217069169652,0.506738792187527,0.014740525345872
"rec12",2,0.6,60,3,200,0,0.985520209580838,0.00445362363181538,0.963461826347305,48.1,1,0.76,0.76,82.5,0.69469371435286,0.817428096107528,0.00938877478062276
"rec12",2,0.6,80,1,150,0,0.919116766467066,0.0137452658052342,0.791202594810379,115.7,0.926666666666667,0.06,0.06,173.875,0.0277999777944559,0.110841520013625,0.0310177328495367
"rec12",2,0.6,80,2,150,0,0.966606786427146,0.0102118240335252,0.914221556886228,65.1833333333333,1,0.44,0.44,101.375,0.359134742199968,0.523282692006817,0.0159650155052179
"rec12",2,0.6,80,3,150,0,0.986571856287425,0.00436037354113455,0.967599800399202,47.65,1,0.746666666666667,0.746666666666667,83.875,0.669256172290354,0.814069563092386,0.0096665509626638
"rec12",2,0.6,100,1,120,0,0.922561127744511,0.0140303805299799,0.799837824351297,113.395833333333,0.966666666666667,0.075,0.075,165.25,0.0348673906119621,0.137601057890367,0.0356479153026767
"rec12",2,0.6,100,2,120,0,0.970696107784431,0.00932744762681092,0.922766966067864,63.4791666666667,1,0.475,0.475,97.5,0.383110328200741,0.568152621557485,0.0177093830728528
"rec12",2,0.6,100,3,120,0,0.988273453093812,0.00413782204535417,0.970440369261477,42,1,0.841666666666667,0.841666666666667,72.625,0.763836443971788,0.901897705259408,0.00872310010823633
"rec12",2,0.6,120,1,100,0,0.925404191616766,0.0130866327582977,0.804288922155689,114.95,0.99,0.06,0.06,162.625,0.0223348860713164,0.126029934580823,0.0374497999044952
"rec12",2,0.6,120,2,100,0,0.972163173652695,0.00693863617114118,0.922627245508982,61.275,1,0.5,0.5,92.75,0.398321129503301,0.601678870496699,0.0178443001214324
"rec12",2,0.6,120,3,100,0,0.988809880239521,0.00337497734735885,0.970755988023952,38.7,1,0.92,0.92,62.5,0.848442364135579,0.964828437481837,0.00887986663275079
"rec12",2,0.6,160,1,90,0,0.926505322687957,0.012967313943082,0.808416500332668,118,1,0.0222222222222222,0.0222222222222222,165,0.00270263585014776,0.0779776854776639,0.0388132099390524
"rec12",2,0.6,160,2,90,0,0.973860612109115,0.00746416706421541,0.9270874916833,59.7777777777778,1,0.544444444444444,0.544444444444444,87.5,0.43603664562639,0.649845255365562,0.0190394307918258
"rec12",2,0.6,160,3,90,0,0.989479374584165,0.00328928409190342,0.970292747837658,38.1944444444444,1,0.9,0.9,71.375,0.818640027116068,0.953244684725836,0.00833194934778189
"rec12",2,0.6,200,1,90,0,0.9312375249501,0.0120060765294017,0.811360612109115,113.722222222222,1,0.0666666666666667,0.0666666666666667,156.375,0.024856666279035,0.139475699484797,0.0437700392155075
"rec12",2,0.6,200,2,90,0,0.976746506986028,0.00598676229728275,0.932543246839654,60.9444444444444,1,0.488888888888889,0.488888888888889,87.5,0.381987486252586,0.596541867284459,0.0194260525536374
"rec12",2,0.6,200,3,90,0,0.990627079174983,0.00244604501577698,0.974367930805057,37.5833333333333,1,0.9,0.9,72.5,0.818640027116068,0.953244684725836,0.00786206745788194
"rec12",2,0.6,250,1,90,0,0.933000665335995,0.0106348200363055,0.818488023952096,108.444444444444,1,0.0333333333333333,0.0333333333333333,158.875,0.00692760273101017,0.0943360934131362,0.0451013238084493
"rec12",2,0.6,250,2,90,0,0.978035595475715,0.0062645973307266,0.937433466400532,58.3055555555556,1,0.566666666666667,0.566666666666667,88.875,0.458005749222027,0.670815715178542,0.0195638845489987
"rec12",2,0.6,250,3,90,0,0.991275781769794,0.00278522752595397,0.977037591483699,32.3888888888889,1,0.955555555555556,0.955555555555556,56.375,0.890099173121986,0.987759472149989,0.00781496857482866
"rec12",2,0.6,320,1,90,0,0.936069527611444,0.0102965717021063,0.826305721889554,109.111111111111,1,0.0555555555555556,0.0555555555555556,150,0.0182825458148836,0.124902665929017,0.0479830713260003
"rec12",2,0.6,320,2,90,0,0.979565868263473,0.00567436296353893,0.941733200266134,57.8055555555556,1,0.555555555555556,0.555555555555556,91.375,0.446996014464897,0.660355843683954,0.0195461628708659
"rec12",2,0.6,320,3,90,0,0.992024284763806,0.00268393939177992,0.978127079174983,29.3055555555556,1,0.966666666666667,0.966666666666667,56.375,0.905663906586864,0.99307239726899,0.00776895378973207
"rec12",2,0.6,400,1,90,0,0.936834664005323,0.0104794590778047,0.830713572854291,111.027777777778,1,0.0777777777777778,0.0777777777777778,150,0.0318425631213195,0.153706108081943,0.0494675723053672
"rec12",2,0.6,400,2,90,0,0.980605455755156,0.00506000619661586,0.945450765136394,55.7777777777778,1,0.6,0.6,85,0.49134131830344,0.701886084429682,0.0206161571407579
"rec12",2,0.6,400,3,90,0,0.992656353958749,0.00221841751482644,0.980331004657352,26.6666666666667,1,1,1,52.5,0.959841080384225,1,0.00782775390811176
"rec12",3,0.6,20,1,300,0.0533333333333333,0.886056232605212,0.0227395583085678,0.728846883697394,252.007042253521,0.256666666666667,0,0,349.625,0,0.0122209746942935,0.00427636301842994
"rec12",3,0.6,20,2,300,0.123333333333333,0.930514446392386,0.0184780197759552,0.847220008651898,165.171102661597,0.823333333333333,0.0566666666666667,0.0566666666666667,252.25,0.0333533115166846,0.0891804044341631,0.00248198605504905
"rec12",3,0.6,20,3,300,0.17,0.958772214606931,0.012763230475279,0.915758843758267,129.347389558233,0.83,0.173333333333333,0.173333333333333,210,0.132246481903705,0.221008852447475,0.0057747206390432
"rec12",3,0.6,40,1,300,0.0033333333333333,0.892571045200569,0.0203888212338364,0.741288326357319,227.633779264214,0.39,0.00333333333333333,0.00333333333333333,315,8.43891323178005e-05,0.0184312520480678,0.0112538444011368
"rec12",3,0.6,40,2,300,0.00666666666666671,0.939871096732709,0.0168591096663107,0.86390306635052,137.911073825503,0.976666666666667,0.116666666666667,0.113333333333333,205,0.079775831324687,0.154759535142672,0.00729913043911306
"rec12",3,0.6,40,3,300,0.0133333333333333,0.967402188865512,0.0104288317203116,0.930798875222528,110.143581081081,0.986666666666667,0.33,0.33,172.5,0.277038686768889,0.38635884531596,0.00878143641055318
"rec12",3,0.6,60,1,200,0,0.89872754491018,0.0194311088626166,0.755931886227545,212.7,0.465,0.005,0.005,277.625,0.000126581027867018,0.0275418984572056,0.0164971730645851
"rec12",3,0.6,60,2,200,0,0.947166916167665,0.0171026495730893,0.880508982035928,123.45,0.99,0.13,0.13,175.125,0.0867083527685753,0.184652330523413,0.0110623427117626
"rec12",3,0.6,60,3,200,0,0.972451347305389,0.00866704935767279,0.941006736526946,95.375,1,0.45,0.45,145,0.379753589978885,0.521750689006462,0.00970973353098166
"rec12",3,0.6,80,1,150,0,0.903003992015968,0.0187313908267003,0.76309880239521,216.45,0.5,0,0,288.875,0,0.0242925971661085,0.0220534104204961
"rec12",3,0.6,80,2,150,0,0.950863273453094,0.0142613288943636,0.88496506986028,119.933333333333,0.993333333333333,0.2,0.2,183.875,0.139193999223658,0.273036217790927,0.0128973385161634
"rec12",3,0.6,80,3,150,0,0.974301397205589,0.00738625227484639,0.94625249500998,90.1,1,0.566666666666667,0.566666666666667,140,0.483383532253156,0.647263534302511,0.00986642969333838
"rec12",3,0.6,100,1,120,0,0.904609530938124,0.0171358839193858,0.7687250499002,201.729166666667,0.591666666666667,0,0,260.5,0,0.0302729725774201,0.0231115830243907
"rec12",3,0.6,100,2,120,0,0.952033433133733,0.0114702639860006,0.889945109780439,117.125,1,0.183333333333333,0.183333333333333,162.75,0.118606421556804,0.264306571168272,0.0130193358657698
"rec12",3,0.6,100,3,120,0,0.976390968063872,0.00622842410427126,0.949014471057884,86.8333333333333,1,0.575,0.575,137.875,0.481465006387162,0.66474405196264,0.0108490201252056
"rec12",3,0.6,120,1,100,0,0.912080838323353,0.0155360188332002,0.782702095808383,199.65,0.82,0.01,0,252.625,0,0.0362166926451765,0.0300322777658468
"rec12",3,0.6,120,2,100,0,0.957230538922156,0.0101904755706736,0.899446107784431,114.225,1,0.27,0.27,175.125,0.186066422290741,0.368016272908975,0.0144867966998648
"rec12",3,0.6,120,3,100,0,0.977979041916168,0.00492286052492617,0.951766467065868,83.375,1,0.63,0.63,125.5,0.527648359448317,0.724433420385449,0.00972244547596959
"rec12",3,0.6,160,1,90,0,0.916758150365935,0.0167560166221977,0.789520958083832,194.916666666667,0.833333333333333,0.0222222222222222,0.0222222222222222,255.25,0.00270263585014776,0.0779776854776639,0.0353915730574427
"rec12",3,0.6,160,2,90,0,0.961626746506986,0.00885910744004101,0.904948436460413,106.777777777778,1,0.344444444444444,0.344444444444444,156.375,0.247404285408121,0.452039998334117,0.0162994580870906
"rec12",3,0.6,160,3,90,0,0.981062874251497,0.0048966416680908,0.957784431137725,75.0555555555556,1,0.733333333333333,0.733333333333333,121.375,0.629677612888233,0.821081038864238,0.00979641025717574
"rec12",3,0.6,200,1,90,0,0.915028276779774,0.0137858443798002,0.787824351297405,195.194444444444,0.844444444444444,0,0,256.375,0,0.0401589196157747,0.0331493285635088
"rec12",3,0.6,200,2,90,0,0.962267132401863,0.00894825785265705,0.907692947438456,106.638888888889,1,0.311111111111111,0.311111111111111,146.375,0.217669532851391,0.417391522807753,0.0177574795674349
"rec12",3,0.6,200,3,90,0,0.981603459747172,0.00423265231360567,0.957925815036593,71.7222222222222,1,0.788888888888889,0.788888888888889,111.375,0.690121370950314,0.867850120336232,0.00999667341659876
"rec12",3,0.6,250,1,90,0,0.916467065868263,0.0125182145875039,0.790144710578842,208,0.9,0.0111111111111111,0.0111111111111111,260,0.000281269413942739,0.0603574805747319,0.0348462684255557
"rec12",3,0.6,250,2,90,0,0.964787092481703,0.00786711587735536,0.914437791084498,112.25,1,0.255555555555556,0.255555555555556,161.375,0.16940626930248,0.358385970674647,0.0200859481644042
"rec12",3,0.6,250,3,90,0,0.982568196939454,0.0042091878467023,0.961152694610778,70.9166666666667,1,0.822222222222222,0.822222222222222,112.5,0.727415234796895,0.894830920127363,0.0097700203458525
"rec12",3,0.6,320,1,90,0,0.920284431137725,0.0118997191256551,0.795600465735196,203.694444444444,0.955555555555556,0.0111111111111111,0,255,0,0.0401589196157747,0.0381470970650847
"rec12",3,0.6,320,2,90,0,0.9666749833666,0.00725286497521469,0.918587824351297,108.222222222222,1,0.3,0.3,143.875,0.207881899686357,0.405721215042916,0.0197695376668766
"rec12",3,0.6,320,3,90,0,0.983316699933466,0.00394516991688614,0.96309880239521,70.8888888888889,1,0.8,0.8,108.875,0.702457549867273,0.876944453989086,0.00940401015856119
"rec12",3,0.6,400,1,90,0,0.923952095808383,0.0115521380951407,0.805755156353959,198.416666666667,0.966666666666667,0,0,251.375,0,0.0401589196157747,0.042596963421923
"rec12",3,0.6,400,2,90,0,0.968363273453094,0.00636986478969315,0.920983033932136,104.944444444444,1,0.255555555555556,0.255555555555556,141.625,0.16940626930248,0.358385970674647,0.0194690612917574
"rec12",3,0.6,400,3,90,0,0.984156686626746,0.00327564660358515,0.964313040585496,64.3333333333333,1,0.855555555555556,0.855555555555556,100,0.765668437659294,0.920786837502564,0.00932734131956984
"rec12",4,0.6,20,1,300,0.29,0.876507548283714,0.0211439414836624,0.710649124286638,386.115023474178,0.0933333333333333,0,0,530,0,0.0122209746942935,0.00191869781563633
"rec12",4,0.6,20,2,300,0.483333333333333,0.920272358508789,0.0173564419796653,0.827965037666602,263.306451612903,0.446666666666667,0.00666666666666667,0.00666666666666667,380.75,0.000808386412799792,0.0238734975721736,0.00106118408344601
"rec12",4,0.6,20,3,300,0.653333333333333,0.947079398894519,0.0135507002231112,0.892798537540304,200.456730769231,0.343333333333333,0.04,0.04,281.375,0.0208365763064137,0.0688289881894961,0.00361356613695685
"rec12",4,0.6,40,1,300,0.0633333333333334,0.878859718285848,0.0192442179682079,0.713160866878343,368.701067615658,0.116666666666667,0,0,520,0,0.0122209746942935,0.00336037381261879
"rec12",4,0.6,40,2,300,0.123333333333333,0.920917670362697,0.0168507115564117,0.828404977118007,237.851711026616,0.766666666666667,0.0133333333333333,0.01,339.75,0.00206700723509232,0.0289445112556926,0.00268112381068029
"rec12",4,0.6,40,3,300,0.21,0.948782814118598,0.0138015376240975,0.895468556557771,183.154008438819,0.79,0.0766666666666667,0.0766666666666667,275.5,0.0492187838756745,0.112818115360482,0.00652406509063448
"rec12",4,0.6,60,1,200,0.02,0.884318098496884,0.0196503458795639,0.726292313332519,336.058673469388,0.225,0,0,446.875,0,0.0182753403551362,0.00919478765986007
"rec12",4,0.6,60,2,200,0.05,0.927241569492594,0.0168146956223704,0.841502521273243,207.342105263158,0.88,0.04,0.04,287.5,0.0174248089944806,0.077291968226016,0.0045391688427656
"rec12",4,0.6,60,3,200,0.065,0.955069806910244,0.0115006681573525,0.909487175381857,160.280748663102,0.935,0.195,0.195,246.75,0.142491874779059,0.256785687526559,0.00795504405800525
"rec12",4,0.6,80,1,150,0.00666666666666671,0.88609693364948,0.0204874657858254,0.733522887111683,325.369127516779,0.24,0,0,444,0,0.0242925971661085,0.0111057108378322
"rec12",4,0.6,80,2,150,0.00666666666666671,0.930916690109713,0.0174009278616748,0.850987622071294,202.43288590604,0.933333333333333,0.04,0.04,282.5,0.014818521114898,0.0850278147181988,0.00706420785930391
"rec12",4,0.6,80,3,150,0.00666666666666671,0.958450548567295,0.0102687149104666,0.917112084555721,156.057046979866,0.993333333333333,0.24,0.24,237,0.174104547300333,0.316454750546819,0.00859220756314154
"rec12",4,0.6,100,1,120,0,0.890868263473054,0.0192376148059431,0.739221556886227,327.166666666667,0.308333333333333,0,0,422.625,0,0.0302729725774201,0.0147586071959201
"rec12",4,0.6,100,2,120,0,0.935809630738523,0.015791922844378,0.858008982035928,193.395833333333,0.966666666666667,0.0666666666666667,0.0666666666666667,265.125,0.0292191843137964,0.127136748239213,0.00896351011901162
"rec12",4,0.6,100,3,120,0.0083333333333333,0.962587430181653,0.00950342700221511,0.92311175967393,142.96218487395,0.991666666666667,0.308333333333333,0.308333333333333,207.75,0.227255119633832,0.399136764531952,0.00965790348982996
"rec12",4,0.6,120,1,100,0,0.895426646706587,0.0167699010657384,0.746444610778443,317.525,0.47,0,0,415.25,0,0.0362166926451765,0.0186761942938964
"rec12",4,0.6,120,2,100,0,0.93747005988024,0.0149830660853275,0.859738023952096,186.725,1,0.1,0.1,265.75,0.049004689221486,0.176222597740023,0.00868064356219297
"rec12",4,0.6,120,3,100,0.01,0.964495251920402,0.007278371630661,0.926094780136696,137.676767676768,0.99,0.36,0.36,193.5,0.266408422733235,0.462121893327423,0.0104606094558009
"rec12",4,0.6,160,1,90,0,0.895018296739854,0.0169929281495271,0.750715236194278,309.666666666667,0.4,0,0,387.75,0,0.0401589196157747,0.0209253149903467
"rec12",4,0.6,160,2,90,0,0.943072188955422,0.0124484033297173,0.873685961410512,181.055555555556,1,0.0555555555555556,0.0555555555555556,241.375,0.0182825458148836,0.124902665929017,0.0152238330233076
"rec12",4,0.6,160,3,90,0,0.967939121756487,0.00705043411253495,0.934015302727878,130.194444444444,1,0.422222222222222,0.422222222222222,187.5,0.318775582044042,0.530933774023416,0.0106403777134191
"rec12",4,0.6,200,1,90,0,0.901239188290087,0.0150833202488689,0.757277112441783,299.194444444444,0.6,0,0,386.375,0,0.0401589196157747,0.0266175893700556
"rec12",4,0.6,200,2,90,0,0.947130738522954,0.00989282760695834,0.877769461077844,174.916666666667,1,0.0666666666666667,0.0666666666666667,236.625,0.024856666279035,0.139475699484797,0.014549579128601
"rec12",4,0.6,200,3,90,0,0.969893546240852,0.00644158136653275,0.938306719893546,123.333333333333,1,0.511111111111111,0.511111111111111,182.5,0.403458132715541,0.618012513747414,0.0103296691899817
"rec12",4,0.6,250,1,90,0,0.904141716566866,0.0133928251881012,0.77125748502994,293.666666666667,0.633333333333333,0,0,365,0,0.0401589196157747,0.028632518884356
"rec12",4,0.6,250,2,90,0,0.948419827012641,0.00975841062624574,0.885961410512309,171.111111111111,1,0.111111111111111,0.111111111111111,228.875,0.0545856049501299,0.194858636788595,0.0146556320568841
"rec12",4,0.6,250,3,90,0,0.970251164337991,0.00565670869962721,0.940003326679973,121.555555555556,1,0.533333333333333,0.533333333333333,177.5,0.425127344744916,0.639284321387208,0.0104097372616613
"rec12",4,0.6,320,1,90,0,0.907027611443779,0.0134311690762321,0.770467398536261,305.555555555556,0.644444444444444,0,0,378.875,0,0.0401589196157747,0.0317632888386787
"rec12",4,0.6,320,2,90,0,0.951713240186294,0.00938860692863921,0.88980372588157,171.888888888889,1,0.0888888888888889,0.0888888888888889,240,0.0391606927491511,0.167653220874137,0.016156155150328
"rec12",4,0.6,320,3,90,0,0.972704590818363,0.00531787038459932,0.943646041250832,119.388888888889,1,0.511111111111111,0.511111111111111,165,0.403458132715541,0.618012513747414,0.010512128995414
"rec12",4,0.6,400,1,90,0,0.910287757817698,0.0122409606496264,0.772155688622754,304.472222222222,0.8,0,0,363.875,0,0.0401589196157747,0.0352989608316676
"rec12",4,0.6,400,2,90,0,0.955073186959414,0.0075877511960591,0.89061876247505,170.305555555556,1,0.0777777777777778,0.0777777777777778,218.875,0.0318425631213195,0.153706108081943,0.0180196290287724
"rec12",4,0.6,400,3,90,0,0.974500998003992,0.00477341098604362,0.946091151031271,113.25,1,0.611111111111111,0.611111111111111,157.5,0.502557105957265,0.71213770545717,0.0102342351052548
"rec_bg",1,0.5,20,1,300,0,0.895411676646707,0.0260791116073898,0.782801896207585,48.0166666666667,0.416666666666667,0.186666666666667,0.0766666666666667,80.125,0.0492187838756745,0.112818115360482,0.0266043876875981
"rec_bg",1,0.5,20,2,300,0,0.955973053892216,0.0170417025666802,0.905538922155689,25.3583333333333,1,0.7,0.7,50,0.644680495536939,0.751318423475953,0.0128410811621779
"rec_bg",1,0.5,20,3,300,0,0.981509481037924,0.0100919731506709,0.958677644710579,16.1,1,0.91,0.91,35,0.871757491226702,0.939850470162348,0.0064870658179977
"rec_bg",1,0.5,40,1,300,0,0.905508982035928,0.0182666573715187,0.801090319361277,47.5833333333333,0.63,0.176666666666667,0.12,72.5,0.0854788022917196,0.162243942330243,0.0381949951808447
"rec_bg",1,0.5,40,2,300,0,0.967075848303393,0.0115721378924882,0.925299401197605,24.475,1,0.73,0.73,45,0.675981226827894,0.779411734671312,0.0186704946002178
"rec_bg",1,0.5,40,3,300,0,0.989441117764471,0.00601309679465015,0.973530439121757,15.0833333333333,1,0.983333333333333,0.983333333333333,30,0.961536255035004,0.994566794684895,0.0087323695314954
"rec_bg",1,0.5,60,1,200,0,0.912365269461078,0.0160661104498215,0.81064371257485,45.4,0.755,0.225,0.16,72.5,0.112087497645802,0.218299015351341,0.0445427435399022
"rec_bg",1,0.5,60,2,200,0,0.972713323353293,0.00951322433288167,0.934094311377246,23.0125,1,0.775,0.775,45,0.710760394031235,0.830897452870175,0.0206461475800812
"rec_bg",1,0.5,60,3,200,0,0.992140718562874,0.00404440901583171,0.978207335329341,13.425,1,0.995,0.995,25,0.972458101542794,0.999873418972133,0.00859261649144184
"rec_bg",1,0.5,80,1,150,0,0.9162375249501,0.0170317418418612,0.818637724550898,44.0333333333333,0.813333333333333,0.213333333333333,0.166666666666667,72.5,0.110857332017575,0.236124326540432,0.0484722169968124
"rec_bg",1,0.5,80,2,150,0,0.975364271457086,0.00970904418415552,0.939720558882235,20,1,0.813333333333333,0.813333333333333,40,0.741640927146537,0.872231734401109,0.0213619027864603
"rec_bg",1,0.5,80,3,150,0,0.994156686626746,0.00300616513582301,0.98121756487026,11.9666666666667,1,0.993333333333333,0.993333333333333,25,0.96341683225942,0.99983122885689,0.0087990359263771
"rec_bg",1,0.5,100,1,120,0,0.918930888223553,0.015443074172278,0.821045409181637,46.3333333333333,0.933333333333333,0.15,0.133333333333333,67.625,0.0781728148661775,0.207478363334436,0.0516256148490466
"rec_bg",1,0.5,100,2,120,0,0.977382734530938,0.00772960224721506,0.941516966067864,23.1041666666667,1,0.766666666666667,0.766666666666667,42.625,0.68072251071994,0.839008311903537,0.0221519297379595
"rec_bg",1,0.5,100,3,120,0,0.994517215568862,0.00250264320279266,0.981911177644711,12.375,1,0.966666666666667,0.966666666666667,30,0.91685127857149,0.990844494443163,0.0084971642544572
"rec_bg",1,0.5,120,1,100,0,0.920479041916168,0.0128152311626875,0.826946107784431,43.55,0.95,0.24,0.24,62.75,0.160224613171447,0.335735489270998,0.0523449562932074
"rec_bg",1,0.5,120,2,100,0,0.980823353293413,0.00660441570805834,0.950875748502994,21.325,1,0.81,0.81,40,0.719302042026387,0.881556803867456,0.0247991722277179
"rec_bg",1,0.5,120,3,100,0,0.995583832335329,0.00250519604635741,0.985232035928144,10.05,1,1,1,20.25,0.963783307354824,1,0.00770891128425941
"rec_bg",1,0.5,160,1,90,0,0.925033266799734,0.0122714439425743,0.836360612109115,42.75,1,0.233333333333333,0.233333333333333,62.5,0.150611523385766,0.334291516859158,0.0572348429016611
"rec_bg",1,0.5,160,2,90,0,0.982277112441783,0.00631331093355156,0.952786094477711,20,1,0.866666666666667,0.866666666666667,37.75,0.77867349948335,0.929163794932953,0.0240814097182279
"rec_bg",1,0.5,160,3,90,0,0.996007984031936,0.00224129996431102,0.986185961410512,9.61111111111111,1,1,1,20,0.959841080384225,1,0.0072755130214581
"rec_bg",1,0.5,200,1,90,0,0.930073186959415,0.0128184366518324,0.839579174983367,43.0555555555556,1,0.255555555555556,0.255555555555556,62.5,0.16940626930248,0.358385970674647,0.0623589677097869
"rec_bg",1,0.5,200,2,90,0,0.984755489021956,0.00628294815664626,0.957193945442448,18.0555555555556,1,0.9,0.9,35,0.818640027116068,0.953244684725836,0.023916723930131
"rec_bg",1,0.5,200,3,90,0,0.99668995342648,0.00174181503083576,0.987757817697937,8.22222222222222,1,1,1,15,0.959841080384225,1,0.00655840495400185
"rec_bg",1,0.5,250,1,90,0,0.930513972055888,0.0119746023231027,0.842198935462409,40.3333333333333,1,0.277777777777778,0.277777777777778,60,0.188504262621917,0.38218877477851,0.0632422919585331
"rec_bg",1,0.5,250,2,90,0,0.985969727212242,0.00557149085562733,0.958774118429807,17.6944444444444,1,0.944444444444444,0.944444444444444,35.5,0.875097334070983,0.981717454185116,0.0246469796041624
"rec_bg",1,0.5,250,3,90,0,0.997139055222888,0.00162049447409148,0.988456420492349,7.22222222222222,1,1,1,15,0.959841080384225,1,0.00644693134144331
"rec_bg",1,0.5,320,1,90,0,0.933524617431803,0.0118454486973317,0.849534264803726,40.5555555555556,1,0.255555555555556,0.255555555555556,62.5,0.16940626930248,0.358385970674647,0.0658167958500206
"rec_bg",1,0.5,320,2,90,0,0.987400199600798,0.00431844823446357,0.960770126413839,17.2777777777778,1,0.922222222222222,0.922222222222222,35,0.846293891918057,0.96815743687868,0.0245474941825461
"rec_bg",1,0.5,320,3,90,0,0.997421823020625,0.0012600570611804,0.98809880239521,7.05555555555556,1,1,1,15,0.959841080384225,1,0.00592401626467507
"rec_bg",1,0.5,400,1,90,0,0.934697272122422,0.0118690295476611,0.851164337990685,43.3055555555556,1,0.244444444444444,0.244444444444444,62.5,0.159969293043021,0.346376726582402,0.0674821582270655
"rec_bg",1,0.5,400,2,90,0,0.988073852295409,0.00476417066961559,0.963290086493679,18.6388888888889,1,0.866666666666667,0.866666666666667,37.75,0.77867349948335,0.929163794932953,0.0250011540676446
"rec_bg",1,0.5,400,3,90,0,0.99752994011976,0.00120038741857109,0.988805721889554,7.22222222222222,1,1,1,15,0.959841080384225,1,0.00576134031303219
"rec_bg",1,0.6,20,1,300,0,0.912402694610778,0.0194201497323997,0.775434131736527,48.25,0.74,0.196666666666667,0.143333333333333,85.125,0.105712280721494,0.188174887719148,0.0190390885312293
"rec_bg",1,0.6,20,2,300,0,0.962013473053892,0.013557365227783,0.90058882235529,25.3833333333333,1,0.693333333333333,0.693333333333333,50,0.637761040611536,0.745038851001012,0.0103336328820049
"rec_bg",1,0.6,20,3,300,0,0.983974550898204,0.00831748729853674,0.95689371257485,16.4666666666667,1,0.916666666666667,0.916666666666667,35,0.879441263124065,0.945345724121591,0.00571970081578988
"rec_bg",1,0.6,40,1,300,0,0.924558383233533,0.0149034331574942,0.801736526946108,47.2916666666667,0.943333333333333,0.156666666666667,0.15,72.5,0.111562522430126,0.195516440684027,0.0308952154410866
"rec_bg",1,0.6,40,2,300,0,0.973385728542914,0.00931003997449458,0.923892215568862,24.25,1,0.76,0.76,47.5,0.707569151701309,0.807214610748327,0.0152196705944248
"rec_bg",1,0.6,40,3,300,0,0.991459580838323,0.0044039266922876,0.972607285429142,14.6,1,0.956666666666667,0.956666666666667,30,0.927038535779718,0.976728158995318,0.00730669589253275
"rec_bg",1,0.6,60,1,200,0,0.932103293413174,0.0140258268592146,0.814105538922156,46.675,1,0.16,0.16,72.5,0.112087497645802,0.218299015351341,0.0382442466639492
"rec_bg",1,0.6,60,2,200,0,0.97809131736527,0.00763057351560976,0.932047155688623,24.0125,1,0.75,0.75,45.125,0.684037166670131,0.808392830377413,0.015945275023882
"rec_bg",1,0.6,60,3,200,0,0.993678892215569,0.00324985063693082,0.976025449101796,12.45,1,0.98,0.98,25,0.949586390910104,0.994524434120444,0.00725470514181121
"rec_bg",1,0.6,80,1,150,0,0.934471057884232,0.0127520283955437,0.818013972055888,44.8,1,0.186666666666667,0.186666666666667,68.875,0.127768265598891,0.258359072853463,0.040400924014339
"rec_bg",1,0.6,80,2,150,0,0.980758483033932,0.00759501373735851,0.937604790419162,21.0666666666667,1,0.826666666666667,0.826666666666667,42.5,0.75643324988658,0.883537826639375,0.0171919584569083
"rec_bg",1,0.6,80,3,150,0,0.994675648702595,0.00298336413219397,0.97872255489022,11.7,1,0.986666666666667,0.986666666666667,25,0.952666980503664,0.99838117297016,0.00686389339983007
"rec_bg",1,0.6,100,1,120,0,0.935528942115768,0.0103778846557189,0.818930888223553,46,1,0.158333333333333,0.158333333333333,67.5,0.0981022947405918,0.236163556028212,0.0415565917175049
"rec_bg",1,0.6,100,2,120,0,0.981761477045908,0.00615622387265797,0.940387974051896,21,1,0.85,0.85,40.125,0.773332856587372,0.90861042747177,0.0181603755353268
"rec_bg",1,0.6,100,3,120,0,0.994903942115768,0.00227217894821811,0.980688622754491,11.125,1,1,1,25,0.96972702742258,1,0.00665940536388929
"rec_bg",1,0.6,120,1,100,0,0.93938622754491,0.0111173649853773,0.831721556886228,44.95,1,0.19,0.19,67.5,0.118443196132544,0.280697957973613,0.0451554483672554
"rec_bg",1,0.6,120,2,100,0,0.984326347305389,0.0054908980479376,0.94748502994012,20.575,1,0.85,0.85,40.125,0.764692499851045,0.913545614358351,0.0182341259124211
"rec_bg",1,0.6,120,3,100,0,0.996025449101796,0.00196944939640821,0.982544910179641,9.95,1,0.99,0.99,20,0.945540614607919,0.999746853967023,0.0062675385973356
"rec_bg",1,0.6,160,1,90,0,0.941550232867598,0.010523787148251,0.830497338656021,44.0833333333333,1,0.177777777777778,0.177777777777778,65,0.105169079872637,0.272584765203105,0.0475863273065424
"rec_bg",1,0.6,160,2,90,0,0.986651696606786,0.00482646035061837,0.94896872920825,19.0555555555556,1,0.844444444444444,0.844444444444444,40,0.752797419854484,0.912264135383818,0.0196839337544103
"rec_bg",1,0.6,160,3,90,0,0.996723220226214,0.00187278003650349,0.982967398536261,8.72222222222222,1,1,1,20,0.959841080384225,1,0.00555188481886887
"rec_bg",1,0.6,200,1,90,0,0.941932801064538,0.00917821718259318,0.830871590153027,43.1388888888889,1,0.222222222222222,0.222222222222222,66.375,0.14133689846537,0.322126812327098,0.048207974321989
"rec_bg",1,0.6,200,2,90,0,0.986576846307385,0.00449914042672217,0.950939787092482,19.6111111111111,1,0.888888888888889,0.888888888888889,40,0.805141363211405,0.94541439504987,0.0192547835667065
"rec_bg",1,0.6,200,3,90,0,0.996839654025283,0.00166343343013522,0.984239853626081,8.5,1,1,1,15,0.959841080384225,1,0.00588698227030566
"rec_bg",1,0.6,250,1,90,0,0.946324018629408,0.0112531635128144,0.838997005988024,43.0833333333333,1,0.155555555555556,0.155555555555556,57.5,0.0877358646161824,0.247202580145516,0.0530517920844208
"rec_bg",1,0.6,250,2,90,0,0.988805721889554,0.00479592347693075,0.953592814371258,18.8055555555556,1,0.844444444444444,0.844444444444444,40,0.752797419854484,0.912264135383818,0.0193456976845785
"rec_bg",1,0.6,250,3,90,0,0.997388556220892,0.0014025418485584,0.984389554224884,7.44444444444444,1,0.988888888888889,0.988888888888889,15,0.939642519425268,0.999718730586057,0.00514007363700551
"rec_bg",1,0.6,320,1,90,0,0.948328343313373,0.010585103773113,0.848835662009315,42.5,1,0.255555555555556,0.255555555555556,65,0.16940626930248,0.358385970674647,0.0550887278350846
"rec_bg",1,0.6,320,2,90,0,0.989836992681304,0.00433551015826701,0.957767797737858,18.6111111111111,1,0.9,0.9,37.75,0.818640027116068,0.953244684725836,0.0195367761198471
"rec_bg",1,0.6,320,3,90,0,0.997521623419827,0.00112566312583941,0.985961410512309,7.33333333333333,1,1,1,15,0.959841080384225,1,0.00478174158275685
"rec_bg",1,0.6,400,1,90,0,0.950133067198935,0.00914289574753204,0.852677977378576,39.1944444444444,1,0.311111111111111,0.311111111111111,61.375,0.217669532851391,0.417391522807753,0.0561502174771386
"rec_bg",1,0.6,400,2,90,0,0.990893213572854,0.00322919490545898,0.96190119760479,15.6944444444444,1,0.933333333333333,0.933333333333333,35,0.860524300515203,0.975143333720965,0.0193139514487542
"rec_bg",1,0.6,400,3,90,0,0.997854291417166,0.000848616654537732,0.987050898203593,6.16666666666667,1,1,1,10,0.959841080384225,1,0.00433761391811568
"rec_bg",1,0.7,20,1,300,0,0.935052395209581,0.0134789723302954,0.781404690618762,49.3833333333333,0.996666666666667,0.166666666666667,0.166666666666667,90,0.126305691888667,0.21375567879992,0.0153802562865999
"rec_bg",1,0.7,20,2,300,0,0.972430139720559,0.0104790121142861,0.90625998003992,26.3,1,0.676666666666667,0.676666666666667,55,0.62051726722138,0.729284586429898,0.00873665845409857
"rec_bg",1,0.7,20,3,300,0,0.988176147704591,0.00617118997013398,0.959061876247505,15.65,1,0.93,0.93,35,0.89498600044995,0.95614965524457,0.00451590275299108
"rec_bg",1,0.7,40,1,300,0,0.943595309381237,0.0119512105157844,0.796701596806387,44.9333333333333,1,0.213333333333333,0.213333333333333,75.125,0.168344573997456,0.264083519926278,0.0246003345608324
"rec_bg",1,0.7,40,2,300,0,0.97998253493014,0.00741956086036562,0.920049900199601,21.7333333333333,1,0.8,0.8,45,0.750195598469339,0.843768698863336,0.0117426739869223
"rec_bg",1,0.7,40,3,300,0,0.993016467065868,0.00362070457402979,0.969505988023952,12.85,1,0.976666666666667,0.976666666666667,30,0.952517434970218,0.990568497938205,0.00549853295694918
"rec_bg",1,0.7,60,1,200,0,0.947455089820359,0.00994418025209493,0.809921407185629,44.9,1,0.21,0.21,65.125,0.155739756724128,0.273068704613799,0.0276663320006532
"rec_bg",1,0.7,60,2,200,0,0.983566616766467,0.00563950236495162,0.931875,21.6875,1,0.8,0.8,45,0.7377736354104,0.853105511784241,0.0132227231753126
"rec_bg",1,0.7,60,3,200,0,0.995089820359281,0.00233420453172788,0.976762724550898,11.5,1,0.98,0.98,25.2499999999999,0.949586390910104,0.994524434120444,0.00557675817336317
"rec_bg",1,0.7,80,1,150,0,0.948483033932136,0.0097830462151992,0.812275449101796,44.6833333333333,1,0.206666666666667,0.206666666666667,67.5,0.144948816330067,0.280334289127191,0.0295135491195542
"rec_bg",1,0.7,80,2,150,0,0.984146706586826,0.00506106820477369,0.929765469061876,20.2,1,0.866666666666667,0.866666666666667,41.375,0.80161303240095,0.916616193360474,0.0134168658613484
"rec_bg",1,0.7,80,3,150,0,0.995503992015968,0.00217230657679042,0.977160678642715,10.9333333333333,1,0.993333333333333,0.993333333333333,25,0.96341683225942,0.99983122885689,0.00575570042146765
"rec_bg",1,0.7,100,1,120,0,0.953486776447106,0.00927310217023799,0.826833832335329,43.2083333333333,1,0.233333333333333,0.233333333333333,67.5,0.160991688096463,0.31927748928006,0.0345251823232494
"rec_bg",1,0.7,100,2,120,0,0.987400199600798,0.00473626858761544,0.941735279441118,19.6458333333333,1,0.85,0.85,40,0.773332856587372,0.90861042747177,0.0141310505662781
"rec_bg",1,0.7,100,3,120,0,0.996506986027944,0.00181105890839437,0.980457834331337,8.66666666666667,1,1,1,20,0.96972702742258,1,0.00495513751025609
"rec_bg",1,0.7,120,1,100,0,0.953690119760479,0.00808591474239173,0.825366766467066,42.075,1,0.26,0.26,67.625,0.177394437867653,0.357312063100104,0.0343425520333868
"rec_bg",1,0.7,120,2,100,0,0.988270958083832,0.00435676961636622,0.944281437125749,18,1,0.87,0.87,40,0.78795932291255,0.92892695381457,0.01467236331472
"rec_bg",1,0.7,120,3,100,0,0.996773952095808,0.00170782724840368,0.980344311377246,8.15,1,1,1,20,0.963783307354824,1,0.0048066930088964
"rec_bg",1,0.7,160,1,90,0,0.956378908848969,0.00812387430689936,0.829998336660013,43.5833333333333,1,0.188888888888889,0.188888888888889,62.5,0.11405971246589,0.285113128567629,0.0373010396493855
"rec_bg",1,0.7,160,2,90,0,0.989745508982036,0.00390056823241467,0.949517631403859,17.5833333333333,1,0.877777777777778,0.877777777777778,40,0.7918257953654,0.937379390599158,0.0150613901713257
"rec_bg",1,0.7,160,3,90,0,0.997164005322688,0.00134409844903473,0.983599467731204,7.44444444444444,1,1,1,15,0.959841080384225,1,0.00438594900751461
"rec_bg",1,0.7,200,1,90,0,0.956395542248836,0.00725402213032598,0.82893379906853,42.5555555555556,1,0.244444444444444,0.244444444444444,60,0.159969293043021,0.346376726582402,0.037259668433538
"rec_bg",1,0.7,200,2,90,0,0.990044910179641,0.00348460371328897,0.950657019294744,17.1944444444444,1,0.944444444444444,0.944444444444444,32.75,0.875097334070983,0.981717454185116,0.015229580723931
"rec_bg",1,0.7,200,3,90,0,0.997463406520293,0.00140456012846467,0.982900864936793,7.05555555555556,1,1,1,15,0.959841080384225,1,0.0044146241993613
"rec_bg",1,0.7,250,1,90,0,0.958117099135063,0.00857979244879801,0.835038256819694,43.3055555555556,1,0.233333333333333,0.233333333333333,61.375,0.150611523385766,0.334291516859158,0.0385516673002582
"rec_bg",1,0.7,250,2,90,0,0.990984697272122,0.00331321517950835,0.953018962075848,18.1388888888889,1,0.922222222222222,0.922222222222222,35,0.846293891918057,0.96815743687868,0.0154774514932271
"rec_bg",1,0.7,250,3,90,0,0.997496673320027,0.00116153457109632,0.984547571523619,7.27777777777778,1,1,1,15,0.959841080384225,1,0.00412531537768288
"rec_bg",1,0.7,320,1,90,0,0.959730538922156,0.00760782011708085,0.837508316699933,41.9722222222222,1,0.222222222222222,0.222222222222222,62.5,0.14133689846537,0.322126812327098,0.0404682540888839
"rec_bg",1,0.7,320,2,90,0,0.991924484364604,0.00289892756653433,0.95331004657352,15.3611111111111,1,0.977777777777778,0.977777777777778,30,0.922022314522336,0.997297364149852,0.015362572196963
"rec_bg",1,0.7,320,3,90,0,0.997845974717232,0.000830833230106112,0.982850964737192,6.22222222222222,1,1,1,10,0.959841080384225,1,0.00371103862942983
"rec_bg",1,0.7,400,1,90,0,0.963323353293413,0.00767110434833846,0.852079174983367,39.5555555555556,1,0.288888888888889,0.288888888888889,57.5,0.198159402030974,0.393987636532328,0.0438445393826215
"rec_bg",1,0.7,400,2,90,0,0.992864271457086,0.00271202889705125,0.958483033932136,15.8888888888889,1,0.911111111111111,0.911111111111111,35,0.832346779125863,0.960839307250849,0.0143165418770398
"rec_bg",1,0.7,400,3,90,0,0.998045575515635,0.000774903162940855,0.986069527611444,6.16666666666667,1,1,1,10,0.959841080384225,1,0.00344520408248571
"rec_bg",2,0.5,20,1,300,0.0033333333333333,0.874386678148719,0.0247752391869251,0.750297899184908,142.44983277592,0.156666666666667,0.0266666666666667,0.00666666666666667,228,0.000808386412799792,0.0238734975721736,0.0126299054044107
"rec_bg",2,0.5,20,2,300,0.0033333333333333,0.932744878136703,0.0193946699110371,0.870979612680993,79.3394648829431,0.93,0.266666666666667,0.246666666666667,127.75,0.198937033114131,0.299476826074161,0.00599479005330346
"rec_bg",2,0.5,20,3,300,0.00666666666666671,0.963928686251658,0.0134800594726941,0.933707249929671,53.1963087248322,0.993333333333333,0.693333333333333,0.693333333333333,92.8749999999999,0.637761040611536,0.745038851001012,0.0051575998689741
"rec_bg",2,0.5,40,1,300,0,0.889830339321357,0.0214568234596635,0.777455089820359,122.266666666667,0.326666666666667,0.0433333333333333,0.0266666666666667,185,0.0115815677543339,0.051865811960931,0.0274321619103618
"rec_bg",2,0.5,40,2,300,0,0.949930139720559,0.0154661765583991,0.900419161676647,68.9416666666667,1,0.42,0.42,107.625,0.36351852070176,0.478077422886021,0.0146776640709639
"rec_bg",2,0.5,40,3,300,0,0.97563123752495,0.00972601610674687,0.953073852295409,45.325,1,0.816666666666667,0.816666666666667,77.5,0.768153531391266,0.858799278835721,0.00770510654323727
"rec_bg",2,0.5,60,1,200,0,0.894038173652695,0.0184596205260036,0.784150449101796,119.75,0.38,0.02,0.01,180,0.00121334901373603,0.0356546683972397,0.0335772288094763
"rec_bg",2,0.5,60,2,200,0,0.956313622754491,0.012569542469383,0.91001497005988,66.175,1,0.415,0.415,100.125,0.34593366818078,0.486624685616803,0.0188146377816164
"rec_bg",2,0.5,60,3,200,0,0.980217065868264,0.00768014800364062,0.960965568862275,40.575,1,0.92,0.92,65,0.873335143977918,0.953582391600177,0.00893482548833348
"rec_bg",2,0.5,80,1,150,0,0.901751497005988,0.0176548571879898,0.795469061876247,117.283333333333,0.52,0.0333333333333333,0.00666666666666667,167.5,0.000168771143109948,0.0365831677405802,0.0407086611517318
"rec_bg",2,0.5,80,2,150,0,0.961162674650699,0.0112007331226296,0.918478043912176,64.1666666666667,1,0.446666666666667,0.446666666666667,100,0.36554734689075,0.529934653872938,0.0193557198983652
"rec_bg",2,0.5,80,3,150,0,0.983897205588822,0.00586156342893379,0.967065868263473,37.9166666666667,1,0.913333333333333,0.913333333333333,65,0.856357276716613,0.953044779760553,0.00999563280789816
"rec_bg",2,0.5,100,1,120,0,0.903811127744511,0.0173708849915611,0.800336826347305,116.895833333333,0.616666666666667,0.0583333333333333,0.05,165.125,0.0185675867826691,0.105653854518712,0.0423974181434259
"rec_bg",2,0.5,100,2,120,0,0.96436501996008,0.0110341603176338,0.923390718562874,65.5833333333333,1,0.383333333333333,0.383333333333333,97.5,0.296071885581727,0.476497206188391,0.0214799032198478
"rec_bg",2,0.5,100,3,120,0,0.985279441117764,0.00519968297344021,0.97002869261477,39.5,1,0.891666666666667,0.891666666666667,65,0.821872561611057,0.941041693770915,0.0096724671348363
"rec_bg",2,0.5,120,1,100,0,0.904730538922156,0.0159336779327751,0.800179640718563,119.725,0.66,0.07,0.06,172.625,0.0223348860713164,0.126029934580823,0.044539128812994
"rec_bg",2,0.5,120,2,100,0,0.965868263473054,0.00979979217611107,0.926818862275449,67.75,1,0.4,0.4,102.75,0.303294768702877,0.502790849577665,0.0232141755594436
"rec_bg",2,0.5,120,3,100,0,0.986369760479042,0.00464865653930219,0.970104790419162,40.875,1,0.89,0.89,65.125,0.811698867803557,0.943792979714513,0.0101896680805553
"rec_bg",2,0.5,160,1,90,0,0.909605788423154,0.0160398901143466,0.805796739853626,113.194444444444,0.711111111111111,0.0666666666666667,0.0444444444444444,155,0.0122405278500114,0.109900826878014,0.0486312770516065
"rec_bg",2,0.5,160,2,90,0,0.969644045242848,0.00841922312485448,0.930846640053227,58.5,1,0.522222222222222,0.522222222222222,92.75,0.414267889731658,0.628673335002194,0.0239050132208196
"rec_bg",2,0.5,160,3,90,0,0.98831503659348,0.00385388102723009,0.973993679308051,33.6388888888889,1,0.944444444444444,0.944444444444444,62.75,0.875097334070983,0.981717454185116,0.00954117547071789
"rec_bg",2,0.5,200,1,90,0,0.913672654690619,0.0127529652551479,0.816259148369927,111.944444444444,0.877777777777778,0.0777777777777778,0.0666666666666667,156.375,0.024856666279035,0.139475699484797,0.0523309989146282
"rec_bg",2,0.5,200,2,90,0,0.971299068529607,0.00766549020257677,0.93560379241517,57.2222222222222,1,0.622222222222222,0.622222222222222,91.375,0.513825989207765,0.722335461397739,0.0235562135350894
"rec_bg",2,0.5,200,3,90,0,0.989171656686627,0.00389693532768342,0.977187292082502,31.4444444444444,1,0.988888888888889,0.988888888888889,55,0.939642519425268,0.999718730586057,0.00956620939182426
"rec_bg",2,0.5,250,1,90,0,0.91770625415835,0.0141682788997467,0.820151363938789,113.916666666667,0.866666666666667,0.0333333333333333,0.0333333333333333,162.5,0.00692760273101017,0.0943360934131362,0.0561149716389402
"rec_bg",2,0.5,250,2,90,0,0.973203592814371,0.00697408333509501,0.936726546906188,61.1666666666667,1,0.466666666666667,0.466666666666667,92.5,0.360715678612792,0.574872655255084,0.0233124199981381
"rec_bg",2,0.5,250,3,90,0,0.990086493679308,0.00296509090396961,0.976397205588822,31.4166666666667,1,0.977777777777778,0.977777777777778,52.5,0.922022314522336,0.997297364149852,0.00969034337907338
"rec_bg",2,0.5,320,1,90,0,0.918504657351963,0.0126497915563332,0.825565535595476,110.611111111111,0.933333333333333,0.0444444444444444,0.0333333333333333,152.5,0.00692760273101017,0.0943360934131362,0.0573132413088819
"rec_bg",2,0.5,320,2,90,0,0.974110113107119,0.00688020474982467,0.940128077178975,62.1944444444444,1,0.488888888888889,0.488888888888889,90.25,0.381987486252586,0.596541867284459,0.0235924840895073
"rec_bg",2,0.5,320,3,90,0,0.990377578176979,0.0031207634478939,0.977287092481703,30.6111111111111,1,0.944444444444444,0.944444444444444,61.375,0.875097334070983,0.981717454185116,0.00947267082195986
"rec_bg",2,0.5,400,1,90,0,0.920741849634065,0.0113468644828815,0.822654690618762,113,0.977777777777778,0.0333333333333333,0.0333333333333333,160,0.00692760273101017,0.0943360934131362,0.0594227844405255
"rec_bg",2,0.5,400,2,90,0,0.976638389886893,0.00615136505472434,0.94145874916833,55.1388888888889,1,0.633333333333333,0.633333333333333,86.375,0.52514879255029,0.732478428158446,0.0251714920815561
"rec_bg",2,0.5,400,3,90,0,0.991974384564205,0.00239874915546011,0.9791500332668,25.7222222222222,1,1,1,48.875,0.959841080384225,1,0.00918146210680417
"rec_bg",2,0.6,20,1,300,0.0033333333333333,0.897730458814812,0.0234215589305304,0.753427092303687,134.882943143813,0.503333333333333,0.0333333333333333,0.02,215.25,0.0073741620017264,0.0430210826735169,0.0111975064624114
"rec_bg",2,0.6,20,2,300,0.0033333333333333,0.946538361404282,0.016970681427639,0.876206616866601,79.6989966555184,0.99,0.266666666666667,0.266666666666667,130.25,0.217484147279382,0.320523735156601,0.00662545251112681
"rec_bg",2,0.6,20,3,300,0.01,0.970024597270106,0.011749427139099,0.935427125546886,54.2676767676768,0.99,0.633333333333333,0.633333333333333,92.5,0.576031524705007,0.68797288227271,0.00393709770977962
"rec_bg",2,0.6,40,1,300,0,0.910736027944112,0.0190163316157709,0.775573852295409,124.058333333333,0.73,0.0233333333333333,0.0166666666666667,185.125,0.00543320531510525,0.0384637449649964,0.0225036964378117
"rec_bg",2,0.6,40,2,300,0,0.958173652694611,0.0129611043767192,0.896546906187625,70.4333333333333,1,0.353333333333333,0.353333333333333,107.5,0.29926370985865,0.410332333170807,0.0117377519848405
"rec_bg",2,0.6,40,3,300,0,0.979318862275449,0.007415101270156,0.951694111776447,44.225,1,0.85,0.85,75,0.804483559315973,0.888437477569874,0.00702154480859571
"rec_bg",2,0.6,60,1,200,0,0.915916916167665,0.0165989155920136,0.784790419161677,123.45,0.82,0.03,0.02,180,0.00547556587955645,0.0504136090898963,0.0280617695773653
"rec_bg",2,0.6,60,2,200,0,0.963611526946108,0.010688042394209,0.908458083832335,68.3,1,0.41,0.41,110.125,0.341130645671467,0.481578414787221,0.0147344167076887
"rec_bg",2,0.6,60,3,200,0,0.98314745508982,0.00557052747294757,0.959449850299401,42.9875,1,0.87,0.87,70,0.815347669476587,0.913291647231425,0.00769828219705552
"rec_bg",2,0.6,80,1,150,0,0.919301397205589,0.0127681767104138,0.791002994011976,120.05,0.933333333333333,0.02,0.02,167.5,0.00414362528122055,0.0573342222882058,0.0318352777762253
"rec_bg",2,0.6,80,2,150,0,0.968333333333333,0.00894299655869538,0.915269461077844,68.4666666666667,1,0.406666666666667,0.406666666666667,106.375,0.327288313777263,0.48980743625965,0.0176629670942664
"rec_bg",2,0.6,80,3,150,0,0.985224550898204,0.0048083681316995,0.962000998003992,40.2,1,0.913333333333333,0.913333333333333,65,0.856357276716613,0.953044779760553,0.00744088835778449
"rec_bg",2,0.6,100,1,120,0,0.922704590818363,0.0141765401469233,0.798471806387225,115.5,0.941666666666667,0.05,0.05,170,0.0185675867826691,0.105653854518712,0.0359124208302837
"rec_bg",2,0.6,100,2,120,0,0.969529690618762,0.00777406750824525,0.922199351297405,62.4375,1,0.475,0.475,95.125,0.383110328200741,0.568152621557485,0.0170632521835891
"rec_bg",2,0.6,100,3,120,0,0.987287924151697,0.00397255489048292,0.968232285429142,38.2708333333333,1,0.95,0.95,60.125,0.894346145481288,0.981432413217331,0.00868542802661564
"rec_bg",2,0.6,120,1,100,0,0.924738023952096,0.0148392087908875,0.801564371257485,114.15,0.96,0.04,0.04,158,0.0110044939861882,0.0992571567126599,0.0374304480133767
"rec_bg",2,0.6,120,2,100,0,0.972215568862275,0.00794942372206701,0.923914670658683,60.8,1,0.51,0.51,92.5,0.408036329155454,0.611355834838362,0.0186405011105866
"rec_bg",2,0.6,120,3,100,0,0.987911676646707,0.00421860640268674,0.96809880239521,36.225,1,0.98,0.98,60,0.92961606752893,0.997568663176057,0.00786293160556135
"rec_bg",2,0.6,160,1,90,0,0.928792415169661,0.0120238901755302,0.810786759813706,116.694444444444,0.988888888888889,0.0444444444444444,0.0444444444444444,156.375,0.0122405278500114,0.109900826878014,0.0406950581708194
"rec_bg",2,0.6,160,2,90,0,0.973137059214904,0.00657569686286015,0.926796407185629,65,1,0.422222222222222,0.422222222222222,92.5,0.318775582044042,0.530933774023416,0.0175147127764327
"rec_bg",2,0.6,160,3,90,0,0.988489687292083,0.003378438915885,0.968687624750499,38.4722222222222,1,0.922222222222222,0.922222222222222,65,0.846293891918057,0.96815743687868,0.00799641595252057
"rec_bg",2,0.6,200,1,90,0,0.931337325349301,0.0111110487202986,0.820051563539587,118.083333333333,1,0.0888888888888889,0.0888888888888889,172.5,0.0391606927491511,0.167653220874137,0.0440433066306888
"rec_bg",2,0.6,200,2,90,0,0.975133067198935,0.00654723489300627,0.931711576846307,63.3888888888889,1,0.466666666666667,0.466666666666667,97.5,0.360715678612792,0.574872655255084,0.0180459912703294
"rec_bg",2,0.6,200,3,90,0,0.989845309381237,0.00325405166456349,0.972396872920825,33.7222222222222,1,0.933333333333333,0.933333333333333,63.875,0.860524300515203,0.975143333720965,0.00841543936814752
"rec_bg",2,0.6,250,1,90,0,0.930264471057884,0.0106620171140218,0.812050898203593,114.222222222222,1,0.0222222222222222,0.0222222222222222,159.125,0.00270263585014776,0.0779776854776639,0.0424010676536708
"rec_bg",2,0.6,250,2,90,0,0.976912840984697,0.00527712487834835,0.935711909514305,60.5,1,0.5,0.5,91.375,0.392697998948573,0.607302001051427,0.0199648018193467
"rec_bg",2,0.6,250,3,90,0,0.990602129075183,0.00260043261680038,0.976264138389887,31.75,1,0.977777777777778,0.977777777777778,60,0.922022314522336,0.997297364149852,0.00795686237732056
"rec_bg",2,0.6,320,1,90,0,0.935711909514305,0.0112973811181525,0.823245176314039,108.638888888889,1,0.0555555555555556,0.0555555555555556,156.375,0.0182825458148836,0.124902665929017,0.0478707551495387
"rec_bg",2,0.6,320,2,90,0,0.979640718562874,0.00499937448773978,0.938406520292748,57.9722222222222,1,0.588888888888889,0.588888888888889,87.5,0.480177901798356,0.691581415898615,0.0201223310460086
"rec_bg",2,0.6,320,3,90,0,0.991724883566201,0.00227851759680615,0.976347305389222,30.3333333333333,1,0.988888888888889,0.988888888888889,52.5,0.939642519425268,0.999718730586057,0.00748515949332046
"rec_bg",2,0.6,400,1,90,0,0.93606121091151,0.0103143370662043,0.827054224883566,112.666666666667,1,0.0333333333333333,0.0333333333333333,160,0.00692760273101017,0.0943360934131362,0.0484834032402255
"rec_bg",2,0.6,400,2,90,0,0.980331004657352,0.00560019077165189,0.942539920159681,56.4166666666667,1,0.611111111111111,0.611111111111111,90.5,0.502557105957265,0.71213770545717,0.0204231358452999
"rec_bg",2,0.6,400,3,90,0,0.992240518962076,0.00249249969031836,0.978193612774451,26.9722222222222,1,0.988888888888889,0.988888888888889,50,0.939642519425268,0.999718730586057,0.00738967877746802
"rec_bg",2,0.7,20,1,300,0.00666666666666671,0.921987401036853,0.0163635225400414,0.749133444520355,140.620805369128,0.89,0.0133333333333333,0.0133333333333333,215,0.00364451405206653,0.0337848962619178,0.00835059865886635
"rec_bg",2,0.7,20,2,300,0.01,0.957635234581342,0.0128391159943992,0.871529667936854,80.2272727272727,0.99,0.29,0.29,136,0.23928667449971,0.34491608924551,0.0051700437472454
"rec_bg",2,0.7,20,3,300,0.0133333333333333,0.975261470302638,0.00921067961686751,0.931216115067163,55.3631756756757,0.986666666666667,0.633333333333333,0.633333333333333,93.125,0.576031524705007,0.68797288227271,0.00322746614382093
"rec_bg",2,0.7,40,1,300,0,0.927742015968064,0.0138363300322381,0.766352295409182,125.958333333333,0.983333333333333,0.0433333333333333,0.0433333333333333,190,0.0232718410046824,0.072961464220282,0.0139380496271842
"rec_bg",2,0.7,40,2,300,0,0.96501497005988,0.00936519212567172,0.891157684630739,71.9,1,0.34,0.34,107.625,0.286546092813475,0.396650681947699,0.00914678793229229
"rec_bg",2,0.7,40,3,300,0,0.981516966067864,0.00669842196364534,0.948827345309381,46.15,1,0.816666666666667,0.816666666666667,75.125,0.768153531391266,0.858799278835721,0.00538423457417271
"rec_bg",2,0.7,60,1,200,0,0.935059880239521,0.0126483751642744,0.783401946107784,115.925,1,0.05,0.05,175,0.0242341654721085,0.0900275377013514,0.0212457581500637
"rec_bg",2,0.7,60,2,200,0,0.97127994011976,0.00916366120495077,0.908678892215569,65.3125,1,0.41,0.41,100,0.341130645671467,0.481578414787221,0.0113894460234626
"rec_bg",2,0.7,60,3,200,0,0.985580089820359,0.00555762475732882,0.958394461077844,40.3375,1,0.91,0.91,65,0.861491791526178,0.945785745543904,0.00571396433110541
"rec_bg",2,0.7,80,1,150,0,0.937969061876248,0.0109511301953695,0.791437125748503,122.433333333333,1,0.0266666666666667,0.0266666666666667,177.75,0.00731254639800825,0.0668678766774894,0.0235518670890544
"rec_bg",2,0.7,80,2,150,0,0.973597804391218,0.00707753056596386,0.913972055888224,65.5833333333333,1,0.366666666666667,0.366666666666667,97.5,0.289563165438639,0.449150244710522,0.0125453737939968
"rec_bg",2,0.7,80,3,150,0,0.987375249500998,0.00368190958558396,0.962719560878244,38.3333333333333,1,0.926666666666667,0.926666666666667,65,0.872575837873961,0.962825385218094,0.00642658891015346
"rec_bg",2,0.7,100,1,120,0,0.941417165668663,0.0110858540073911,0.796114021956088,113.3125,1,0.0583333333333333,0.0583333333333333,165.125,0.0237720237905191,0.116498379645615,0.0279729359478631
"rec_bg",2,0.7,100,2,120,0,0.975723552894212,0.00665371287299808,0.91752120758483,62.125,1,0.525,0.525,95.125,0.431847378442515,0.616889671799258,0.0129293339665233
"rec_bg",2,0.7,100,3,120,0,0.988404441117764,0.00344991091080124,0.964439870259481,36.6041666666667,1,0.941666666666667,0.941666666666667,62.625,0.883501620354385,0.976227976209481,0.00644685191037327
"rec_bg",2,0.7,120,1,100,0,0.941826347305389,0.0102104814233733,0.801758982035928,118.75,1,0.03,0.03,170,0.0062299715383064,0.08517605297428,0.0279682527702845
"rec_bg",2,0.7,120,2,100,0,0.977065868263473,0.00601021111825351,0.920516467065868,62.95,1,0.46,0.46,100,0.359843352979412,0.562588420133529,0.0139402347521739
"rec_bg",2,0.7,120,3,100,0,0.989468562874251,0.00323609798271018,0.967043413173653,36.5,1,0.9,0.9,67.625,0.823777402259977,0.950995310778514,0.00656743127551499
"rec_bg",2,0.7,160,1,90,0,0.945583832335329,0.00970329720141054,0.812699600798403,112.833333333333,1,0.0555555555555556,0.0555555555555556,164.125,0.0182825458148836,0.124902665929017,0.0309074977987269
"rec_bg",2,0.7,160,2,90,0,0.979258150365935,0.00564521621176336,0.928883898868929,59.9444444444444,1,0.533333333333333,0.533333333333333,91.625,0.425127344744916,0.639284321387208,0.0140574481623725
"rec_bg",2,0.7,160,3,90,0,0.990627079174983,0.00284353173346828,0.969261477045908,33.1666666666667,1,0.977777777777778,0.977777777777778,53.875,0.922022314522336,0.997297364149852,0.00640748430852254
"rec_bg",2,0.7,200,1,90,0,0.947654690618763,0.0102253486611651,0.816092814371257,108.75,1,0.0444444444444444,0.0444444444444444,163.875,0.0122405278500114,0.109900826878014,0.0334140971527268
"rec_bg",2,0.7,200,2,90,0,0.981137724550898,0.00519814789469892,0.93166999334664,57.4722222222222,1,0.577777777777778,0.577777777777778,83.875,0.469066225976584,0.681224417955958,0.0148546471198549
"rec_bg",2,0.7,200,3,90,0,0.991783100465735,0.00226359582583919,0.974126746506986,30.4166666666667,1,0.988888888888889,0.988888888888889,48.875,0.939642519425268,0.999718730586057,0.00629767610053608
"rec_bg",2,0.7,250,1,90,0,0.94836992681304,0.00921517947479353,0.81789753825682,107.111111111111,1,0.0555555555555556,0.0555555555555556,148.875,0.0182825458148836,0.124902665929017,0.0347186578794205
"rec_bg",2,0.7,250,2,90,0,0.982684630738523,0.00463205616670189,0.934181636726547,55.5833333333333,1,0.622222222222222,0.622222222222222,88.875,0.513825989207765,0.722335461397739,0.0160709348981801
"rec_bg",2,0.7,250,3,90,0,0.992440119760479,0.00252162629224405,0.972762807717898,27.6388888888889,1,0.977777777777778,0.977777777777778,56.375,0.922022314522336,0.997297364149852,0.00599123658300229
"rec_bg",2,0.7,320,1,90,0,0.950939787092482,0.00908874434477859,0.821573519627412,112.083333333333,1,0.0555555555555556,0.0555555555555556,155,0.0182825458148836,0.124902665929017,0.0368236328190622
"rec_bg",2,0.7,320,2,90,0,0.983291749833666,0.00419508118264405,0.939454424484365,56.4166666666667,1,0.611111111111111,0.611111111111111,90,0.502557105957265,0.71213770545717,0.0154538642777854
"rec_bg",2,0.7,320,3,90,0,0.992564870259481,0.00228799872900229,0.975590485695276,27.6388888888889,1,0.977777777777778,0.977777777777778,55,0.922022314522336,0.997297364149852,0.00595865225574578
"rec_bg",2,0.7,400,1,90,0,0.950923153692615,0.00665903495909789,0.824101796407186,111.666666666667,1,0.0555555555555556,0.0555555555555556,156.375,0.0182825458148836,0.124902665929017,0.0369405338003833
"rec_bg",2,0.7,400,2,90,0,0.983724218230206,0.0039774556310799,0.937009314703925,55.1666666666667,1,0.6,0.6,90.25,0.49134131830344,0.701886084429682,0.0156082293735537
"rec_bg",2,0.7,400,3,90,0,0.993147039254824,0.00217837681753131,0.976696606786427,22.8888888888889,1,1,1,45,0.959841080384225,1,0.00616946157269505
"rec_bg",3,0.5,20,1,300,0.0666666666666667,0.863566616766467,0.0239719497791969,0.734583511548332,247.991071428571,0.04,0.01,0,360,0,0.0122209746942935,0.0074787542262414
"rec_bg",3,0.5,20,2,300,0.116666666666667,0.917978194554288,0.0225071273014668,0.848599028358378,163.839622641509,0.716666666666667,0.0566666666666667,0.0566666666666667,249,0.0333533115166846,0.0891804044341631,0.00337046930397964
"rec_bg",3,0.5,20,3,300,0.176666666666667,0.949207859584475,0.0171782249494138,0.911246333244442,116.295546558704,0.816666666666667,0.256666666666667,0.253333333333333,182.5,0.205104311705922,0.306507371132827,0.00322441438695772
"rec_bg",3,0.5,40,1,300,0.0033333333333333,0.865149300062083,0.0263128309150912,0.738406965333547,221.1872909699,0.09,0.00333333333333333,0.00333333333333333,302.75,8.43891323178005e-05,0.0184312520480678,0.0115651800613399
"rec_bg",3,0.5,40,2,300,0.0166666666666667,0.92487820968233,0.0213049239658562,0.861415304983254,137.14406779661,0.853333333333333,0.133333333333333,0.123333333333333,202.5,0.0883441945610525,0.16597270217334,0.00816705830312092
"rec_bg",3,0.5,40,3,300,0.0166666666666667,0.955201461483812,0.0149049613434112,0.920958083832335,95.3728813559322,0.983333333333333,0.473333333333333,0.473333333333333,160,0.415676788760227,0.531521635721636,0.00473476837223919
"rec_bg",3,0.5,60,1,200,0,0.87688622754491,0.0240701641946349,0.758401946107784,211.3625,0.155,0.01,0.005,287.625,0.000126581027867018,0.0275418984572056,0.021874064546589
"rec_bg",3,0.5,60,2,200,0,0.93563248502994,0.0169306205266203,0.877279191616766,127.5625,0.965,0.155,0.15,180.25,0.103549523521863,0.207158703668551,0.0125754427708021
"rec_bg",3,0.5,60,3,200,0,0.963955838323353,0.0115258903248542,0.935452844311377,82.675,1,0.645,0.645,125,0.57441383307342,0.711216222286416,0.007896100354652
"rec_bg",3,0.5,80,1,150,0,0.884176646706587,0.0208152216729573,0.766921157684631,218.5,0.246666666666667,0,0,285,0,0.0242925971661085,0.0287819885031932
"rec_bg",3,0.5,80,2,150,0,0.942165668662675,0.0154799693106048,0.885149700598802,127.733333333333,0.986666666666667,0.106666666666667,0.106666666666667,176.375,0.0622105740064707,0.167436339040746,0.0154678282112458
"rec_bg",3,0.5,80,3,150,0,0.967979041916168,0.0100750689279483,0.941497005988024,82.8166666666667,1,0.646666666666667,0.646666666666667,120.25,0.564524745085053,0.72288805468879,0.00840395822753167
"rec_bg",3,0.5,100,1,120,0,0.890225798403194,0.0220553698072485,0.778698852295409,209.916666666667,0.316666666666667,0.00833333333333333,0,285,0,0.0302729725774201,0.0344575399078934
"rec_bg",3,0.5,100,2,120,0,0.946207584830339,0.0156050639559896,0.896956087824351,122.770833333333,0.991666666666667,0.225,0.225,177.75,0.153815464447416,0.310223377563974,0.0160340813118805
"rec_bg",3,0.5,100,3,120,0,0.972018463073852,0.00896691861172705,0.94938872255489,76.9791666666667,1,0.725,0.725,122.5,0.636015926400536,0.802544872173607,0.0104390877873624
"rec_bg",3,0.5,120,1,100,0,0.885688622754491,0.0181527521453463,0.772919161676647,209.825,0.2,0,0,270,0,0.0362166926451765,0.0322958015779664
"rec_bg",3,0.5,120,2,100,0,0.945471556886228,0.0138897433955977,0.893600299401198,120.95,1,0.2,0.2,172.75,0.126655552101956,0.291842689088628,0.0175332881872898
"rec_bg",3,0.5,120,3,100,0,0.971474550898204,0.00903724476592137,0.948398203592814,76.725,1,0.7,0.7,115,0.600185323820196,0.787593579510463,0.0102818522227575
"rec_bg",3,0.5,160,1,90,0,0.889404524284764,0.0179340193824902,0.77521623419827,206.527777777778,0.266666666666667,0,0,268.875,0,0.0401589196157747,0.03484614041885
"rec_bg",3,0.5,160,2,90,0,0.949409514304724,0.0111054352609368,0.898394876912841,110.222222222222,1,0.255555555555556,0.255555555555556,146.375,0.16940626930248,0.358385970674647,0.0195915672940406
"rec_bg",3,0.5,160,3,90,0,0.97543246839654,0.00683032711164289,0.953401530272788,68.1111111111111,1,0.888888888888889,0.888888888888889,98.875,0.805141363211405,0.94541439504987,0.0115667153275492
"rec_bg",3,0.5,200,1,90,0,0.897679640718563,0.0159566294261772,0.791516966067864,202.555555555556,0.411111111111111,0.0222222222222222,0.0111111111111111,256.625,0.000281269413942739,0.0603574805747319,0.044863174138402
"rec_bg",3,0.5,200,2,90,0,0.954100133067199,0.0109225015698683,0.907152361942781,113.444444444444,1,0.177777777777778,0.177777777777778,156.625,0.105169079872637,0.272584765203105,0.0205726587761169
"rec_bg",3,0.5,200,3,90,0,0.977977378576181,0.00612827923048131,0.958424817032601,71.3333333333333,1,0.822222222222222,0.822222222222222,105,0.727415234796895,0.894830920127363,0.0113730731629951
"rec_bg",3,0.5,250,1,90,0,0.89956753160346,0.0150608570629263,0.794211576846307,202.472222222222,0.433333333333333,0,0,246.375,0,0.0401589196157747,0.045769834977009
"rec_bg",3,0.5,250,2,90,0,0.957385229540918,0.00886834004423491,0.911402195608782,113.5,1,0.188888888888889,0.188888888888889,153.875,0.11405971246589,0.285113128567629,0.0225391292696948
"rec_bg",3,0.5,250,3,90,0,0.979657351962741,0.00448341124198892,0.959713905522289,68.25,1,0.844444444444444,0.844444444444444,100,0.752797419854484,0.912264135383818,0.0113341200806728
"rec_bg",3,0.5,320,1,90,0,0.902336992681304,0.014409642245337,0.797995675316035,200.722222222222,0.544444444444444,0.0111111111111111,0,247.5,0,0.0401589196157747,0.0482324408277006
"rec_bg",3,0.5,320,2,90,0,0.96082002661344,0.00934217202822445,0.918812375249501,107.416666666667,1,0.3,0.3,152.5,0.207881899686357,0.405721215042916,0.0242940369823941
"rec_bg",3,0.5,320,3,90,0,0.981062874251497,0.00540504910406776,0.963514637391883,65.3888888888889,1,0.866666666666667,0.866666666666667,102.75,0.77867349948335,0.929163794932953,0.0110231534506634
"rec_bg",3,0.5,400,1,90,0,0.907834331337325,0.0145210361159051,0.80309381237525,195,0.655555555555556,0.0111111111111111,0.0111111111111111,245.25,0.000281269413942739,0.0603574805747319,0.0541450186274927
"rec_bg",3,0.5,400,2,90,0,0.964703925482369,0.00821164595885465,0.925465735196274,102.333333333333,1,0.344444444444444,0.344444444444444,144.125,0.247404285408121,0.452039998334117,0.0249907026694981
"rec_bg",3,0.5,400,3,90,0,0.983449767132402,0.00492227899041385,0.967049234863606,59.3333333333333,1,0.988888888888889,0.988888888888889,87.5,0.939642519425268,0.999718730586057,0.0106570594905666
"rec_bg",3,0.6,20,1,300,0.0433333333333333,0.888723424231676,0.019986958324033,0.733321684157817,246.837979094077,0.273333333333333,0.00666666666666667,0.00666666666666667,357.5,0.000808386412799792,0.0238734975721736,0.00594401975044436
"rec_bg",3,0.6,20,2,300,0.0866666666666667,0.932260479041916,0.0173957909111398,0.850269351807334,162.335766423358,0.87,0.05,0.0466666666666667,256.75,0.025744649467231,0.0770598381063587,0.00251552421746704
"rec_bg",3,0.6,20,3,300,0.143333333333333,0.955753861925954,0.0137271219533714,0.912081479065216,114.221789883268,0.856666666666667,0.266666666666667,0.266666666666667,188.5,0.217484147279382,0.320523735156601,0.00187527252332467
"rec_bg",3,0.6,40,1,300,0.00666666666666671,0.89327050596793,0.02099747255284,0.7458581159828,225.285234899329,0.383333333333333,0.00333333333333333,0,312.875,0,0.0122209746942935,0.0123556788337964
"rec_bg",3,0.6,40,2,300,0.00666666666666671,0.939921331832978,0.015964995438562,0.865282019852912,134.194630872483,0.976666666666667,0.116666666666667,0.116666666666667,197.875,0.08262256693054,0.158506327183246,0.00740570387813234
"rec_bg",3,0.6,40,3,300,0.02,0.96278870829769,0.0119320596270729,0.92319951932869,92.9421768707483,0.98,0.486666666666667,0.486666666666667,140,0.4288172751044,0.544781926858553,0.00413340101852109
"rec_bg",3,0.6,60,1,200,0,0.900497754491018,0.0202826659462637,0.759419910179641,219.5875,0.525,0,0,292.5,0,0.0182753403551362,0.0187172231461154
"rec_bg",3,0.6,60,2,200,0,0.947189371257485,0.0131288204217018,0.880093562874251,127.625,1,0.175,0.175,185,0.125024410773712,0.234883970630209,0.0105092708148472
"rec_bg",3,0.6,60,3,200,0,0.969101796407186,0.00976682876408877,0.936650449101796,83.75,1,0.64,0.64,125.125,0.569286053981283,0.706495279108833,0.00613500881811137
"rec_bg",3,0.6,80,1,150,0,0.903867265469062,0.0164342471502502,0.763507984031936,212.416666666667,0.6,0.00666666666666667,0.00666666666666667,283.875,0.000168771143109948,0.0365831677405802,0.0218242474724348
"rec_bg",3,0.6,80,2,150,0,0.951392215568862,0.0128374425546274,0.885533932135729,120.966666666667,1,0.213333333333333,0.213333333333333,173.875,0.150730236512834,0.287606622610665,0.0127999724681383
"rec_bg",3,0.6,80,3,150,0,0.973188622754491,0.00787622111602923,0.942719560878243,77.7,1,0.74,0.74,122.5,0.662143279347338,0.808124182233042,0.00775623706554492
"rec_bg",3,0.6,100,1,120,0,0.906586826347305,0.0173279017086931,0.767153193612774,206.520833333333,0.641666666666667,0,0,275.125,0,0.0302729725774201,0.02341933254904
"rec_bg",3,0.6,100,2,120,0,0.954191616766467,0.0111290315709856,0.89187874251497,120.833333333333,1,0.208333333333333,0.208333333333333,172.875,0.139591544808416,0.291991278120566,0.0139299385349048
"rec_bg",3,0.6,100,3,120,0,0.974893962075848,0.00652161409438977,0.947542415169661,77.1666666666667,1,0.733333333333333,0.733333333333333,120,0.644885987492981,0.809910927217907,0.0080825165796412
"rec_bg",3,0.6,120,1,100,0,0.910351796407186,0.0150115311218401,0.771788922155689,202.875,0.79,0.01,0.01,275.125,0.000253146032977421,0.0544593853920806,0.028493294808256
"rec_bg",3,0.6,120,2,100,0,0.954932634730539,0.0112259293379876,0.888570359281437,114.975,1,0.24,0.24,162.625,0.160224613171447,0.335735489270998,0.0141246910845173
"rec_bg",3,0.6,120,3,100,0,0.97501497005988,0.007740586832039,0.945299401197605,72.4,1,0.79,0.79,112.625,0.697084620649459,0.865056304294671,0.00805747946093928
"rec_bg",3,0.6,160,1,90,0,0.914986693280107,0.0155370887401287,0.785071523619428,207.111111111111,0.811111111111111,0.0111111111111111,0.0111111111111111,262.5,0.000281269413942739,0.0603574805747319,0.0327541911126221
"rec_bg",3,0.6,160,2,90,0,0.960578842315369,0.0102525233461212,0.903651031270792,119.027777777778,1,0.188888888888889,0.188888888888889,168.875,0.11405971246589,0.285113128567629,0.0165603495240591
"rec_bg",3,0.6,160,3,90,0,0.979308050565536,0.00560837178948098,0.955563872255489,73.3611111111111,1,0.811111111111111,0.811111111111111,110,0.714886871432371,0.88594028753411,0.0087178479087512
"rec_bg",3,0.6,200,1,90,0,0.917481703260146,0.0124478723450414,0.794569194943446,209.416666666667,0.944444444444444,0,0,256.375,0,0.0401589196157747,0.0351408761586849
"rec_bg",3,0.6,200,2,90,0,0.963015635395875,0.0084905379052722,0.913406520292748,117.416666666667,1,0.144444444444444,0.144444444444444,165.25,0.0792131624974361,0.234331562340706,0.0178913730959502
"rec_bg",3,0.6,200,3,90,0,0.980439121756487,0.0052953314049145,0.958990352628077,70.1944444444444,1,0.855555555555556,0.855555555555556,107.5,0.765668437659294,0.920786837502564,0.0091349037411671
"rec_bg",3,0.6,250,1,90,0,0.919311377245509,0.0126101034728965,0.790710246174318,197.444444444444,0.944444444444444,0.0222222222222222,0.0222222222222222,258.25,0.00270263585014776,0.0779776854776639,0.0373649799315679
"rec_bg",3,0.6,250,2,90,0,0.964554224883566,0.00785221863576027,0.910246174318031,106.166666666667,1,0.311111111111111,0.311111111111111,150.25,0.217669532851391,0.417391522807753,0.0177236036508375
"rec_bg",3,0.6,250,3,90,0,0.982044244843646,0.0044367167940319,0.956936127744511,66.3333333333333,1,0.888888888888889,0.888888888888889,100,0.805141363211405,0.94541439504987,0.00920020624148702
"rec_bg",3,0.6,320,1,90,0,0.921922821024617,0.0116259271205415,0.793587824351297,192.166666666667,0.966666666666667,0.0111111111111111,0.0111111111111111,252.75,0.000281269413942739,0.0603574805747319,0.0399196625688934
"rec_bg",3,0.6,320,2,90,0,0.966558549567532,0.0073095798033815,0.915976380572189,108.861111111111,1,0.255555555555556,0.255555555555556,153.875,0.16940626930248,0.358385970674647,0.0185765071943778
"rec_bg",3,0.6,320,3,90,0,0.983374916833001,0.00394397301510946,0.960861610113107,63.4166666666667,1,0.911111111111111,0.911111111111111,101.375,0.832346779125863,0.960839307250849,0.00956509422224611
"rec_bg",3,0.6,400,1,90,0,0.922638057218896,0.0118446072375923,0.801580172987359,198.694444444444,1,0.0111111111111111,0.0111111111111111,256.375,0.000281269413942739,0.0603574805747319,0.0412378404207189
"rec_bg",3,0.6,400,2,90,0,0.96830505655356,0.00665913999550254,0.921365602129075,105.833333333333,1,0.277777777777778,0.277777777777778,153.875,0.188504262621917,0.38218877477851,0.0202999491040583
"rec_bg",3,0.6,400,3,90,0,0.983890552228876,0.00402100456445829,0.965094810379241,58.4722222222222,1,0.944444444444444,0.944444444444444,91.375,0.875097334070983,0.981717454185116,0.00887796687997719
"rec_bg",3,0.7,20,1,300,0.08,0.911882756226677,0.0168705862198283,0.729437863403627,251.503623188406,0.703333333333333,0,0,378.125,0,0.0122209746942935,0.00352615808755161
"rec_bg",3,0.7,20,2,300,0.153333333333333,0.945306237917865,0.0127367032141997,0.848310269225329,163.720472440945,0.846666666666667,0.0466666666666667,0.0466666666666667,255.875,0.025744649467231,0.0770598381063587,0.00281046105202419
"rec_bg",3,0.7,20,3,300,0.186666666666667,0.963669996073427,0.00993171703235364,0.911342274467459,120.502049180328,0.813333333333333,0.24,0.24,197.5,0.192785389251673,0.292430848298691,0.00195843675646365
"rec_bg",3,0.7,40,1,300,0.00666666666666671,0.915795924928666,0.0168331525111573,0.73889553108548,225.889261744966,0.81,0.00333333333333333,0.00333333333333333,310,8.43891323178005e-05,0.0184312520480678,0.00765372672824548
"rec_bg",3,0.7,40,2,300,0.00666666666666671,0.950601314150223,0.0124434818517121,0.861318470441667,139.781879194631,0.993333333333333,0.103333333333333,0.103333333333333,205,0.0712964460285331,0.143460521487415,0.00532744035738047
"rec_bg",3,0.7,40,3,300,0.0133333333333333,0.967887704321088,0.00928092134249536,0.921457760155365,96.2753378378378,0.986666666666667,0.493333333333333,0.493333333333333,155.625,0.435402508323947,0.551397091375313,0.00334397771476739
"rec_bg",3,0.7,60,1,200,0,0.920995508982036,0.0143834119925993,0.750759730538922,218.3375,0.915,0,0,290.125,0,0.0182753403551362,0.0125330887527359
"rec_bg",3,0.7,60,2,200,0,0.955336826347305,0.0114926254667404,0.871523203592814,126.525,1,0.16,0.16,180,0.112087497645802,0.218299015351341,0.00748309258938002
"rec_bg",3,0.7,60,3,200,0,0.972694610778443,0.00824360028239389,0.931923652694611,81.725,1,0.68,0.68,130.125,0.610530114938342,0.744038812360043,0.00491586665164509
"rec_bg",3,0.7,80,1,150,0,0.92189121756487,0.0121997455976999,0.750319361277445,216.416666666667,0.973333333333333,0,0,278.875,0,0.0242925971661085,0.0133849838902037
"rec_bg",3,0.7,80,2,150,0,0.958068862275449,0.00922998584369154,0.880179640718563,126.283333333333,1,0.1,0.1,177.75,0.057057434836247,0.159567885127577,0.00966523176549814
"rec_bg",3,0.7,80,3,150,0,0.976112774451098,0.00606534932376463,0.941841317365269,81.3833333333333,1,0.66,0.66,118.875,0.578263332512665,0.735274903348861,0.00666500238709864
"rec_bg",3,0.7,100,1,120,0,0.927788173652695,0.0111143688193828,0.767751996007984,209.104166666667,1,0.00833333333333333,0.00833333333333333,270.25,0.000210959478121709,0.045555513233593,0.0199808908635958
"rec_bg",3,0.7,100,2,120,0,0.962537425149701,0.00851372819693525,0.890818363273453,121.75,1,0.141666666666667,0.141666666666667,172.625,0.0847447294945158,0.217106898243376,0.0111829948688739
"rec_bg",3,0.7,100,3,120,0,0.978667664670659,0.0052210679213961,0.946101546906188,74.7083333333333,1,0.783333333333333,0.783333333333333,110.125,0.69887148693433,0.853318505707898,0.00704729083620778
"rec_bg",3,0.7,120,1,100,0,0.931541916167665,0.0112189325624923,0.780441616766467,202.025,1,0,0,275.25,0,0.0362166926451765,0.0228812488070404
"rec_bg",3,0.7,120,2,100,0,0.964064371257485,0.00781025078306642,0.89502245508982,115.525,1,0.19,0.19,162.75,0.118443196132544,0.280697957973613,0.0109310111440258
"rec_bg",3,0.7,120,3,100,0,0.979214071856287,0.00526361101004296,0.948443113772455,72.45,1,0.76,0.76,110,0.664264510729002,0.839775386828553,0.00660328097533453
"rec_bg",3,0.7,160,1,90,0,0.935113107119095,0.0100432522316051,0.785503992015968,207.111111111111,1,0,0,266.375,0,0.0401589196157747,0.0262945639806593
"rec_bg",3,0.7,160,2,90,0,0.968404856952761,0.00641878745782668,0.906736526946108,110.138888888889,1,0.311111111111111,0.311111111111111,158.875,0.217669532851391,0.417391522807753,0.012806482645747
"rec_bg",3,0.7,160,3,90,0,0.98188622754491,0.00433583280568609,0.954673985362608,66.0555555555556,1,0.888888888888889,0.888888888888889,98.875,0.805141363211405,0.94541439504987,0.00679401442243826
"rec_bg",3,0.7,200,1,90,0,0.934863606121091,0.0102248424649288,0.785495675316035,204.222222222222,1,0.0111111111111111,0.0111111111111111,246.375,0.000281269413942739,0.0603574805747319,0.0258383462765638
"rec_bg",3,0.7,200,2,90,0,0.969419494344644,0.00663299784452283,0.903875582168995,111.694444444444,1,0.255555555555556,0.255555555555556,161.375,0.16940626930248,0.358385970674647,0.0139232306121804
"rec_bg",3,0.7,200,3,90,0,0.982643047238856,0.00419968041423029,0.955647039254824,69.1111111111111,1,0.844444444444444,0.844444444444444,115,0.752797419854484,0.912264135383818,0.00679119851938072
"rec_bg",3,0.7,250,1,90,0,0.936269128409847,0.00927617326304965,0.787333666001331,192.555555555556,1,0.0111111111111111,0.0111111111111111,245,0.000281269413942739,0.0603574805747319,0.0275787789827732
"rec_bg",3,0.7,250,2,90,0,0.971390552228876,0.00571121642571879,0.910429141716567,105.222222222222,1,0.366666666666667,0.366666666666667,156.375,0.267521571841554,0.47485120744971,0.0151085075163608
"rec_bg",3,0.7,250,3,90,0,0.983607784431138,0.00382001107497846,0.95607119095143,62.1388888888889,1,0.911111111111111,0.911111111111111,104.125,0.832346779125863,0.960839307250849,0.00675702699010739
"rec_bg",3,0.7,320,1,90,0,0.937608117099135,0.00848342969448037,0.791358948769128,206.527777777778,1,0,0,252.5,0,0.0401589196157747,0.0290204236630724
"rec_bg",3,0.7,320,2,90,0,0.971814703925482,0.00646341840975352,0.91398868928809,105.611111111111,1,0.311111111111111,0.311111111111111,149.125,0.217669532851391,0.417391522807753,0.0146719574141284
"rec_bg",3,0.7,320,3,90,0,0.984622421823021,0.00357327970671621,0.961801397205589,59.3611111111111,1,0.922222222222222,0.922222222222222,97.75,0.846293891918057,0.96815743687868,0.00731473672744634
"rec_bg",3,0.7,400,1,90,0,0.940444111776447,0.00929413183402507,0.800756819693945,200.833333333333,1,0,0,256.625,0,0.0401589196157747,0.0315563586467382
"rec_bg",3,0.7,400,2,90,0,0.973328343313373,0.00536413128615446,0.914728875582169,105.083333333333,1,0.311111111111111,0.311111111111111,152.75,0.217669532851391,0.417391522807753,0.0150151635065206
"rec_bg",3,0.7,400,3,90,0,0.985479041916168,0.00341775337205056,0.962366932801065,58.1388888888889,1,0.966666666666667,0.966666666666667,87.75,0.905663906586864,0.99307239726899,0.00750750966807081
"rec_bg",4,0.5,20,1,300,0.263333333333333,0.849676213184491,0.0267350389963964,0.712165036442951,385.814479638009,0.0266666666666667,0,0,540,0,0.0122209746942935,0.00383125152410112
"rec_bg",4,0.5,20,2,300,0.49,0.904108449767132,0.0218206605741426,0.826024421744746,266.977124183007,0.28,0.00333333333333333,0.00333333333333333,388,8.43891323178005e-05,0.0184312520480678,0.00150809492126857
"rec_bg",4,0.5,20,3,300,0.6,0.934643213572854,0.0163804897776885,0.890406686626746,200.041666666667,0.393333333333333,0.03,0.03,315.375,0.013807819555526,0.0561835482416158,0.00115290252827678
"rec_bg",4,0.5,40,1,300,0.0833333333333334,0.855519869352205,0.0248194682057127,0.721012520413718,359.636363636364,0.03,0,0,508.25,0,0.0122209746942935,0.00749956904373073
"rec_bg",4,0.5,40,2,300,0.14,0.909776377477603,0.0232110659494704,0.83411665042009,232.286821705426,0.603333333333333,0.0333333333333333,0.0333333333333333,346.5,0.0160981675626193,0.0604453222012656,0.0043198624898597
"rec_bg",4,0.5,40,3,300,0.22,0.940538794206459,0.0167272393846058,0.899096038691847,167.799145299145,0.77,0.16,0.16,259.25,0.120389147929101,0.206478801759473,0.00336605990298605
"rec_bg",4,0.5,60,1,200,0.03,0.857082227297981,0.0263407235301557,0.724581764306439,349.909793814433,0.03,0,0,477.5,0,0.0182753403551362,0.0110499331479407
"rec_bg",4,0.5,60,2,200,0.055,0.912274657035136,0.0213497457822302,0.839531254950417,219.775132275132,0.7,0.015,0.015,319,0.00310410762155351,0.0432082819177126,0.00650288614004041
"rec_bg",4,0.5,60,3,200,0.09,0.942542113575048,0.0174262483702015,0.902801539777588,152.788461538462,0.88,0.27,0.27,234.875,0.209803337466145,0.337152590687331,0.00424371527745137
"rec_bg",4,0.5,80,1,150,0.00666666666666671,0.863762408069766,0.0243923138871674,0.738044046135916,321.711409395973,0.08,0,0,433.5,0,0.0242925971661085,0.0155553147460273
"rec_bg",4,0.5,80,2,150,0.0266666666666666,0.918202977606431,0.0196978369596385,0.851832294315479,196.284246575342,0.826666666666667,0.06,0.06,296.875,0.0277999777944559,0.110841520013625,0.0077391388944225
"rec_bg",4,0.5,80,3,150,0.04,0.94780750998004,0.0159819877854793,0.913724634065203,135.46875,0.946666666666667,0.38,0.38,207.5,0.302077184254292,0.462763112054715,0.00579420070243112
"rec_bg",4,0.5,100,1,120,0,0.859693113772455,0.0232186736272383,0.730719810379241,313.333333333333,0.025,0,0,390.375,0,0.0302729725774201,0.0129735262000419
"rec_bg",4,0.5,100,2,120,0,0.91939870259481,0.0201207401072833,0.853455588822355,186.708333333333,0.825,0.075,0.0666666666666667,257.625,0.0292191843137964,0.127136748239213,0.0107546905820671
"rec_bg",4,0.5,100,3,120,0,0.950679890219561,0.0147363876087274,0.91750873253493,126.666666666667,1,0.458333333333333,0.458333333333333,187.5,0.367059927795314,0.551711910505359,0.00825640156548652
"rec_bg",4,0.5,120,1,100,0,0.870823353293413,0.0231128536040567,0.747125748502994,315.9,0.1,0,0,412.75,0,0.0362166926451765,0.0235021030616091
"rec_bg",4,0.5,120,2,100,0,0.928226047904192,0.0187081574051618,0.865239520958084,187.25,0.93,0.09,0.09,252.5,0.0419835956283922,0.163982255029635,0.0140311268696374
"rec_bg",4,0.5,120,3,100,0,0.956055389221557,0.0108375976541132,0.923443113772455,122,1,0.49,0.49,172.75,0.388644165161638,0.591963670844546,0.00786459753335194
"rec_bg",4,0.5,160,1,90,0,0.874991683300066,0.02353170875559,0.756961077844311,300.055555555556,0.133333333333333,0,0,389.125,0,0.0401589196157747,0.0290436298983176
"rec_bg",4,0.5,160,2,90,0,0.932193945442448,0.0170747240790729,0.87204757152362,172.805555555556,0.966666666666667,0.1,0.1,236.625,0.0467553152741643,0.181359972883932,0.015052933812602
"rec_bg",4,0.5,160,3,90,0,0.960803393213573,0.0103140149492092,0.931187624750499,111.5,1,0.611111111111111,0.611111111111111,161.375,0.502557105957265,0.71213770545717,0.00980586327842184
"rec_bg",4,0.5,200,1,90,0,0.878817365269461,0.0228458592105262,0.760163007318696,297.694444444444,0.133333333333333,0,0,376.375,0,0.0401589196157747,0.03348962903522
"rec_bg",4,0.5,200,2,90,0,0.939429474384564,0.0152021584714104,0.884697272122422,170.861111111111,0.988888888888889,0.111111111111111,0.111111111111111,233.875,0.0545856049501299,0.194858636788595,0.0199122649203834
"rec_bg",4,0.5,200,3,90,0,0.965776779773786,0.00938712054577339,0.941017964071856,109.305555555556,1,0.655555555555556,0.655555555555556,160,0.547960001665883,0.752595714591879,0.010865797540658
"rec_bg",4,0.5,250,1,90,0,0.88416500332668,0.0179097833187867,0.769178310046573,305.361111111111,0.2,0,0,386.625,0,0.0401589196157747,0.0373403071503087
"rec_bg",4,0.5,250,2,90,0,0.942090818363273,0.0139272325016619,0.88855622089155,176.138888888889,0.988888888888889,0.1,0.1,238.875,0.0467553152741643,0.181359972883932,0.0202863673089376
"rec_bg",4,0.5,250,3,90,0,0.96727378576181,0.00745640406660157,0.941234198270126,113.333333333333,1,0.677777777777778,0.677777777777778,167.75,0.570999632569603,0.772479693711437,0.0113593224409259
"rec_bg",4,0.5,320,1,90,0,0.887749500998004,0.0144302570751314,0.779266467065868,310.638888888889,0.233333333333333,0,0,379.375,0,0.0401589196157747,0.0413520248489937
"rec_bg",4,0.5,320,2,90,0,0.944061876247505,0.0109414881119942,0.894876912840985,170.25,1,0.0888888888888889,0.0888888888888889,221.375,0.0391606927491511,0.167653220874137,0.0207292803591652
"rec_bg",4,0.5,320,3,90,0,0.968230206254158,0.00608408689327688,0.944976713240186,107.638888888889,1,0.644444444444444,0.644444444444444,147.75,0.536526447648832,0.742565566927478,0.0113993980698185
"rec_bg",4,0.5,400,1,90,0,0.890369261477046,0.0164759323624712,0.782751164337991,296.694444444444,0.277777777777778,0,0,380,0,0.0401589196157747,0.0428924557933087
"rec_bg",4,0.5,400,2,90,0,0.950698602794411,0.0108033410951444,0.906029607451763,163.527777777778,1,0.144444444444444,0.144444444444444,227.75,0.0792131624974361,0.234331562340706,0.0252611325706446
"rec_bg",4,0.5,400,3,90,0,0.971798070525615,0.00626225222732695,0.951372255489022,102.75,1,0.744444444444444,0.744444444444444,146.375,0.641614029325353,0.83059373069752,0.0109436403795237
"rec_bg",4,0.6,20,1,300,0.313333333333333,0.879134934015464,0.0200374001994109,0.717291145863613,384.648058252427,0.123333333333333,0,0,521.25,0,0.0122209746942935,0.00260038176075034
"rec_bg",4,0.6,20,2,300,0.526666666666667,0.920885341992072,0.0181839131573027,0.829610145905372,251.989436619718,0.4,0.00666666666666667,0.00666666666666667,384.75,0.000808386412799792,0.0238734975721736,0.00127210367996402
"rec_bg",4,0.6,20,3,300,0.646666666666667,0.943544514744097,0.0140886622070036,0.888995593718224,188.11320754717,0.353333333333333,0.0366666666666667,0.0366666666666667,292.5,0.0184434608124598,0.0646585181962982,0.00147182050992355
"rec_bg",4,0.6,40,1,300,0.0666666666666667,0.880031009409752,0.0204666514185773,0.718405153977759,366.160714285714,0.15,0,0,500.375,0,0.0122209746942935,0.00466509582875067
"rec_bg",4,0.6,40,2,300,0.13,0.924243467088811,0.0171607463492783,0.83566774496983,238.352490421456,0.803333333333333,0.01,0.01,332.5,0.00206700723509232,0.0289445112556926,0.00405963524510912
"rec_bg",4,0.6,40,3,300,0.183333333333333,0.947827813760235,0.0133775547477885,0.897571184162288,170.438775510204,0.816666666666667,0.146666666666667,0.146666666666667,257,0.108633857203829,0.191849115915346,0.00235804993511519
"rec_bg",4,0.6,60,1,200,0.015,0.884077023617739,0.0191851773226152,0.726420255934831,348.692893401015,0.23,0,0,463,0,0.0182753403551362,0.00746591630613561
"rec_bg",4,0.6,60,2,200,0.045,0.928821676019688,0.0154457115992111,0.845353795027746,217.212041884817,0.91,0.04,0.04,336.25,0.0174248089944806,0.077291968226016,0.00665173047979425
"rec_bg",4,0.6,60,3,200,0.08,0.952929738349388,0.0111958152565464,0.906555096329081,153.899456521739,0.92,0.26,0.26,231.75,0.20068485487634,0.32657775365714,0.00407875856723406
"rec_bg",4,0.6,80,1,150,0,0.885334331337325,0.020946902942052,0.7237375249501,335.65,0.233333333333333,0,0,460.25,0,0.0242925971661085,0.0112418688956863
"rec_bg",4,0.6,80,2,150,0,0.931142714570858,0.0165453144542312,0.847664670658683,199.816666666667,0.953333333333333,0.0733333333333333,0.0733333333333333,292.75,0.0371746147819055,0.127424162126039,0.00774781983651744
"rec_bg",4,0.6,80,3,150,0.00666666666666671,0.953934413053088,0.0124974629065475,0.908280753928385,137.768456375839,0.993333333333333,0.393333333333333,0.393333333333333,205,0.314652630010596,0.476315140016847,0.00420761534109502
"rec_bg",4,0.6,100,1,120,0,0.889907684630739,0.0194919184708878,0.738628992015968,316.541666666667,0.291666666666667,0,0,410.125,0,0.0302729725774201,0.0159735150425644
"rec_bg",4,0.6,100,2,120,0,0.936140219560878,0.0154037538004864,0.85685503992016,192,0.983333333333333,0.075,0.075,270.25,0.0348673906119621,0.137601057890367,0.00990257220047639
"rec_bg",4,0.6,100,3,120,0,0.958919660678643,0.0122601225043346,0.917084580838323,129.416666666667,1,0.416666666666667,0.416666666666667,182.5,0.327367670003279,0.510178445797708,0.00603609949044081
"rec_bg",4,0.6,120,1,100,0,0.896511976047904,0.0176989485935789,0.755845808383233,318.575,0.42,0.01,0.01,425.5,0.000253146032977421,0.0544593853920806,0.0201663398976273
"rec_bg",4,0.6,120,2,100,0,0.940718562874251,0.0130596987413894,0.869835329341317,185.75,1,0.07,0.07,262.75,0.0286052889074387,0.138919728455857,0.0108656321015977
"rec_bg",4,0.6,120,3,100,0,0.962455089820359,0.00959243215979149,0.925860778443114,125.375,1,0.52,0.52,185,0.417789765406307,0.620994519822041,0.00692168223493074
"rec_bg",4,0.6,160,1,90,0,0.898885562208915,0.0162013963914824,0.758308383233533,301.194444444444,0.466666666666667,0,0,383.875,0,0.0401589196157747,0.0226472505280658
"rec_bg",4,0.6,160,2,90,0,0.94438622754491,0.0104353683287645,0.877145708582834,176.611111111111,1,0.0777777777777778,0.0777777777777778,242.5,0.0318425631213195,0.153706108081943,0.0132892627923252
"rec_bg",4,0.6,160,3,90,0,0.966234198270126,0.00719466785770299,0.933507984031936,114.361111111111,1,0.655555555555556,0.655555555555556,151.375,0.547960001665883,0.752595714591879,0.00797506750475812
"rec_bg",4,0.6,200,1,90,0,0.901205921490353,0.0162564184879412,0.766941117764471,303.472222222222,0.544444444444444,0,0,371.625,0,0.0401589196157747,0.0264101526919776
"rec_bg",4,0.6,200,2,90,0,0.948003992015968,0.010312031164907,0.887666333998669,171.194444444444,1,0.111111111111111,0.111111111111111,245,0.0545856049501299,0.194858636788595,0.0155333403162735
"rec_bg",4,0.6,200,3,90,0,0.968787425149701,0.0067149530823734,0.938880572188955,108.361111111111,1,0.688888888888889,0.688888888888889,158.875,0.582608477192247,0.782330467148609,0.0092382521704535
"rec_bg",4,0.6,250,1,90,0,0.904382900864937,0.0144655975092737,0.7625,301.555555555556,0.611111111111111,0,0,378.875,0,0.0401589196157747,0.0287008990455917
"rec_bg",4,0.6,250,2,90,0,0.94916001330672,0.0113400848887494,0.882202262142382,169.277777777778,1,0.111111111111111,0.111111111111111,238.25,0.0545856049501299,0.194858636788595,0.01550089489129
"rec_bg",4,0.6,250,3,90,0,0.970151363938789,0.00708301749405662,0.939038589487691,108.805555555556,1,0.677777777777778,0.677777777777778,157.5,0.570999632569603,0.772479693711437,0.00948098833865249
"rec_bg",4,0.6,320,1,90,0,0.906852960745176,0.0124234731875748,0.771091151031271,301.277777777778,0.711111111111111,0,0,375.25,0,0.0401589196157747,0.0312213873854026
"rec_bg",4,0.6,320,2,90,0,0.951289088489687,0.00992381741981207,0.886942781104458,170.916666666667,1,0.0888888888888889,0.0888888888888889,225,0.0391606927491511,0.167653220874137,0.0161039441552799
"rec_bg",4,0.6,320,3,90,0,0.971714903526281,0.00565440835973715,0.943063872255489,108.777777777778,1,0.711111111111111,0.711111111111111,151.375,0.606012363467672,0.801840597969026,0.00983038735159083
"rec_bg",4,0.6,400,1,90,0,0.908824018629408,0.0128845226640977,0.778833998669328,283.888888888889,0.766666666666667,0,0,371.375,0,0.0401589196157747,0.0335206446987178
"rec_bg",4,0.6,400,2,90,0,0.955123087159015,0.00849796117572148,0.89851131071191,156.194444444444,1,0.188888888888889,0.188888888888889,212.75,0.11405971246589,0.285113128567629,0.0179831263704804
"rec_bg",4,0.6,400,3,90,0,0.974550898203593,0.0057081538811651,0.948918829008649,94.6666666666667,1,0.822222222222222,0.822222222222222,133.875,0.727415234796895,0.894830920127363,0.00988757586934316
"rec_bg",4,0.7,20,1,300,0.303333333333333,0.905620577027763,0.0165467997941448,0.713871300461278,386.351674641148,0.43,0,0,553,0,0.0122209746942935,0.00211616241201807
"rec_bg",4,0.7,20,2,300,0.516666666666667,0.935319017138137,0.013723855127708,0.828293413173653,262.275862068966,0.476666666666667,0.01,0.01,402.5,0.00206700723509232,0.0289445112556926,0.00196546562048317
"rec_bg",4,0.7,20,3,300,0.613333333333333,0.953154036754078,0.0104226683923438,0.890815352054512,196.034482758621,0.386666666666667,0.04,0.04,300.625,0.0208365763064137,0.0688289881894961,0.00138247212471609
"rec_bg",4,0.7,40,1,300,0.0733333333333334,0.908391849394736,0.0156390362802352,0.721144940335157,356.771582733813,0.663333333333333,0,0,492.5,0,0.0122209746942935,0.00454468760321084
"rec_bg",4,0.7,40,2,300,0.143333333333333,0.93962464176705,0.013607171202078,0.83670984878492,230.651750972763,0.853333333333333,0.0133333333333333,0.0133333333333333,339.5,0.00364451405206653,0.0337848962619178,0.00264009224463802
"rec_bg",4,0.7,40,3,300,0.21,0.956267844058718,0.0112701707219044,0.897954091816367,167.837552742616,0.79,0.1,0.1,250,0.0684916844910734,0.139673307355102,0.00185423306491297
"rec_bg",4,0.7,60,1,200,0.015,0.91041521018876,0.0140267135599052,0.72698638256482,337.360406091371,0.745,0,0,434,0,0.0182753403551362,0.0070804336456408
"rec_bg",4,0.7,60,2,200,0.045,0.941702981471612,0.0120787075366057,0.84530676866163,208.69109947644,0.955,0.03,0.03,292.5,0.0110874556722548,0.064150626705027,0.00393591245581637
"rec_bg",4,0.7,60,3,200,0.07,0.959902775094971,0.0103779239439117,0.908364722168566,147.44623655914,0.93,0.275,0.275,217.5,0.214377415243095,0.342425418623751,0.0037316000998515
"rec_bg",4,0.7,80,1,150,0,0.912030938123752,0.0130358058420913,0.730933133732535,324.033333333333,0.806666666666667,0,0,445,0,0.0242925971661085,0.00827645898678833
"rec_bg",4,0.7,80,2,150,0,0.944835329341317,0.0130827532132848,0.852125748502994,203.25,0.993333333333333,0.02,0.02,284.375,0.00414362528122055,0.0573342222882058,0.00557462078008485
"rec_bg",4,0.7,80,3,150,0.00666666666666671,0.96262508539967,0.01012207004597,0.914796246433308,136.124161073826,0.993333333333333,0.373333333333333,0.373333333333333,209,0.295812415226385,0.45596435920558,0.00446591672403471
"rec_bg",4,0.7,100,1,120,0,0.91501996007984,0.0150180799454337,0.736483283433134,321.875,0.833333333333333,0,0,420.5,0,0.0302729725774201,0.0111058650196
"rec_bg",4,0.7,100,2,120,0,0.946756487025948,0.0105586814469674,0.853998253493014,191.854166666667,1,0.0416666666666667,0.0416666666666667,280.25,0.0136653841167896,0.0945587999759372,0.006596692977681
"rec_bg",4,0.7,100,3,120,0,0.964103043912176,0.00875718441577094,0.917645958083832,128.333333333333,1,0.425,0.425,185.375,0.33525594803736,0.518534993612838,0.00499398470721449
"rec_bg",4,0.7,120,1,100,0,0.914842814371257,0.0133017901543262,0.740673652694611,315.85,0.86,0,0,415.25,0,0.0362166926451765,0.0119276094829987
"rec_bg",4,0.7,120,2,100,0,0.948817365269461,0.0100994153373206,0.858622754491018,185.1,1,0.08,0.08,262.625,0.0351715625181628,0.151557635864421,0.00844826844274273
"rec_bg",4,0.7,120,3,100,0,0.966332335329341,0.00761246089430862,0.918458083832335,124.15,1,0.49,0.49,172.75,0.388644165161638,0.591963670844546,0.0057371509893965
"rec_bg",4,0.7,160,1,90,0,0.92185628742515,0.0122698478974176,0.759414504324684,294.722222222222,0.944444444444444,0.0111111111111111,0.0111111111111111,367.5,0.000281269413942739,0.0603574805747319,0.0177120311173895
"rec_bg",4,0.7,160,2,90,0,0.953210246174318,0.00913922293064279,0.872197272122422,176.444444444444,1,0.0444444444444444,0.0444444444444444,235.25,0.0122405278500114,0.109900826878014,0.00875795937121815
"rec_bg",4,0.7,160,3,90,0,0.969627411842981,0.00703589036754167,0.929441117764471,118.972222222222,1,0.588888888888889,0.588888888888889,167.5,0.480177901798356,0.691581415898615,0.00595436995484327
"rec_bg",4,0.7,200,1,90,0,0.923178642714571,0.0142007154375021,0.760803393213573,300.25,0.933333333333333,0,0,375.25,0,0.0401589196157747,0.0194622235777213
"rec_bg",4,0.7,200,2,90,0,0.955888223552894,0.00968989124165771,0.880089820359281,175.805555555556,1,0.111111111111111,0.111111111111111,240,0.0545856049501299,0.194858636788595,0.0108987906241194
"rec_bg",4,0.7,200,3,90,0,0.972039254823686,0.00608636274063359,0.934481037924152,116.194444444444,1,0.622222222222222,0.622222222222222,168.875,0.513825989207765,0.722335461397739,0.00687635870982414
"rec_bg",4,0.7,250,1,90,0,0.925715236194278,0.0109900027426371,0.763888888888889,301.555555555556,0.988888888888889,0,0,365.25,0,0.0401589196157747,0.0217292783829732
"rec_bg",4,0.7,250,2,90,0,0.96019627411843,0.00804644358604912,0.888198602794411,167.333333333333,1,0.0777777777777778,0.0777777777777778,226.375,0.0318425631213195,0.153706108081943,0.0137714075405706
"rec_bg",4,0.7,250,3,90,0,0.973602794411178,0.00529604462889308,0.9395874916833,107.527777777778,1,0.711111111111111,0.711111111111111,151.375,0.606012363467672,0.801840597969026,0.00632334787943724
"rec_bg",4,0.7,320,1,90,0,0.928459747172322,0.00940182873143447,0.77060878243513,289.388888888889,1,0,0,361.375,0,0.0401589196157747,0.0253461372064448
"rec_bg",4,0.7,320,2,90,0,0.960520625415835,0.00734457562791116,0.890477378576181,161,1,0.133333333333333,0.133333333333333,218.875,0.0708362050670467,0.22132650051665,0.011742373575904
"rec_bg",4,0.7,320,3,90,0,0.974866932801065,0.00493955622023734,0.941259148369927,101.861111111111,1,0.755555555555556,0.755555555555556,142.5,0.653623273417598,0.840030706956979,0.00699222929886909
"rec_bg",4,0.7,400,1,90,0,0.927769461077844,0.00927053144073954,0.775615435795076,300.388888888889,1,0,0,374.125,0,0.0401589196157747,0.0244016102890422
"rec_bg",4,0.7,400,2,90,0,0.961302395209581,0.00687522156966913,0.893754158349967,160.666666666667,1,0.133333333333333,0.133333333333333,232.75,0.0708362050670467,0.22132650051665,0.0140441341970144
"rec_bg",4,0.7,400,3,90,0,0.975557218895542,0.00446312334249556,0.944078509647372,101.972222222222,1,0.777777777777778,0.777777777777778,142.5,0.677873187672902,0.85866310153463,0.00752887543143956
"rec_drag",1,0.6,20,1,300,0,0.903056387225549,0.0242733789948042,0.760785928143712,41.6166666666667,0.536666666666667,0.293333333333333,0.153333333333333,72.5,0.114498080943745,0.19917704759921,0.00941679314115691
"rec_drag",1,0.6,20,2,300,0,0.954795409181637,0.0191645585472343,0.886833832335329,18.1083333333333,0.993333333333333,0.913333333333333,0.906666666666667,40,0.867935174150351,0.937082340731279,0.00684894384557558
"rec_drag",1,0.6,20,3,300,0,0.982040918163673,0.0113667848031144,0.9537250499002,11.4916666666667,1,0.976666666666667,0.976666666666667,25,0.952517434970218,0.990568497938205,0.00693276829831845
"rec_drag",1,0.6,40,1,300,0,0.902113273453094,0.0225044366570996,0.753700099800399,29.2166666666667,0.57,0.583333333333333,0.343333333333333,50,0.289721137691196,0.400075425635112,0.00820447597752947
"rec_drag",1,0.6,40,2,300,0,0.958211077844311,0.018408669607796,0.889099301397206,10.825,0.996666666666667,0.996666666666667,0.993333333333333,20,0.976126502427826,0.9991916135872,0.0104211381747994
"rec_drag",1,0.6,40,3,300,0,0.986604291417166,0.011151586247304,0.959141716566866,7.01666666666667,1,1,1,15,0.987779025305706,1,0.0094157586730153
"rec_drag",1,0.6,60,1,200,0,0.903125,0.0233792173752505,0.756545658682635,25.3625,0.565,0.685,0.405,45,0.336334830054617,0.476524975283277,0.00982529141813747
"rec_drag",1,0.6,60,2,200,0,0.958821107784431,0.0182415945700323,0.89060628742515,9.225,0.99,1,0.99,20,0.96434533160276,0.998786650986264,0.0107568842565961
"rec_drag",1,0.6,60,3,200,0,0.989068113772455,0.00914939073622855,0.964071856287425,5.95,1,1,1,10,0.981724659644864,1,0.0114368589477925
"rec_drag",1,0.6,80,1,150,0,0.907045908183633,0.0236257600439288,0.764131736526946,21.5,0.62,0.806666666666667,0.526666666666667,42.5,0.443599019830426,0.608660207918243,0.013603870995215
"rec_drag",1,0.6,80,2,150,0,0.963827345309381,0.0172317231524906,0.903398203592814,7.4,1,1,1,15,0.975707402833891,1,0.0131008856856512
"rec_drag",1,0.6,80,3,150,0,0.99190119760479,0.00794277599528992,0.970793413173653,5.4,1,1,1,10,0.975707402833891,1,0.0115483272035459
"rec_drag",1,0.6,100,1,120,0,0.900748502994012,0.020675922642082,0.755295658682635,20.5416666666667,0.458333333333333,0.866666666666667,0.408333333333333,42.5,0.319504872065732,0.501796621625311,0.00708566568063786
"rec_drag",1,0.6,100,2,120,0,0.962281686626747,0.0169214759410348,0.902569860279441,7.41666666666667,1,1,1,15,0.96972702742258,1,0.0148760127599267
"rec_drag",1,0.6,100,3,120,0,0.992614770459082,0.00725761125668183,0.97310379241517,5.08333333333333,1,1,1,5,0.96972702742258,1,0.0128236060432741
"rec_drag",1,0.6,120,1,100,0,0.903248502994012,0.0233538604540122,0.759902694610778,17.05,0.52,0.96,0.49,30,0.388644165161638,0.591963670844546,0.00972086363818969
"rec_drag",1,0.6,120,2,100,0,0.964955089820359,0.0169378187120188,0.905793413173653,7.25,1,1,1,15,0.963783307354824,1,0.0163081898699508
"rec_drag",1,0.6,120,3,100,0,0.992866766467066,0.00867789826426913,0.974947604790419,5.25,1,1,1,5.24999999999999,0.963783307354824,1,0.0117257133133849
"rec_drag",1,0.6,160,1,90,0,0.908166999334664,0.0230315356295969,0.767207252162342,16.1666666666667,0.7,0.955555555555556,0.666666666666667,30,0.559450626987195,0.762567572559463,0.0144371928697682
"rec_drag",1,0.6,160,2,90,0,0.969078509647372,0.0171947665757448,0.913814038589488,6.55555555555556,1,1,1,10,0.959841080384225,1,0.0174536864802841
"rec_drag",1,0.6,160,3,90,0,0.995192947438456,0.00497004794614922,0.978484697272122,5,1,1,1,5,0.959841080384225,1,0.0118223329662538
"rec_drag",1,0.6,200,1,90,0,0.909331337325349,0.0206186896358381,0.776264138389887,13.4444444444444,0.688888888888889,0.988888888888889,0.688888888888889,25,0.582608477192247,0.782330467148609,0.0164074523219834
"rec_drag",1,0.6,200,2,90,0,0.972014304723886,0.0150558893407431,0.917997338656021,6,1,1,1,10,0.959841080384225,1,0.0196307469677298
"rec_drag",1,0.6,200,3,90,0,0.996174318030606,0.00364873494704479,0.980963073852295,5,1,1,1,5,0.959841080384225,1,0.0113118338743212
"rec_drag",1,0.6,250,1,90,0,0.905214570858283,0.0205909644326538,0.761560212907518,12.8333333333333,0.688888888888889,0.988888888888889,0.677777777777778,30,0.570999632569603,0.772479693711437,0.0117750117467255
"rec_drag",1,0.6,250,2,90,0,0.971398868928809,0.0153862512306241,0.914337990685296,5.55555555555556,1,1,1,10,0.959841080384225,1,0.0211561702282463
"rec_drag",1,0.6,250,3,90,0,0.996739853626081,0.00309798750156198,0.97982368596141,5,1,1,1,5,0.959841080384225,1,0.0121666925635284
"rec_drag",1,0.6,320,1,90,0,0.908915502328676,0.0231367972822822,0.771049567531603,10.8888888888889,0.688888888888889,1,0.688888888888889,20,0.582608477192247,0.782330467148609,0.0159220009288484
"rec_drag",1,0.6,320,2,90,0,0.978418163672655,0.0127866099086294,0.932443446440452,5.27777777777778,1,1,1,7.74999999999999,0.959841080384225,1,0.0259630846353375
"rec_drag",1,0.6,320,3,90,0,0.997729540918164,0.00244661684896404,0.985894876912841,5,1,1,1,5,0.959841080384225,1,0.00946317882834474
"rec_drag",1,0.6,400,1,90,0,0.907900864936793,0.0221456825829986,0.7645874916833,9.5,0.622222222222222,1,0.622222222222222,17.75,0.513825989207765,0.722335461397739,0.0144027192576724
"rec_drag",1,0.6,400,2,90,0,0.979341317365269,0.0117429203483969,0.930597139055223,5.5,1,1,1,10,0.959841080384225,1,0.0275165146726623
"rec_drag",1,0.6,400,3,90,0,0.997804391217565,0.00192326634541046,0.983632734530938,5,1,1,1,5,0.959841080384225,1,0.00915835965717382
"rec_drag",2,0.6,20,1,300,0,0.896609281437126,0.0235658879608032,0.747761976047904,130.841666666667,0.46,0.04,0.0266666666666667,212.625,0.0115815677543339,0.051865811960931,0.00917875855431993
"rec_drag",2,0.6,20,2,300,0.0033333333333333,0.942172511164961,0.017057209907588,0.867217070874972,74.2140468227425,0.993333333333333,0.33,0.326666666666667,120,0.273875534895732,0.382922292908096,0.00357162454109864
"rec_drag",2,0.6,20,3,300,0.00666666666666671,0.968218763814653,0.0125642501983291,0.930577603182896,50.7046979865772,0.993333333333333,0.71,0.71,90.3749999999999,0.65508391075449,0.76071332550029,0.00346658672109281
"rec_drag",2,0.6,40,1,300,0,0.898710079840319,0.022483594809967,0.753872255489022,107.116666666667,0.503333333333333,0.0366666666666667,0.0233333333333333,165.125,0.00943150206179464,0.0474825650297819,0.0103398754335319
"rec_drag",2,0.6,40,2,300,0,0.945808383233533,0.0188113966802635,0.874426147704591,56.45,0.976666666666667,0.606666666666667,0.603333333333333,90,0.545511256734127,0.659093312001432,0.0050386424082763
"rec_drag",2,0.6,40,3,300,0,0.971409680638723,0.0134398711656169,0.936501996007984,34.55,1,0.973333333333333,0.973333333333333,60,0.948134188039069,0.988418432245666,0.00454136224658967
"rec_drag",2,0.6,60,1,200,0,0.897249251497006,0.0226621286055623,0.749491017964072,97.95,0.505,0.065,0.05,140,0.0242341654721085,0.0900275377013514,0.00993940965709057
"rec_drag",2,0.6,60,2,200,0,0.948061377245509,0.0184841914229752,0.876755239520958,50.875,0.995,0.73,0.725,77.5,0.65757458137625,0.785622584756905,0.00767708397586396
"rec_drag",2,0.6,60,3,200,0,0.973345808383233,0.0125297477381441,0.93876871257485,28.5375,1,0.985,0.985,52.625,0.956791718082287,0.996895892378446,0.00537021904174114
"rec_drag",2,0.6,80,1,150,0,0.900074850299401,0.0232606044334061,0.755249500998004,84.9166666666667,0.513333333333333,0.153333333333333,0.0866666666666667,122.5,0.0469552202394472,0.143642723283387,0.0126792464909894
"rec_drag",2,0.6,80,2,150,0,0.949021956087824,0.0179127475725888,0.876427145708583,43.1,0.986666666666667,0.826666666666667,0.813333333333333,72.5,0.741640927146537,0.872231734401109,0.00712337479821463
"rec_drag",2,0.6,80,3,150,0,0.974006986027944,0.0125443183346535,0.93934630738523,24.05,1,1,1,40,0.975707402833891,1,0.00503355161953757
"rec_drag",2,0.6,100,1,120,0,0.897398952095808,0.0224032769323904,0.750929391217565,77.9583333333333,0.416666666666667,0.175,0.0666666666666667,105,0.0292191843137964,0.127136748239213,0.00950222772730002
"rec_drag",2,0.6,100,2,120,0,0.949326347305389,0.0194936131891219,0.878025199600798,37.9791666666667,0.983333333333333,0.941666666666667,0.925,62.5,0.862398942109633,0.965132609388038,0.0082204593805207
"rec_drag",2,0.6,100,3,120,0,0.977869261477046,0.0121813581492931,0.947186876247505,21,1,1,1,35,0.96972702742258,1,0.00807055167590617
"rec_drag",2,0.6,120,1,100,0,0.899333832335329,0.0231283510223983,0.754468562874251,77.95,0.5,0.16,0.11,110,0.0562070202854875,0.188301132196443,0.0112024401272607
"rec_drag",2,0.6,120,2,100,0,0.949116766467066,0.0206586442836412,0.880755988023952,34.85,0.98,0.96,0.94,60,0.873970065419177,0.977665113928684,0.00672208480265177
"rec_drag",2,0.6,120,3,100,0,0.977866766467066,0.0118917597100992,0.948697604790419,19.2,1,1,1,35,0.963783307354824,1,0.00834322422697133
"rec_drag",2,0.6,160,1,90,0,0.903833998669328,0.0246803877772139,0.761801397205589,76.75,0.522222222222222,0.144444444444444,0.1,102.5,0.0467553152741643,0.181359972883932,0.0167016641128528
"rec_drag",2,0.6,160,2,90,0,0.953684298070526,0.0157534973562388,0.887292082501663,35.2777777777778,1,0.977777777777778,0.977777777777778,52.5,0.922022314522336,0.997297364149852,0.00905357602364009
"rec_drag",2,0.6,160,3,90,0,0.97895874916833,0.0109608278414537,0.947712907518297,19.4444444444444,1,1,1,30,0.959841080384225,1,0.00684089763254786
"rec_drag",2,0.6,200,1,90,0,0.900923153692615,0.0200610632736817,0.754349634065203,71.1666666666667,0.533333333333333,0.311111111111111,0.166666666666667,100,0.0963914275891819,0.25995055360842,0.0136691928898034
"rec_drag",2,0.6,200,2,90,0,0.953584497671324,0.0173470673417168,0.886477045908184,31,1,1,1,50,0.959841080384225,1,0.0102686051170621
"rec_drag",2,0.6,200,3,90,0,0.980863273453094,0.0108671612941769,0.952969061876248,16.5,1,1,1,27.75,0.959841080384225,1,0.00868942601623081
"rec_drag",2,0.6,250,1,90,0,0.902445109780439,0.0223564745695437,0.762674650698603,67.0555555555556,0.511111111111111,0.333333333333333,0.177777777777778,90.25,0.105169079872637,0.272584765203105,0.0143980312022278
"rec_drag",2,0.6,250,2,90,0,0.953060545575516,0.0173698235540962,0.888389886892881,26.5555555555556,1,1,1,38.875,0.959841080384225,1,0.00901907351746133
"rec_drag",2,0.6,250,3,90,0,0.982002661343979,0.00900297458996549,0.952769461077844,14.5,1,1,1,20,0.959841080384225,1,0.0096709047218536
"rec_drag",2,0.6,320,1,90,0,0.906037924151697,0.021557797307442,0.770966400532269,66.7777777777778,0.577777777777778,0.322222222222222,0.222222222222222,90,0.14133689846537,0.322126812327098,0.0185633279000238
"rec_drag",2,0.6,320,2,90,0,0.956711576846307,0.017404582269668,0.89392880904857,26.2222222222222,1,1,1,45,0.959841080384225,1,0.0105175976672303
"rec_drag",2,0.6,320,3,90,0,0.983848968729208,0.00988234041824514,0.95875748502994,15.0555555555556,1,1,1,25,0.959841080384225,1,0.00941077544136219
"rec_drag",2,0.6,400,1,90,0,0.903784098469727,0.0216280450923429,0.761818030605456,61.2777777777778,0.6,0.455555555555556,0.266666666666667,80,0.178918961135762,0.370322387111767,0.0156617842506387
"rec_drag",2,0.6,400,2,90,0,0.955089820359281,0.0145741739614665,0.888714238190286,22.3333333333333,1,1,1,35,0.959841080384225,1,0.00981267532718003
"rec_drag",2,0.6,400,3,90,0,0.984730538922156,0.00930073327365813,0.95794244843646,13.1666666666667,1,1,1,20,0.959841080384225,1,0.0107992343678323
"rec_drag",3,0.6,20,1,300,0.04,0.884587595642049,0.0214700132303294,0.727950349301397,257.473958333333,0.233333333333333,0.00666666666666667,0,376.625,0,0.0122209746942935,0.003199540898362
"rec_drag",3,0.6,20,2,300,0.12,0.931276651242969,0.0175379193153104,0.848592587552168,159.782196969697,0.836666666666667,0.0633333333333333,0.0633333333333333,249.625,0.0385580198283761,0.0971381966071202,0.00352802916893486
"rec_drag",3,0.6,20,3,300,0.183333333333333,0.955572528412563,0.0135425869975704,0.909318098496884,116.469387755102,0.816666666666667,0.263333333333333,0.263333333333333,199.5,0.214383647966014,0.317025119425248,0.00273768788952707
"rec_drag",3,0.6,40,1,300,0.00666666666666671,0.888626270948037,0.021052223448568,0.737290519631877,216.082214765101,0.303333333333333,0.00666666666666667,0.00333333333333333,317.5,8.43891323178005e-05,0.0184312520480678,0.00703926446476581
"rec_drag",3,0.6,40,2,300,0.0133333333333333,0.934751274478071,0.0165507118730195,0.855690645735556,132.5,0.966666666666667,0.166666666666667,0.166666666666667,208.125,0.126305691888667,0.21375567879992,0.00466131263053044
"rec_drag",3,0.6,40,3,300,0.02,0.959934722391951,0.0130342694218881,0.918716139150271,89.0051020408163,0.98,0.543333333333333,0.543333333333333,135,0.48511007923522,0.600692407542499,0.00378136480568846
"rec_drag",3,0.6,60,1,200,0,0.892200598802395,0.0214343840110155,0.744019461077844,197.0375,0.355,0,0,270,0,0.0182753403551362,0.00970204846093694
"rec_drag",3,0.6,60,2,200,0,0.938656437125749,0.0179727360868681,0.862668413173653,114.3625,0.975,0.265,0.265,172.75,0.205239091385922,0.331870092208618,0.00671661636351007
"rec_drag",3,0.6,60,3,200,0,0.962604790419162,0.0126318038561168,0.923405688622755,74.1625,1,0.785,0.785,115,0.721528956115943,0.839818304667664,0.00392604828430053
"rec_drag",3,0.6,80,1,150,0,0.89125249500998,0.0214009170332164,0.742010978043912,189.5,0.32,0.00666666666666667,0.00666666666666667,255.25,0.000168771143109948,0.0365831677405802,0.0104380232372483
"rec_drag",3,0.6,80,2,150,0,0.940309381237525,0.0187257693036638,0.86560878243513,103.1,0.973333333333333,0.333333333333333,0.326666666666667,156.375,0.252404415200991,0.407932795011815,0.00757085502238945
"rec_drag",3,0.6,80,3,150,0,0.96497005988024,0.0134830971689678,0.927539920159681,64.1,1,0.886666666666667,0.886666666666667,97.7499999999999,0.824751361334463,0.932575860352091,0.00462075784605725
"rec_drag",3,0.6,100,1,120,0,0.89127370259481,0.020017875743741,0.742957834331337,186.041666666667,0.325,0,0,252.5,0,0.0302729725774201,0.00959528064675745
"rec_drag",3,0.6,100,2,120,0,0.940518962075848,0.0174848689570955,0.867664670658683,100.354166666667,0.966666666666667,0.408333333333333,0.408333333333333,147.625,0.319504872065732,0.501796621625311,0.0076645361853238
"rec_drag",3,0.6,100,3,120,0,0.964795409181637,0.0122680881750802,0.927894211576846,60.2083333333333,1,0.916666666666667,0.916666666666667,92.5,0.852084570662665,0.959313871131984,0.00475598076217996
"rec_drag",3,0.6,120,1,100,0,0.89375,0.0190110696429297,0.748323353293413,175.4,0.39,0,0,225.5,0,0.0362166926451765,0.0126639957482341
"rec_drag",3,0.6,120,2,100,0,0.939273952095808,0.0160813040214005,0.866085329341317,91.5,0.99,0.49,0.49,125.25,0.388644165161638,0.591963670844546,0.00541666134839998
"rec_drag",3,0.6,120,3,100,0,0.966594311377245,0.0117858308902694,0.931002994011976,54.275,1,1,1,80.125,0.963783307354824,1,0.00631663768657348
"rec_drag",3,0.6,160,1,90,0,0.894835329341317,0.0226913633199367,0.747654690618762,171.055555555556,0.455555555555556,0.0333333333333333,0.0222222222222222,222.5,0.00270263585014776,0.0779776854776639,0.0142831864433941
"rec_drag",3,0.6,160,2,90,0,0.94232368596141,0.0166243342960735,0.872613107119095,86.0277777777778,0.977777777777778,0.644444444444444,0.622222222222222,118.875,0.513825989207765,0.722335461397739,0.00783331819199681
"rec_drag",3,0.6,160,3,90,0,0.968105455755156,0.0104016800346098,0.933008982035928,51.1666666666667,1,1,1,75,0.959841080384225,1,0.00618311772944461
"rec_drag",3,0.6,200,1,90,0,0.894860279441118,0.0216030109193538,0.749750499001996,161.944444444444,0.433333333333333,0,0,201.375,0,0.0401589196157747,0.0129166725393503
"rec_drag",3,0.6,200,2,90,0,0.941941117764471,0.0155322553202088,0.870683632734531,78.0555555555556,1,0.711111111111111,0.711111111111111,110,0.606012363467672,0.801840597969026,0.00751446792617861
"rec_drag",3,0.6,200,3,90,0,0.968779108449767,0.0113716914896861,0.934680638722555,43.2777777777778,1,1,1,62.75,0.959841080384225,1,0.00628793253092539
"rec_drag",3,0.6,250,1,90,0,0.900116433799069,0.0194245276739831,0.762974051896207,149.055555555556,0.588888888888889,0.0111111111111111,0,188.875,0,0.0401589196157747,0.0179402254930099
"rec_drag",3,0.6,250,2,90,0,0.945642049234864,0.0174595903913242,0.882110778443114,71.5,1,0.866666666666667,0.866666666666667,98.875,0.77867349948335,0.929163794932953,0.00791448817446551
"rec_drag",3,0.6,250,3,90,0,0.970109780439122,0.0131547545389496,0.938913838988689,40.0833333333333,1,1,1,60,0.959841080384225,1,0.00570883707454976
"rec_drag",3,0.6,320,1,90,0,0.89685628742515,0.0210934704001946,0.7479125083167,151.388888888889,0.422222222222222,0.0111111111111111,0.0111111111111111,192.5,0.000281269413942739,0.0603574805747319,0.0147282737632538
"rec_drag",3,0.6,320,2,90,0,0.946107784431138,0.0170640681021928,0.874500998003992,70.3333333333333,1,0.877777777777778,0.877777777777778,100,0.7918257953654,0.937379390599158,0.00975391748160382
"rec_drag",3,0.6,320,3,90,0,0.971565202927478,0.0109660242030662,0.938414836992681,40.5,1,1,1,61.375,0.959841080384225,1,0.0066804613925868
"rec_drag",3,0.6,400,1,90,0,0.896365602129075,0.0213237865801318,0.750823353293413,141.944444444444,0.466666666666667,0.0444444444444444,0.0222222222222222,178.875,0.00270263585014776,0.0779776854776639,0.0144332743443766
"rec_drag",3,0.6,400,2,90,0,0.943529607451763,0.0172315082577842,0.87106620093147,65.2222222222222,1,0.944444444444444,0.944444444444444,92.75,0.875097334070983,0.981717454185116,0.00712304342341088
"rec_drag",3,0.6,400,3,90,0,0.971432135728543,0.010833046676952,0.934347970725216,36.6388888888889,1,1,1,55,0.959841080384225,1,0.007561997514577
"rec_drag",4,0.6,20,1,300,0.26,0.87887063710417,0.0215287175519359,0.714459594324864,381.542792792793,0.12,0,0,527.5,0,0.0122209746942935,0.00340557623491755
"rec_drag",4,0.6,20,2,300,0.45,0.92185628742515,0.0169823742432862,0.829400290328434,262.954545454545,0.496666666666667,0.00666666666666667,0.00666666666666667,373.5,0.000808386412799792,0.0238734975721736,0.00216082985544064
"rec_drag",4,0.6,20,3,300,0.603333333333333,0.946151814019021,0.0132388893517112,0.893366628088361,194.495798319328,0.396666666666667,0.0433333333333333,0.0433333333333333,297,0.0232718410046824,0.072961464220282,0.0018115030443315
"rec_drag",4,0.6,40,1,300,0.0833333333333334,0.880636908002177,0.0198451193810572,0.716284703320631,361.409090909091,0.146666666666667,0.00333333333333333,0,514.75,0,0.0122209746942935,0.00467354900588434
"rec_drag",4,0.6,40,2,300,0.133333333333333,0.925391524643022,0.0169599734164436,0.834926301243667,228.682692307692,0.786666666666667,0.03,0.03,340,0.013807819555526,0.0561835482416158,0.00458631500734794
"rec_drag",4,0.6,40,3,300,0.193333333333333,0.949290468649478,0.0135672471986327,0.900081036274558,162.913223140496,0.803333333333333,0.176666666666667,0.176666666666667,257.375,0.135225617081405,0.224626886741393,0.00320996142308064
"rec_drag",4,0.6,60,1,200,0.03,0.882863139699982,0.0206660454273495,0.723856410889561,334.871134020619,0.19,0,0,455.875,0,0.0182753403551362,0.00679263251846822
"rec_drag",4,0.6,60,2,200,0.04,0.92578125,0.0159510711738874,0.840054266467066,212.8515625,0.905,0.025,0.025,305,0.00816616619084252,0.0573743511268459,0.00374742516455185
"rec_drag",4,0.6,60,3,200,0.05,0.949007248660574,0.0135844691603551,0.900126063662149,147.526315789474,0.95,0.235,0.235,212.5,0.178070734600686,0.299961872647249,0.00211427992727237
"rec_drag",4,0.6,80,1,150,0,0.883662674650699,0.0209721353813221,0.729805389221557,320.383333333333,0.206666666666667,0.00666666666666667,0,418.875,0,0.0242925971661085,0.00783984466132671
"rec_drag",4,0.6,80,2,150,0.00666666666666671,0.928309488405739,0.01770529906467,0.84697383755978,195.184563758389,0.926666666666667,0.0466666666666667,0.0466666666666667,276.5,0.0189655696345775,0.0937858649877965,0.0051467255645309
"rec_drag",4,0.6,80,3,150,0.00666666666666671,0.952472571635253,0.0151746579011516,0.907788449945746,129.781879194631,0.993333333333333,0.426666666666667,0.426666666666667,194,0.346352594519322,0.509935911881796,0.00484837781800065
"rec_drag",4,0.6,100,1,120,0,0.886620508982036,0.0189123992113617,0.73628368263473,308.020833333333,0.25,0,0,420.5,0,0.0302729725774201,0.0108404048823211
"rec_drag",4,0.6,100,2,120,0.0083333333333333,0.929735067679767,0.0154524784134078,0.851802697126755,176.890756302521,0.958333333333333,0.0583333333333333,0.0583333333333333,242.5,0.0237720237905191,0.116498379645615,0.00524301915746967
"rec_drag",4,0.6,100,3,120,0.0083333333333333,0.952976400140895,0.0122603580080173,0.909582096311578,119.306722689076,0.991666666666667,0.516666666666667,0.516666666666667,177.75,0.423663654832708,0.60882774378066,0.00359060063873126
"rec_drag",4,0.6,120,1,100,0,0.888226047904192,0.0206822099361819,0.737634730538922,296.85,0.27,0,0,375.5,0,0.0362166926451765,0.0114423499404787
"rec_drag",4,0.6,120,2,100,0,0.932372754491018,0.0178275800020416,0.855853293413174,168.975,0.97,0.16,0.16,235.125,0.0943102899739462,0.246787597410862,0.00669258905598726
"rec_drag",4,0.6,120,3,100,0,0.957395209580838,0.0122057115970747,0.917342814371258,105.65,1,0.68,0.68,155,0.579233138368377,0.769780083238423,0.00568313190468878
"rec_drag",4,0.6,160,1,90,0,0.886676646706587,0.0188243649959535,0.729299733865602,289.972222222222,0.277777777777778,0,0,375.5,0,0.0401589196157747,0.0116948667343283
"rec_drag",4,0.6,160,2,90,0,0.931179308050566,0.0166666905877234,0.848835662009315,162.027777777778,0.944444444444444,0.177777777777778,0.177777777777778,231.375,0.105169079872637,0.272584765203105,0.00607073745987096
"rec_drag",4,0.6,160,3,90,0,0.955755156353959,0.0130614173415749,0.91103626081171,101.305555555556,1,0.755555555555556,0.755555555555556,154.125,0.653623273417598,0.840030706956979,0.00450488702663629
"rec_drag",4,0.6,200,1,90,0,0.887242182302063,0.0194394942103839,0.735703592814371,275.916666666667,0.311111111111111,0,0,350,0,0.0401589196157747,0.0116345838860726
"rec_drag",4,0.6,200,2,90,0,0.932759481037924,0.0159924106431299,0.856104457751164,153.583333333333,0.955555555555556,0.177777777777778,0.177777777777778,205,0.105169079872637,0.272584765203105,0.00773579035877485
"rec_drag",4,0.6,200,3,90,0,0.959339654025283,0.0121372928260803,0.920375914836993,92.0833333333333,1,0.888888888888889,0.888888888888889,138,0.805141363211405,0.94541439504987,0.00657618929663753
"rec_drag",4,0.6,250,1,90,0,0.892015968063872,0.0185599983013692,0.74503493013972,259.833333333333,0.388888888888889,0,0,339.125,0,0.0401589196157747,0.0166778172966011
"rec_drag",4,0.6,250,2,90,0,0.936161011310712,0.0176341841010115,0.865385894876913,141.75,0.966666666666667,0.288888888888889,0.288888888888889,190,0.198159402030974,0.393987636532328,0.00759753460880923
"rec_drag",4,0.6,250,3,90,0,0.959747172322023,0.0130976743191152,0.922987358616101,88.9166666666667,1,0.922222222222222,0.922222222222222,125,0.846293891918057,0.96815743687868,0.00538517451191476
"rec_drag",4,0.6,320,1,90,0,0.890943113772455,0.0204612372500457,0.739229873586161,255.111111111111,0.3,0,0,335,0,0.0401589196157747,0.0169060508039244
"rec_drag",4,0.6,320,2,90,0,0.938489687292082,0.0160027705702936,0.86523619427811,134.722222222222,0.977777777777778,0.322222222222222,0.322222222222222,186.375,0.227520306288563,0.429000367430397,0.0111844246936165
"rec_drag",4,0.6,320,3,90,0,0.964038589487691,0.0106464548702096,0.927919161676647,80.7777777777778,1,0.988888888888889,0.988888888888889,112.5,0.939642519425268,0.999718730586057,0.00796143790504838
"rec_drag",4,0.6,400,1,90,0,0.887009314703926,0.0175298759522799,0.742040918163673,255.944444444444,0.255555555555556,0,0,310,0,0.0401589196157747,0.0121217846634472
"rec_drag",4,0.6,400,2,90,0,0.936302395209581,0.0136775735366055,0.865934797072522,128.833333333333,0.988888888888889,0.433333333333333,0.433333333333333,170,0.329184284821458,0.541994250777973,0.0107220556486024
"rec_drag",4,0.6,400,3,90,0,0.96144377910845,0.0114906403539502,0.927694610778443,77.0277777777778,1,0.966666666666667,0.966666666666667,110,0.905663906586864,0.99307239726899,0.00661268228024112
