"design","n_test","c_or_k","reps","genotype_all","n_crosses","n_plots","cost_total","nursery_rows","resp","feasible","resp_per_1000","budget"
"sparse",150,5,1,FALSE,750,750,59225,300,6.05020046309293,TRUE,0.102156191863114,60000
"sparse",100,3,3,FALSE,300,900,56650,200,5.87431889641501,TRUE,0.103694949627803,60000
"sparse",100,2,4,FALSE,200,800,52900,200,5.65159265928039,TRUE,0.106835399986397,60000
"sparse",100,2,4,TRUE,200,800,57900,200,5.65159265928039,TRUE,0.0976095450652918,60000
"sparse",200,3,1,FALSE,600,600,57300,400,5.63594742467007,TRUE,0.0983585937987796,60000
"sparse",200,3,1,TRUE,600,600,57300,400,5.63594742467007,TRUE,0.0983585937987796,60000
"sparse",150,2,2,FALSE,300,600,51350,300,5.572423616451,TRUE,0.10851847354335,60000
"sparse",150,2,2,TRUE,300,600,53850,300,5.572423616451,TRUE,0.103480475700111,60000
"sparse",100,3,2,FALSE,300,600,47650,200,5.41485934475001,TRUE,0.113638181421826,60000
"sparse",100,3,2,TRUE,300,600,52650,200,5.41485934475001,TRUE,0.102846331334283,60000
"sparse",100,2,3,FALSE,200,600,46900,200,5.33357360914481,TRUE,0.113722251794132,60000
"sparse",100,2,3,TRUE,200,600,51900,200,5.33357360914481,TRUE,0.102766350850574,60000
"sparse",100,5,1,FALSE,500,500,46150,200,5.24549671293115,TRUE,0.113661900605225,60000
"sparse",100,5,1,TRUE,500,500,51150,200,5.24549671293115,TRUE,0.102551255384773,60000
"sparse",150,3,1,FALSE,450,450,47975,300,5.18496768089991,TRUE,0.108076449836371,60000
"sparse",150,3,1,TRUE,450,450,50475,300,5.18496768089991,TRUE,0.102723480552747,60000
"tester",100,4,1,FALSE,784,784,57664,272,4.92237168784582,TRUE,0.0853629940317325,60000
"sparse",200,2,1,FALSE,400,400,49800,400,4.88339306248505,TRUE,0.0980601016563263,60000
"sparse",200,2,1,TRUE,400,400,49800,400,4.88339306248505,TRUE,0.0980601016563263,60000
"tester",100,2,2,FALSE,396,792,54562,236,4.8312663260435,TRUE,0.0885463569158664,60000
"sparse",100,2,2,FALSE,200,400,40900,200,4.8312663260435,TRUE,0.118123871052408,60000
"tester",100,2,2,TRUE,396,792,59562,236,4.8312663260435,TRUE,0.0811132320278617,60000
"sparse",100,2,2,TRUE,200,400,45900,200,4.8312663260435,TRUE,0.105256346972625,60000
"sparse",50,10,2,FALSE,500,1000,58050,150,4.66535391316712,TRUE,0.0803678538013285,60000
"tester",100,1,4,FALSE,199,796,52988.5,218,4.66327024338154,TRUE,0.088005326502572,60000
"tester",100,1,4,TRUE,199,796,57988.5,218,4.66327024338154,TRUE,0.0804171558736911,60000
"sparse",50,5,4,FALSE,250,1000,55575,100,4.59973960647388,TRUE,0.0827663446958864,60000
"tester",100,3,1,FALSE,591,591,50210.5,254,4.49534376467768,TRUE,0.0895299541864286,60000
"sparse",100,3,1,FALSE,300,300,38650,200,4.49534376467768,TRUE,0.116309023665658,60000
"tester",100,3,1,TRUE,591,591,55210.5,254,4.49534376467768,TRUE,0.0814218991800052,60000
"sparse",100,3,1,TRUE,300,300,43650,200,4.49534376467768,TRUE,0.102986111447369,60000
"tester",150,2,1,FALSE,596,596,54146,358,4.49263154785339,TRUE,0.0829725473322755,60000
"sparse",150,2,1,FALSE,300,300,42350,300,4.49263154785339,TRUE,0.106083389559702,60000
"tester",150,2,1,TRUE,596,596,56646,358,4.49263154785339,TRUE,0.0793106582610138,60000
"sparse",150,2,1,TRUE,300,300,44850,300,4.49263154785339,TRUE,0.100170157142773,60000
"sparse",50,5,3,FALSE,250,750,48075,100,4.45017444210191,TRUE,0.0925673310889633,60000
"sparse",50,5,3,TRUE,250,750,55575,100,4.45017444210191,TRUE,0.0800751136680505,60000
"tester",150,1,2,FALSE,299,598,51630.5,329,4.38921832936544,TRUE,0.0850121213113458,60000
"tester",150,1,2,TRUE,299,598,54130.5,329,4.38921832936544,TRUE,0.0810858634109317,60000
"tester",100,1,3,FALSE,199,597,47018.5,218,4.31632270750954,TRUE,0.0918005191043853,60000
"tester",100,1,3,TRUE,199,597,52018.5,218,4.31632270750954,TRUE,0.0829766853621219,60000
"sparse",50,3,4,FALSE,150,600,42825,100,4.24532746554521,TRUE,0.0991319898551128,60000
"sparse",50,3,4,TRUE,150,600,50325,100,4.24532746554521,TRUE,0.0843582208752152,60000
"sparse",50,10,1,FALSE,500,500,43050,150,4.23959640342247,TRUE,0.0984807526927403,60000
"sparse",50,10,1,TRUE,500,500,50550,150,4.23959640342247,TRUE,0.0838693650528679,60000
"sparse",50,5,2,FALSE,250,500,40575,100,4.19017554233964,TRUE,0.103269883976331,60000
"sparse",50,5,2,TRUE,250,500,48075,100,4.19017554233964,TRUE,0.0871591376461703,60000
"tester",50,3,3,FALSE,291,873,52396.5,127,4.05322845639789,TRUE,0.0773568550647064,60000
"sparse",50,3,3,FALSE,150,450,38325,100,4.05322845639789,TRUE,0.105759385685529,60000
"tester",50,3,3,TRUE,291,873,59896.5,127,4.05322845639789,TRUE,0.0676705392869014,60000
"sparse",50,3,3,TRUE,150,450,45825,100,4.05322845639789,TRUE,0.0884501572590919,60000
"tester",50,4,2,FALSE,384,768,50052,136,4.0012446323107,TRUE,0.0799417532228622,60000
"tester",50,4,2,TRUE,384,768,57552,136,4.0012446323107,TRUE,0.0695239893020347,60000
"tester",50,2,4,FALSE,196,784,48906,118,3.89954930852401,TRUE,0.0797356011230526,60000
"sparse",50,2,4,FALSE,100,400,36450,100,3.89954930852401,TRUE,0.106983520124116,60000
"tester",50,2,4,TRUE,196,784,56406,118,3.89954930852401,TRUE,0.0691335905493035,60000
"sparse",50,2,4,TRUE,100,400,43950,100,3.89954930852401,TRUE,0.0887269467240958,60000
"tester",100,2,1,FALSE,396,396,42682,236,3.89509143712381,TRUE,0.0912584095666512,60000
"sparse",100,2,1,FALSE,200,200,34900,200,3.89509143712381,TRUE,0.111607204502115,60000
"tester",100,2,1,TRUE,396,396,47682,236,3.89509143712381,TRUE,0.081688927417554,60000
"sparse",100,2,1,TRUE,200,200,39900,200,3.89509143712381,TRUE,0.0976213392762859,60000
"tester",100,1,2,FALSE,199,398,41048.5,218,3.80543263970689,TRUE,0.0927057660988073,60000
"tester",100,1,2,TRUE,199,398,46048.5,218,3.80543263970689,TRUE,0.0826396655636317,60000
"tester",50,3,2,FALSE,291,582,43666.5,127,3.73620540024257,TRUE,0.0855622823043425,60000
"sparse",50,3,2,FALSE,150,300,33825,100,3.73620540024257,TRUE,0.11045692240185,60000
"tester",50,3,2,TRUE,291,582,51166.5,127,3.73620540024257,TRUE,0.0730205388338575,60000
"sparse",50,3,2,TRUE,150,300,41325,100,3.73620540024257,TRUE,0.0904102940167591,60000
"tester",200,1,1,FALSE,399,399,50218.5,438,3.69395115424534,TRUE,0.073557576475708,60000
"tester",200,1,1,TRUE,399,399,50218.5,438,3.69395115424534,TRUE,0.073557576475708,60000
"tester",50,2,3,FALSE,196,588,43026,118,3.68011895644135,TRUE,0.0855324444856913,60000
"sparse",50,2,3,FALSE,100,300,33450,100,3.68011895644135,TRUE,0.110018503929487,60000
"tester",50,2,3,TRUE,196,588,50526,118,3.68011895644135,TRUE,0.0728361429054616,60000
"sparse",50,2,3,TRUE,100,300,40950,100,3.68011895644135,TRUE,0.0898685947848926,60000
"sparse",50,5,1,FALSE,250,250,33075,100,3.61934667145317,TRUE,0.109428470792235,60000
"sparse",50,5,1,TRUE,250,250,40575,100,3.61934667145317,TRUE,0.0892013967086425,60000
"tester",150,1,1,FALSE,299,299,42660.5,329,3.39836693042009,TRUE,0.0796607383978173,60000
"tester",150,1,1,TRUE,299,299,45160.5,329,3.39836693042009,TRUE,0.075250870349533,60000
"tester",50,4,1,FALSE,384,384,38532,136,3.39639324149052,TRUE,0.0881447431093771,60000
"tester",50,4,1,TRUE,384,384,46032,136,3.39639324149052,TRUE,0.0737833081658524,60000
"tester",50,2,2,FALSE,196,392,37146,118,3.33353134183898,TRUE,0.0897413272448979,60000
"sparse",50,2,2,FALSE,100,200,30450,100,3.33353134183898,TRUE,0.109475577728702,60000
"tester",50,2,2,TRUE,196,392,44646,118,3.33353134183898,TRUE,0.0746658455816641,60000
"sparse",50,2,2,TRUE,100,200,37950,100,3.33353134183898,TRUE,0.087840088058998,60000
"tester",50,1,4,FALSE,99,396,36430.5,109,3.21761551996822,TRUE,0.0883220246762527,60000
"tester",50,1,4,TRUE,99,396,43930.5,109,3.21761551996822,TRUE,0.0732433166016372,60000
"tester",50,3,1,FALSE,291,291,34936.5,127,3.10174772421737,TRUE,0.0887824402621147,60000
"sparse",50,3,1,FALSE,150,150,29325,100,3.10174772421737,TRUE,0.105771448396159,60000
"tester",50,3,1,TRUE,291,291,42436.5,127,3.10174772421737,TRUE,0.0730915067033655,60000
"sparse",50,3,1,TRUE,150,150,36825,100,3.10174772421737,TRUE,0.0842294018796299,60000
"tester",50,1,3,FALSE,99,297,33460.5,109,2.97822476674716,TRUE,0.0890071806083938,60000
"tester",50,1,3,TRUE,99,297,40960.5,109,2.97822476674716,TRUE,0.0727096780251013,60000
"tester",100,1,1,FALSE,199,199,35078.5,218,2.94636891316153,TRUE,0.083993583339126,60000
"tester",100,1,1,TRUE,199,199,40078.5,218,2.94636891316153,TRUE,0.0735149497401732,60000
"tester",50,2,1,FALSE,196,196,31266,118,2.68757888899373,TRUE,0.0859585136887908,60000
"sparse",50,2,1,FALSE,100,100,27450,100,2.68757888899373,TRUE,0.0979081562474949,60000
"tester",50,2,1,TRUE,196,196,38766,118,2.68757888899373,TRUE,0.0693282486971505,60000
"sparse",50,2,1,TRUE,100,100,34950,100,2.68757888899373,TRUE,0.076897822288805,60000
"tester",50,1,2,FALSE,99,198,30490.5,109,2.62571510606591,TRUE,0.0861158428384548,60000
"tester",50,1,2,TRUE,99,198,37990.5,109,2.62571510606591,TRUE,0.0691150447102804,60000
"tester",50,1,1,FALSE,99,99,27520.5,109,2.03296867814933,TRUE,0.0738710662287867,60000
"tester",50,1,1,TRUE,99,99,35020.5,109,2.03296867814933,TRUE,0.0580508181821883,60000
"sparse",200,10,4,FALSE,2000,8000,292200,600,8.96286316673274,FALSE,0.0306737274699957,60000
"sparse",200,10,4,TRUE,2000,8000,292200,600,8.96286316673274,FALSE,0.0306737274699957,60000
"sparse",200,10,3,FALSE,2000,6000,232200,600,8.79176799970136,FALSE,0.0378629112820903,60000
"sparse",200,10,3,TRUE,2000,6000,232200,600,8.79176799970136,FALSE,0.0378629112820903,60000
"sparse",200,10,2,FALSE,2000,4000,172200,600,8.47705606964637,FALSE,0.0492279678841252,60000
"sparse",200,10,2,TRUE,2000,4000,172200,600,8.47705606964637,FALSE,0.0492279678841252,60000
"sparse",200,5,4,FALSE,1000,4000,162300,400,8.35783335532244,FALSE,0.0514962005873225,60000
"sparse",200,5,4,TRUE,1000,4000,162300,400,8.35783335532244,FALSE,0.0514962005873225,60000
"sparse",150,10,4,FALSE,1500,6000,224150,450,8.24566880173798,FALSE,0.0367863876945705,60000
"sparse",150,10,4,TRUE,1500,6000,226650,450,8.24566880173798,FALSE,0.0363806256419059,60000
"tester",200,4,4,FALSE,1584,6336,238584,552,8.09790904113478,FALSE,0.0339415427737601,60000
"tester",200,4,4,TRUE,1584,6336,238584,552,8.09790904113478,FALSE,0.0339415427737601,60000
"sparse",150,10,3,FALSE,1500,4500,179150,450,8.08826440375997,FALSE,0.0451480011373708,60000
"sparse",150,10,3,TRUE,1500,4500,181650,450,8.08826440375997,FALSE,0.0445266413639415,60000
"sparse",200,5,3,FALSE,1000,3000,132300,400,8.08606998901731,FALSE,0.0611191987076139,60000
"sparse",200,5,3,TRUE,1000,3000,132300,400,8.08606998901731,FALSE,0.0611191987076139,60000
"sparse",150,10,2,FALSE,1500,3000,134150,450,7.79873523267756,FALSE,0.058134440795211,60000
"sparse",150,10,2,TRUE,1500,3000,136650,450,7.79873523267756,FALSE,0.0570708761996163,60000
"tester",200,4,3,FALSE,1584,4752,191064,552,7.79148531308887,FALSE,0.0407794525032914,60000
"tester",200,4,3,TRUE,1584,4752,191064,552,7.79148531308887,FALSE,0.0407794525032914,60000
"tester",200,3,4,FALSE,1191,4764,188020.5,514,7.71385829012181,FALSE,0.0410266874629193,60000
"sparse",200,3,4,FALSE,600,2400,111300,400,7.71385829012181,FALSE,0.0693069028762068,60000
"tester",200,3,4,TRUE,1191,4764,188020.5,514,7.71385829012181,FALSE,0.0410266874629193,60000
"sparse",200,3,4,TRUE,600,2400,111300,400,7.71385829012181,FALSE,0.0693069028762068,60000
"sparse",200,10,1,FALSE,2000,2000,112200,600,7.70344481756276,FALSE,0.0686581534542135,60000
"sparse",200,10,1,TRUE,2000,2000,112200,600,7.70344481756276,FALSE,0.0686581534542135,60000
"sparse",150,5,4,FALSE,750,3000,126725,300,7.68905253445138,FALSE,0.0606751038425834,60000
"sparse",150,5,4,TRUE,750,3000,129225,300,7.68905253445138,FALSE,0.0595012771093162,60000
"sparse",200,5,2,FALSE,1000,2000,102300,400,7.61364596881369,FALSE,0.0744246917772599,60000
"sparse",200,5,2,TRUE,1000,2000,102300,400,7.61364596881369,FALSE,0.0744246917772599,60000
"tester",150,4,4,FALSE,1184,4736,183452,416,7.44992695946041,FALSE,0.0406096796952904,60000
"tester",150,4,4,TRUE,1184,4736,185952,416,7.44992695946041,FALSE,0.0400637097716637,60000
"sparse",150,5,3,FALSE,750,2250,104225,300,7.43903524987262,FALSE,0.0713747685284013,60000
"sparse",150,5,3,TRUE,750,2250,106725,300,7.43903524987262,FALSE,0.0697028367287198,60000
"tester",200,3,3,FALSE,1191,3573,152290.5,514,7.36480994314231,FALSE,0.0483602716068455,60000
"sparse",200,3,3,FALSE,600,1800,93300,400,7.36480994314231,FALSE,0.0789368697014181,60000
"tester",200,3,3,TRUE,1191,3573,152290.5,514,7.36480994314231,FALSE,0.0483602716068455,60000
"sparse",200,3,3,TRUE,600,1800,93300,400,7.36480994314231,FALSE,0.0789368697014181,60000
"tester",200,4,2,FALSE,1584,3168,143544,552,7.27035413127818,FALSE,0.0506489587253956,60000
"tester",200,4,2,TRUE,1584,3168,143544,552,7.27035413127818,FALSE,0.0506489587253956,60000
"tester",150,4,3,FALSE,1184,3552,147932,416,7.1680227813582,FALSE,0.0484548493994416,60000
"tester",150,4,3,TRUE,1184,3552,150432,416,7.1680227813582,FALSE,0.0476495877297264,60000
"sparse",100,10,4,FALSE,1000,4000,156100,300,7.14895793276316,FALSE,0.0457972961740113,60000
"sparse",100,10,4,TRUE,1000,4000,161100,300,7.14895793276316,FALSE,0.0443759027483747,60000
"tester",150,3,4,FALSE,891,3564,145746.5,387,7.09660735198658,FALSE,0.0486914426897838,60000
"sparse",150,3,4,FALSE,450,1800,88475,300,7.09660735198658,FALSE,0.0802103119749825,60000
"tester",150,3,4,TRUE,891,3564,148246.5,387,7.09660735198658,FALSE,0.047870319717407,60000
"sparse",150,3,4,TRUE,450,1800,90975,300,7.09660735198658,FALSE,0.0780061264301905,60000
"sparse",150,10,1,FALSE,1500,1500,89150,450,7.08702714929904,FALSE,0.0794955372888283,60000
"sparse",150,10,1,TRUE,1500,1500,91650,450,7.08702714929904,FALSE,0.0773270829165199,60000
"tester",200,2,4,FALSE,796,3184,137202,476,7.0855713735698,FALSE,0.0516433534027915,60000
"sparse",200,2,4,FALSE,400,1600,85800,400,7.0855713735698,FALSE,0.0825824169413729,60000
"tester",200,2,4,TRUE,796,3184,137202,476,7.0855713735698,FALSE,0.0516433534027915,60000
"sparse",200,2,4,TRUE,400,1600,85800,400,7.0855713735698,FALSE,0.0825824169413729,60000
"sparse",100,10,3,FALSE,1000,3000,126100,300,7.01248902446315,FALSE,0.0556105394485579,60000
"sparse",100,10,3,TRUE,1000,3000,131100,300,7.01248902446315,FALSE,0.0534896187983459,60000
"sparse",150,5,2,FALSE,750,1500,81725,300,7.00441386470596,FALSE,0.0857071136703084,60000
"sparse",150,5,2,TRUE,750,1500,84225,300,7.00441386470596,FALSE,0.0831631209819645,60000
"tester",200,3,2,FALSE,1191,2382,116560.5,514,6.78877171058411,FALSE,0.0582424724549407,60000
"sparse",200,3,2,FALSE,600,1200,75300,400,6.78877171058411,FALSE,0.0901563308178501,60000
"tester",200,3,2,TRUE,1191,2382,116560.5,514,6.78877171058411,FALSE,0.0582424724549407,60000
"sparse",200,3,2,TRUE,600,1200,75300,400,6.78877171058411,FALSE,0.0901563308178501,60000
"tester",150,3,3,FALSE,891,2673,119016.5,387,6.77548931063682,FALSE,0.0569289914477138,60000
"sparse",150,3,3,FALSE,450,1350,74975,300,6.77548931063682,FALSE,0.0903699808020917,60000
"tester",150,3,3,TRUE,891,2673,121516.5,387,6.77548931063682,FALSE,0.0557577720773461,60000
"sparse",150,3,3,TRUE,450,1350,77475,300,6.77548931063682,FALSE,0.087453879453202,60000
"sparse",100,10,2,FALSE,1000,2000,96100,300,6.76146852944403,FALSE,0.0703586735634134,60000
"sparse",100,10,2,TRUE,1000,2000,101100,300,6.76146852944403,FALSE,0.0668790161171516,60000
"tester",150,4,2,FALSE,1184,2368,112412,416,6.68859170587122,FALSE,0.0595006912595739,60000
"tester",150,4,2,TRUE,1184,2368,114912,416,6.68859170587122,FALSE,0.0582062074097677,60000
"tester",200,2,3,FALSE,796,2388,113322,476,6.68686134371824,FALSE,0.0590076185005404,60000
"sparse",200,2,3,FALSE,400,1200,73800,400,6.68686134371824,FALSE,0.090607877286155,60000
"tester",200,2,3,TRUE,796,2388,113322,476,6.68686134371824,FALSE,0.0590076185005404,60000
"sparse",200,2,3,TRUE,400,1200,73800,400,6.68686134371824,FALSE,0.090607877286155,60000
"sparse",100,5,4,FALSE,500,2000,91150,200,6.66637412116442,FALSE,0.0731363041268724,60000
"sparse",100,5,4,TRUE,500,2000,96150,200,6.66637412116442,FALSE,0.0693330641826773,60000
"sparse",200,5,1,FALSE,1000,1000,72300,400,6.57643669493192,FALSE,0.0909603968870252,60000
"sparse",200,5,1,TRUE,1000,1000,72300,400,6.57643669493192,FALSE,0.0909603968870252,60000
"tester",150,2,4,FALSE,596,2384,107786,358,6.51859497692523,FALSE,0.0604771953400741,60000
"sparse",150,2,4,FALSE,300,1200,69350,300,6.51859497692523,FALSE,0.0939956016860163,60000
"tester",150,2,4,TRUE,596,2384,110286,358,6.51859497692523,FALSE,0.0591062780128505,60000
"sparse",150,2,4,TRUE,300,1200,71850,300,6.51859497692523,FALSE,0.0907250518709148,60000
"tester",100,4,4,FALSE,784,3136,128224,272,6.4590533182845,FALSE,0.0503732009474396,60000
"tester",100,4,4,TRUE,784,3136,133224,272,6.4590533182845,FALSE,0.0484826556647789,60000
"sparse",100,5,3,FALSE,500,1500,76150,200,6.44961025483735,FALSE,0.0846961294134911,60000
"sparse",100,5,3,TRUE,500,1500,81150,200,6.44961025483735,FALSE,0.0794776371514153,60000
"tester",150,3,2,FALSE,891,1782,92286.5,387,6.24554476117151,FALSE,0.0676756054371063,60000
"sparse",150,3,2,FALSE,450,900,61475,300,6.24554476117151,FALSE,0.10159487208087,60000
"tester",150,3,2,TRUE,891,1782,94786.5,387,6.24554476117151,FALSE,0.0658906570152027,60000
"sparse",150,3,2,TRUE,450,900,63975,300,6.24554476117151,FALSE,0.0976247715696993,60000
"tester",100,4,3,FALSE,784,2352,104704,272,6.21464365803982,FALSE,0.0593544053526114,60000
"tester",100,4,3,TRUE,784,2352,109704,272,6.21464365803982,FALSE,0.0566491983705227,60000
"tester",200,4,1,FALSE,1584,1584,96024,552,6.17132515100827,FALSE,0.0642685698472077,60000
"tester",200,4,1,TRUE,1584,1584,96024,552,6.17132515100827,FALSE,0.0642685698472077,60000
"tester",100,3,4,FALSE,591,2364,103400.5,254,6.15272680052303,FALSE,0.0595038399284629,60000
"sparse",100,3,4,FALSE,300,1200,65650,200,6.15272680052303,FALSE,0.0937201340521405,60000
"tester",100,3,4,TRUE,591,2364,108400.5,254,6.15272680052303,FALSE,0.0567592105250716,60000
"sparse",100,3,4,TRUE,300,1200,70650,200,6.15272680052303,FALSE,0.0870874281744236,60000
"tester",150,2,3,FALSE,596,1788,89906,358,6.15178910329663,FALSE,0.0684246780336866,60000
"sparse",150,2,3,FALSE,300,900,60350,300,6.15178910329663,FALSE,0.101935196409223,60000
"tester",150,2,3,TRUE,596,1788,92406,358,6.15178910329663,FALSE,0.0665734811949076,60000
"sparse",150,2,3,TRUE,300,900,62850,300,6.15178910329663,FALSE,0.0978804948814101,60000
"sparse",100,10,1,FALSE,1000,1000,66100,300,6.14442080768638,FALSE,0.092956441871201,60000
"sparse",100,10,1,TRUE,1000,1000,71100,300,6.14442080768638,FALSE,0.0864194206425652,60000
"sparse",100,5,2,FALSE,500,1000,61150,200,6.07279545982875,FALSE,0.0993098194575429,60000
"sparse",100,5,2,TRUE,500,1000,66150,200,6.07279545982875,FALSE,0.091803408311848,60000
"tester",200,2,2,FALSE,796,1592,89442,476,6.05710362400115,FALSE,0.0677210217124075,60000
"sparse",200,2,2,FALSE,400,800,61800,400,6.05710362400115,FALSE,0.0980113855016367,60000
"tester",200,2,2,TRUE,796,1592,89442,476,6.05710362400115,FALSE,0.0677210217124075,60000
"sparse",200,2,2,TRUE,400,800,61800,400,6.05710362400115,FALSE,0.0980113855016367,60000
"sparse",150,5,1,TRUE,750,750,61725,300,6.05020046309293,FALSE,0.0980186385272244,60000
"tester",100,3,3,FALSE,591,1773,85670.5,254,5.87431889641501,FALSE,0.0685687476601048,60000
"tester",100,3,3,TRUE,591,1773,90670.5,254,5.87431889641501,FALSE,0.064787542766556,60000
"sparse",100,3,3,TRUE,300,900,61650,200,5.87431889641501,FALSE,0.0952849780440391,60000
"tester",200,1,4,FALSE,399,1596,86128.5,438,5.84648189204975,FALSE,0.0678809208572046,60000
"tester",200,1,4,TRUE,399,1596,86128.5,438,5.84648189204975,FALSE,0.0678809208572046,60000
"tester",100,4,2,FALSE,784,1568,81184,272,5.79897906215,FALSE,0.0714300731936095,60000
"tester",100,4,2,TRUE,784,1568,86184,272,5.79897906215,FALSE,0.0672860282900538,60000
"tester",150,4,1,FALSE,1184,1184,76892,416,5.67750531458796,FALSE,0.0738373993990006,60000
"tester",150,4,1,TRUE,1184,1184,79392,416,5.67750531458796,FALSE,0.0715123099882602,60000
"tester",100,2,4,FALSE,396,1584,78322,236,5.65159265928039,FALSE,0.0721584313383263,60000
"tester",100,2,4,TRUE,396,1584,83322,236,5.65159265928039,FALSE,0.0678283365651376,60000
"tester",200,3,1,FALSE,1191,1191,80830.5,514,5.63594742467007,FALSE,0.0697255049105235,60000
"tester",200,3,1,TRUE,1191,1191,80830.5,514,5.63594742467007,FALSE,0.0697255049105235,60000
"tester",150,2,2,FALSE,596,1192,72026,358,5.572423616451,FALSE,0.0773668344271652,60000
"tester",150,2,2,TRUE,596,1192,74526,358,5.572423616451,FALSE,0.0747715376707592,60000
"tester",100,3,2,FALSE,591,1182,67940.5,254,5.41485934475001,FALSE,0.0797000220008685,60000
"tester",100,3,2,TRUE,591,1182,72940.5,254,5.41485934475001,FALSE,0.0742366633728862,60000
"tester",200,1,3,FALSE,399,1197,74158.5,438,5.4115033512187,FALSE,0.0729721252616855,60000
"tester",200,1,3,TRUE,399,1197,74158.5,438,5.4115033512187,FALSE,0.0729721252616855,60000
"tester",150,1,4,FALSE,299,1196,69570.5,329,5.37865550777722,FALSE,0.0773123020213627,60000
"tester",150,1,4,TRUE,299,1196,72070.5,329,5.37865550777722,FALSE,0.0746304730476022,60000
"tester",100,2,3,FALSE,396,1188,66442,236,5.33357360914481,FALSE,0.0802741279483582,60000
"tester",100,2,3,TRUE,396,1188,71442,236,5.33357360914481,FALSE,0.0746559952009296,60000
"tester",150,3,1,FALSE,891,891,65556.5,387,5.18496768089991,FALSE,0.0790915878806818,60000
"tester",150,3,1,TRUE,891,891,68056.5,387,5.18496768089991,FALSE,0.0761862229309458,60000
"tester",150,1,3,FALSE,299,897,60600.5,329,4.97848327298637,FALSE,0.0821525114972049,60000
"tester",150,1,3,TRUE,299,897,63100.5,329,4.97848327298637,FALSE,0.0788976834254304,60000
"sparse",50,10,4,FALSE,500,2000,88050,150,4.9327181989304,FALSE,0.0560217853370857,60000
"sparse",50,10,4,TRUE,500,2000,95550,150,4.9327181989304,FALSE,0.0516244709464196,60000
"tester",100,4,1,TRUE,784,784,62664,272,4.92237168784582,FALSE,0.0785518270114551,60000
"tester",200,2,1,FALSE,796,796,65562,476,4.88339306248505,FALSE,0.0744851142809104,60000
"tester",200,2,1,TRUE,796,796,65562,476,4.88339306248505,FALSE,0.0744851142809104,60000
"sparse",50,10,3,FALSE,500,1500,73050,150,4.8385558505307,FALSE,0.0662362197197905,60000
"sparse",50,10,3,TRUE,500,1500,80550,150,4.8385558505307,FALSE,0.0600689739358249,60000
"tester",200,1,2,FALSE,399,798,62188.5,438,4.7709851366727,FALSE,0.0767181253233749,60000
"tester",200,1,2,TRUE,399,798,62188.5,438,4.7709851366727,FALSE,0.0767181253233749,60000
"sparse",50,10,2,TRUE,500,1000,65550,150,4.66535391316712,FALSE,0.0711724471879042,60000
"sparse",50,5,4,TRUE,250,1000,63075,100,4.59973960647388,FALSE,0.0729249243991103,60000
"tester",50,4,4,FALSE,384,1536,73092,136,4.45669007296133,FALSE,0.0609737053707838,60000
"tester",50,4,4,TRUE,384,1536,80592,136,4.45669007296133,FALSE,0.0552994102759744,60000
"tester",50,4,3,FALSE,384,1152,61572,136,4.28804955354267,FALSE,0.0696428498918773,60000
"tester",50,4,3,TRUE,384,1152,69072,136,4.28804955354267,FALSE,0.0620808656697746,60000
"tester",50,3,4,FALSE,291,1164,61126.5,127,4.24532746554521,FALSE,0.06945150573884,60000
"tester",50,3,4,TRUE,291,1164,68626.5,127,4.24532746554521,FALSE,0.0618613431479852,60000
"sparse",200,3,2,FALSE,600,1200,75300,400,6.78877171058411,TRUE,0.0901563308178501,80000
"sparse",200,3,2,TRUE,600,1200,75300,400,6.78877171058411,TRUE,0.0901563308178501,80000
"sparse",150,3,3,FALSE,450,1350,74975,300,6.77548931063682,TRUE,0.0903699808020917,80000
"sparse",150,3,3,TRUE,450,1350,77475,300,6.77548931063682,TRUE,0.087453879453202,80000
"sparse",200,2,3,FALSE,400,1200,73800,400,6.68686134371824,TRUE,0.090607877286155,80000
"sparse",200,2,3,TRUE,400,1200,73800,400,6.68686134371824,TRUE,0.090607877286155,80000
"sparse",200,5,1,FALSE,1000,1000,72300,400,6.57643669493192,TRUE,0.0909603968870252,80000
"sparse",200,5,1,TRUE,1000,1000,72300,400,6.57643669493192,TRUE,0.0909603968870252,80000
"sparse",150,2,4,FALSE,300,1200,69350,300,6.51859497692523,TRUE,0.0939956016860163,80000
"sparse",150,2,4,TRUE,300,1200,71850,300,6.51859497692523,TRUE,0.0907250518709148,80000
"sparse",100,5,3,FALSE,500,1500,76150,200,6.44961025483735,TRUE,0.0846961294134911,80000
"sparse",150,3,2,FALSE,450,900,61475,300,6.24554476117151,TRUE,0.10159487208087,80000
"sparse",150,3,2,TRUE,450,900,63975,300,6.24554476117151,TRUE,0.0976247715696993,80000
"sparse",100,3,4,FALSE,300,1200,65650,200,6.15272680052303,TRUE,0.0937201340521405,80000
"sparse",100,3,4,TRUE,300,1200,70650,200,6.15272680052303,TRUE,0.0870874281744236,80000
"sparse",150,2,3,FALSE,300,900,60350,300,6.15178910329663,TRUE,0.101935196409223,80000
"sparse",150,2,3,TRUE,300,900,62850,300,6.15178910329663,TRUE,0.0978804948814101,80000
"sparse",100,10,1,FALSE,1000,1000,66100,300,6.14442080768638,TRUE,0.092956441871201,80000
"sparse",100,10,1,TRUE,1000,1000,71100,300,6.14442080768638,TRUE,0.0864194206425652,80000
"sparse",100,5,2,FALSE,500,1000,61150,200,6.07279545982875,TRUE,0.0993098194575429,80000
"sparse",100,5,2,TRUE,500,1000,66150,200,6.07279545982875,TRUE,0.091803408311848,80000
"sparse",200,2,2,FALSE,400,800,61800,400,6.05710362400115,TRUE,0.0980113855016367,80000
"sparse",200,2,2,TRUE,400,800,61800,400,6.05710362400115,TRUE,0.0980113855016367,80000
"sparse",150,5,1,FALSE,750,750,59225,300,6.05020046309293,TRUE,0.102156191863114,80000
"sparse",150,5,1,TRUE,750,750,61725,300,6.05020046309293,TRUE,0.0980186385272244,80000
"sparse",100,3,3,FALSE,300,900,56650,200,5.87431889641501,TRUE,0.103694949627803,80000
"sparse",100,3,3,TRUE,300,900,61650,200,5.87431889641501,TRUE,0.0952849780440391,80000
"tester",150,4,1,FALSE,1184,1184,76892,416,5.67750531458796,TRUE,0.0738373993990006,80000
"tester",150,4,1,TRUE,1184,1184,79392,416,5.67750531458796,TRUE,0.0715123099882602,80000
"tester",100,2,4,FALSE,396,1584,78322,236,5.65159265928039,TRUE,0.0721584313383263,80000
"sparse",100,2,4,FALSE,200,800,52900,200,5.65159265928039,TRUE,0.106835399986397,80000
"sparse",100,2,4,TRUE,200,800,57900,200,5.65159265928039,TRUE,0.0976095450652918,80000
"sparse",200,3,1,FALSE,600,600,57300,400,5.63594742467007,TRUE,0.0983585937987796,80000
"sparse",200,3,1,TRUE,600,600,57300,400,5.63594742467007,TRUE,0.0983585937987796,80000
"tester",150,2,2,FALSE,596,1192,72026,358,5.572423616451,TRUE,0.0773668344271652,80000
"sparse",150,2,2,FALSE,300,600,51350,300,5.572423616451,TRUE,0.10851847354335,80000
"tester",150,2,2,TRUE,596,1192,74526,358,5.572423616451,TRUE,0.0747715376707592,80000
"sparse",150,2,2,TRUE,300,600,53850,300,5.572423616451,TRUE,0.103480475700111,80000
"tester",100,3,2,FALSE,591,1182,67940.5,254,5.41485934475001,TRUE,0.0797000220008685,80000
"sparse",100,3,2,FALSE,300,600,47650,200,5.41485934475001,TRUE,0.113638181421826,80000
"tester",100,3,2,TRUE,591,1182,72940.5,254,5.41485934475001,TRUE,0.0742366633728862,80000
"sparse",100,3,2,TRUE,300,600,52650,200,5.41485934475001,TRUE,0.102846331334283,80000
"tester",200,1,3,FALSE,399,1197,74158.5,438,5.4115033512187,TRUE,0.0729721252616855,80000
"tester",200,1,3,TRUE,399,1197,74158.5,438,5.4115033512187,TRUE,0.0729721252616855,80000
"tester",150,1,4,FALSE,299,1196,69570.5,329,5.37865550777722,TRUE,0.0773123020213627,80000
"tester",150,1,4,TRUE,299,1196,72070.5,329,5.37865550777722,TRUE,0.0746304730476022,80000
"tester",100,2,3,FALSE,396,1188,66442,236,5.33357360914481,TRUE,0.0802741279483582,80000
"sparse",100,2,3,FALSE,200,600,46900,200,5.33357360914481,TRUE,0.113722251794132,80000
"tester",100,2,3,TRUE,396,1188,71442,236,5.33357360914481,TRUE,0.0746559952009296,80000
"sparse",100,2,3,TRUE,200,600,51900,200,5.33357360914481,TRUE,0.102766350850574,80000
"sparse",100,5,1,FALSE,500,500,46150,200,5.24549671293115,TRUE,0.113661900605225,80000
"sparse",100,5,1,TRUE,500,500,51150,200,5.24549671293115,TRUE,0.102551255384773,80000
"tester",150,3,1,FALSE,891,891,65556.5,387,5.18496768089991,TRUE,0.0790915878806818,80000
"sparse",150,3,1,FALSE,450,450,47975,300,5.18496768089991,TRUE,0.108076449836371,80000
"tester",150,3,1,TRUE,891,891,68056.5,387,5.18496768089991,TRUE,0.0761862229309458,80000
"sparse",150,3,1,TRUE,450,450,50475,300,5.18496768089991,TRUE,0.102723480552747,80000
"tester",150,1,3,FALSE,299,897,60600.5,329,4.97848327298637,TRUE,0.0821525114972049,80000
"tester",150,1,3,TRUE,299,897,63100.5,329,4.97848327298637,TRUE,0.0788976834254304,80000
"tester",100,4,1,FALSE,784,784,57664,272,4.92237168784582,TRUE,0.0853629940317325,80000
"tester",100,4,1,TRUE,784,784,62664,272,4.92237168784582,TRUE,0.0785518270114551,80000
"tester",200,2,1,FALSE,796,796,65562,476,4.88339306248505,TRUE,0.0744851142809104,80000
"sparse",200,2,1,FALSE,400,400,49800,400,4.88339306248505,TRUE,0.0980601016563263,80000
"tester",200,2,1,TRUE,796,796,65562,476,4.88339306248505,TRUE,0.0744851142809104,80000
"sparse",200,2,1,TRUE,400,400,49800,400,4.88339306248505,TRUE,0.0980601016563263,80000
"sparse",50,10,3,FALSE,500,1500,73050,150,4.8385558505307,TRUE,0.0662362197197905,80000
"tester",100,2,2,FALSE,396,792,54562,236,4.8312663260435,TRUE,0.0885463569158664,80000
"sparse",100,2,2,FALSE,200,400,40900,200,4.8312663260435,TRUE,0.118123871052408,80000
"tester",100,2,2,TRUE,396,792,59562,236,4.8312663260435,TRUE,0.0811132320278617,80000
"sparse",100,2,2,TRUE,200,400,45900,200,4.8312663260435,TRUE,0.105256346972625,80000
"tester",200,1,2,FALSE,399,798,62188.5,438,4.7709851366727,TRUE,0.0767181253233749,80000
"tester",200,1,2,TRUE,399,798,62188.5,438,4.7709851366727,TRUE,0.0767181253233749,80000
"sparse",50,10,2,FALSE,500,1000,58050,150,4.66535391316712,TRUE,0.0803678538013285,80000
"sparse",50,10,2,TRUE,500,1000,65550,150,4.66535391316712,TRUE,0.0711724471879042,80000
"tester",100,1,4,FALSE,199,796,52988.5,218,4.66327024338154,TRUE,0.088005326502572,80000
"tester",100,1,4,TRUE,199,796,57988.5,218,4.66327024338154,TRUE,0.0804171558736911,80000
"sparse",50,5,4,FALSE,250,1000,55575,100,4.59973960647388,TRUE,0.0827663446958864,80000
"sparse",50,5,4,TRUE,250,1000,63075,100,4.59973960647388,TRUE,0.0729249243991103,80000
"tester",100,3,1,FALSE,591,591,50210.5,254,4.49534376467768,TRUE,0.0895299541864286,80000
"sparse",100,3,1,FALSE,300,300,38650,200,4.49534376467768,TRUE,0.116309023665658,80000
"tester",100,3,1,TRUE,591,591,55210.5,254,4.49534376467768,TRUE,0.0814218991800052,80000
"sparse",100,3,1,TRUE,300,300,43650,200,4.49534376467768,TRUE,0.102986111447369,80000
"tester",150,2,1,FALSE,596,596,54146,358,4.49263154785339,TRUE,0.0829725473322755,80000
"sparse",150,2,1,FALSE,300,300,42350,300,4.49263154785339,TRUE,0.106083389559702,80000
"tester",150,2,1,TRUE,596,596,56646,358,4.49263154785339,TRUE,0.0793106582610138,80000
"sparse",150,2,1,TRUE,300,300,44850,300,4.49263154785339,TRUE,0.100170157142773,80000
"tester",50,4,4,FALSE,384,1536,73092,136,4.45669007296133,TRUE,0.0609737053707838,80000
"sparse",50,5,3,FALSE,250,750,48075,100,4.45017444210191,TRUE,0.0925673310889633,80000
"sparse",50,5,3,TRUE,250,750,55575,100,4.45017444210191,TRUE,0.0800751136680505,80000
"tester",150,1,2,FALSE,299,598,51630.5,329,4.38921832936544,TRUE,0.0850121213113458,80000
"tester",150,1,2,TRUE,299,598,54130.5,329,4.38921832936544,TRUE,0.0810858634109317,80000
"tester",100,1,3,FALSE,199,597,47018.5,218,4.31632270750954,TRUE,0.0918005191043853,80000
"tester",100,1,3,TRUE,199,597,52018.5,218,4.31632270750954,TRUE,0.0829766853621219,80000
"tester",50,4,3,FALSE,384,1152,61572,136,4.28804955354267,TRUE,0.0696428498918773,80000
"tester",50,4,3,TRUE,384,1152,69072,136,4.28804955354267,TRUE,0.0620808656697746,80000
"tester",50,3,4,FALSE,291,1164,61126.5,127,4.24532746554521,TRUE,0.06945150573884,80000
"sparse",50,3,4,FALSE,150,600,42825,100,4.24532746554521,TRUE,0.0991319898551128,80000
"tester",50,3,4,TRUE,291,1164,68626.5,127,4.24532746554521,TRUE,0.0618613431479852,80000
"sparse",50,3,4,TRUE,150,600,50325,100,4.24532746554521,TRUE,0.0843582208752152,80000
"sparse",50,10,1,FALSE,500,500,43050,150,4.23959640342247,TRUE,0.0984807526927403,80000
"sparse",50,10,1,TRUE,500,500,50550,150,4.23959640342247,TRUE,0.0838693650528679,80000
"sparse",50,5,2,FALSE,250,500,40575,100,4.19017554233964,TRUE,0.103269883976331,80000
"sparse",50,5,2,TRUE,250,500,48075,100,4.19017554233964,TRUE,0.0871591376461703,80000
"tester",50,3,3,FALSE,291,873,52396.5,127,4.05322845639789,TRUE,0.0773568550647064,80000
"sparse",50,3,3,FALSE,150,450,38325,100,4.05322845639789,TRUE,0.105759385685529,80000
"tester",50,3,3,TRUE,291,873,59896.5,127,4.05322845639789,TRUE,0.0676705392869014,80000
"sparse",50,3,3,TRUE,150,450,45825,100,4.05322845639789,TRUE,0.0884501572590919,80000
"tester",50,4,2,FALSE,384,768,50052,136,4.0012446323107,TRUE,0.0799417532228622,80000
"tester",50,4,2,TRUE,384,768,57552,136,4.0012446323107,TRUE,0.0695239893020347,80000
"tester",50,2,4,FALSE,196,784,48906,118,3.89954930852401,TRUE,0.0797356011230526,80000
"sparse",50,2,4,FALSE,100,400,36450,100,3.89954930852401,TRUE,0.106983520124116,80000
"tester",50,2,4,TRUE,196,784,56406,118,3.89954930852401,TRUE,0.0691335905493035,80000
"sparse",50,2,4,TRUE,100,400,43950,100,3.89954930852401,TRUE,0.0887269467240958,80000
"tester",100,2,1,FALSE,396,396,42682,236,3.89509143712381,TRUE,0.0912584095666512,80000
"sparse",100,2,1,FALSE,200,200,34900,200,3.89509143712381,TRUE,0.111607204502115,80000
"tester",100,2,1,TRUE,396,396,47682,236,3.89509143712381,TRUE,0.081688927417554,80000
"sparse",100,2,1,TRUE,200,200,39900,200,3.89509143712381,TRUE,0.0976213392762859,80000
"tester",100,1,2,FALSE,199,398,41048.5,218,3.80543263970689,TRUE,0.0927057660988073,80000
"tester",100,1,2,TRUE,199,398,46048.5,218,3.80543263970689,TRUE,0.0826396655636317,80000
"tester",50,3,2,FALSE,291,582,43666.5,127,3.73620540024257,TRUE,0.0855622823043425,80000
"sparse",50,3,2,FALSE,150,300,33825,100,3.73620540024257,TRUE,0.11045692240185,80000
"tester",50,3,2,TRUE,291,582,51166.5,127,3.73620540024257,TRUE,0.0730205388338575,80000
"sparse",50,3,2,TRUE,150,300,41325,100,3.73620540024257,TRUE,0.0904102940167591,80000
"tester",200,1,1,FALSE,399,399,50218.5,438,3.69395115424534,TRUE,0.073557576475708,80000
"tester",200,1,1,TRUE,399,399,50218.5,438,3.69395115424534,TRUE,0.073557576475708,80000
"tester",50,2,3,FALSE,196,588,43026,118,3.68011895644135,TRUE,0.0855324444856913,80000
"sparse",50,2,3,FALSE,100,300,33450,100,3.68011895644135,TRUE,0.110018503929487,80000
"tester",50,2,3,TRUE,196,588,50526,118,3.68011895644135,TRUE,0.0728361429054616,80000
"sparse",50,2,3,TRUE,100,300,40950,100,3.68011895644135,TRUE,0.0898685947848926,80000
"sparse",50,5,1,FALSE,250,250,33075,100,3.61934667145317,TRUE,0.109428470792235,80000
"sparse",50,5,1,TRUE,250,250,40575,100,3.61934667145317,TRUE,0.0892013967086425,80000
"tester",150,1,1,FALSE,299,299,42660.5,329,3.39836693042009,TRUE,0.0796607383978173,80000
"tester",150,1,1,TRUE,299,299,45160.5,329,3.39836693042009,TRUE,0.075250870349533,80000
"tester",50,4,1,FALSE,384,384,38532,136,3.39639324149052,TRUE,0.0881447431093771,80000
"tester",50,4,1,TRUE,384,384,46032,136,3.39639324149052,TRUE,0.0737833081658524,80000
"tester",50,2,2,FALSE,196,392,37146,118,3.33353134183898,TRUE,0.0897413272448979,80000
"sparse",50,2,2,FALSE,100,200,30450,100,3.33353134183898,TRUE,0.109475577728702,80000
"tester",50,2,2,TRUE,196,392,44646,118,3.33353134183898,TRUE,0.0746658455816641,80000
"sparse",50,2,2,TRUE,100,200,37950,100,3.33353134183898,TRUE,0.087840088058998,80000
"tester",50,1,4,FALSE,99,396,36430.5,109,3.21761551996822,TRUE,0.0883220246762527,80000
"tester",50,1,4,TRUE,99,396,43930.5,109,3.21761551996822,TRUE,0.0732433166016372,80000
"tester",50,3,1,FALSE,291,291,34936.5,127,3.10174772421737,TRUE,0.0887824402621147,80000
"sparse",50,3,1,FALSE,150,150,29325,100,3.10174772421737,TRUE,0.105771448396159,80000
"tester",50,3,1,TRUE,291,291,42436.5,127,3.10174772421737,TRUE,0.0730915067033655,80000
"sparse",50,3,1,TRUE,150,150,36825,100,3.10174772421737,TRUE,0.0842294018796299,80000
"tester",50,1,3,FALSE,99,297,33460.5,109,2.97822476674716,TRUE,0.0890071806083938,80000
"tester",50,1,3,TRUE,99,297,40960.5,109,2.97822476674716,TRUE,0.0727096780251013,80000
"tester",100,1,1,FALSE,199,199,35078.5,218,2.94636891316153,TRUE,0.083993583339126,80000
"tester",100,1,1,TRUE,199,199,40078.5,218,2.94636891316153,TRUE,0.0735149497401732,80000
"tester",50,2,1,FALSE,196,196,31266,118,2.68757888899373,TRUE,0.0859585136887908,80000
"sparse",50,2,1,FALSE,100,100,27450,100,2.68757888899373,TRUE,0.0979081562474949,80000
"tester",50,2,1,TRUE,196,196,38766,118,2.68757888899373,TRUE,0.0693282486971505,80000
"sparse",50,2,1,TRUE,100,100,34950,100,2.68757888899373,TRUE,0.076897822288805,80000
"tester",50,1,2,FALSE,99,198,30490.5,109,2.62571510606591,TRUE,0.0861158428384548,80000
"tester",50,1,2,TRUE,99,198,37990.5,109,2.62571510606591,TRUE,0.0691150447102804,80000
"tester",50,1,1,FALSE,99,99,27520.5,109,2.03296867814933,TRUE,0.0738710662287867,80000
"tester",50,1,1,TRUE,99,99,35020.5,109,2.03296867814933,TRUE,0.0580508181821883,80000
"sparse",200,10,4,FALSE,2000,8000,292200,600,8.96286316673274,FALSE,0.0306737274699957,80000
"sparse",200,10,4,TRUE,2000,8000,292200,600,8.96286316673274,FALSE,0.0306737274699957,80000
"sparse",200,10,3,FALSE,2000,6000,232200,600,8.79176799970136,FALSE,0.0378629112820903,80000
"sparse",200,10,3,TRUE,2000,6000,232200,600,8.79176799970136,FALSE,0.0378629112820903,80000
"sparse",200,10,2,FALSE,2000,4000,172200,600,8.47705606964637,FALSE,0.0492279678841252,80000
"sparse",200,10,2,TRUE,2000,4000,172200,600,8.47705606964637,FALSE,0.0492279678841252,80000
"sparse",200,5,4,FALSE,1000,4000,162300,400,8.35783335532244,FALSE,0.0514962005873225,80000
"sparse",200,5,4,TRUE,1000,4000,162300,400,8.35783335532244,FALSE,0.0514962005873225,80000
"sparse",150,10,4,FALSE,1500,6000,224150,450,8.24566880173798,FALSE,0.0367863876945705,80000
"sparse",150,10,4,TRUE,1500,6000,226650,450,8.24566880173798,FALSE,0.0363806256419059,80000
"tester",200,4,4,FALSE,1584,6336,238584,552,8.09790904113478,FALSE,0.0339415427737601,80000
"tester",200,4,4,TRUE,1584,6336,238584,552,8.09790904113478,FALSE,0.0339415427737601,80000
"sparse",150,10,3,FALSE,1500,4500,179150,450,8.08826440375997,FALSE,0.0451480011373708,80000
"sparse",150,10,3,TRUE,1500,4500,181650,450,8.08826440375997,FALSE,0.0445266413639415,80000
"sparse",200,5,3,FALSE,1000,3000,132300,400,8.08606998901731,FALSE,0.0611191987076139,80000
"sparse",200,5,3,TRUE,1000,3000,132300,400,8.08606998901731,FALSE,0.0611191987076139,80000
"sparse",150,10,2,FALSE,1500,3000,134150,450,7.79873523267756,FALSE,0.058134440795211,80000
"sparse",150,10,2,TRUE,1500,3000,136650,450,7.79873523267756,FALSE,0.0570708761996163,80000
"tester",200,4,3,FALSE,1584,4752,191064,552,7.79148531308887,FALSE,0.0407794525032914,80000
"tester",200,4,3,TRUE,1584,4752,191064,552,7.79148531308887,FALSE,0.0407794525032914,80000
"tester",200,3,4,FALSE,1191,4764,188020.5,514,7.71385829012181,FALSE,0.0410266874629193,80000
"sparse",200,3,4,FALSE,600,2400,111300,400,7.71385829012181,FALSE,0.0693069028762068,80000
"tester",200,3,4,TRUE,1191,4764,188020.5,514,7.71385829012181,FALSE,0.0410266874629193,80000
"sparse",200,3,4,TRUE,600,2400,111300,400,7.71385829012181,FALSE,0.0693069028762068,80000
"sparse",200,10,1,FALSE,2000,2000,112200,600,7.70344481756276,FALSE,0.0686581534542135,80000
"sparse",200,10,1,TRUE,2000,2000,112200,600,7.70344481756276,FALSE,0.0686581534542135,80000
"sparse",150,5,4,FALSE,750,3000,126725,300,7.68905253445138,FALSE,0.0606751038425834,80000
"sparse",150,5,4,TRUE,750,3000,129225,300,7.68905253445138,FALSE,0.0595012771093162,80000
"sparse",200,5,2,FALSE,1000,2000,102300,400,7.61364596881369,FALSE,0.0744246917772599,80000
"sparse",200,5,2,TRUE,1000,2000,102300,400,7.61364596881369,FALSE,0.0744246917772599,80000
"tester",150,4,4,FALSE,1184,4736,183452,416,7.44992695946041,FALSE,0.0406096796952904,80000
"tester",150,4,4,TRUE,1184,4736,185952,416,7.44992695946041,FALSE,0.0400637097716637,80000
"sparse",150,5,3,FALSE,750,2250,104225,300,7.43903524987262,FALSE,0.0713747685284013,80000
"sparse",150,5,3,TRUE,750,2250,106725,300,7.43903524987262,FALSE,0.0697028367287198,80000
"tester",200,3,3,FALSE,1191,3573,152290.5,514,7.36480994314231,FALSE,0.0483602716068455,80000
"sparse",200,3,3,FALSE,600,1800,93300,400,7.36480994314231,FALSE,0.0789368697014181,80000
"tester",200,3,3,TRUE,1191,3573,152290.5,514,7.36480994314231,FALSE,0.0483602716068455,80000
"sparse",200,3,3,TRUE,600,1800,93300,400,7.36480994314231,FALSE,0.0789368697014181,80000
"tester",200,4,2,FALSE,1584,3168,143544,552,7.27035413127818,FALSE,0.0506489587253956,80000
"tester",200,4,2,TRUE,1584,3168,143544,552,7.27035413127818,FALSE,0.0506489587253956,80000
"tester",150,4,3,FALSE,1184,3552,147932,416,7.1680227813582,FALSE,0.0484548493994416,80000
"tester",150,4,3,TRUE,1184,3552,150432,416,7.1680227813582,FALSE,0.0476495877297264,80000
"sparse",100,10,4,FALSE,1000,4000,156100,300,7.14895793276316,FALSE,0.0457972961740113,80000
"sparse",100,10,4,TRUE,1000,4000,161100,300,7.14895793276316,FALSE,0.0443759027483747,80000
"tester",150,3,4,FALSE,891,3564,145746.5,387,7.09660735198658,FALSE,0.0486914426897838,80000
"sparse",150,3,4,FALSE,450,1800,88475,300,7.09660735198658,FALSE,0.0802103119749825,80000
"tester",150,3,4,TRUE,891,3564,148246.5,387,7.09660735198658,FALSE,0.047870319717407,80000
"sparse",150,3,4,TRUE,450,1800,90975,300,7.09660735198658,FALSE,0.0780061264301905,80000
"sparse",150,10,1,FALSE,1500,1500,89150,450,7.08702714929904,FALSE,0.0794955372888283,80000
"sparse",150,10,1,TRUE,1500,1500,91650,450,7.08702714929904,FALSE,0.0773270829165199,80000
"tester",200,2,4,FALSE,796,3184,137202,476,7.0855713735698,FALSE,0.0516433534027915,80000
"sparse",200,2,4,FALSE,400,1600,85800,400,7.0855713735698,FALSE,0.0825824169413729,80000
"tester",200,2,4,TRUE,796,3184,137202,476,7.0855713735698,FALSE,0.0516433534027915,80000
"sparse",200,2,4,TRUE,400,1600,85800,400,7.0855713735698,FALSE,0.0825824169413729,80000
"sparse",100,10,3,FALSE,1000,3000,126100,300,7.01248902446315,FALSE,0.0556105394485579,80000
"sparse",100,10,3,TRUE,1000,3000,131100,300,7.01248902446315,FALSE,0.0534896187983459,80000
"sparse",150,5,2,FALSE,750,1500,81725,300,7.00441386470596,FALSE,0.0857071136703084,80000
"sparse",150,5,2,TRUE,750,1500,84225,300,7.00441386470596,FALSE,0.0831631209819645,80000
"tester",200,3,2,FALSE,1191,2382,116560.5,514,6.78877171058411,FALSE,0.0582424724549407,80000
"tester",200,3,2,TRUE,1191,2382,116560.5,514,6.78877171058411,FALSE,0.0582424724549407,80000
"tester",150,3,3,FALSE,891,2673,119016.5,387,6.77548931063682,FALSE,0.0569289914477138,80000
"tester",150,3,3,TRUE,891,2673,121516.5,387,6.77548931063682,FALSE,0.0557577720773461,80000
"sparse",100,10,2,FALSE,1000,2000,96100,300,6.76146852944403,FALSE,0.0703586735634134,80000
"sparse",100,10,2,TRUE,1000,2000,101100,300,6.76146852944403,FALSE,0.0668790161171516,80000
"tester",150,4,2,FALSE,1184,2368,112412,416,6.68859170587122,FALSE,0.0595006912595739,80000
"tester",150,4,2,TRUE,1184,2368,114912,416,6.68859170587122,FALSE,0.0582062074097677,80000
"tester",200,2,3,FALSE,796,2388,113322,476,6.68686134371824,FALSE,0.0590076185005404,80000
"tester",200,2,3,TRUE,796,2388,113322,476,6.68686134371824,FALSE,0.0590076185005404,80000
"sparse",100,5,4,FALSE,500,2000,91150,200,6.66637412116442,FALSE,0.0731363041268724,80000
"sparse",100,5,4,TRUE,500,2000,96150,200,6.66637412116442,FALSE,0.0693330641826773,80000
"tester",150,2,4,FALSE,596,2384,107786,358,6.51859497692523,FALSE,0.0604771953400741,80000
"tester",150,2,4,TRUE,596,2384,110286,358,6.51859497692523,FALSE,0.0591062780128505,80000
"tester",100,4,4,FALSE,784,3136,128224,272,6.4590533182845,FALSE,0.0503732009474396,80000
"tester",100,4,4,TRUE,784,3136,133224,272,6.4590533182845,FALSE,0.0484826556647789,80000
"sparse",100,5,3,TRUE,500,1500,81150,200,6.44961025483735,FALSE,0.0794776371514153,80000
"tester",150,3,2,FALSE,891,1782,92286.5,387,6.24554476117151,FALSE,0.0676756054371063,80000
"tester",150,3,2,TRUE,891,1782,94786.5,387,6.24554476117151,FALSE,0.0658906570152027,80000
"tester",100,4,3,FALSE,784,2352,104704,272,6.21464365803982,FALSE,0.0593544053526114,80000
"tester",100,4,3,TRUE,784,2352,109704,272,6.21464365803982,FALSE,0.0566491983705227,80000
"tester",200,4,1,FALSE,1584,1584,96024,552,6.17132515100827,FALSE,0.0642685698472077,80000
"tester",200,4,1,TRUE,1584,1584,96024,552,6.17132515100827,FALSE,0.0642685698472077,80000
"tester",100,3,4,FALSE,591,2364,103400.5,254,6.15272680052303,FALSE,0.0595038399284629,80000
"tester",100,3,4,TRUE,591,2364,108400.5,254,6.15272680052303,FALSE,0.0567592105250716,80000
"tester",150,2,3,FALSE,596,1788,89906,358,6.15178910329663,FALSE,0.0684246780336866,80000
"tester",150,2,3,TRUE,596,1788,92406,358,6.15178910329663,FALSE,0.0665734811949076,80000
"tester",200,2,2,FALSE,796,1592,89442,476,6.05710362400115,FALSE,0.0677210217124075,80000
"tester",200,2,2,TRUE,796,1592,89442,476,6.05710362400115,FALSE,0.0677210217124075,80000
"tester",100,3,3,FALSE,591,1773,85670.5,254,5.87431889641501,FALSE,0.0685687476601048,80000
"tester",100,3,3,TRUE,591,1773,90670.5,254,5.87431889641501,FALSE,0.064787542766556,80000
"tester",200,1,4,FALSE,399,1596,86128.5,438,5.84648189204975,FALSE,0.0678809208572046,80000
"tester",200,1,4,TRUE,399,1596,86128.5,438,5.84648189204975,FALSE,0.0678809208572046,80000
"tester",100,4,2,FALSE,784,1568,81184,272,5.79897906215,FALSE,0.0714300731936095,80000
"tester",100,4,2,TRUE,784,1568,86184,272,5.79897906215,FALSE,0.0672860282900538,80000
"tester",100,2,4,TRUE,396,1584,83322,236,5.65159265928039,FALSE,0.0678283365651376,80000
"tester",200,3,1,FALSE,1191,1191,80830.5,514,5.63594742467007,FALSE,0.0697255049105235,80000
"tester",200,3,1,TRUE,1191,1191,80830.5,514,5.63594742467007,FALSE,0.0697255049105235,80000
"sparse",50,10,4,FALSE,500,2000,88050,150,4.9327181989304,FALSE,0.0560217853370857,80000
"sparse",50,10,4,TRUE,500,2000,95550,150,4.9327181989304,FALSE,0.0516244709464196,80000
"sparse",50,10,3,TRUE,500,1500,80550,150,4.8385558505307,FALSE,0.0600689739358249,80000
"tester",50,4,4,TRUE,384,1536,80592,136,4.45669007296133,FALSE,0.0552994102759744,80000
"sparse",200,3,3,FALSE,600,1800,93300,400,7.36480994314231,TRUE,0.0789368697014181,1e+05
"sparse",200,3,3,TRUE,600,1800,93300,400,7.36480994314231,TRUE,0.0789368697014181,1e+05
"sparse",150,3,4,FALSE,450,1800,88475,300,7.09660735198658,TRUE,0.0802103119749825,1e+05
"sparse",150,3,4,TRUE,450,1800,90975,300,7.09660735198658,TRUE,0.0780061264301905,1e+05
"sparse",150,10,1,FALSE,1500,1500,89150,450,7.08702714929904,TRUE,0.0794955372888283,1e+05
"sparse",150,10,1,TRUE,1500,1500,91650,450,7.08702714929904,TRUE,0.0773270829165199,1e+05
"sparse",200,2,4,FALSE,400,1600,85800,400,7.0855713735698,TRUE,0.0825824169413729,1e+05
"sparse",200,2,4,TRUE,400,1600,85800,400,7.0855713735698,TRUE,0.0825824169413729,1e+05
"sparse",150,5,2,FALSE,750,1500,81725,300,7.00441386470596,TRUE,0.0857071136703084,1e+05
"sparse",150,5,2,TRUE,750,1500,84225,300,7.00441386470596,TRUE,0.0831631209819645,1e+05
"sparse",200,3,2,FALSE,600,1200,75300,400,6.78877171058411,TRUE,0.0901563308178501,1e+05
"sparse",200,3,2,TRUE,600,1200,75300,400,6.78877171058411,TRUE,0.0901563308178501,1e+05
"sparse",150,3,3,FALSE,450,1350,74975,300,6.77548931063682,TRUE,0.0903699808020917,1e+05
"sparse",150,3,3,TRUE,450,1350,77475,300,6.77548931063682,TRUE,0.087453879453202,1e+05
"sparse",100,10,2,FALSE,1000,2000,96100,300,6.76146852944403,TRUE,0.0703586735634134,1e+05
"sparse",200,2,3,FALSE,400,1200,73800,400,6.68686134371824,TRUE,0.090607877286155,1e+05
"sparse",200,2,3,TRUE,400,1200,73800,400,6.68686134371824,TRUE,0.090607877286155,1e+05
"sparse",100,5,4,FALSE,500,2000,91150,200,6.66637412116442,TRUE,0.0731363041268724,1e+05
"sparse",100,5,4,TRUE,500,2000,96150,200,6.66637412116442,TRUE,0.0693330641826773,1e+05
"sparse",200,5,1,FALSE,1000,1000,72300,400,6.57643669493192,TRUE,0.0909603968870252,1e+05
"sparse",200,5,1,TRUE,1000,1000,72300,400,6.57643669493192,TRUE,0.0909603968870252,1e+05
"sparse",150,2,4,FALSE,300,1200,69350,300,6.51859497692523,TRUE,0.0939956016860163,1e+05
"sparse",150,2,4,TRUE,300,1200,71850,300,6.51859497692523,TRUE,0.0907250518709148,1e+05
"sparse",100,5,3,FALSE,500,1500,76150,200,6.44961025483735,TRUE,0.0846961294134911,1e+05
"sparse",100,5,3,TRUE,500,1500,81150,200,6.44961025483735,TRUE,0.0794776371514153,1e+05
"tester",150,3,2,FALSE,891,1782,92286.5,387,6.24554476117151,TRUE,0.0676756054371063,1e+05
"sparse",150,3,2,FALSE,450,900,61475,300,6.24554476117151,TRUE,0.10159487208087,1e+05
"tester",150,3,2,TRUE,891,1782,94786.5,387,6.24554476117151,TRUE,0.0658906570152027,1e+05
"sparse",150,3,2,TRUE,450,900,63975,300,6.24554476117151,TRUE,0.0976247715696993,1e+05
"tester",200,4,1,FALSE,1584,1584,96024,552,6.17132515100827,TRUE,0.0642685698472077,1e+05
"tester",200,4,1,TRUE,1584,1584,96024,552,6.17132515100827,TRUE,0.0642685698472077,1e+05
"sparse",100,3,4,FALSE,300,1200,65650,200,6.15272680052303,TRUE,0.0937201340521405,1e+05
"sparse",100,3,4,TRUE,300,1200,70650,200,6.15272680052303,TRUE,0.0870874281744236,1e+05
"tester",150,2,3,FALSE,596,1788,89906,358,6.15178910329663,TRUE,0.0684246780336866,1e+05
"sparse",150,2,3,FALSE,300,900,60350,300,6.15178910329663,TRUE,0.101935196409223,1e+05
"tester",150,2,3,TRUE,596,1788,92406,358,6.15178910329663,TRUE,0.0665734811949076,1e+05
"sparse",150,2,3,TRUE,300,900,62850,300,6.15178910329663,TRUE,0.0978804948814101,1e+05
"sparse",100,10,1,FALSE,1000,1000,66100,300,6.14442080768638,TRUE,0.092956441871201,1e+05
"sparse",100,10,1,TRUE,1000,1000,71100,300,6.14442080768638,TRUE,0.0864194206425652,1e+05
"sparse",100,5,2,FALSE,500,1000,61150,200,6.07279545982875,TRUE,0.0993098194575429,1e+05
"sparse",100,5,2,TRUE,500,1000,66150,200,6.07279545982875,TRUE,0.091803408311848,1e+05
"tester",200,2,2,FALSE,796,1592,89442,476,6.05710362400115,TRUE,0.0677210217124075,1e+05
"sparse",200,2,2,FALSE,400,800,61800,400,6.05710362400115,TRUE,0.0980113855016367,1e+05
"tester",200,2,2,TRUE,796,1592,89442,476,6.05710362400115,TRUE,0.0677210217124075,1e+05
"sparse",200,2,2,TRUE,400,800,61800,400,6.05710362400115,TRUE,0.0980113855016367,1e+05
"sparse",150,5,1,FALSE,750,750,59225,300,6.05020046309293,TRUE,0.102156191863114,1e+05
"sparse",150,5,1,TRUE,750,750,61725,300,6.05020046309293,TRUE,0.0980186385272244,1e+05
"tester",100,3,3,FALSE,591,1773,85670.5,254,5.87431889641501,TRUE,0.0685687476601048,1e+05
"sparse",100,3,3,FALSE,300,900,56650,200,5.87431889641501,TRUE,0.103694949627803,1e+05
"tester",100,3,3,TRUE,591,1773,90670.5,254,5.87431889641501,TRUE,0.064787542766556,1e+05
"sparse",100,3,3,TRUE,300,900,61650,200,5.87431889641501,TRUE,0.0952849780440391,1e+05
"tester",200,1,4,FALSE,399,1596,86128.5,438,5.84648189204975,TRUE,0.0678809208572046,1e+05
"tester",200,1,4,TRUE,399,1596,86128.5,438,5.84648189204975,TRUE,0.0678809208572046,1e+05
"tester",100,4,2,FALSE,784,1568,81184,272,5.79897906215,TRUE,0.0714300731936095,1e+05
"tester",100,4,2,TRUE,784,1568,86184,272,5.79897906215,TRUE,0.0672860282900538,1e+05
"tester",150,4,1,FALSE,1184,1184,76892,416,5.67750531458796,TRUE,0.0738373993990006,1e+05
"tester",150,4,1,TRUE,1184,1184,79392,416,5.67750531458796,TRUE,0.0715123099882602,1e+05
"tester",100,2,4,FALSE,396,1584,78322,236,5.65159265928039,TRUE,0.0721584313383263,1e+05
"sparse",100,2,4,FALSE,200,800,52900,200,5.65159265928039,TRUE,0.106835399986397,1e+05
"tester",100,2,4,TRUE,396,1584,83322,236,5.65159265928039,TRUE,0.0678283365651376,1e+05
"sparse",100,2,4,TRUE,200,800,57900,200,5.65159265928039,TRUE,0.0976095450652918,1e+05
"tester",200,3,1,FALSE,1191,1191,80830.5,514,5.63594742467007,TRUE,0.0697255049105235,1e+05
"sparse",200,3,1,FALSE,600,600,57300,400,5.63594742467007,TRUE,0.0983585937987796,1e+05
"tester",200,3,1,TRUE,1191,1191,80830.5,514,5.63594742467007,TRUE,0.0697255049105235,1e+05
"sparse",200,3,1,TRUE,600,600,57300,400,5.63594742467007,TRUE,0.0983585937987796,1e+05
"tester",150,2,2,FALSE,596,1192,72026,358,5.572423616451,TRUE,0.0773668344271652,1e+05
"sparse",150,2,2,FALSE,300,600,51350,300,5.572423616451,TRUE,0.10851847354335,1e+05
"tester",150,2,2,TRUE,596,1192,74526,358,5.572423616451,TRUE,0.0747715376707592,1e+05
"sparse",150,2,2,TRUE,300,600,53850,300,5.572423616451,TRUE,0.103480475700111,1e+05
"tester",100,3,2,FALSE,591,1182,67940.5,254,5.41485934475001,TRUE,0.0797000220008685,1e+05
"sparse",100,3,2,FALSE,300,600,47650,200,5.41485934475001,TRUE,0.113638181421826,1e+05
"tester",100,3,2,TRUE,591,1182,72940.5,254,5.41485934475001,TRUE,0.0742366633728862,1e+05
"sparse",100,3,2,TRUE,300,600,52650,200,5.41485934475001,TRUE,0.102846331334283,1e+05
"tester",200,1,3,FALSE,399,1197,74158.5,438,5.4115033512187,TRUE,0.0729721252616855,1e+05
"tester",200,1,3,TRUE,399,1197,74158.5,438,5.4115033512187,TRUE,0.0729721252616855,1e+05
"tester",150,1,4,FALSE,299,1196,69570.5,329,5.37865550777722,TRUE,0.0773123020213627,1e+05
"tester",150,1,4,TRUE,299,1196,72070.5,329,5.37865550777722,TRUE,0.0746304730476022,1e+05
"tester",100,2,3,FALSE,396,1188,66442,236,5.33357360914481,TRUE,0.0802741279483582,1e+05
"sparse",100,2,3,FALSE,200,600,46900,200,5.33357360914481,TRUE,0.113722251794132,1e+05
"tester",100,2,3,TRUE,396,1188,71442,236,5.33357360914481,TRUE,0.0746559952009296,1e+05
"sparse",100,2,3,TRUE,200,600,51900,200,5.33357360914481,TRUE,0.102766350850574,1e+05
"sparse",100,5,1,FALSE,500,500,46150,200,5.24549671293115,TRUE,0.113661900605225,1e+05
"sparse",100,5,1,TRUE,500,500,51150,200,5.24549671293115,TRUE,0.102551255384773,1e+05
"tester",150,3,1,FALSE,891,891,65556.5,387,5.18496768089991,TRUE,0.0790915878806818,1e+05
"sparse",150,3,1,FALSE,450,450,47975,300,5.18496768089991,TRUE,0.108076449836371,1e+05
"tester",150,3,1,TRUE,891,891,68056.5,387,5.18496768089991,TRUE,0.0761862229309458,1e+05
"sparse",150,3,1,TRUE,450,450,50475,300,5.18496768089991,TRUE,0.102723480552747,1e+05
"tester",150,1,3,FALSE,299,897,60600.5,329,4.97848327298637,TRUE,0.0821525114972049,1e+05
"tester",150,1,3,TRUE,299,897,63100.5,329,4.97848327298637,TRUE,0.0788976834254304,1e+05
"sparse",50,10,4,FALSE,500,2000,88050,150,4.9327181989304,TRUE,0.0560217853370857,1e+05
"sparse",50,10,4,TRUE,500,2000,95550,150,4.9327181989304,TRUE,0.0516244709464196,1e+05
"tester",100,4,1,FALSE,784,784,57664,272,4.92237168784582,TRUE,0.0853629940317325,1e+05
"tester",100,4,1,TRUE,784,784,62664,272,4.92237168784582,TRUE,0.0785518270114551,1e+05
"tester",200,2,1,FALSE,796,796,65562,476,4.88339306248505,TRUE,0.0744851142809104,1e+05
"sparse",200,2,1,FALSE,400,400,49800,400,4.88339306248505,TRUE,0.0980601016563263,1e+05
"tester",200,2,1,TRUE,796,796,65562,476,4.88339306248505,TRUE,0.0744851142809104,1e+05
"sparse",200,2,1,TRUE,400,400,49800,400,4.88339306248505,TRUE,0.0980601016563263,1e+05
"sparse",50,10,3,FALSE,500,1500,73050,150,4.8385558505307,TRUE,0.0662362197197905,1e+05
"sparse",50,10,3,TRUE,500,1500,80550,150,4.8385558505307,TRUE,0.0600689739358249,1e+05
"tester",100,2,2,FALSE,396,792,54562,236,4.8312663260435,TRUE,0.0885463569158664,1e+05
"sparse",100,2,2,FALSE,200,400,40900,200,4.8312663260435,TRUE,0.118123871052408,1e+05
"tester",100,2,2,TRUE,396,792,59562,236,4.8312663260435,TRUE,0.0811132320278617,1e+05
"sparse",100,2,2,TRUE,200,400,45900,200,4.8312663260435,TRUE,0.105256346972625,1e+05
"tester",200,1,2,FALSE,399,798,62188.5,438,4.7709851366727,TRUE,0.0767181253233749,1e+05
"tester",200,1,2,TRUE,399,798,62188.5,438,4.7709851366727,TRUE,0.0767181253233749,1e+05
"sparse",50,10,2,FALSE,500,1000,58050,150,4.66535391316712,TRUE,0.0803678538013285,1e+05
"sparse",50,10,2,TRUE,500,1000,65550,150,4.66535391316712,TRUE,0.0711724471879042,1e+05
"tester",100,1,4,FALSE,199,796,52988.5,218,4.66327024338154,TRUE,0.088005326502572,1e+05
"tester",100,1,4,TRUE,199,796,57988.5,218,4.66327024338154,TRUE,0.0804171558736911,1e+05
"sparse",50,5,4,FALSE,250,1000,55575,100,4.59973960647388,TRUE,0.0827663446958864,1e+05
"sparse",50,5,4,TRUE,250,1000,63075,100,4.59973960647388,TRUE,0.0729249243991103,1e+05
"tester",100,3,1,FALSE,591,591,50210.5,254,4.49534376467768,TRUE,0.0895299541864286,1e+05
"sparse",100,3,1,FALSE,300,300,38650,200,4.49534376467768,TRUE,0.116309023665658,1e+05
"tester",100,3,1,TRUE,591,591,55210.5,254,4.49534376467768,TRUE,0.0814218991800052,1e+05
"sparse",100,3,1,TRUE,300,300,43650,200,4.49534376467768,TRUE,0.102986111447369,1e+05
"tester",150,2,1,FALSE,596,596,54146,358,4.49263154785339,TRUE,0.0829725473322755,1e+05
"sparse",150,2,1,FALSE,300,300,42350,300,4.49263154785339,TRUE,0.106083389559702,1e+05
"tester",150,2,1,TRUE,596,596,56646,358,4.49263154785339,TRUE,0.0793106582610138,1e+05
"sparse",150,2,1,TRUE,300,300,44850,300,4.49263154785339,TRUE,0.100170157142773,1e+05
"tester",50,4,4,FALSE,384,1536,73092,136,4.45669007296133,TRUE,0.0609737053707838,1e+05
"tester",50,4,4,TRUE,384,1536,80592,136,4.45669007296133,TRUE,0.0552994102759744,1e+05
"sparse",50,5,3,FALSE,250,750,48075,100,4.45017444210191,TRUE,0.0925673310889633,1e+05
"sparse",50,5,3,TRUE,250,750,55575,100,4.45017444210191,TRUE,0.0800751136680505,1e+05
"tester",150,1,2,FALSE,299,598,51630.5,329,4.38921832936544,TRUE,0.0850121213113458,1e+05
"tester",150,1,2,TRUE,299,598,54130.5,329,4.38921832936544,TRUE,0.0810858634109317,1e+05
"tester",100,1,3,FALSE,199,597,47018.5,218,4.31632270750954,TRUE,0.0918005191043853,1e+05
"tester",100,1,3,TRUE,199,597,52018.5,218,4.31632270750954,TRUE,0.0829766853621219,1e+05
"tester",50,4,3,FALSE,384,1152,61572,136,4.28804955354267,TRUE,0.0696428498918773,1e+05
"tester",50,4,3,TRUE,384,1152,69072,136,4.28804955354267,TRUE,0.0620808656697746,1e+05
"tester",50,3,4,FALSE,291,1164,61126.5,127,4.24532746554521,TRUE,0.06945150573884,1e+05
"sparse",50,3,4,FALSE,150,600,42825,100,4.24532746554521,TRUE,0.0991319898551128,1e+05
"tester",50,3,4,TRUE,291,1164,68626.5,127,4.24532746554521,TRUE,0.0618613431479852,1e+05
"sparse",50,3,4,TRUE,150,600,50325,100,4.24532746554521,TRUE,0.0843582208752152,1e+05
"sparse",50,10,1,FALSE,500,500,43050,150,4.23959640342247,TRUE,0.0984807526927403,1e+05
"sparse",50,10,1,TRUE,500,500,50550,150,4.23959640342247,TRUE,0.0838693650528679,1e+05
"sparse",50,5,2,FALSE,250,500,40575,100,4.19017554233964,TRUE,0.103269883976331,1e+05
"sparse",50,5,2,TRUE,250,500,48075,100,4.19017554233964,TRUE,0.0871591376461703,1e+05
"tester",50,3,3,FALSE,291,873,52396.5,127,4.05322845639789,TRUE,0.0773568550647064,1e+05
"sparse",50,3,3,FALSE,150,450,38325,100,4.05322845639789,TRUE,0.105759385685529,1e+05
"tester",50,3,3,TRUE,291,873,59896.5,127,4.05322845639789,TRUE,0.0676705392869014,1e+05
"sparse",50,3,3,TRUE,150,450,45825,100,4.05322845639789,TRUE,0.0884501572590919,1e+05
"tester",50,4,2,FALSE,384,768,50052,136,4.0012446323107,TRUE,0.0799417532228622,1e+05
"tester",50,4,2,TRUE,384,768,57552,136,4.0012446323107,TRUE,0.0695239893020347,1e+05
"tester",50,2,4,FALSE,196,784,48906,118,3.89954930852401,TRUE,0.0797356011230526,1e+05
"sparse",50,2,4,FALSE,100,400,36450,100,3.89954930852401,TRUE,0.106983520124116,1e+05
"tester",50,2,4,TRUE,196,784,56406,118,3.89954930852401,TRUE,0.0691335905493035,1e+05
"sparse",50,2,4,TRUE,100,400,43950,100,3.89954930852401,TRUE,0.0887269467240958,1e+05
"tester",100,2,1,FALSE,396,396,42682,236,3.89509143712381,TRUE,0.0912584095666512,1e+05
"sparse",100,2,1,FALSE,200,200,34900,200,3.89509143712381,TRUE,0.111607204502115,1e+05
"tester",100,2,1,TRUE,396,396,47682,236,3.89509143712381,TRUE,0.081688927417554,1e+05
"sparse",100,2,1,TRUE,200,200,39900,200,3.89509143712381,TRUE,0.0976213392762859,1e+05
"tester",100,1,2,FALSE,199,398,41048.5,218,3.80543263970689,TRUE,0.0927057660988073,1e+05
"tester",100,1,2,TRUE,199,398,46048.5,218,3.80543263970689,TRUE,0.0826396655636317,1e+05
"tester",50,3,2,FALSE,291,582,43666.5,127,3.73620540024257,TRUE,0.0855622823043425,1e+05
"sparse",50,3,2,FALSE,150,300,33825,100,3.73620540024257,TRUE,0.11045692240185,1e+05
"tester",50,3,2,TRUE,291,582,51166.5,127,3.73620540024257,TRUE,0.0730205388338575,1e+05
"sparse",50,3,2,TRUE,150,300,41325,100,3.73620540024257,TRUE,0.0904102940167591,1e+05
"tester",200,1,1,FALSE,399,399,50218.5,438,3.69395115424534,TRUE,0.073557576475708,1e+05
"tester",200,1,1,TRUE,399,399,50218.5,438,3.69395115424534,TRUE,0.073557576475708,1e+05
"tester",50,2,3,FALSE,196,588,43026,118,3.68011895644135,TRUE,0.0855324444856913,1e+05
"sparse",50,2,3,FALSE,100,300,33450,100,3.68011895644135,TRUE,0.110018503929487,1e+05
"tester",50,2,3,TRUE,196,588,50526,118,3.68011895644135,TRUE,0.0728361429054616,1e+05
"sparse",50,2,3,TRUE,100,300,40950,100,3.68011895644135,TRUE,0.0898685947848926,1e+05
"sparse",50,5,1,FALSE,250,250,33075,100,3.61934667145317,TRUE,0.109428470792235,1e+05
"sparse",50,5,1,TRUE,250,250,40575,100,3.61934667145317,TRUE,0.0892013967086425,1e+05
"tester",150,1,1,FALSE,299,299,42660.5,329,3.39836693042009,TRUE,0.0796607383978173,1e+05
"tester",150,1,1,TRUE,299,299,45160.5,329,3.39836693042009,TRUE,0.075250870349533,1e+05
"tester",50,4,1,FALSE,384,384,38532,136,3.39639324149052,TRUE,0.0881447431093771,1e+05
"tester",50,4,1,TRUE,384,384,46032,136,3.39639324149052,TRUE,0.0737833081658524,1e+05
"tester",50,2,2,FALSE,196,392,37146,118,3.33353134183898,TRUE,0.0897413272448979,1e+05
"sparse",50,2,2,FALSE,100,200,30450,100,3.33353134183898,TRUE,0.109475577728702,1e+05
"tester",50,2,2,TRUE,196,392,44646,118,3.33353134183898,TRUE,0.0746658455816641,1e+05
"sparse",50,2,2,TRUE,100,200,37950,100,3.33353134183898,TRUE,0.087840088058998,1e+05
"tester",50,1,4,FALSE,99,396,36430.5,109,3.21761551996822,TRUE,0.0883220246762527,1e+05
"tester",50,1,4,TRUE,99,396,43930.5,109,3.21761551996822,TRUE,0.0732433166016372,1e+05
"tester",50,3,1,FALSE,291,291,34936.5,127,3.10174772421737,TRUE,0.0887824402621147,1e+05
"sparse",50,3,1,FALSE,150,150,29325,100,3.10174772421737,TRUE,0.105771448396159,1e+05
"tester",50,3,1,TRUE,291,291,42436.5,127,3.10174772421737,TRUE,0.0730915067033655,1e+05
"sparse",50,3,1,TRUE,150,150,36825,100,3.10174772421737,TRUE,0.0842294018796299,1e+05
"tester",50,1,3,FALSE,99,297,33460.5,109,2.97822476674716,TRUE,0.0890071806083938,1e+05
"tester",50,1,3,TRUE,99,297,40960.5,109,2.97822476674716,TRUE,0.0727096780251013,1e+05
"tester",100,1,1,FALSE,199,199,35078.5,218,2.94636891316153,TRUE,0.083993583339126,1e+05
"tester",100,1,1,TRUE,199,199,40078.5,218,2.94636891316153,TRUE,0.0735149497401732,1e+05
"tester",50,2,1,FALSE,196,196,31266,118,2.68757888899373,TRUE,0.0859585136887908,1e+05
"sparse",50,2,1,FALSE,100,100,27450,100,2.68757888899373,TRUE,0.0979081562474949,1e+05
"tester",50,2,1,TRUE,196,196,38766,118,2.68757888899373,TRUE,0.0693282486971505,1e+05
"sparse",50,2,1,TRUE,100,100,34950,100,2.68757888899373,TRUE,0.076897822288805,1e+05
"tester",50,1,2,FALSE,99,198,30490.5,109,2.62571510606591,TRUE,0.0861158428384548,1e+05
"tester",50,1,2,TRUE,99,198,37990.5,109,2.62571510606591,TRUE,0.0691150447102804,1e+05
"tester",50,1,1,FALSE,99,99,27520.5,109,2.03296867814933,TRUE,0.0738710662287867,1e+05
"tester",50,1,1,TRUE,99,99,35020.5,109,2.03296867814933,TRUE,0.0580508181821883,1e+05
"sparse",200,10,4,FALSE,2000,8000,292200,600,8.96286316673274,FALSE,0.0306737274699957,1e+05
"sparse",200,10,4,TRUE,2000,8000,292200,600,8.96286316673274,FALSE,0.0306737274699957,1e+05
"sparse",200,10,3,FALSE,2000,6000,232200,600,8.79176799970136,FALSE,0.0378629112820903,1e+05
"sparse",200,10,3,TRUE,2000,6000,232200,600,8.79176799970136,FALSE,0.0378629112820903,1e+05
"sparse",200,10,2,FALSE,2000,4000,172200,600,8.47705606964637,FALSE,0.0492279678841252,1e+05
"sparse",200,10,2,TRUE,2000,4000,172200,600,8.47705606964637,FALSE,0.0492279678841252,1e+05
"sparse",200,5,4,FALSE,1000,4000,162300,400,8.35783335532244,FALSE,0.0514962005873225,1e+05
"sparse",200,5,4,TRUE,1000,4000,162300,400,8.35783335532244,FALSE,0.0514962005873225,1e+05
"sparse",150,10,4,FALSE,1500,6000,224150,450,8.24566880173798,FALSE,0.0367863876945705,1e+05
"sparse",150,10,4,TRUE,1500,6000,226650,450,8.24566880173798,FALSE,0.0363806256419059,1e+05
"tester",200,4,4,FALSE,1584,6336,238584,552,8.09790904113478,FALSE,0.0339415427737601,1e+05
"tester",200,4,4,TRUE,1584,6336,238584,552,8.09790904113478,FALSE,0.0339415427737601,1e+05
"sparse",150,10,3,FALSE,1500,4500,179150,450,8.08826440375997,FALSE,0.0451480011373708,1e+05
"sparse",150,10,3,TRUE,1500,4500,181650,450,8.08826440375997,FALSE,0.0445266413639415,1e+05
"sparse",200,5,3,FALSE,1000,3000,132300,400,8.08606998901731,FALSE,0.0611191987076139,1e+05
"sparse",200,5,3,TRUE,1000,3000,132300,400,8.08606998901731,FALSE,0.0611191987076139,1e+05
"sparse",150,10,2,FALSE,1500,3000,134150,450,7.79873523267756,FALSE,0.058134440795211,1e+05
"sparse",150,10,2,TRUE,1500,3000,136650,450,7.79873523267756,FALSE,0.0570708761996163,1e+05
"tester",200,4,3,FALSE,1584,4752,191064,552,7.79148531308887,FALSE,0.0407794525032914,1e+05
"tester",200,4,3,TRUE,1584,4752,191064,552,7.79148531308887,FALSE,0.0407794525032914,1e+05
"tester",200,3,4,FALSE,1191,4764,188020.5,514,7.71385829012181,FALSE,0.0410266874629193,1e+05
"sparse",200,3,4,FALSE,600,2400,111300,400,7.71385829012181,FALSE,0.0693069028762068,1e+05
"tester",200,3,4,TRUE,1191,4764,188020.5,514,7.71385829012181,FALSE,0.0410266874629193,1e+05
"sparse",200,3,4,TRUE,600,2400,111300,400,7.71385829012181,FALSE,0.0693069028762068,1e+05
"sparse",200,10,1,FALSE,2000,2000,112200,600,7.70344481756276,FALSE,0.0686581534542135,1e+05
"sparse",200,10,1,TRUE,2000,2000,112200,600,7.70344481756276,FALSE,0.0686581534542135,1e+05
"sparse",150,5,4,FALSE,750,3000,126725,300,7.68905253445138,FALSE,0.0606751038425834,1e+05
"sparse",150,5,4,TRUE,750,3000,129225,300,7.68905253445138,FALSE,0.0595012771093162,1e+05
"sparse",200,5,2,FALSE,1000,2000,102300,400,7.61364596881369,FALSE,0.0744246917772599,1e+05
"sparse",200,5,2,TRUE,1000,2000,102300,400,7.61364596881369,FALSE,0.0744246917772599,1e+05
"tester",150,4,4,FALSE,1184,4736,183452,416,7.44992695946041,FALSE,0.0406096796952904,1e+05
"tester",150,4,4,TRUE,1184,4736,185952,416,7.44992695946041,FALSE,0.0400637097716637,1e+05
"sparse",150,5,3,FALSE,750,2250,104225,300,7.43903524987262,FALSE,0.0713747685284013,1e+05
"sparse",150,5,3,TRUE,750,2250,106725,300,7.43903524987262,FALSE,0.0697028367287198,1e+05
"tester",200,3,3,FALSE,1191,3573,152290.5,514,7.36480994314231,FALSE,0.0483602716068455,1e+05
"tester",200,3,3,TRUE,1191,3573,152290.5,514,7.36480994314231,FALSE,0.0483602716068455,1e+05
"tester",200,4,2,FALSE,1584,3168,143544,552,7.27035413127818,FALSE,0.0506489587253956,1e+05
"tester",200,4,2,TRUE,1584,3168,143544,552,7.27035413127818,FALSE,0.0506489587253956,1e+05
"tester",150,4,3,FALSE,1184,3552,147932,416,7.1680227813582,FALSE,0.0484548493994416,1e+05
"tester",150,4,3,TRUE,1184,3552,150432,416,7.1680227813582,FALSE,0.0476495877297264,1e+05
"sparse",100,10,4,FALSE,1000,4000,156100,300,7.14895793276316,FALSE,0.0457972961740113,1e+05
"sparse",100,10,4,TRUE,1000,4000,161100,300,7.14895793276316,FALSE,0.0443759027483747,1e+05
"tester",150,3,4,FALSE,891,3564,145746.5,387,7.09660735198658,FALSE,0.0486914426897838,1e+05
"tester",150,3,4,TRUE,891,3564,148246.5,387,7.09660735198658,FALSE,0.047870319717407,1e+05
"tester",200,2,4,FALSE,796,3184,137202,476,7.0855713735698,FALSE,0.0516433534027915,1e+05
"tester",200,2,4,TRUE,796,3184,137202,476,7.0855713735698,FALSE,0.0516433534027915,1e+05
"sparse",100,10,3,FALSE,1000,3000,126100,300,7.01248902446315,FALSE,0.0556105394485579,1e+05
"sparse",100,10,3,TRUE,1000,3000,131100,300,7.01248902446315,FALSE,0.0534896187983459,1e+05
"tester",200,3,2,FALSE,1191,2382,116560.5,514,6.78877171058411,FALSE,0.0582424724549407,1e+05
"tester",200,3,2,TRUE,1191,2382,116560.5,514,6.78877171058411,FALSE,0.0582424724549407,1e+05
"tester",150,3,3,FALSE,891,2673,119016.5,387,6.77548931063682,FALSE,0.0569289914477138,1e+05
"tester",150,3,3,TRUE,891,2673,121516.5,387,6.77548931063682,FALSE,0.0557577720773461,1e+05
"sparse",100,10,2,TRUE,1000,2000,101100,300,6.76146852944403,FALSE,0.0668790161171516,1e+05
"tester",150,4,2,FALSE,1184,2368,112412,416,6.68859170587122,FALSE,0.0595006912595739,1e+05
"tester",150,4,2,TRUE,1184,2368,114912,416,6.68859170587122,FALSE,0.0582062074097677,1e+05
"tester",200,2,3,FALSE,796,2388,113322,476,6.68686134371824,FALSE,0.0590076185005404,1e+05
"tester",200,2,3,TRUE,796,2388,113322,476,6.68686134371824,FALSE,0.0590076185005404,1e+05
"tester",150,2,4,FALSE,596,2384,107786,358,6.51859497692523,FALSE,0.0604771953400741,1e+05
"tester",150,2,4,TRUE,596,2384,110286,358,6.51859497692523,FALSE,0.0591062780128505,1e+05
"tester",100,4,4,FALSE,784,3136,128224,272,6.4590533182845,FALSE,0.0503732009474396,1e+05
"tester",100,4,4,TRUE,784,3136,133224,272,6.4590533182845,FALSE,0.0484826556647789,1e+05
"tester",100,4,3,FALSE,784,2352,104704,272,6.21464365803982,FALSE,0.0593544053526114,1e+05
"tester",100,4,3,TRUE,784,2352,109704,272,6.21464365803982,FALSE,0.0566491983705227,1e+05
"tester",100,3,4,FALSE,591,2364,103400.5,254,6.15272680052303,FALSE,0.0595038399284629,1e+05
"tester",100,3,4,TRUE,591,2364,108400.5,254,6.15272680052303,FALSE,0.0567592105250716,1e+05
"sparse",200,3,4,FALSE,600,2400,111300,400,7.71385829012181,TRUE,0.0693069028762068,125000
"sparse",200,3,4,TRUE,600,2400,111300,400,7.71385829012181,TRUE,0.0693069028762068,125000
"sparse",200,10,1,FALSE,2000,2000,112200,600,7.70344481756276,TRUE,0.0686581534542135,125000
"sparse",200,10,1,TRUE,2000,2000,112200,600,7.70344481756276,TRUE,0.0686581534542135,125000
"sparse",200,5,2,FALSE,1000,2000,102300,400,7.61364596881369,TRUE,0.0744246917772599,125000
"sparse",200,5,2,TRUE,1000,2000,102300,400,7.61364596881369,TRUE,0.0744246917772599,125000
"sparse",150,5,3,FALSE,750,2250,104225,300,7.43903524987262,TRUE,0.0713747685284013,125000
"sparse",150,5,3,TRUE,750,2250,106725,300,7.43903524987262,TRUE,0.0697028367287198,125000
"sparse",200,3,3,FALSE,600,1800,93300,400,7.36480994314231,TRUE,0.0789368697014181,125000
"sparse",200,3,3,TRUE,600,1800,93300,400,7.36480994314231,TRUE,0.0789368697014181,125000
"sparse",150,3,4,FALSE,450,1800,88475,300,7.09660735198658,TRUE,0.0802103119749825,125000
"sparse",150,3,4,TRUE,450,1800,90975,300,7.09660735198658,TRUE,0.0780061264301905,125000
"sparse",150,10,1,FALSE,1500,1500,89150,450,7.08702714929904,TRUE,0.0794955372888283,125000
"sparse",150,10,1,TRUE,1500,1500,91650,450,7.08702714929904,TRUE,0.0773270829165199,125000
"sparse",200,2,4,FALSE,400,1600,85800,400,7.0855713735698,TRUE,0.0825824169413729,125000
"sparse",200,2,4,TRUE,400,1600,85800,400,7.0855713735698,TRUE,0.0825824169413729,125000
"sparse",150,5,2,FALSE,750,1500,81725,300,7.00441386470596,TRUE,0.0857071136703084,125000
"sparse",150,5,2,TRUE,750,1500,84225,300,7.00441386470596,TRUE,0.0831631209819645,125000
"tester",200,3,2,FALSE,1191,2382,116560.5,514,6.78877171058411,TRUE,0.0582424724549407,125000
"sparse",200,3,2,FALSE,600,1200,75300,400,6.78877171058411,TRUE,0.0901563308178501,125000
"tester",200,3,2,TRUE,1191,2382,116560.5,514,6.78877171058411,TRUE,0.0582424724549407,125000
"sparse",200,3,2,TRUE,600,1200,75300,400,6.78877171058411,TRUE,0.0901563308178501,125000
"tester",150,3,3,FALSE,891,2673,119016.5,387,6.77548931063682,TRUE,0.0569289914477138,125000
"sparse",150,3,3,FALSE,450,1350,74975,300,6.77548931063682,TRUE,0.0903699808020917,125000
"tester",150,3,3,TRUE,891,2673,121516.5,387,6.77548931063682,TRUE,0.0557577720773461,125000
"sparse",150,3,3,TRUE,450,1350,77475,300,6.77548931063682,TRUE,0.087453879453202,125000
"sparse",100,10,2,FALSE,1000,2000,96100,300,6.76146852944403,TRUE,0.0703586735634134,125000
"sparse",100,10,2,TRUE,1000,2000,101100,300,6.76146852944403,TRUE,0.0668790161171516,125000
"tester",150,4,2,FALSE,1184,2368,112412,416,6.68859170587122,TRUE,0.0595006912595739,125000
"tester",150,4,2,TRUE,1184,2368,114912,416,6.68859170587122,TRUE,0.0582062074097677,125000
"tester",200,2,3,FALSE,796,2388,113322,476,6.68686134371824,TRUE,0.0590076185005404,125000
"sparse",200,2,3,FALSE,400,1200,73800,400,6.68686134371824,TRUE,0.090607877286155,125000
"tester",200,2,3,TRUE,796,2388,113322,476,6.68686134371824,TRUE,0.0590076185005404,125000
"sparse",200,2,3,TRUE,400,1200,73800,400,6.68686134371824,TRUE,0.090607877286155,125000
"sparse",100,5,4,FALSE,500,2000,91150,200,6.66637412116442,TRUE,0.0731363041268724,125000
"sparse",100,5,4,TRUE,500,2000,96150,200,6.66637412116442,TRUE,0.0693330641826773,125000
"sparse",200,5,1,FALSE,1000,1000,72300,400,6.57643669493192,TRUE,0.0909603968870252,125000
"sparse",200,5,1,TRUE,1000,1000,72300,400,6.57643669493192,TRUE,0.0909603968870252,125000
"tester",150,2,4,FALSE,596,2384,107786,358,6.51859497692523,TRUE,0.0604771953400741,125000
"sparse",150,2,4,FALSE,300,1200,69350,300,6.51859497692523,TRUE,0.0939956016860163,125000
"tester",150,2,4,TRUE,596,2384,110286,358,6.51859497692523,TRUE,0.0591062780128505,125000
"sparse",150,2,4,TRUE,300,1200,71850,300,6.51859497692523,TRUE,0.0907250518709148,125000
"sparse",100,5,3,FALSE,500,1500,76150,200,6.44961025483735,TRUE,0.0846961294134911,125000
"sparse",100,5,3,TRUE,500,1500,81150,200,6.44961025483735,TRUE,0.0794776371514153,125000
"tester",150,3,2,FALSE,891,1782,92286.5,387,6.24554476117151,TRUE,0.0676756054371063,125000
"sparse",150,3,2,FALSE,450,900,61475,300,6.24554476117151,TRUE,0.10159487208087,125000
"tester",150,3,2,TRUE,891,1782,94786.5,387,6.24554476117151,TRUE,0.0658906570152027,125000
"sparse",150,3,2,TRUE,450,900,63975,300,6.24554476117151,TRUE,0.0976247715696993,125000
"tester",100,4,3,FALSE,784,2352,104704,272,6.21464365803982,TRUE,0.0593544053526114,125000
"tester",100,4,3,TRUE,784,2352,109704,272,6.21464365803982,TRUE,0.0566491983705227,125000
"tester",200,4,1,FALSE,1584,1584,96024,552,6.17132515100827,TRUE,0.0642685698472077,125000
"tester",200,4,1,TRUE,1584,1584,96024,552,6.17132515100827,TRUE,0.0642685698472077,125000
"tester",100,3,4,FALSE,591,2364,103400.5,254,6.15272680052303,TRUE,0.0595038399284629,125000
"sparse",100,3,4,FALSE,300,1200,65650,200,6.15272680052303,TRUE,0.0937201340521405,125000
"tester",100,3,4,TRUE,591,2364,108400.5,254,6.15272680052303,TRUE,0.0567592105250716,125000
"sparse",100,3,4,TRUE,300,1200,70650,200,6.15272680052303,TRUE,0.0870874281744236,125000
"tester",150,2,3,FALSE,596,1788,89906,358,6.15178910329663,TRUE,0.0684246780336866,125000
"sparse",150,2,3,FALSE,300,900,60350,300,6.15178910329663,TRUE,0.101935196409223,125000
"tester",150,2,3,TRUE,596,1788,92406,358,6.15178910329663,TRUE,0.0665734811949076,125000
"sparse",150,2,3,TRUE,300,900,62850,300,6.15178910329663,TRUE,0.0978804948814101,125000
"sparse",100,10,1,FALSE,1000,1000,66100,300,6.14442080768638,TRUE,0.092956441871201,125000
"sparse",100,10,1,TRUE,1000,1000,71100,300,6.14442080768638,TRUE,0.0864194206425652,125000
"sparse",100,5,2,FALSE,500,1000,61150,200,6.07279545982875,TRUE,0.0993098194575429,125000
"sparse",100,5,2,TRUE,500,1000,66150,200,6.07279545982875,TRUE,0.091803408311848,125000
"tester",200,2,2,FALSE,796,1592,89442,476,6.05710362400115,TRUE,0.0677210217124075,125000
"sparse",200,2,2,FALSE,400,800,61800,400,6.05710362400115,TRUE,0.0980113855016367,125000
"tester",200,2,2,TRUE,796,1592,89442,476,6.05710362400115,TRUE,0.0677210217124075,125000
"sparse",200,2,2,TRUE,400,800,61800,400,6.05710362400115,TRUE,0.0980113855016367,125000
"sparse",150,5,1,FALSE,750,750,59225,300,6.05020046309293,TRUE,0.102156191863114,125000
"sparse",150,5,1,TRUE,750,750,61725,300,6.05020046309293,TRUE,0.0980186385272244,125000
"tester",100,3,3,FALSE,591,1773,85670.5,254,5.87431889641501,TRUE,0.0685687476601048,125000
"sparse",100,3,3,FALSE,300,900,56650,200,5.87431889641501,TRUE,0.103694949627803,125000
"tester",100,3,3,TRUE,591,1773,90670.5,254,5.87431889641501,TRUE,0.064787542766556,125000
"sparse",100,3,3,TRUE,300,900,61650,200,5.87431889641501,TRUE,0.0952849780440391,125000
"tester",200,1,4,FALSE,399,1596,86128.5,438,5.84648189204975,TRUE,0.0678809208572046,125000
"tester",200,1,4,TRUE,399,1596,86128.5,438,5.84648189204975,TRUE,0.0678809208572046,125000
"tester",100,4,2,FALSE,784,1568,81184,272,5.79897906215,TRUE,0.0714300731936095,125000
"tester",100,4,2,TRUE,784,1568,86184,272,5.79897906215,TRUE,0.0672860282900538,125000
"tester",150,4,1,FALSE,1184,1184,76892,416,5.67750531458796,TRUE,0.0738373993990006,125000
"tester",150,4,1,TRUE,1184,1184,79392,416,5.67750531458796,TRUE,0.0715123099882602,125000
"tester",100,2,4,FALSE,396,1584,78322,236,5.65159265928039,TRUE,0.0721584313383263,125000
"sparse",100,2,4,FALSE,200,800,52900,200,5.65159265928039,TRUE,0.106835399986397,125000
"tester",100,2,4,TRUE,396,1584,83322,236,5.65159265928039,TRUE,0.0678283365651376,125000
"sparse",100,2,4,TRUE,200,800,57900,200,5.65159265928039,TRUE,0.0976095450652918,125000
"tester",200,3,1,FALSE,1191,1191,80830.5,514,5.63594742467007,TRUE,0.0697255049105235,125000
"sparse",200,3,1,FALSE,600,600,57300,400,5.63594742467007,TRUE,0.0983585937987796,125000
"tester",200,3,1,TRUE,1191,1191,80830.5,514,5.63594742467007,TRUE,0.0697255049105235,125000
"sparse",200,3,1,TRUE,600,600,57300,400,5.63594742467007,TRUE,0.0983585937987796,125000
"tester",150,2,2,FALSE,596,1192,72026,358,5.572423616451,TRUE,0.0773668344271652,125000
"sparse",150,2,2,FALSE,300,600,51350,300,5.572423616451,TRUE,0.10851847354335,125000
"tester",150,2,2,TRUE,596,1192,74526,358,5.572423616451,TRUE,0.0747715376707592,125000
"sparse",150,2,2,TRUE,300,600,53850,300,5.572423616451,TRUE,0.103480475700111,125000
"tester",100,3,2,FALSE,591,1182,67940.5,254,5.41485934475001,TRUE,0.0797000220008685,125000
"sparse",100,3,2,FALSE,300,600,47650,200,5.41485934475001,TRUE,0.113638181421826,125000
"tester",100,3,2,TRUE,591,1182,72940.5,254,5.41485934475001,TRUE,0.0742366633728862,125000
"sparse",100,3,2,TRUE,300,600,52650,200,5.41485934475001,TRUE,0.102846331334283,125000
"tester",200,1,3,FALSE,399,1197,74158.5,438,5.4115033512187,TRUE,0.0729721252616855,125000
"tester",200,1,3,TRUE,399,1197,74158.5,438,5.4115033512187,TRUE,0.0729721252616855,125000
"tester",150,1,4,FALSE,299,1196,69570.5,329,5.37865550777722,TRUE,0.0773123020213627,125000
"tester",150,1,4,TRUE,299,1196,72070.5,329,5.37865550777722,TRUE,0.0746304730476022,125000
"tester",100,2,3,FALSE,396,1188,66442,236,5.33357360914481,TRUE,0.0802741279483582,125000
"sparse",100,2,3,FALSE,200,600,46900,200,5.33357360914481,TRUE,0.113722251794132,125000
"tester",100,2,3,TRUE,396,1188,71442,236,5.33357360914481,TRUE,0.0746559952009296,125000
"sparse",100,2,3,TRUE,200,600,51900,200,5.33357360914481,TRUE,0.102766350850574,125000
"sparse",100,5,1,FALSE,500,500,46150,200,5.24549671293115,TRUE,0.113661900605225,125000
"sparse",100,5,1,TRUE,500,500,51150,200,5.24549671293115,TRUE,0.102551255384773,125000
"tester",150,3,1,FALSE,891,891,65556.5,387,5.18496768089991,TRUE,0.0790915878806818,125000
"sparse",150,3,1,FALSE,450,450,47975,300,5.18496768089991,TRUE,0.108076449836371,125000
"tester",150,3,1,TRUE,891,891,68056.5,387,5.18496768089991,TRUE,0.0761862229309458,125000
"sparse",150,3,1,TRUE,450,450,50475,300,5.18496768089991,TRUE,0.102723480552747,125000
"tester",150,1,3,FALSE,299,897,60600.5,329,4.97848327298637,TRUE,0.0821525114972049,125000
"tester",150,1,3,TRUE,299,897,63100.5,329,4.97848327298637,TRUE,0.0788976834254304,125000
"sparse",50,10,4,FALSE,500,2000,88050,150,4.9327181989304,TRUE,0.0560217853370857,125000
"sparse",50,10,4,TRUE,500,2000,95550,150,4.9327181989304,TRUE,0.0516244709464196,125000
"tester",100,4,1,FALSE,784,784,57664,272,4.92237168784582,TRUE,0.0853629940317325,125000
"tester",100,4,1,TRUE,784,784,62664,272,4.92237168784582,TRUE,0.0785518270114551,125000
"tester",200,2,1,FALSE,796,796,65562,476,4.88339306248505,TRUE,0.0744851142809104,125000
"sparse",200,2,1,FALSE,400,400,49800,400,4.88339306248505,TRUE,0.0980601016563263,125000
"tester",200,2,1,TRUE,796,796,65562,476,4.88339306248505,TRUE,0.0744851142809104,125000
"sparse",200,2,1,TRUE,400,400,49800,400,4.88339306248505,TRUE,0.0980601016563263,125000
"sparse",50,10,3,FALSE,500,1500,73050,150,4.8385558505307,TRUE,0.0662362197197905,125000
"sparse",50,10,3,TRUE,500,1500,80550,150,4.8385558505307,TRUE,0.0600689739358249,125000
"tester",100,2,2,FALSE,396,792,54562,236,4.8312663260435,TRUE,0.0885463569158664,125000
"sparse",100,2,2,FALSE,200,400,40900,200,4.8312663260435,TRUE,0.118123871052408,125000
"tester",100,2,2,TRUE,396,792,59562,236,4.8312663260435,TRUE,0.0811132320278617,125000
"sparse",100,2,2,TRUE,200,400,45900,200,4.8312663260435,TRUE,0.105256346972625,125000
"tester",200,1,2,FALSE,399,798,62188.5,438,4.7709851366727,TRUE,0.0767181253233749,125000
"tester",200,1,2,TRUE,399,798,62188.5,438,4.7709851366727,TRUE,0.0767181253233749,125000
"sparse",50,10,2,FALSE,500,1000,58050,150,4.66535391316712,TRUE,0.0803678538013285,125000
"sparse",50,10,2,TRUE,500,1000,65550,150,4.66535391316712,TRUE,0.0711724471879042,125000
"tester",100,1,4,FALSE,199,796,52988.5,218,4.66327024338154,TRUE,0.088005326502572,125000
"tester",100,1,4,TRUE,199,796,57988.5,218,4.66327024338154,TRUE,0.0804171558736911,125000
"sparse",50,5,4,FALSE,250,1000,55575,100,4.59973960647388,TRUE,0.0827663446958864,125000
"sparse",50,5,4,TRUE,250,1000,63075,100,4.59973960647388,TRUE,0.0729249243991103,125000
"tester",100,3,1,FALSE,591,591,50210.5,254,4.49534376467768,TRUE,0.0895299541864286,125000
"sparse",100,3,1,FALSE,300,300,38650,200,4.49534376467768,TRUE,0.116309023665658,125000
"tester",100,3,1,TRUE,591,591,55210.5,254,4.49534376467768,TRUE,0.0814218991800052,125000
"sparse",100,3,1,TRUE,300,300,43650,200,4.49534376467768,TRUE,0.102986111447369,125000
"tester",150,2,1,FALSE,596,596,54146,358,4.49263154785339,TRUE,0.0829725473322755,125000
"sparse",150,2,1,FALSE,300,300,42350,300,4.49263154785339,TRUE,0.106083389559702,125000
"tester",150,2,1,TRUE,596,596,56646,358,4.49263154785339,TRUE,0.0793106582610138,125000
"sparse",150,2,1,TRUE,300,300,44850,300,4.49263154785339,TRUE,0.100170157142773,125000
"tester",50,4,4,FALSE,384,1536,73092,136,4.45669007296133,TRUE,0.0609737053707838,125000
"tester",50,4,4,TRUE,384,1536,80592,136,4.45669007296133,TRUE,0.0552994102759744,125000
"sparse",50,5,3,FALSE,250,750,48075,100,4.45017444210191,TRUE,0.0925673310889633,125000
"sparse",50,5,3,TRUE,250,750,55575,100,4.45017444210191,TRUE,0.0800751136680505,125000
"tester",150,1,2,FALSE,299,598,51630.5,329,4.38921832936544,TRUE,0.0850121213113458,125000
"tester",150,1,2,TRUE,299,598,54130.5,329,4.38921832936544,TRUE,0.0810858634109317,125000
"tester",100,1,3,FALSE,199,597,47018.5,218,4.31632270750954,TRUE,0.0918005191043853,125000
"tester",100,1,3,TRUE,199,597,52018.5,218,4.31632270750954,TRUE,0.0829766853621219,125000
"tester",50,4,3,FALSE,384,1152,61572,136,4.28804955354267,TRUE,0.0696428498918773,125000
"tester",50,4,3,TRUE,384,1152,69072,136,4.28804955354267,TRUE,0.0620808656697746,125000
"tester",50,3,4,FALSE,291,1164,61126.5,127,4.24532746554521,TRUE,0.06945150573884,125000
"sparse",50,3,4,FALSE,150,600,42825,100,4.24532746554521,TRUE,0.0991319898551128,125000
"tester",50,3,4,TRUE,291,1164,68626.5,127,4.24532746554521,TRUE,0.0618613431479852,125000
"sparse",50,3,4,TRUE,150,600,50325,100,4.24532746554521,TRUE,0.0843582208752152,125000
"sparse",50,10,1,FALSE,500,500,43050,150,4.23959640342247,TRUE,0.0984807526927403,125000
"sparse",50,10,1,TRUE,500,500,50550,150,4.23959640342247,TRUE,0.0838693650528679,125000
"sparse",50,5,2,FALSE,250,500,40575,100,4.19017554233964,TRUE,0.103269883976331,125000
"sparse",50,5,2,TRUE,250,500,48075,100,4.19017554233964,TRUE,0.0871591376461703,125000
"tester",50,3,3,FALSE,291,873,52396.5,127,4.05322845639789,TRUE,0.0773568550647064,125000
"sparse",50,3,3,FALSE,150,450,38325,100,4.05322845639789,TRUE,0.105759385685529,125000
"tester",50,3,3,TRUE,291,873,59896.5,127,4.05322845639789,TRUE,0.0676705392869014,125000
"sparse",50,3,3,TRUE,150,450,45825,100,4.05322845639789,TRUE,0.0884501572590919,125000
"tester",50,4,2,FALSE,384,768,50052,136,4.0012446323107,TRUE,0.0799417532228622,125000
"tester",50,4,2,TRUE,384,768,57552,136,4.0012446323107,TRUE,0.0695239893020347,125000
"tester",50,2,4,FALSE,196,784,48906,118,3.89954930852401,TRUE,0.0797356011230526,125000
"sparse",50,2,4,FALSE,100,400,36450,100,3.89954930852401,TRUE,0.106983520124116,125000
"tester",50,2,4,TRUE,196,784,56406,118,3.89954930852401,TRUE,0.0691335905493035,125000
"sparse",50,2,4,TRUE,100,400,43950,100,3.89954930852401,TRUE,0.0887269467240958,125000
"tester",100,2,1,FALSE,396,396,42682,236,3.89509143712381,TRUE,0.0912584095666512,125000
"sparse",100,2,1,FALSE,200,200,34900,200,3.89509143712381,TRUE,0.111607204502115,125000
"tester",100,2,1,TRUE,396,396,47682,236,3.89509143712381,TRUE,0.081688927417554,125000
"sparse",100,2,1,TRUE,200,200,39900,200,3.89509143712381,TRUE,0.0976213392762859,125000
"tester",100,1,2,FALSE,199,398,41048.5,218,3.80543263970689,TRUE,0.0927057660988073,125000
"tester",100,1,2,TRUE,199,398,46048.5,218,3.80543263970689,TRUE,0.0826396655636317,125000
"tester",50,3,2,FALSE,291,582,43666.5,127,3.73620540024257,TRUE,0.0855622823043425,125000
"sparse",50,3,2,FALSE,150,300,33825,100,3.73620540024257,TRUE,0.11045692240185,125000
"tester",50,3,2,TRUE,291,582,51166.5,127,3.73620540024257,TRUE,0.0730205388338575,125000
"sparse",50,3,2,TRUE,150,300,41325,100,3.73620540024257,TRUE,0.0904102940167591,125000
"tester",200,1,1,FALSE,399,399,50218.5,438,3.69395115424534,TRUE,0.073557576475708,125000
"tester",200,1,1,TRUE,399,399,50218.5,438,3.69395115424534,TRUE,0.073557576475708,125000
"tester",50,2,3,FALSE,196,588,43026,118,3.68011895644135,TRUE,0.0855324444856913,125000
"sparse",50,2,3,FALSE,100,300,33450,100,3.68011895644135,TRUE,0.110018503929487,125000
"tester",50,2,3,TRUE,196,588,50526,118,3.68011895644135,TRUE,0.0728361429054616,125000
"sparse",50,2,3,TRUE,100,300,40950,100,3.68011895644135,TRUE,0.0898685947848926,125000
"sparse",50,5,1,FALSE,250,250,33075,100,3.61934667145317,TRUE,0.109428470792235,125000
"sparse",50,5,1,TRUE,250,250,40575,100,3.61934667145317,TRUE,0.0892013967086425,125000
"tester",150,1,1,FALSE,299,299,42660.5,329,3.39836693042009,TRUE,0.0796607383978173,125000
"tester",150,1,1,TRUE,299,299,45160.5,329,3.39836693042009,TRUE,0.075250870349533,125000
"tester",50,4,1,FALSE,384,384,38532,136,3.39639324149052,TRUE,0.0881447431093771,125000
"tester",50,4,1,TRUE,384,384,46032,136,3.39639324149052,TRUE,0.0737833081658524,125000
"tester",50,2,2,FALSE,196,392,37146,118,3.33353134183898,TRUE,0.0897413272448979,125000
"sparse",50,2,2,FALSE,100,200,30450,100,3.33353134183898,TRUE,0.109475577728702,125000
"tester",50,2,2,TRUE,196,392,44646,118,3.33353134183898,TRUE,0.0746658455816641,125000
"sparse",50,2,2,TRUE,100,200,37950,100,3.33353134183898,TRUE,0.087840088058998,125000
"tester",50,1,4,FALSE,99,396,36430.5,109,3.21761551996822,TRUE,0.0883220246762527,125000
"tester",50,1,4,TRUE,99,396,43930.5,109,3.21761551996822,TRUE,0.0732433166016372,125000
"tester",50,3,1,FALSE,291,291,34936.5,127,3.10174772421737,TRUE,0.0887824402621147,125000
"sparse",50,3,1,FALSE,150,150,29325,100,3.10174772421737,TRUE,0.105771448396159,125000
"tester",50,3,1,TRUE,291,291,42436.5,127,3.10174772421737,TRUE,0.0730915067033655,125000
"sparse",50,3,1,TRUE,150,150,36825,100,3.10174772421737,TRUE,0.0842294018796299,125000
"tester",50,1,3,FALSE,99,297,33460.5,109,2.97822476674716,TRUE,0.0890071806083938,125000
"tester",50,1,3,TRUE,99,297,40960.5,109,2.97822476674716,TRUE,0.0727096780251013,125000
"tester",100,1,1,FALSE,199,199,35078.5,218,2.94636891316153,TRUE,0.083993583339126,125000
"tester",100,1,1,TRUE,199,199,40078.5,218,2.94636891316153,TRUE,0.0735149497401732,125000
"tester",50,2,1,FALSE,196,196,31266,118,2.68757888899373,TRUE,0.0859585136887908,125000
"sparse",50,2,1,FALSE,100,100,27450,100,2.68757888899373,TRUE,0.0979081562474949,125000
"tester",50,2,1,TRUE,196,196,38766,118,2.68757888899373,TRUE,0.0693282486971505,125000
"sparse",50,2,1,TRUE,100,100,34950,100,2.68757888899373,TRUE,0.076897822288805,125000
"tester",50,1,2,FALSE,99,198,30490.5,109,2.62571510606591,TRUE,0.0861158428384548,125000
"tester",50,1,2,TRUE,99,198,37990.5,109,2.62571510606591,TRUE,0.0691150447102804,125000
"tester",50,1,1,FALSE,99,99,27520.5,109,2.03296867814933,TRUE,0.0738710662287867,125000
"tester",50,1,1,TRUE,99,99,35020.5,109,2.03296867814933,TRUE,0.0580508181821883,125000
"sparse",200,10,4,FALSE,2000,8000,292200,600,8.96286316673274,FALSE,0.0306737274699957,125000
"sparse",200,10,4,TRUE,2000,8000,292200,600,8.96286316673274,FALSE,0.0306737274699957,125000
"sparse",200,10,3,FALSE,2000,6000,232200,600,8.79176799970136,FALSE,0.0378629112820903,125000
"sparse",200,10,3,TRUE,2000,6000,232200,600,8.79176799970136,FALSE,0.0378629112820903,125000
"sparse",200,10,2,FALSE,2000,4000,172200,600,8.47705606964637,FALSE,0.0492279678841252,125000
"sparse",200,10,2,TRUE,2000,4000,172200,600,8.47705606964637,FALSE,0.0492279678841252,125000
"sparse",200,5,4,FALSE,1000,4000,162300,400,8.35783335532244,FALSE,0.0514962005873225,125000
"sparse",200,5,4,TRUE,1000,4000,162300,400,8.35783335532244,FALSE,0.0514962005873225,125000
"sparse",150,10,4,FALSE,1500,6000,224150,450,8.24566880173798,FALSE,0.0367863876945705,125000
"sparse",150,10,4,TRUE,1500,6000,226650,450,8.24566880173798,FALSE,0.0363806256419059,125000
"tester",200,4,4,FALSE,1584,6336,238584,552,8.09790904113478,FALSE,0.0339415427737601,125000
"tester",200,4,4,TRUE,1584,6336,238584,552,8.09790904113478,FALSE,0.0339415427737601,125000
"sparse",150,10,3,FALSE,1500,4500,179150,450,8.08826440375997,FALSE,0.0451480011373708,125000
"sparse",150,10,3,TRUE,1500,4500,181650,450,8.08826440375997,FALSE,0.0445266413639415,125000
"sparse",200,5,3,FALSE,1000,3000,132300,400,8.08606998901731,FALSE,0.0611191987076139,125000
"sparse",200,5,3,TRUE,1000,3000,132300,400,8.08606998901731,FALSE,0.0611191987076139,125000
"sparse",150,10,2,FALSE,1500,3000,134150,450,7.79873523267756,FALSE,0.058134440795211,125000
"sparse",150,10,2,TRUE,1500,3000,136650,450,7.79873523267756,FALSE,0.0570708761996163,125000
"tester",200,4,3,FALSE,1584,4752,191064,552,7.79148531308887,FALSE,0.0407794525032914,125000
"tester",200,4,3,TRUE,1584,4752,191064,552,7.79148531308887,FALSE,0.0407794525032914,125000
"tester",200,3,4,FALSE,1191,4764,188020.5,514,7.71385829012181,FALSE,0.0410266874629193,125000
"tester",200,3,4,TRUE,1191,4764,188020.5,514,7.71385829012181,FALSE,0.0410266874629193,125000
"sparse",150,5,4,FALSE,750,3000,126725,300,7.68905253445138,FALSE,0.0606751038425834,125000
"sparse",150,5,4,TRUE,750,3000,129225,300,7.68905253445138,FALSE,0.0595012771093162,125000
"tester",150,4,4,FALSE,1184,4736,183452,416,7.44992695946041,FALSE,0.0406096796952904,125000
"tester",150,4,4,TRUE,1184,4736,185952,416,7.44992695946041,FALSE,0.0400637097716637,125000
"tester",200,3,3,FALSE,1191,3573,152290.5,514,7.36480994314231,FALSE,0.0483602716068455,125000
"tester",200,3,3,TRUE,1191,3573,152290.5,514,7.36480994314231,FALSE,0.0483602716068455,125000
"tester",200,4,2,FALSE,1584,3168,143544,552,7.27035413127818,FALSE,0.0506489587253956,125000
"tester",200,4,2,TRUE,1584,3168,143544,552,7.27035413127818,FALSE,0.0506489587253956,125000
"tester",150,4,3,FALSE,1184,3552,147932,416,7.1680227813582,FALSE,0.0484548493994416,125000
"tester",150,4,3,TRUE,1184,3552,150432,416,7.1680227813582,FALSE,0.0476495877297264,125000
"sparse",100,10,4,FALSE,1000,4000,156100,300,7.14895793276316,FALSE,0.0457972961740113,125000
"sparse",100,10,4,TRUE,1000,4000,161100,300,7.14895793276316,FALSE,0.0443759027483747,125000
"tester",150,3,4,FALSE,891,3564,145746.5,387,7.09660735198658,FALSE,0.0486914426897838,125000
"tester",150,3,4,TRUE,891,3564,148246.5,387,7.09660735198658,FALSE,0.047870319717407,125000
"tester",200,2,4,FALSE,796,3184,137202,476,7.0855713735698,FALSE,0.0516433534027915,125000
"tester",200,2,4,TRUE,796,3184,137202,476,7.0855713735698,FALSE,0.0516433534027915,125000
"sparse",100,10,3,FALSE,1000,3000,126100,300,7.01248902446315,FALSE,0.0556105394485579,125000
"sparse",100,10,3,TRUE,1000,3000,131100,300,7.01248902446315,FALSE,0.0534896187983459,125000
"tester",100,4,4,FALSE,784,3136,128224,272,6.4590533182845,FALSE,0.0503732009474396,125000
"tester",100,4,4,TRUE,784,3136,133224,272,6.4590533182845,FALSE,0.0484826556647789,125000
"sparse",200,5,3,FALSE,1000,3000,132300,400,8.08606998901731,TRUE,0.0611191987076139,150000
"sparse",200,5,3,TRUE,1000,3000,132300,400,8.08606998901731,TRUE,0.0611191987076139,150000
"sparse",150,10,2,FALSE,1500,3000,134150,450,7.79873523267756,TRUE,0.058134440795211,150000
"sparse",150,10,2,TRUE,1500,3000,136650,450,7.79873523267756,TRUE,0.0570708761996163,150000
"sparse",200,3,4,FALSE,600,2400,111300,400,7.71385829012181,TRUE,0.0693069028762068,150000
"sparse",200,3,4,TRUE,600,2400,111300,400,7.71385829012181,TRUE,0.0693069028762068,150000
"sparse",200,10,1,FALSE,2000,2000,112200,600,7.70344481756276,TRUE,0.0686581534542135,150000
"sparse",200,10,1,TRUE,2000,2000,112200,600,7.70344481756276,TRUE,0.0686581534542135,150000
"sparse",150,5,4,FALSE,750,3000,126725,300,7.68905253445138,TRUE,0.0606751038425834,150000
"sparse",150,5,4,TRUE,750,3000,129225,300,7.68905253445138,TRUE,0.0595012771093162,150000
"sparse",200,5,2,FALSE,1000,2000,102300,400,7.61364596881369,TRUE,0.0744246917772599,150000
"sparse",200,5,2,TRUE,1000,2000,102300,400,7.61364596881369,TRUE,0.0744246917772599,150000
"sparse",150,5,3,FALSE,750,2250,104225,300,7.43903524987262,TRUE,0.0713747685284013,150000
"sparse",150,5,3,TRUE,750,2250,106725,300,7.43903524987262,TRUE,0.0697028367287198,150000
"sparse",200,3,3,FALSE,600,1800,93300,400,7.36480994314231,TRUE,0.0789368697014181,150000
"sparse",200,3,3,TRUE,600,1800,93300,400,7.36480994314231,TRUE,0.0789368697014181,150000
"sparse",150,3,4,FALSE,450,1800,88475,300,7.09660735198658,TRUE,0.0802103119749825,150000
"sparse",150,3,4,TRUE,450,1800,90975,300,7.09660735198658,TRUE,0.0780061264301905,150000
"sparse",150,10,1,FALSE,1500,1500,89150,450,7.08702714929904,TRUE,0.0794955372888283,150000
"sparse",150,10,1,TRUE,1500,1500,91650,450,7.08702714929904,TRUE,0.0773270829165199,150000
"sparse",200,2,4,FALSE,400,1600,85800,400,7.0855713735698,TRUE,0.0825824169413729,150000
"sparse",200,2,4,TRUE,400,1600,85800,400,7.0855713735698,TRUE,0.0825824169413729,150000
"sparse",100,10,3,FALSE,1000,3000,126100,300,7.01248902446315,TRUE,0.0556105394485579,150000
"sparse",100,10,3,TRUE,1000,3000,131100,300,7.01248902446315,TRUE,0.0534896187983459,150000
"sparse",150,5,2,FALSE,750,1500,81725,300,7.00441386470596,TRUE,0.0857071136703084,150000
"sparse",150,5,2,TRUE,750,1500,84225,300,7.00441386470596,TRUE,0.0831631209819645,150000
"tester",200,3,2,FALSE,1191,2382,116560.5,514,6.78877171058411,TRUE,0.0582424724549407,150000
"sparse",200,3,2,FALSE,600,1200,75300,400,6.78877171058411,TRUE,0.0901563308178501,150000
"tester",200,3,2,TRUE,1191,2382,116560.5,514,6.78877171058411,TRUE,0.0582424724549407,150000
"sparse",200,3,2,TRUE,600,1200,75300,400,6.78877171058411,TRUE,0.0901563308178501,150000
"tester",150,3,3,FALSE,891,2673,119016.5,387,6.77548931063682,TRUE,0.0569289914477138,150000
"sparse",150,3,3,FALSE,450,1350,74975,300,6.77548931063682,TRUE,0.0903699808020917,150000
"tester",150,3,3,TRUE,891,2673,121516.5,387,6.77548931063682,TRUE,0.0557577720773461,150000
"sparse",150,3,3,TRUE,450,1350,77475,300,6.77548931063682,TRUE,0.087453879453202,150000
"sparse",100,10,2,FALSE,1000,2000,96100,300,6.76146852944403,TRUE,0.0703586735634134,150000
"sparse",100,10,2,TRUE,1000,2000,101100,300,6.76146852944403,TRUE,0.0668790161171516,150000
"tester",150,4,2,FALSE,1184,2368,112412,416,6.68859170587122,TRUE,0.0595006912595739,150000
"tester",150,4,2,TRUE,1184,2368,114912,416,6.68859170587122,TRUE,0.0582062074097677,150000
"tester",200,2,3,FALSE,796,2388,113322,476,6.68686134371824,TRUE,0.0590076185005404,150000
"sparse",200,2,3,FALSE,400,1200,73800,400,6.68686134371824,TRUE,0.090607877286155,150000
"tester",200,2,3,TRUE,796,2388,113322,476,6.68686134371824,TRUE,0.0590076185005404,150000
"sparse",200,2,3,TRUE,400,1200,73800,400,6.68686134371824,TRUE,0.090607877286155,150000
"sparse",100,5,4,FALSE,500,2000,91150,200,6.66637412116442,TRUE,0.0731363041268724,150000
"sparse",100,5,4,TRUE,500,2000,96150,200,6.66637412116442,TRUE,0.0693330641826773,150000
"sparse",200,5,1,FALSE,1000,1000,72300,400,6.57643669493192,TRUE,0.0909603968870252,150000
"sparse",200,5,1,TRUE,1000,1000,72300,400,6.57643669493192,TRUE,0.0909603968870252,150000
"tester",150,2,4,FALSE,596,2384,107786,358,6.51859497692523,TRUE,0.0604771953400741,150000
"sparse",150,2,4,FALSE,300,1200,69350,300,6.51859497692523,TRUE,0.0939956016860163,150000
"tester",150,2,4,TRUE,596,2384,110286,358,6.51859497692523,TRUE,0.0591062780128505,150000
"sparse",150,2,4,TRUE,300,1200,71850,300,6.51859497692523,TRUE,0.0907250518709148,150000
"sparse",100,5,3,FALSE,500,1500,76150,200,6.44961025483735,TRUE,0.0846961294134911,150000
"sparse",100,5,3,TRUE,500,1500,81150,200,6.44961025483735,TRUE,0.0794776371514153,150000
"tester",150,3,2,FALSE,891,1782,92286.5,387,6.24554476117151,TRUE,0.0676756054371063,150000
"sparse",150,3,2,FALSE,450,900,61475,300,6.24554476117151,TRUE,0.10159487208087,150000
"tester",150,3,2,TRUE,891,1782,94786.5,387,6.24554476117151,TRUE,0.0658906570152027,150000
"sparse",150,3,2,TRUE,450,900,63975,300,6.24554476117151,TRUE,0.0976247715696993,150000
"tester",100,4,3,FALSE,784,2352,104704,272,6.21464365803982,TRUE,0.0593544053526114,150000
"tester",100,4,3,TRUE,784,2352,109704,272,6.21464365803982,TRUE,0.0566491983705227,150000
"tester",200,4,1,FALSE,1584,1584,96024,552,6.17132515100827,TRUE,0.0642685698472077,150000
"tester",200,4,1,TRUE,1584,1584,96024,552,6.17132515100827,TRUE,0.0642685698472077,150000
"tester",100,3,4,FALSE,591,2364,103400.5,254,6.15272680052303,TRUE,0.0595038399284629,150000
"sparse",100,3,4,FALSE,300,1200,65650,200,6.15272680052303,TRUE,0.0937201340521405,150000
"tester",100,3,4,TRUE,591,2364,108400.5,254,6.15272680052303,TRUE,0.0567592105250716,150000
"sparse",100,3,4,TRUE,300,1200,70650,200,6.15272680052303,TRUE,0.0870874281744236,150000
"tester",150,2,3,FALSE,596,1788,89906,358,6.15178910329663,TRUE,0.0684246780336866,150000
"sparse",150,2,3,FALSE,300,900,60350,300,6.15178910329663,TRUE,0.101935196409223,150000
"tester",150,2,3,TRUE,596,1788,92406,358,6.15178910329663,TRUE,0.0665734811949076,150000
"sparse",150,2,3,TRUE,300,900,62850,300,6.15178910329663,TRUE,0.0978804948814101,150000
"sparse",100,10,1,FALSE,1000,1000,66100,300,6.14442080768638,TRUE,0.092956441871201,150000
"sparse",100,10,1,TRUE,1000,1000,71100,300,6.14442080768638,TRUE,0.0864194206425652,150000
"sparse",100,5,2,FALSE,500,1000,61150,200,6.07279545982875,TRUE,0.0993098194575429,150000
"sparse",100,5,2,TRUE,500,1000,66150,200,6.07279545982875,TRUE,0.091803408311848,150000
"tester",200,2,2,FALSE,796,1592,89442,476,6.05710362400115,TRUE,0.0677210217124075,150000
"sparse",200,2,2,FALSE,400,800,61800,400,6.05710362400115,TRUE,0.0980113855016367,150000
"tester",200,2,2,TRUE,796,1592,89442,476,6.05710362400115,TRUE,0.0677210217124075,150000
"sparse",200,2,2,TRUE,400,800,61800,400,6.05710362400115,TRUE,0.0980113855016367,150000
"sparse",150,5,1,FALSE,750,750,59225,300,6.05020046309293,TRUE,0.102156191863114,150000
"sparse",150,5,1,TRUE,750,750,61725,300,6.05020046309293,TRUE,0.0980186385272244,150000
"tester",100,3,3,FALSE,591,1773,85670.5,254,5.87431889641501,TRUE,0.0685687476601048,150000
"sparse",100,3,3,FALSE,300,900,56650,200,5.87431889641501,TRUE,0.103694949627803,150000
"tester",100,3,3,TRUE,591,1773,90670.5,254,5.87431889641501,TRUE,0.064787542766556,150000
"sparse",100,3,3,TRUE,300,900,61650,200,5.87431889641501,TRUE,0.0952849780440391,150000
"tester",200,1,4,FALSE,399,1596,86128.5,438,5.84648189204975,TRUE,0.0678809208572046,150000
"tester",200,1,4,TRUE,399,1596,86128.5,438,5.84648189204975,TRUE,0.0678809208572046,150000
"tester",100,4,2,FALSE,784,1568,81184,272,5.79897906215,TRUE,0.0714300731936095,150000
"tester",100,4,2,TRUE,784,1568,86184,272,5.79897906215,TRUE,0.0672860282900538,150000
"tester",150,4,1,FALSE,1184,1184,76892,416,5.67750531458796,TRUE,0.0738373993990006,150000
"tester",150,4,1,TRUE,1184,1184,79392,416,5.67750531458796,TRUE,0.0715123099882602,150000
"tester",100,2,4,FALSE,396,1584,78322,236,5.65159265928039,TRUE,0.0721584313383263,150000
"sparse",100,2,4,FALSE,200,800,52900,200,5.65159265928039,TRUE,0.106835399986397,150000
"tester",100,2,4,TRUE,396,1584,83322,236,5.65159265928039,TRUE,0.0678283365651376,150000
"sparse",100,2,4,TRUE,200,800,57900,200,5.65159265928039,TRUE,0.0976095450652918,150000
"tester",200,3,1,FALSE,1191,1191,80830.5,514,5.63594742467007,TRUE,0.0697255049105235,150000
"sparse",200,3,1,FALSE,600,600,57300,400,5.63594742467007,TRUE,0.0983585937987796,150000
"tester",200,3,1,TRUE,1191,1191,80830.5,514,5.63594742467007,TRUE,0.0697255049105235,150000
"sparse",200,3,1,TRUE,600,600,57300,400,5.63594742467007,TRUE,0.0983585937987796,150000
"tester",150,2,2,FALSE,596,1192,72026,358,5.572423616451,TRUE,0.0773668344271652,150000
"sparse",150,2,2,FALSE,300,600,51350,300,5.572423616451,TRUE,0.10851847354335,150000
"tester",150,2,2,TRUE,596,1192,74526,358,5.572423616451,TRUE,0.0747715376707592,150000
"sparse",150,2,2,TRUE,300,600,53850,300,5.572423616451,TRUE,0.103480475700111,150000
"tester",100,3,2,FALSE,591,1182,67940.5,254,5.41485934475001,TRUE,0.0797000220008685,150000
"sparse",100,3,2,FALSE,300,600,47650,200,5.41485934475001,TRUE,0.113638181421826,150000
"tester",100,3,2,TRUE,591,1182,72940.5,254,5.41485934475001,TRUE,0.0742366633728862,150000
"sparse",100,3,2,TRUE,300,600,52650,200,5.41485934475001,TRUE,0.102846331334283,150000
"tester",200,1,3,FALSE,399,1197,74158.5,438,5.4115033512187,TRUE,0.0729721252616855,150000
"tester",200,1,3,TRUE,399,1197,74158.5,438,5.4115033512187,TRUE,0.0729721252616855,150000
"tester",150,1,4,FALSE,299,1196,69570.5,329,5.37865550777722,TRUE,0.0773123020213627,150000
"tester",150,1,4,TRUE,299,1196,72070.5,329,5.37865550777722,TRUE,0.0746304730476022,150000
"tester",100,2,3,FALSE,396,1188,66442,236,5.33357360914481,TRUE,0.0802741279483582,150000
"sparse",100,2,3,FALSE,200,600,46900,200,5.33357360914481,TRUE,0.113722251794132,150000
"tester",100,2,3,TRUE,396,1188,71442,236,5.33357360914481,TRUE,0.0746559952009296,150000
"sparse",100,2,3,TRUE,200,600,51900,200,5.33357360914481,TRUE,0.102766350850574,150000
"sparse",100,5,1,FALSE,500,500,46150,200,5.24549671293115,TRUE,0.113661900605225,150000
"sparse",100,5,1,TRUE,500,500,51150,200,5.24549671293115,TRUE,0.102551255384773,150000
"tester",150,3,1,FALSE,891,891,65556.5,387,5.18496768089991,TRUE,0.0790915878806818,150000
"sparse",150,3,1,FALSE,450,450,47975,300,5.18496768089991,TRUE,0.108076449836371,150000
"tester",150,3,1,TRUE,891,891,68056.5,387,5.18496768089991,TRUE,0.0761862229309458,150000
"sparse",150,3,1,TRUE,450,450,50475,300,5.18496768089991,TRUE,0.102723480552747,150000
"tester",150,1,3,FALSE,299,897,60600.5,329,4.97848327298637,TRUE,0.0821525114972049,150000
"tester",150,1,3,TRUE,299,897,63100.5,329,4.97848327298637,TRUE,0.0788976834254304,150000
"sparse",50,10,4,FALSE,500,2000,88050,150,4.9327181989304,TRUE,0.0560217853370857,150000
"sparse",50,10,4,TRUE,500,2000,95550,150,4.9327181989304,TRUE,0.0516244709464196,150000
"tester",100,4,1,FALSE,784,784,57664,272,4.92237168784582,TRUE,0.0853629940317325,150000
"tester",100,4,1,TRUE,784,784,62664,272,4.92237168784582,TRUE,0.0785518270114551,150000
"tester",200,2,1,FALSE,796,796,65562,476,4.88339306248505,TRUE,0.0744851142809104,150000
"sparse",200,2,1,FALSE,400,400,49800,400,4.88339306248505,TRUE,0.0980601016563263,150000
"tester",200,2,1,TRUE,796,796,65562,476,4.88339306248505,TRUE,0.0744851142809104,150000
"sparse",200,2,1,TRUE,400,400,49800,400,4.88339306248505,TRUE,0.0980601016563263,150000
"sparse",50,10,3,FALSE,500,1500,73050,150,4.8385558505307,TRUE,0.0662362197197905,150000
"sparse",50,10,3,TRUE,500,1500,80550,150,4.8385558505307,TRUE,0.0600689739358249,150000
"tester",100,2,2,FALSE,396,792,54562,236,4.8312663260435,TRUE,0.0885463569158664,150000
"sparse",100,2,2,FALSE,200,400,40900,200,4.8312663260435,TRUE,0.118123871052408,150000
"tester",100,2,2,TRUE,396,792,59562,236,4.8312663260435,TRUE,0.0811132320278617,150000
"sparse",100,2,2,TRUE,200,400,45900,200,4.8312663260435,TRUE,0.105256346972625,150000
"tester",200,1,2,FALSE,399,798,62188.5,438,4.7709851366727,TRUE,0.0767181253233749,150000
"tester",200,1,2,TRUE,399,798,62188.5,438,4.7709851366727,TRUE,0.0767181253233749,150000
"sparse",50,10,2,FALSE,500,1000,58050,150,4.66535391316712,TRUE,0.0803678538013285,150000
"sparse",50,10,2,TRUE,500,1000,65550,150,4.66535391316712,TRUE,0.0711724471879042,150000
"tester",100,1,4,FALSE,199,796,52988.5,218,4.66327024338154,TRUE,0.088005326502572,150000
"tester",100,1,4,TRUE,199,796,57988.5,218,4.66327024338154,TRUE,0.0804171558736911,150000
"sparse",50,5,4,FALSE,250,1000,55575,100,4.59973960647388,TRUE,0.0827663446958864,150000
"sparse",50,5,4,TRUE,250,1000,63075,100,4.59973960647388,TRUE,0.0729249243991103,150000
"tester",100,3,1,FALSE,591,591,50210.5,254,4.49534376467768,TRUE,0.0895299541864286,150000
"sparse",100,3,1,FALSE,300,300,38650,200,4.49534376467768,TRUE,0.116309023665658,150000
"tester",100,3,1,TRUE,591,591,55210.5,254,4.49534376467768,TRUE,0.0814218991800052,150000
"sparse",100,3,1,TRUE,300,300,43650,200,4.49534376467768,TRUE,0.102986111447369,150000
"tester",150,2,1,FALSE,596,596,54146,358,4.49263154785339,TRUE,0.0829725473322755,150000
"sparse",150,2,1,FALSE,300,300,42350,300,4.49263154785339,TRUE,0.106083389559702,150000
"tester",150,2,1,TRUE,596,596,56646,358,4.49263154785339,TRUE,0.0793106582610138,150000
"sparse",150,2,1,TRUE,300,300,44850,300,4.49263154785339,TRUE,0.100170157142773,150000
"tester",50,4,4,FALSE,384,1536,73092,136,4.45669007296133,TRUE,0.0609737053707838,150000
"tester",50,4,4,TRUE,384,1536,80592,136,4.45669007296133,TRUE,0.0552994102759744,150000
"sparse",50,5,3,FALSE,250,750,48075,100,4.45017444210191,TRUE,0.0925673310889633,150000
"sparse",50,5,3,TRUE,250,750,55575,100,4.45017444210191,TRUE,0.0800751136680505,150000
"tester",150,1,2,FALSE,299,598,51630.5,329,4.38921832936544,TRUE,0.0850121213113458,150000
"tester",150,1,2,TRUE,299,598,54130.5,329,4.38921832936544,TRUE,0.0810858634109317,150000
"tester",100,1,3,FALSE,199,597,47018.5,218,4.31632270750954,TRUE,0.0918005191043853,150000
"tester",100,1,3,TRUE,199,597,52018.5,218,4.31632270750954,TRUE,0.0829766853621219,150000
"tester",50,4,3,FALSE,384,1152,61572,136,4.28804955354267,TRUE,0.0696428498918773,150000
"tester",50,4,3,TRUE,384,1152,69072,136,4.28804955354267,TRUE,0.0620808656697746,150000
"tester",50,3,4,FALSE,291,1164,61126.5,127,4.24532746554521,TRUE,0.06945150573884,150000
"sparse",50,3,4,FALSE,150,600,42825,100,4.24532746554521,TRUE,0.0991319898551128,150000
"tester",50,3,4,TRUE,291,1164,68626.5,127,4.24532746554521,TRUE,0.0618613431479852,150000
"sparse",50,3,4,TRUE,150,600,50325,100,4.24532746554521,TRUE,0.0843582208752152,150000
"sparse",50,10,1,FALSE,500,500,43050,150,4.23959640342247,TRUE,0.0984807526927403,150000
"sparse",50,10,1,TRUE,500,500,50550,150,4.23959640342247,TRUE,0.0838693650528679,150000
"sparse",50,5,2,FALSE,250,500,40575,100,4.19017554233964,TRUE,0.103269883976331,150000
"sparse",50,5,2,TRUE,250,500,48075,100,4.19017554233964,TRUE,0.0871591376461703,150000
"tester",50,3,3,FALSE,291,873,52396.5,127,4.05322845639789,TRUE,0.0773568550647064,150000
"sparse",50,3,3,FALSE,150,450,38325,100,4.05322845639789,TRUE,0.105759385685529,150000
"tester",50,3,3,TRUE,291,873,59896.5,127,4.05322845639789,TRUE,0.0676705392869014,150000
"sparse",50,3,3,TRUE,150,450,45825,100,4.05322845639789,TRUE,0.0884501572590919,150000
"tester",50,4,2,FALSE,384,768,50052,136,4.0012446323107,TRUE,0.0799417532228622,150000
"tester",50,4,2,TRUE,384,768,57552,136,4.0012446323107,TRUE,0.0695239893020347,150000
"tester",50,2,4,FALSE,196,784,48906,118,3.89954930852401,TRUE,0.0797356011230526,150000
"sparse",50,2,4,FALSE,100,400,36450,100,3.89954930852401,TRUE,0.106983520124116,150000
"tester",50,2,4,TRUE,196,784,56406,118,3.89954930852401,TRUE,0.0691335905493035,150000
"sparse",50,2,4,TRUE,100,400,43950,100,3.89954930852401,TRUE,0.0887269467240958,150000
"tester",100,2,1,FALSE,396,396,42682,236,3.89509143712381,TRUE,0.0912584095666512,150000
"sparse",100,2,1,FALSE,200,200,34900,200,3.89509143712381,TRUE,0.111607204502115,150000
"tester",100,2,1,TRUE,396,396,47682,236,3.89509143712381,TRUE,0.081688927417554,150000
"sparse",100,2,1,TRUE,200,200,39900,200,3.89509143712381,TRUE,0.0976213392762859,150000
"tester",100,1,2,FALSE,199,398,41048.5,218,3.80543263970689,TRUE,0.0927057660988073,150000
"tester",100,1,2,TRUE,199,398,46048.5,218,3.80543263970689,TRUE,0.0826396655636317,150000
"tester",50,3,2,FALSE,291,582,43666.5,127,3.73620540024257,TRUE,0.0855622823043425,150000
"sparse",50,3,2,FALSE,150,300,33825,100,3.73620540024257,TRUE,0.11045692240185,150000
"tester",50,3,2,TRUE,291,582,51166.5,127,3.73620540024257,TRUE,0.0730205388338575,150000
"sparse",50,3,2,TRUE,150,300,41325,100,3.73620540024257,TRUE,0.0904102940167591,150000
"tester",200,1,1,FALSE,399,399,50218.5,438,3.69395115424534,TRUE,0.073557576475708,150000
"tester",200,1,1,TRUE,399,399,50218.5,438,3.69395115424534,TRUE,0.073557576475708,150000
"tester",50,2,3,FALSE,196,588,43026,118,3.68011895644135,TRUE,0.0855324444856913,150000
"sparse",50,2,3,FALSE,100,300,33450,100,3.68011895644135,TRUE,0.110018503929487,150000
"tester",50,2,3,TRUE,196,588,50526,118,3.68011895644135,TRUE,0.0728361429054616,150000
"sparse",50,2,3,TRUE,100,300,40950,100,3.68011895644135,TRUE,0.0898685947848926,150000
"sparse",50,5,1,FALSE,250,250,33075,100,3.61934667145317,TRUE,0.109428470792235,150000
"sparse",50,5,1,TRUE,250,250,40575,100,3.61934667145317,TRUE,0.0892013967086425,150000
"tester",150,1,1,FALSE,299,299,42660.5,329,3.39836693042009,TRUE,0.0796607383978173,150000
"tester",150,1,1,TRUE,299,299,45160.5,329,3.39836693042009,TRUE,0.075250870349533,150000
"tester",50,4,1,FALSE,384,384,38532,136,3.39639324149052,TRUE,0.0881447431093771,150000
"tester",50,4,1,TRUE,384,384,46032,136,3.39639324149052,TRUE,0.0737833081658524,150000
"tester",50,2,2,FALSE,196,392,37146,118,3.33353134183898,TRUE,0.0897413272448979,150000
"sparse",50,2,2,FALSE,100,200,30450,100,3.33353134183898,TRUE,0.109475577728702,150000
"tester",50,2,2,TRUE,196,392,44646,118,3.33353134183898,TRUE,0.0746658455816641,150000
"sparse",50,2,2,TRUE,100,200,37950,100,3.33353134183898,TRUE,0.087840088058998,150000
"tester",50,1,4,FALSE,99,396,36430.5,109,3.21761551996822,TRUE,0.0883220246762527,150000
"tester",50,1,4,TRUE,99,396,43930.5,109,3.21761551996822,TRUE,0.0732433166016372,150000
"tester",50,3,1,FALSE,291,291,34936.5,127,3.10174772421737,TRUE,0.0887824402621147,150000
"sparse",50,3,1,FALSE,150,150,29325,100,3.10174772421737,TRUE,0.105771448396159,150000
"tester",50,3,1,TRUE,291,291,42436.5,127,3.10174772421737,TRUE,0.0730915067033655,150000
"sparse",50,3,1,TRUE,150,150,36825,100,3.10174772421737,TRUE,0.0842294018796299,150000
"tester",50,1,3,FALSE,99,297,33460.5,109,2.97822476674716,TRUE,0.0890071806083938,150000
"tester",50,1,3,TRUE,99,297,40960.5,109,2.97822476674716,TRUE,0.0727096780251013,150000
"tester",100,1,1,FALSE,199,199,35078.5,218,2.94636891316153,TRUE,0.083993583339126,150000
"tester",100,1,1,TRUE,199,199,40078.5,218,2.94636891316153,TRUE,0.0735149497401732,150000
"tester",50,2,1,FALSE,196,196,31266,118,2.68757888899373,TRUE,0.0859585136887908,150000
"sparse",50,2,1,FALSE,100,100,27450,100,2.68757888899373,TRUE,0.0979081562474949,150000
"tester",50,2,1,TRUE,196,196,38766,118,2.68757888899373,TRUE,0.0693282486971505,150000
"sparse",50,2,1,TRUE,100,100,34950,100,2.68757888899373,TRUE,0.076897822288805,150000
"tester",50,1,2,FALSE,99,198,30490.5,109,2.62571510606591,TRUE,0.0861158428384548,150000
"tester",50,1,2,TRUE,99,198,37990.5,109,2.62571510606591,TRUE,0.0691150447102804,150000
"tester",50,1,1,FALSE,99,99,27520.5,109,2.03296867814933,TRUE,0.0738710662287867,150000
"tester",50,1,1,TRUE,99,99,35020.5,109,2.03296867814933,TRUE,0.0580508181821883,150000
"sparse",200,10,4,FALSE,2000,8000,292200,600,8.96286316673274,FALSE,0.0306737274699957,150000
"sparse",200,10,4,TRUE,2000,8000,292200,600,8.96286316673274,FALSE,0.0306737274699957,150000
"sparse",200,10,3,FALSE,2000,6000,232200,600,8.79176799970136,FALSE,0.0378629112820903,150000
"sparse",200,10,3,TRUE,2000,6000,232200,600,8.79176799970136,FALSE,0.0378629112820903,150000
"sparse",200,10,2,FALSE,2000,4000,172200,600,8.47705606964637,FALSE,0.0492279678841252,150000
"sparse",200,10,2,TRUE,2000,4000,172200,600,8.47705606964637,FALSE,0.0492279678841252,150000
"sparse",200,5,4,FALSE,1000,4000,162300,400,8.35783335532244,FALSE,0.0514962005873225,150000
"sparse",200,5,4,TRUE,1000,4000,162300,400,8.35783335532244,FALSE,0.0514962005873225,150000
"sparse",150,10,4,FALSE,1500,6000,224150,450,8.24566880173798,FALSE,0.0367863876945705,150000
"sparse",150,10,4,TRUE,1500,6000,226650,450,8.24566880173798,FALSE,0.0363806256419059,150000
"tester",200,4,4,FALSE,1584,6336,238584,552,8.09790904113478,FALSE,0.0339415427737601,150000
"tester",200,4,4,TRUE,1584,6336,238584,552,8.09790904113478,FALSE,0.0339415427737601,150000
"sparse",150,10,3,FALSE,1500,4500,179150,450,8.08826440375997,FALSE,0.0451480011373708,150000
"sparse",150,10,3,TRUE,1500,4500,181650,450,8.08826440375997,FALSE,0.0445266413639415,150000
"tester",200,4,3,FALSE,1584,4752,191064,552,7.79148531308887,FALSE,0.0407794525032914,150000
"tester",200,4,3,TRUE,1584,4752,191064,552,7.79148531308887,FALSE,0.0407794525032914,150000
"tester",200,3,4,FALSE,1191,4764,188020.5,514,7.71385829012181,FALSE,0.0410266874629193,150000
"tester",200,3,4,TRUE,1191,4764,188020.5,514,7.71385829012181,FALSE,0.0410266874629193,150000
"tester",150,4,4,FALSE,1184,4736,183452,416,7.44992695946041,FALSE,0.0406096796952904,150000
"tester",150,4,4,TRUE,1184,4736,185952,416,7.44992695946041,FALSE,0.0400637097716637,150000
"tester",200,3,3,FALSE,1191,3573,152290.5,514,7.36480994314231,FALSE,0.0483602716068455,150000
"tester",200,3,3,TRUE,1191,3573,152290.5,514,7.36480994314231,FALSE,0.0483602716068455,150000
"tester",200,4,2,FALSE,1584,3168,143544,552,7.27035413127818,FALSE,0.0506489587253956,150000
"tester",200,4,2,TRUE,1584,3168,143544,552,7.27035413127818,FALSE,0.0506489587253956,150000
"tester",150,4,3,FALSE,1184,3552,147932,416,7.1680227813582,FALSE,0.0484548493994416,150000
"tester",150,4,3,TRUE,1184,3552,150432,416,7.1680227813582,FALSE,0.0476495877297264,150000
"sparse",100,10,4,FALSE,1000,4000,156100,300,7.14895793276316,FALSE,0.0457972961740113,150000
"sparse",100,10,4,TRUE,1000,4000,161100,300,7.14895793276316,FALSE,0.0443759027483747,150000
"tester",150,3,4,FALSE,891,3564,145746.5,387,7.09660735198658,FALSE,0.0486914426897838,150000
"tester",150,3,4,TRUE,891,3564,148246.5,387,7.09660735198658,FALSE,0.047870319717407,150000
"tester",200,2,4,FALSE,796,3184,137202,476,7.0855713735698,FALSE,0.0516433534027915,150000
"tester",200,2,4,TRUE,796,3184,137202,476,7.0855713735698,FALSE,0.0516433534027915,150000
"tester",100,4,4,FALSE,784,3136,128224,272,6.4590533182845,FALSE,0.0503732009474396,150000
"tester",100,4,4,TRUE,784,3136,133224,272,6.4590533182845,FALSE,0.0484826556647789,150000
"sparse",200,5,3,FALSE,1000,3000,132300,400,8.08606998901731,TRUE,0.0611191987076139,2e+05
"sparse",200,5,3,TRUE,1000,3000,132300,400,8.08606998901731,TRUE,0.0611191987076139,2e+05
"sparse",150,10,2,FALSE,1500,3000,134150,450,7.79873523267756,TRUE,0.058134440795211,2e+05
"sparse",150,10,2,TRUE,1500,3000,136650,450,7.79873523267756,TRUE,0.0570708761996163,2e+05
"sparse",200,3,4,FALSE,600,2400,111300,400,7.71385829012181,TRUE,0.0693069028762068,2e+05
"sparse",200,3,4,TRUE,600,2400,111300,400,7.71385829012181,TRUE,0.0693069028762068,2e+05
"sparse",200,10,1,FALSE,2000,2000,112200,600,7.70344481756276,TRUE,0.0686581534542135,2e+05
"sparse",200,10,1,TRUE,2000,2000,112200,600,7.70344481756276,TRUE,0.0686581534542135,2e+05
"sparse",150,5,4,FALSE,750,3000,126725,300,7.68905253445138,TRUE,0.0606751038425834,2e+05
"sparse",150,5,4,TRUE,750,3000,129225,300,7.68905253445138,TRUE,0.0595012771093162,2e+05
"sparse",200,5,2,FALSE,1000,2000,102300,400,7.61364596881369,TRUE,0.0744246917772599,2e+05
"sparse",200,5,2,TRUE,1000,2000,102300,400,7.61364596881369,TRUE,0.0744246917772599,2e+05
"sparse",150,5,3,FALSE,750,2250,104225,300,7.43903524987262,TRUE,0.0713747685284013,2e+05
"sparse",150,5,3,TRUE,750,2250,106725,300,7.43903524987262,TRUE,0.0697028367287198,2e+05
"sparse",200,3,3,FALSE,600,1800,93300,400,7.36480994314231,TRUE,0.0789368697014181,2e+05
"sparse",200,3,3,TRUE,600,1800,93300,400,7.36480994314231,TRUE,0.0789368697014181,2e+05
"sparse",150,3,4,FALSE,450,1800,88475,300,7.09660735198658,TRUE,0.0802103119749825,2e+05
"sparse",150,3,4,TRUE,450,1800,90975,300,7.09660735198658,TRUE,0.0780061264301905,2e+05
"sparse",150,10,1,FALSE,1500,1500,89150,450,7.08702714929904,TRUE,0.0794955372888283,2e+05
"sparse",150,10,1,TRUE,1500,1500,91650,450,7.08702714929904,TRUE,0.0773270829165199,2e+05
"sparse",200,2,4,FALSE,400,1600,85800,400,7.0855713735698,TRUE,0.0825824169413729,2e+05
"sparse",200,2,4,TRUE,400,1600,85800,400,7.0855713735698,TRUE,0.0825824169413729,2e+05
"sparse",100,10,3,FALSE,1000,3000,126100,300,7.01248902446315,TRUE,0.0556105394485579,2e+05
"sparse",100,10,3,TRUE,1000,3000,131100,300,7.01248902446315,TRUE,0.0534896187983459,2e+05
"sparse",150,5,2,FALSE,750,1500,81725,300,7.00441386470596,TRUE,0.0857071136703084,2e+05
"sparse",150,5,2,TRUE,750,1500,84225,300,7.00441386470596,TRUE,0.0831631209819645,2e+05
"tester",200,3,2,FALSE,1191,2382,116560.5,514,6.78877171058411,TRUE,0.0582424724549407,2e+05
"sparse",200,3,2,FALSE,600,1200,75300,400,6.78877171058411,TRUE,0.0901563308178501,2e+05
"tester",200,3,2,TRUE,1191,2382,116560.5,514,6.78877171058411,TRUE,0.0582424724549407,2e+05
"sparse",200,3,2,TRUE,600,1200,75300,400,6.78877171058411,TRUE,0.0901563308178501,2e+05
"tester",150,3,3,FALSE,891,2673,119016.5,387,6.77548931063682,TRUE,0.0569289914477138,2e+05
"sparse",150,3,3,FALSE,450,1350,74975,300,6.77548931063682,TRUE,0.0903699808020917,2e+05
"tester",150,3,3,TRUE,891,2673,121516.5,387,6.77548931063682,TRUE,0.0557577720773461,2e+05
"sparse",150,3,3,TRUE,450,1350,77475,300,6.77548931063682,TRUE,0.087453879453202,2e+05
"sparse",100,10,2,FALSE,1000,2000,96100,300,6.76146852944403,TRUE,0.0703586735634134,2e+05
"sparse",100,10,2,TRUE,1000,2000,101100,300,6.76146852944403,TRUE,0.0668790161171516,2e+05
"tester",150,4,2,FALSE,1184,2368,112412,416,6.68859170587122,TRUE,0.0595006912595739,2e+05
"tester",150,4,2,TRUE,1184,2368,114912,416,6.68859170587122,TRUE,0.0582062074097677,2e+05
"tester",200,2,3,FALSE,796,2388,113322,476,6.68686134371824,TRUE,0.0590076185005404,2e+05
"sparse",200,2,3,FALSE,400,1200,73800,400,6.68686134371824,TRUE,0.090607877286155,2e+05
"tester",200,2,3,TRUE,796,2388,113322,476,6.68686134371824,TRUE,0.0590076185005404,2e+05
"sparse",200,2,3,TRUE,400,1200,73800,400,6.68686134371824,TRUE,0.090607877286155,2e+05
"sparse",100,5,4,FALSE,500,2000,91150,200,6.66637412116442,TRUE,0.0731363041268724,2e+05
"sparse",100,5,4,TRUE,500,2000,96150,200,6.66637412116442,TRUE,0.0693330641826773,2e+05
"sparse",200,5,1,FALSE,1000,1000,72300,400,6.57643669493192,TRUE,0.0909603968870252,2e+05
"sparse",200,5,1,TRUE,1000,1000,72300,400,6.57643669493192,TRUE,0.0909603968870252,2e+05
"tester",150,2,4,FALSE,596,2384,107786,358,6.51859497692523,TRUE,0.0604771953400741,2e+05
"sparse",150,2,4,FALSE,300,1200,69350,300,6.51859497692523,TRUE,0.0939956016860163,2e+05
"tester",150,2,4,TRUE,596,2384,110286,358,6.51859497692523,TRUE,0.0591062780128505,2e+05
"sparse",150,2,4,TRUE,300,1200,71850,300,6.51859497692523,TRUE,0.0907250518709148,2e+05
"sparse",100,5,3,FALSE,500,1500,76150,200,6.44961025483735,TRUE,0.0846961294134911,2e+05
"sparse",100,5,3,TRUE,500,1500,81150,200,6.44961025483735,TRUE,0.0794776371514153,2e+05
"tester",150,3,2,FALSE,891,1782,92286.5,387,6.24554476117151,TRUE,0.0676756054371063,2e+05
"sparse",150,3,2,FALSE,450,900,61475,300,6.24554476117151,TRUE,0.10159487208087,2e+05
"tester",150,3,2,TRUE,891,1782,94786.5,387,6.24554476117151,TRUE,0.0658906570152027,2e+05
"sparse",150,3,2,TRUE,450,900,63975,300,6.24554476117151,TRUE,0.0976247715696993,2e+05
"tester",100,4,3,FALSE,784,2352,104704,272,6.21464365803982,TRUE,0.0593544053526114,2e+05
"tester",100,4,3,TRUE,784,2352,109704,272,6.21464365803982,TRUE,0.0566491983705227,2e+05
"tester",200,4,1,FALSE,1584,1584,96024,552,6.17132515100827,TRUE,0.0642685698472077,2e+05
"tester",200,4,1,TRUE,1584,1584,96024,552,6.17132515100827,TRUE,0.0642685698472077,2e+05
"tester",100,3,4,FALSE,591,2364,103400.5,254,6.15272680052303,TRUE,0.0595038399284629,2e+05
"sparse",100,3,4,FALSE,300,1200,65650,200,6.15272680052303,TRUE,0.0937201340521405,2e+05
"tester",100,3,4,TRUE,591,2364,108400.5,254,6.15272680052303,TRUE,0.0567592105250716,2e+05
"sparse",100,3,4,TRUE,300,1200,70650,200,6.15272680052303,TRUE,0.0870874281744236,2e+05
"tester",150,2,3,FALSE,596,1788,89906,358,6.15178910329663,TRUE,0.0684246780336866,2e+05
"sparse",150,2,3,FALSE,300,900,60350,300,6.15178910329663,TRUE,0.101935196409223,2e+05
"tester",150,2,3,TRUE,596,1788,92406,358,6.15178910329663,TRUE,0.0665734811949076,2e+05
"sparse",150,2,3,TRUE,300,900,62850,300,6.15178910329663,TRUE,0.0978804948814101,2e+05
"sparse",100,10,1,FALSE,1000,1000,66100,300,6.14442080768638,TRUE,0.092956441871201,2e+05
"sparse",100,10,1,TRUE,1000,1000,71100,300,6.14442080768638,TRUE,0.0864194206425652,2e+05
"sparse",100,5,2,FALSE,500,1000,61150,200,6.07279545982875,TRUE,0.0993098194575429,2e+05
"sparse",100,5,2,TRUE,500,1000,66150,200,6.07279545982875,TRUE,0.091803408311848,2e+05
"tester",200,2,2,FALSE,796,1592,89442,476,6.05710362400115,TRUE,0.0677210217124075,2e+05
"sparse",200,2,2,FALSE,400,800,61800,400,6.05710362400115,TRUE,0.0980113855016367,2e+05
"tester",200,2,2,TRUE,796,1592,89442,476,6.05710362400115,TRUE,0.0677210217124075,2e+05
"sparse",200,2,2,TRUE,400,800,61800,400,6.05710362400115,TRUE,0.0980113855016367,2e+05
"sparse",150,5,1,FALSE,750,750,59225,300,6.05020046309293,TRUE,0.102156191863114,2e+05
"sparse",150,5,1,TRUE,750,750,61725,300,6.05020046309293,TRUE,0.0980186385272244,2e+05
"tester",100,3,3,FALSE,591,1773,85670.5,254,5.87431889641501,TRUE,0.0685687476601048,2e+05
"sparse",100,3,3,FALSE,300,900,56650,200,5.87431889641501,TRUE,0.103694949627803,2e+05
"tester",100,3,3,TRUE,591,1773,90670.5,254,5.87431889641501,TRUE,0.064787542766556,2e+05
"sparse",100,3,3,TRUE,300,900,61650,200,5.87431889641501,TRUE,0.0952849780440391,2e+05
"tester",200,1,4,FALSE,399,1596,86128.5,438,5.84648189204975,TRUE,0.0678809208572046,2e+05
"tester",200,1,4,TRUE,399,1596,86128.5,438,5.84648189204975,TRUE,0.0678809208572046,2e+05
"tester",100,4,2,FALSE,784,1568,81184,272,5.79897906215,TRUE,0.0714300731936095,2e+05
"tester",100,4,2,TRUE,784,1568,86184,272,5.79897906215,TRUE,0.0672860282900538,2e+05
"tester",150,4,1,FALSE,1184,1184,76892,416,5.67750531458796,TRUE,0.0738373993990006,2e+05
"tester",150,4,1,TRUE,1184,1184,79392,416,5.67750531458796,TRUE,0.0715123099882602,2e+05
"tester",100,2,4,FALSE,396,1584,78322,236,5.65159265928039,TRUE,0.0721584313383263,2e+05
"sparse",100,2,4,FALSE,200,800,52900,200,5.65159265928039,TRUE,0.106835399986397,2e+05
"tester",100,2,4,TRUE,396,1584,83322,236,5.65159265928039,TRUE,0.0678283365651376,2e+05
"sparse",100,2,4,TRUE,200,800,57900,200,5.65159265928039,TRUE,0.0976095450652918,2e+05
"tester",200,3,1,FALSE,1191,1191,80830.5,514,5.63594742467007,TRUE,0.0697255049105235,2e+05
"sparse",200,3,1,FALSE,600,600,57300,400,5.63594742467007,TRUE,0.0983585937987796,2e+05
"tester",200,3,1,TRUE,1191,1191,80830.5,514,5.63594742467007,TRUE,0.0697255049105235,2e+05
"sparse",200,3,1,TRUE,600,600,57300,400,5.63594742467007,TRUE,0.0983585937987796,2e+05
"tester",150,2,2,FALSE,596,1192,72026,358,5.572423616451,TRUE,0.0773668344271652,2e+05
"sparse",150,2,2,FALSE,300,600,51350,300,5.572423616451,TRUE,0.10851847354335,2e+05
"tester",150,2,2,TRUE,596,1192,74526,358,5.572423616451,TRUE,0.0747715376707592,2e+05
"sparse",150,2,2,TRUE,300,600,53850,300,5.572423616451,TRUE,0.103480475700111,2e+05
"tester",100,3,2,FALSE,591,1182,67940.5,254,5.41485934475001,TRUE,0.0797000220008685,2e+05
"sparse",100,3,2,FALSE,300,600,47650,200,5.41485934475001,TRUE,0.113638181421826,2e+05
"tester",100,3,2,TRUE,591,1182,72940.5,254,5.41485934475001,TRUE,0.0742366633728862,2e+05
"sparse",100,3,2,TRUE,300,600,52650,200,5.41485934475001,TRUE,0.102846331334283,2e+05
"tester",200,1,3,FALSE,399,1197,74158.5,438,5.4115033512187,TRUE,0.0729721252616855,2e+05
"tester",200,1,3,TRUE,399,1197,74158.5,438,5.4115033512187,TRUE,0.0729721252616855,2e+05
"tester",150,1,4,FALSE,299,1196,69570.5,329,5.37865550777722,TRUE,0.0773123020213627,2e+05
"tester",150,1,4,TRUE,299,1196,72070.5,329,5.37865550777722,TRUE,0.0746304730476022,2e+05
"tester",100,2,3,FALSE,396,1188,66442,236,5.33357360914481,TRUE,0.0802741279483582,2e+05
"sparse",100,2,3,FALSE,200,600,46900,200,5.33357360914481,TRUE,0.113722251794132,2e+05
"tester",100,2,3,TRUE,396,1188,71442,236,5.33357360914481,TRUE,0.0746559952009296,2e+05
"sparse",100,2,3,TRUE,200,600,51900,200,5.33357360914481,TRUE,0.102766350850574,2e+05
"sparse",100,5,1,FALSE,500,500,46150,200,5.24549671293115,TRUE,0.113661900605225,2e+05
"sparse",100,5,1,TRUE,500,500,51150,200,5.24549671293115,TRUE,0.102551255384773,2e+05
"tester",150,3,1,FALSE,891,891,65556.5,387,5.18496768089991,TRUE,0.0790915878806818,2e+05
"sparse",150,3,1,FALSE,450,450,47975,300,5.18496768089991,TRUE,0.108076449836371,2e+05
"tester",150,3,1,TRUE,891,891,68056.5,387,5.18496768089991,TRUE,0.0761862229309458,2e+05
"sparse",150,3,1,TRUE,450,450,50475,300,5.18496768089991,TRUE,0.102723480552747,2e+05
"tester",150,1,3,FALSE,299,897,60600.5,329,4.97848327298637,TRUE,0.0821525114972049,2e+05
"tester",150,1,3,TRUE,299,897,63100.5,329,4.97848327298637,TRUE,0.0788976834254304,2e+05
"sparse",50,10,4,FALSE,500,2000,88050,150,4.9327181989304,TRUE,0.0560217853370857,2e+05
"sparse",50,10,4,TRUE,500,2000,95550,150,4.9327181989304,TRUE,0.0516244709464196,2e+05
"tester",100,4,1,FALSE,784,784,57664,272,4.92237168784582,TRUE,0.0853629940317325,2e+05
"tester",100,4,1,TRUE,784,784,62664,272,4.92237168784582,TRUE,0.0785518270114551,2e+05
"tester",200,2,1,FALSE,796,796,65562,476,4.88339306248505,TRUE,0.0744851142809104,2e+05
"sparse",200,2,1,FALSE,400,400,49800,400,4.88339306248505,TRUE,0.0980601016563263,2e+05
"tester",200,2,1,TRUE,796,796,65562,476,4.88339306248505,TRUE,0.0744851142809104,2e+05
"sparse",200,2,1,TRUE,400,400,49800,400,4.88339306248505,TRUE,0.0980601016563263,2e+05
"sparse",50,10,3,FALSE,500,1500,73050,150,4.8385558505307,TRUE,0.0662362197197905,2e+05
"sparse",50,10,3,TRUE,500,1500,80550,150,4.8385558505307,TRUE,0.0600689739358249,2e+05
"tester",100,2,2,FALSE,396,792,54562,236,4.8312663260435,TRUE,0.0885463569158664,2e+05
"sparse",100,2,2,FALSE,200,400,40900,200,4.8312663260435,TRUE,0.118123871052408,2e+05
"tester",100,2,2,TRUE,396,792,59562,236,4.8312663260435,TRUE,0.0811132320278617,2e+05
"sparse",100,2,2,TRUE,200,400,45900,200,4.8312663260435,TRUE,0.105256346972625,2e+05
"tester",200,1,2,FALSE,399,798,62188.5,438,4.7709851366727,TRUE,0.0767181253233749,2e+05
"tester",200,1,2,TRUE,399,798,62188.5,438,4.7709851366727,TRUE,0.0767181253233749,2e+05
"sparse",50,10,2,FALSE,500,1000,58050,150,4.66535391316712,TRUE,0.0803678538013285,2e+05
"sparse",50,10,2,TRUE,500,1000,65550,150,4.66535391316712,TRUE,0.0711724471879042,2e+05
"tester",100,1,4,FALSE,199,796,52988.5,218,4.66327024338154,TRUE,0.088005326502572,2e+05
"tester",100,1,4,TRUE,199,796,57988.5,218,4.66327024338154,TRUE,0.0804171558736911,2e+05
"sparse",50,5,4,FALSE,250,1000,55575,100,4.59973960647388,TRUE,0.0827663446958864,2e+05
"sparse",50,5,4,TRUE,250,1000,63075,100,4.59973960647388,TRUE,0.0729249243991103,2e+05
"tester",100,3,1,FALSE,591,591,50210.5,254,4.49534376467768,TRUE,0.0895299541864286,2e+05
"sparse",100,3,1,FALSE,300,300,38650,200,4.49534376467768,TRUE,0.116309023665658,2e+05
"tester",100,3,1,TRUE,591,591,55210.5,254,4.49534376467768,TRUE,0.0814218991800052,2e+05
"sparse",100,3,1,TRUE,300,300,43650,200,4.49534376467768,TRUE,0.102986111447369,2e+05
"tester",150,2,1,FALSE,596,596,54146,358,4.49263154785339,TRUE,0.0829725473322755,2e+05
"sparse",150,2,1,FALSE,300,300,42350,300,4.49263154785339,TRUE,0.106083389559702,2e+05
"tester",150,2,1,TRUE,596,596,56646,358,4.49263154785339,TRUE,0.0793106582610138,2e+05
"sparse",150,2,1,TRUE,300,300,44850,300,4.49263154785339,TRUE,0.100170157142773,2e+05
"tester",50,4,4,FALSE,384,1536,73092,136,4.45669007296133,TRUE,0.0609737053707838,2e+05
"tester",50,4,4,TRUE,384,1536,80592,136,4.45669007296133,TRUE,0.0552994102759744,2e+05
"sparse",50,5,3,FALSE,250,750,48075,100,4.45017444210191,TRUE,0.0925673310889633,2e+05
"sparse",50,5,3,TRUE,250,750,55575,100,4.45017444210191,TRUE,0.0800751136680505,2e+05
"tester",150,1,2,FALSE,299,598,51630.5,329,4.38921832936544,TRUE,0.0850121213113458,2e+05
"tester",150,1,2,TRUE,299,598,54130.5,329,4.38921832936544,TRUE,0.0810858634109317,2e+05
"tester",100,1,3,FALSE,199,597,47018.5,218,4.31632270750954,TRUE,0.0918005191043853,2e+05
"tester",100,1,3,TRUE,199,597,52018.5,218,4.31632270750954,TRUE,0.0829766853621219,2e+05
"tester",50,4,3,FALSE,384,1152,61572,136,4.28804955354267,TRUE,0.0696428498918773,2e+05
"tester",50,4,3,TRUE,384,1152,69072,136,4.28804955354267,TRUE,0.0620808656697746,2e+05
"tester",50,3,4,FALSE,291,1164,61126.5,127,4.24532746554521,TRUE,0.06945150573884,2e+05
"sparse",50,3,4,FALSE,150,600,42825,100,4.24532746554521,TRUE,0.0991319898551128,2e+05
"tester",50,3,4,TRUE,291,1164,68626.5,127,4.24532746554521,TRUE,0.0618613431479852,2e+05
"sparse",50,3,4,TRUE,150,600,50325,100,4.24532746554521,TRUE,0.0843582208752152,2e+05
"sparse",50,10,1,FALSE,500,500,43050,150,4.23959640342247,TRUE,0.0984807526927403,2e+05
"sparse",50,10,1,TRUE,500,500,50550,150,4.23959640342247,TRUE,0.0838693650528679,2e+05
"sparse",50,5,2,FALSE,250,500,40575,100,4.19017554233964,TRUE,0.103269883976331,2e+05
"sparse",50,5,2,TRUE,250,500,48075,100,4.19017554233964,TRUE,0.0871591376461703,2e+05
"tester",50,3,3,FALSE,291,873,52396.5,127,4.05322845639789,TRUE,0.0773568550647064,2e+05
"sparse",50,3,3,FALSE,150,450,38325,100,4.05322845639789,TRUE,0.105759385685529,2e+05
"tester",50,3,3,TRUE,291,873,59896.5,127,4.05322845639789,TRUE,0.0676705392869014,2e+05
"sparse",50,3,3,TRUE,150,450,45825,100,4.05322845639789,TRUE,0.0884501572590919,2e+05
"tester",50,4,2,FALSE,384,768,50052,136,4.0012446323107,TRUE,0.0799417532228622,2e+05
"tester",50,4,2,TRUE,384,768,57552,136,4.0012446323107,TRUE,0.0695239893020347,2e+05
"tester",50,2,4,FALSE,196,784,48906,118,3.89954930852401,TRUE,0.0797356011230526,2e+05
"sparse",50,2,4,FALSE,100,400,36450,100,3.89954930852401,TRUE,0.106983520124116,2e+05
"tester",50,2,4,TRUE,196,784,56406,118,3.89954930852401,TRUE,0.0691335905493035,2e+05
"sparse",50,2,4,TRUE,100,400,43950,100,3.89954930852401,TRUE,0.0887269467240958,2e+05
"tester",100,2,1,FALSE,396,396,42682,236,3.89509143712381,TRUE,0.0912584095666512,2e+05
"sparse",100,2,1,FALSE,200,200,34900,200,3.89509143712381,TRUE,0.111607204502115,2e+05
"tester",100,2,1,TRUE,396,396,47682,236,3.89509143712381,TRUE,0.081688927417554,2e+05
"sparse",100,2,1,TRUE,200,200,39900,200,3.89509143712381,TRUE,0.0976213392762859,2e+05
"tester",100,1,2,FALSE,199,398,41048.5,218,3.80543263970689,TRUE,0.0927057660988073,2e+05
"tester",100,1,2,TRUE,199,398,46048.5,218,3.80543263970689,TRUE,0.0826396655636317,2e+05
"tester",50,3,2,FALSE,291,582,43666.5,127,3.73620540024257,TRUE,0.0855622823043425,2e+05
"sparse",50,3,2,FALSE,150,300,33825,100,3.73620540024257,TRUE,0.11045692240185,2e+05
"tester",50,3,2,TRUE,291,582,51166.5,127,3.73620540024257,TRUE,0.0730205388338575,2e+05
"sparse",50,3,2,TRUE,150,300,41325,100,3.73620540024257,TRUE,0.0904102940167591,2e+05
"tester",200,1,1,FALSE,399,399,50218.5,438,3.69395115424534,TRUE,0.073557576475708,2e+05
"tester",200,1,1,TRUE,399,399,50218.5,438,3.69395115424534,TRUE,0.073557576475708,2e+05
"tester",50,2,3,FALSE,196,588,43026,118,3.68011895644135,TRUE,0.0855324444856913,2e+05
"sparse",50,2,3,FALSE,100,300,33450,100,3.68011895644135,TRUE,0.110018503929487,2e+05
"tester",50,2,3,TRUE,196,588,50526,118,3.68011895644135,TRUE,0.0728361429054616,2e+05
"sparse",50,2,3,TRUE,100,300,40950,100,3.68011895644135,TRUE,0.0898685947848926,2e+05
"sparse",50,5,1,FALSE,250,250,33075,100,3.61934667145317,TRUE,0.109428470792235,2e+05
"sparse",50,5,1,TRUE,250,250,40575,100,3.61934667145317,TRUE,0.0892013967086425,2e+05
"tester",150,1,1,FALSE,299,299,42660.5,329,3.39836693042009,TRUE,0.0796607383978173,2e+05
"tester",150,1,1,TRUE,299,299,45160.5,329,3.39836693042009,TRUE,0.075250870349533,2e+05
"tester",50,4,1,FALSE,384,384,38532,136,3.39639324149052,TRUE,0.0881447431093771,2e+05
"tester",50,4,1,TRUE,384,384,46032,136,3.39639324149052,TRUE,0.0737833081658524,2e+05
"tester",50,2,2,FALSE,196,392,37146,118,3.33353134183898,TRUE,0.0897413272448979,2e+05
"sparse",50,2,2,FALSE,100,200,30450,100,3.33353134183898,TRUE,0.109475577728702,2e+05
"tester",50,2,2,TRUE,196,392,44646,118,3.33353134183898,TRUE,0.0746658455816641,2e+05
"sparse",50,2,2,TRUE,100,200,37950,100,3.33353134183898,TRUE,0.087840088058998,2e+05
"tester",50,1,4,FALSE,99,396,36430.5,109,3.21761551996822,TRUE,0.0883220246762527,2e+05
"tester",50,1,4,TRUE,99,396,43930.5,109,3.21761551996822,TRUE,0.0732433166016372,2e+05
"tester",50,3,1,FALSE,291,291,34936.5,127,3.10174772421737,TRUE,0.0887824402621147,2e+05
"sparse",50,3,1,FALSE,150,150,29325,100,3.10174772421737,TRUE,0.105771448396159,2e+05
"tester",50,3,1,TRUE,291,291,42436.5,127,3.10174772421737,TRUE,0.0730915067033655,2e+05
"sparse",50,3,1,TRUE,150,150,36825,100,3.10174772421737,TRUE,0.0842294018796299,2e+05
"tester",50,1,3,FALSE,99,297,33460.5,109,2.97822476674716,TRUE,0.0890071806083938,2e+05
"tester",50,1,3,TRUE,99,297,40960.5,109,2.97822476674716,TRUE,0.0727096780251013,2e+05
"tester",100,1,1,FALSE,199,199,35078.5,218,2.94636891316153,TRUE,0.083993583339126,2e+05
"tester",100,1,1,TRUE,199,199,40078.5,218,2.94636891316153,TRUE,0.0735149497401732,2e+05
"tester",50,2,1,FALSE,196,196,31266,118,2.68757888899373,TRUE,0.0859585136887908,2e+05
"sparse",50,2,1,FALSE,100,100,27450,100,2.68757888899373,TRUE,0.0979081562474949,2e+05
"tester",50,2,1,TRUE,196,196,38766,118,2.68757888899373,TRUE,0.0693282486971505,2e+05
"sparse",50,2,1,TRUE,100,100,34950,100,2.68757888899373,TRUE,0.076897822288805,2e+05
"tester",50,1,2,FALSE,99,198,30490.5,109,2.62571510606591,TRUE,0.0861158428384548,2e+05
"tester",50,1,2,TRUE,99,198,37990.5,109,2.62571510606591,TRUE,0.0691150447102804,2e+05
"tester",50,1,1,FALSE,99,99,27520.5,109,2.03296867814933,TRUE,0.0738710662287867,2e+05
"tester",50,1,1,TRUE,99,99,35020.5,109,2.03296867814933,TRUE,0.0580508181821883,2e+05
"sparse",200,10,4,FALSE,2000,8000,292200,600,8.96286316673274,FALSE,0.0306737274699957,2e+05
"sparse",200,10,4,TRUE,2000,8000,292200,600,8.96286316673274,FALSE,0.0306737274699957,2e+05
"sparse",200,10,3,FALSE,2000,6000,232200,600,8.79176799970136,FALSE,0.0378629112820903,2e+05
"sparse",200,10,3,TRUE,2000,6000,232200,600,8.79176799970136,FALSE,0.0378629112820903,2e+05
"sparse",200,10,2,FALSE,2000,4000,172200,600,8.47705606964637,FALSE,0.0492279678841252,2e+05
"sparse",200,10,2,TRUE,2000,4000,172200,600,8.47705606964637,FALSE,0.0492279678841252,2e+05
"sparse",200,5,4,FALSE,1000,4000,162300,400,8.35783335532244,FALSE,0.0514962005873225,2e+05
"sparse",200,5,4,TRUE,1000,4000,162300,400,8.35783335532244,FALSE,0.0514962005873225,2e+05
"sparse",150,10,4,FALSE,1500,6000,224150,450,8.24566880173798,FALSE,0.0367863876945705,2e+05
"sparse",150,10,4,TRUE,1500,6000,226650,450,8.24566880173798,FALSE,0.0363806256419059,2e+05
"tester",200,4,4,FALSE,1584,6336,238584,552,8.09790904113478,FALSE,0.0339415427737601,2e+05
"tester",200,4,4,TRUE,1584,6336,238584,552,8.09790904113478,FALSE,0.0339415427737601,2e+05
"sparse",150,10,3,FALSE,1500,4500,179150,450,8.08826440375997,FALSE,0.0451480011373708,2e+05
"sparse",150,10,3,TRUE,1500,4500,181650,450,8.08826440375997,FALSE,0.0445266413639415,2e+05
"tester",200,4,3,FALSE,1584,4752,191064,552,7.79148531308887,FALSE,0.0407794525032914,2e+05
"tester",200,4,3,TRUE,1584,4752,191064,552,7.79148531308887,FALSE,0.0407794525032914,2e+05
"tester",200,3,4,FALSE,1191,4764,188020.5,514,7.71385829012181,FALSE,0.0410266874629193,2e+05
"tester",200,3,4,TRUE,1191,4764,188020.5,514,7.71385829012181,FALSE,0.0410266874629193,2e+05
"tester",150,4,4,FALSE,1184,4736,183452,416,7.44992695946041,FALSE,0.0406096796952904,2e+05
"tester",150,4,4,TRUE,1184,4736,185952,416,7.44992695946041,FALSE,0.0400637097716637,2e+05
"tester",200,3,3,FALSE,1191,3573,152290.5,514,7.36480994314231,FALSE,0.0483602716068455,2e+05
"tester",200,3,3,TRUE,1191,3573,152290.5,514,7.36480994314231,FALSE,0.0483602716068455,2e+05
"tester",200,4,2,FALSE,1584,3168,143544,552,7.27035413127818,FALSE,0.0506489587253956,2e+05
"tester",200,4,2,TRUE,1584,3168,143544,552,7.27035413127818,FALSE,0.0506489587253956,2e+05
"tester",150,4,3,FALSE,1184,3552,147932,416,7.1680227813582,FALSE,0.0484548493994416,2e+05
"tester",150,4,3,TRUE,1184,3552,150432,416,7.1680227813582,FALSE,0.0476495877297264,2e+05
"sparse",100,10,4,FALSE,1000,4000,156100,300,7.14895793276316,FALSE,0.0457972961740113,2e+05
"sparse",100,10,4,TRUE,1000,4000,161100,300,7.14895793276316,FALSE,0.0443759027483747,2e+05
"tester",150,3,4,FALSE,891,3564,145746.5,387,7.09660735198658,FALSE,0.0486914426897838,2e+05
"tester",150,3,4,TRUE,891,3564,148246.5,387,7.09660735198658,FALSE,0.047870319717407,2e+05
"tester",200,2,4,FALSE,796,3184,137202,476,7.0855713735698,FALSE,0.0516433534027915,2e+05
"tester",200,2,4,TRUE,796,3184,137202,476,7.0855713735698,FALSE,0.0516433534027915,2e+05
"tester",100,4,4,FALSE,784,3136,128224,272,6.4590533182845,FALSE,0.0503732009474396,2e+05
"tester",100,4,4,TRUE,784,3136,133224,272,6.4590533182845,FALSE,0.0484826556647789,2e+05
