"budget_plots","scenario","family","x_axis","model","n_linesA_tested","n_linesB_tested","n_crosses","n_plots","reps_per_cross","deg_A_mean","n_components","rank_gca","df_sca","frac_factorial","n_pollinations","nursery_rows","n_genotyped","cost_total","cost_plots","cost_nursery","cost_pollination","cost_genotyping","acc_gcaA","acc_gcaB","acc_gca_mean","acc_gcaA_all","acc_gcaB_all","acc_gca_all","acc_T2","acc_T1","acc_T0","acc_sca_T2","gain_hybrid_sd","gain_efficiency","resp_gca_mean_sd","vc_gcaA","vc_gcaB","vc_sca","vc_gcaA_bias","vc_sca_bias","vc_ratio_obs","n_rep","sd_acc_gca_mean","sd_acc_gca_all","sd_acc_T2","sd_acc_T1","sd_gain_hybrid_sd","sd_resp_gca_mean_sd","se_acc_gca_mean","se_acc_gca_all","resp_per_1000"
1000,"100 lines/pool c=10 (cdmean)","subset_cdmean",10,"BLUP",100,100,1000,1000,1,5,1,199,801,0.025,3000,300,400,71100,30000,3600,7500,10000,0.748297050777124,0.790630686271788,0.769463868524456,0.494160439319869,0.603819931369243,0.548990185344556,0.702661868335746,0.500929025292392,NA,-0.000918372894053324,1.74090737678561,0.59131304166699,1.14496554417959,6.52934745705807,8.40602416557569,2.95740031981694,-1.65609491862655,0.0583391451424003,0.413909570523422,30,0.0178454717142379,0.0125921569587844,0.0163888529477061,0.0116452183842191,0.122764416628439,0.0549034897067879,0.0032581224690695,0.00229900280465729,0.0244853358197695
1000,"100 lines/pool c=10 (cdmean)","subset_cdmean",10,"GBLUP",100,100,1000,1000,1,5,1,199,801,0.025,3000,300,400,71100,30000,3600,7500,10000,0.746005781011612,0.799819257931374,0.772912519471493,0.491726355668982,0.593631630602147,0.542678993135565,0.701216783491933,0.48936286666477,0.130327936871202,0.0109434384100411,1.73172340218153,0.588193631622467,1.12125754034788,6.78466714584419,8.32449427200829,1.50504779099568,-1.40077522984044,-1.39401338367886,0.21076455918532,30,0.0184423640043796,0.0156797962036177,0.0196184630081593,0.0155308168465885,0.122783983523077,0.0459337159113656,0.00336709959297334,0.0028627260259351,0.0243561659941144
1000,"100 lines/pool c=10 (cdmean)","subset_cdmean",10,"LS",100,100,1000,1000,1,5,1,199,801,0.025,3000,300,400,71100,30000,3600,7500,10000,0.719658621324773,0.770381193966668,0.745019907645721,0.475248192017925,0.588355002842898,0.531801597430412,NA,NA,NA,NA,NA,NA,1.10779703989318,NA,NA,NA,NA,NA,NA,30,0.0335066627478409,0.0236857593037316,NA,NA,NA,0.0721017693637175,0.00611745167123684,0.00432440822076388,NA
1000,"100 lines/pool c=10 (random)","subset_random",10,"BLUP",100,100,1000,1000,1,5,1,199,801,0.025,3000,300,400,71100,30000,3600,7500,10000,0.791601553866578,0.766348236162294,0.778974895014436,0.561717452473361,0.541695827193882,0.551706639833621,0.709332617272114,0.504593510245407,NA,-0.000154308548786296,1.7205093176401,0.585885853561129,1.11391841964872,8.10915645199574,7.13495696064816,3.07604676936617,-0.0762859236888816,0.176985594691632,0.42390437728535,30,0.0214968780421149,0.0299280215853719,0.0234954551751739,0.0284376625097417,0.187967490299303,0.0938808192216022,0.00392477500653461,0.00546408417460323,0.0241984432860773
1000,"100 lines/pool c=10 (random)","subset_random",10,"GBLUP",100,100,1000,1000,1,5,1,199,801,0.025,3000,300,400,71100,30000,3600,7500,10000,0.784390448281724,0.762071655097199,0.773231051689462,0.540856454549698,0.530665430187963,0.53576094236883,0.700214353753267,0.486343379174678,0.126004156898651,0.0145538416478652,1.67884475487469,0.571709268237555,1.08845440386081,8.80170548744926,7.49801542581814,1.37441521825562,0.616263111764635,-1.52464595641892,0.169379421643812,30,0.0238773783298799,0.0299454307652258,0.0268921174387501,0.0287450488201191,0.213851975125853,0.103072262598522,0.00435939290845341,0.00546726264144112,0.0236124438097706
1000,"100 lines/pool c=10 (random)","subset_random",10,"LS",100,100,1000,1000,1,5,1,199,801,0.025,3000,300,400,71100,30000,3600,7500,10000,0.748127007483624,0.727643096396739,0.737885051940182,0.530584000676335,0.514472524442954,0.522528262559645,NA,NA,NA,NA,NA,NA,1.03731565658818,NA,NA,NA,NA,NA,NA,30,0.0397936638632064,0.0356114130371535,NA,NA,NA,0.118588388197639,0.00726529578121877,0.00650172474169418,NA
1000,"100 lines/pool c=5 (cdmean)","subset_cdmean",5,"BLUP",100,100,500,1000,2,2.5,1,199,301,0.0125,1500,200,400,66150,30000,2400,3750,10000,0.729835091977826,0.768813478325611,0.749324285151719,0.481968530155559,0.587157708117057,0.534563119136308,0.68361799507556,0.487689115462179,NA,0.00369364554271657,1.68246859323412,0.571136998875087,1.09666327580536,6.87372038677564,8.17994628893983,3.65601195371627,-1.31172198890898,0.756950779041725,0.502290519813224,30,0.0230575896857922,0.0163562042796849,0.0217712343718322,0.0153302226538014,0.160199810993557,0.0693473682946927,0.00420972066420229,0.00298622067971532,0.0254341435107199
1000,"100 lines/pool c=5 (cdmean)","subset_cdmean",5,"GBLUP",100,100,500,1000,2,2.5,1,199,301,0.0125,1500,200,400,66150,30000,2400,3750,10000,0.727059491045513,0.772743371186975,0.749901431116244,0.48391938506497,0.560623520267104,0.522271452666037,0.677381229296235,0.469428064198172,0.116943157394351,0.0170853948035654,1.69039037735489,0.573826156953083,1.08094317356004,7.34913884257646,8.13344409968971,2.14264375175492,-0.836303533108163,-0.756417422919618,0.281700166588185,30,0.0260240459701966,0.0247917135183936,0.0287529667693386,0.0257461773204401,0.205519237839147,0.0782178325173149,0.0047513190051427,0.00452632691107664,0.0255538983727118
1000,"100 lines/pool c=5 (cdmean)","subset_cdmean",5,"LS",100,100,500,1000,2,2.5,1,199,301,0.0125,1500,200,400,66150,30000,2400,3750,10000,0.631818122859226,0.672053504179216,0.651935813519221,0.417240079775961,0.513260246302235,0.465250163039098,NA,NA,NA,NA,NA,NA,0.926651943843853,NA,NA,NA,NA,NA,NA,30,0.0575660814737205,0.041257707266455,NA,NA,NA,0.110120365533772,0.010510080456779,0.00753259231359408,NA
1000,"100 lines/pool c=5 (random)","subset_random",5,"BLUP",100,100,500,1000,2,2.5,1,199,301,0.0125,1500,200,400,66150,30000,2400,3750,10000,0.781505072321482,0.763079172290323,0.772292122305902,0.55493065989815,0.539813840627578,0.547372250262864,0.703442580754356,0.500736742794113,NA,-0.0029001286260024,1.76179946746808,0.599108587634643,1.09958294754555,8.46489349517322,7.3990320118683,3.38814503870775,0.279451119488599,0.489083864033208,0.450628259609741,30,0.0287048310516239,0.0374611223873721,0.029702237090326,0.0344019343960131,0.211845157097639,0.11892160337336,0.00524076115878306,0.00683943392034182,0.026633400868754
1000,"100 lines/pool c=5 (random)","subset_random",5,"GBLUP",100,100,500,1000,2,2.5,1,199,301,0.0125,1500,200,400,66150,30000,2400,3750,10000,0.773857603844658,0.759001570249143,0.766429587046901,0.528462160263351,0.532373445400837,0.530417802832094,0.691204075805532,0.47745344133171,0.121822200398034,0.0158477364419073,1.68767732305036,0.573914702641591,1.08631017609061,9.20223231668472,7.93481496215178,2.00831125944725,1.0167899410001,-0.890749915227289,0.253296655277641,30,0.0270986879808367,0.0379205825924777,0.0320063615781964,0.0385108920838595,0.256504162939257,0.119713692328995,0.00494752089529947,0.00692331949321259,0.0255128847021974
1000,"100 lines/pool c=5 (random)","subset_random",5,"LS",100,100,500,1000,2,2.5,1,199,301,0.0125,1500,200,400,66150,30000,2400,3750,10000,0.643921889291823,0.626767238782233,0.635344564037028,0.458333383186801,0.44319243180926,0.450762907498031,NA,NA,NA,NA,NA,NA,0.88669060063481,NA,NA,NA,NA,NA,NA,30,0.0603248005675213,0.0515742240527556,NA,NA,NA,0.125789842632847,0.0110137513492773,0.00941612196650658,NA
1000,"50 lines/pool c=10 (cdmean)","subset_cdmean",10,"BLUP",50,50,500,1000,2,2.5,1,99,401,0.0125,1500,150,400,65550,30000,1800,3750,10000,0.84633954902686,0.839870287768138,0.843104918397499,0.382736407163408,0.40561522480967,0.394175815986539,0.759857962211762,0.517026546482685,NA,-0.00319846745454082,1.43281096868933,0.486588958929179,0.839792134535936,6.50487032917177,6.62825842130471,2.8326802929988,-1.68057204651285,-0.0663808816757448,0.436611748678024,30,0.021149206280836,0.00994076238593799,0.021699024518076,0.013746441014682,0.206184759125861,0.0441447794324502,0.00386129911778127,0.00181492659919237,0.0218582909029646
1000,"50 lines/pool c=10 (cdmean)","subset_cdmean",10,"GBLUP",50,50,500,1000,2,2.5,1,99,401,0.0125,1500,150,400,65550,30000,1800,3750,10000,0.850588628403903,0.838156066169495,0.844372347286699,0.340101090669954,0.465132551970618,0.402616821320286,0.754950243550451,0.513539198614401,0.13021529615855,0.00875824694174947,1.46905997895255,0.498899283564906,0.853114261609357,6.87009691500027,6.89085374704601,1.59570052304374,-1.31534546068435,-1.3033606516308,0.234208991003763,30,0.0220532695508044,0.0159786737706935,0.0223459955384809,0.0166823392255823,0.172714296492705,0.0399706872953645,0.00402635773323913,0.00291729335440833,0.022411288771206
1000,"50 lines/pool c=10 (cdmean)","subset_cdmean",10,"LS",50,50,500,1000,2,2.5,1,99,401,0.0125,1500,150,400,65550,30000,1800,3750,10000,0.836863441472127,0.832251443844388,0.834557442658258,0.37845106877463,0.401935705322105,0.390193387048367,NA,NA,NA,NA,NA,NA,0.831973330687915,NA,NA,NA,NA,NA,NA,30,0.0223164632760579,0.0105015766899108,NA,NA,NA,0.0384364830418335,0.00407441011334418,0.00191731681414486,NA
1000,"50 lines/pool c=10 (random)","subset_random",10,"BLUP",50,50,500,1000,2,2.5,1,99,401,0.0125,1500,150,400,65550,30000,1800,3750,10000,0.86810019173035,0.847704892783623,0.857902542256987,0.431891832719097,0.413368773620677,0.422630303169887,0.77883904894104,0.548967773578247,NA,-0.00500499460817011,1.54145645410366,0.523931980318848,0.816160896367175,8.41878548834755,6.7187935233872,2.92889158790117,0.233343112662929,0.029830413226627,0.41700061694211,30,0.022043568984459,0.0323201030064732,0.0260818431701213,0.0349114384750385,0.251958642438165,0.121536102374795,0.00402458666023647,0.00590081649251197,0.0235157353791557
1000,"50 lines/pool c=10 (random)","subset_random",10,"GBLUP",50,50,500,1000,2,2.5,1,99,401,0.0125,1500,150,400,65550,30000,1800,3750,10000,0.866088634794733,0.843170148910384,0.854629391852558,0.406620719551797,0.402138276460747,0.404379498006272,0.771212133946877,0.530330044847089,0.088904420889896,0.0208763757443777,1.5360663209105,0.522117080637435,0.816886140258146,9.03497613580024,7.02556129842869,1.85447791846879,0.849533760115612,-1.04458325620575,0.237389847390092,30,0.0239134066407923,0.0337095005410143,0.0294381577306772,0.034872171791838,0.31853243858542,0.126680271577168,0.00436597074798525,0.00615448461618204,0.0234335060398245
1000,"50 lines/pool c=10 (random)","subset_random",10,"LS",50,50,500,1000,2,2.5,1,99,401,0.0125,1500,150,400,65550,30000,1800,3750,10000,0.860862257577608,0.838887193510416,0.849874725544012,0.428311813642121,0.409169717625766,0.418740765633943,NA,NA,NA,NA,NA,NA,0.811254913122719,NA,NA,NA,NA,NA,NA,30,0.021642800907624,0.0321188785159436,NA,NA,NA,0.122743702650288,0.00395141675489964,0.00586407809498346,NA
1000,"50 lines/pool c=5 (cdmean)","subset_cdmean",5,"BLUP",50,50,250,750,3,1.25,1,99,151,0.00625,750,100,400,55575,22500,1200,1875,10000,0.789031060691728,0.787859907900984,0.788445484296356,0.356820041857582,0.380496819944725,0.368658430901154,0.708668104950487,0.48201629628271,NA,-0.00106423934819953,1.42388777664604,0.483558603340375,0.753012061487226,6.83161301212841,6.66848862749319,2.69959690790073,-1.35382936355622,-0.199464266773814,0.41240356739521,30,0.0284324950249041,0.013463351082563,0.0267631003922085,0.0182646872086705,0.176075516247469,0.0516623134346399,0.00519103963043113,0.00245806036251045,0.02562101262521
1000,"50 lines/pool c=5 (cdmean)","subset_cdmean",5,"GBLUP",50,50,250,750,3,1.25,1,99,151,0.00625,750,100,400,55575,22500,1200,1875,10000,0.792265083469895,0.78772875566821,0.789996919569053,0.328155357951307,0.444010943775463,0.386083150863385,0.704738064379138,0.482953645771593,0.135893576494465,0.00548443381854615,1.47339547530005,0.500371637350763,0.773548489444607,7.12562297118715,7.09339329080803,1.90017125581944,-1.05981940449748,-0.998889918855103,0.271742529537146,30,0.0285994684892782,0.0162385749705114,0.0279808693037913,0.0195574701145102,0.16304403169685,0.0475347026556789,0.00522152467474529,0.00296474460436263,0.0265118394116068
1000,"50 lines/pool c=5 (cdmean)","subset_cdmean",5,"LS",50,50,250,750,3,1.25,1,99,151,0.00625,750,100,400,55575,22500,1200,1875,10000,0.743921569232485,0.753583045621512,0.748752307426999,0.336420375187234,0.363942814639678,0.350181594913456,NA,NA,NA,NA,NA,NA,0.723895028913712,NA,NA,NA,NA,NA,NA,30,0.0492749716970005,0.0230733074783113,NA,NA,NA,0.0684150234638405,0.00899633783962526,0.00421259032737458,NA
1000,"50 lines/pool c=5 (random)","subset_random",5,"BLUP",50,50,250,750,3,1.25,1,99,151,0.00625,750,100,400,55575,22500,1200,1875,10000,0.820254484973989,0.791231072262857,0.805742778618423,0.408310910772128,0.385768643553449,0.397039777162789,0.728302512076138,0.513471299490096,NA,0.00407951615411363,1.39367281751796,0.473326653038435,0.778053427938603,8.12681976424873,6.99379402915129,3.15823689718427,-0.0586226114358908,0.259175722509724,0.437678248925702,30,0.0327112936493826,0.0348705030006788,0.0398212913517862,0.0413327156409059,0.300924026266761,0.1083424237826,0.00597223780564745,0.0063664536950078,0.0250773336485463
1000,"50 lines/pool c=5 (random)","subset_random",5,"GBLUP",50,50,250,750,3,1.25,1,99,151,0.00625,750,100,400,55575,22500,1200,1875,10000,0.816238702488791,0.786850832899185,0.801544767693988,0.397181762432616,0.375285165441471,0.386233463937043,0.716937057348183,0.496443950875037,0.0990465529201755,0.0195751555251996,1.40208117514767,0.476185175379733,0.782301113286861,8.71594988144063,7.31266800893105,2.55403189450172,0.530507505756003,-0.345029280172821,0.338409953600445,30,0.0355764559846763,0.0403502117141222,0.0449716396346161,0.0455800092264787,0.292279021404004,0.114101818595054,0.00649534248629897,0.00736690705197797,0.025228631131762
1000,"50 lines/pool c=5 (random)","subset_random",5,"LS",50,50,250,750,3,1.25,1,99,151,0.00625,750,100,400,55575,22500,1200,1875,10000,0.763992220631629,0.748183740605913,0.756087980618771,0.380370560827625,0.364971509286692,0.372671035057158,NA,NA,NA,NA,NA,NA,0.730632298068582,NA,NA,NA,NA,NA,NA,30,0.0491813742573917,0.0395480692139271,NA,NA,NA,0.120804448110296,0.00897924936329244,0.00722045653808116,NA
1000,"A-optimal c=3","genomic_cross",3,"BLUP",200,200,600,1000,1.66666666666667,3,1,399,201,0.015,1800,400,400,69300,30000,4800,4500,10000,0.632733581069979,0.636024122133639,0.634378851601809,0.632733581069979,0.636024122133639,0.634378851601809,0.574593544234178,NA,NA,-0.00147199338048742,1.52232698841936,0.517377277158337,1.10822039355543,7.12694233512271,7.33265520204998,4.22249563694763,-1.05850004056191,1.32343446227309,0.635471408728246,30,0.0194753679400629,0.0194753679400629,0.0205992837624958,NA,0.195644860675713,0.0824043020433615,0.00355569944549513,0.00355569944549513,0.0219672004100918
1000,"A-optimal c=3","genomic_cross",3,"GBLUP",200,200,600,1000,1.66666666666667,3,1,399,201,0.015,1800,400,400,69300,30000,4800,4500,10000,0.606577065536144,0.62014790501908,0.613362485277612,0.606577065536144,0.62014790501908,0.613362485277612,0.547829323273648,NA,NA,0.0159396957782873,1.45293561726653,0.493793960999295,1.06321551568754,8.05720167930705,7.50141259741556,2.62886446320646,-0.128240696377577,-0.270196711468086,0.343107082915337,30,0.026227421566074,0.026227421566074,0.0249991324577183,NA,0.237104160616812,0.0803045918267503,0.00478845013897873,0.00478845013897873,0.0209658819230379
1000,"A-optimal c=3","genomic_cross",3,"LS",200,200,600,1000,1.66666666666667,3,1,399,201,0.015,1800,400,400,69300,30000,4800,4500,10000,0.465142366655228,0.458497168197579,0.461819767426404,0.465142366655228,0.458497168197579,0.461819767426404,NA,NA,NA,NA,NA,NA,0.834453342687054,NA,NA,NA,NA,NA,NA,30,0.0477603394287235,0.0477603394287235,NA,NA,NA,0.128408781571793,0.00871980508640509,0.00871980508640509,NA
1000,"circulant c=2","sparse_circulant",2,"BLUP",200,200,400,1000,2.5,2,1,399,1,0.01,1200,400,400,67800,30000,4800,3000,10000,0.593608108630362,0.623151005038265,0.608379556834314,0.593608108630362,0.623151005038265,0.608379556834314,0.547757757452802,NA,NA,-0.00292364599104987,1.68718708150769,0.573990015825645,1.07804951983793,7.66108329856814,7.47002620015046,4.38181975197875,-0.524359077116481,1.4827585773042,0.68334434404533,30,0.0179426544888146,0.0179426544888146,0.0208405989035999,NA,0.241136727729837,0.104202417915644,0.00327586553501502,0.00327586553501502,0.0248847652139777
1000,"circulant c=2","sparse_circulant",2,"GBLUP",200,200,400,1000,2.5,2,1,399,1,0.01,1200,400,400,67800,30000,4800,3000,10000,0.552544833854326,0.595020545343285,0.573782689598806,0.552544833854326,0.595020545343285,0.573782689598806,0.488943607992567,NA,NA,0.0106469377006676,1.5477669312643,0.526558539422267,1.00893465157141,7.45187898642077,7.18443813939718,4.85710125242356,-0.733563389263853,1.95804007774902,0.724894136976759,30,0.0227895056564529,0.0227895056564529,0.0444195737587434,NA,0.276671272378387,0.0856743164495099,0.00416077544081027,0.00416077544081027,0.0228284208151077
1000,"circulant c=2","sparse_circulant",2,"LS",200,200,400,1000,2.5,2,1,399,1,0.01,1200,400,400,67800,30000,4800,3000,10000,0.134364022604446,0.131206490098709,0.132785256351577,0.134364022604446,0.131206490098709,0.132785256351577,NA,NA,NA,NA,NA,NA,0.310951549800363,NA,NA,NA,NA,NA,NA,30,0.0489023692840963,0.0489023692840963,NA,NA,NA,0.143447671953365,0.0089283102574491,0.0089283102574491,NA
1000,"circulant c=3","sparse_circulant",3,"BLUP",200,200,600,1000,1.66666666666667,3,1,399,201,0.015,1800,400,400,69300,30000,4800,4500,10000,0.623125283062949,0.646420571121536,0.634772927092243,0.623125283062949,0.646420571121536,0.634772927092243,0.573942247831337,NA,NA,-0.000701973965433087,1.56081968070133,0.530459384008466,1.0904751905173,7.90486531658374,7.64086264128387,3.57930274745944,-0.280577059100881,0.680241572784898,0.512373923665088,30,0.028691518388123,0.028691518388123,0.0276005516625573,NA,0.246937777383653,0.0863835428066099,0.00523833061008308,0.00523833061008308,0.0225226505151707
1000,"circulant c=3","sparse_circulant",3,"GBLUP",200,200,600,1000,1.66666666666667,3,1,399,201,0.015,1800,400,400,69300,30000,4800,4500,10000,0.594852368220623,0.626540340467553,0.610696354344088,0.594852368220623,0.626540340467553,0.610696354344088,0.542029906209594,NA,NA,0.0161136606578788,1.48910574065576,0.506086720765074,1.06575514628717,8.32687399396572,7.73429101091096,2.71672606171981,0.141431618281096,-0.182335112954733,0.35557405101291,30,0.0268211628411087,0.0268211628411087,0.0307633478613339,NA,0.208826259645182,0.0903326764050948,0.00489685196886487,0.00489685196886487,0.0214878173254799
1000,"circulant c=3","sparse_circulant",3,"LS",200,200,600,1000,1.66666666666667,3,1,399,201,0.015,1800,400,400,69300,30000,4800,4500,10000,0.166066070386717,0.162317866528962,0.164191968457839,0.166066070386717,0.162317866528962,0.164191968457839,NA,NA,NA,NA,NA,NA,0.339955517989707,NA,NA,NA,NA,NA,NA,30,0.0828147585917484,0.0828147585917484,NA,NA,NA,0.18367720017426,0.0151198371250151,0.0151198371250151,NA
1000,"circulant c=5","sparse_circulant",5,"BLUP",200,200,1000,1000,1,5,1,399,601,0.025,3000,400,400,72300,30000,4800,7500,10000,0.664409730403614,0.657858318344497,0.661134024374055,0.664409730403614,0.657858318344497,0.661134024374055,0.602804120077052,NA,NA,-0.00132819709486706,1.76344765105093,0.600503250616677,1.19019803735167,7.9282075610942,7.35110694422315,3.04109939959228,-0.257234814590423,0.142038224917736,0.41920072596459,30,0.0206222147502112,0.0206222147502112,0.018494944427678,NA,0.179327487643665,0.0798160906739856,0.00376508406813548,0.00376508406813548,0.0243907005677861
1000,"circulant c=5","sparse_circulant",5,"GBLUP",200,200,1000,1000,1,5,1,399,601,0.025,3000,400,400,72300,30000,4800,7500,10000,0.645852453364642,0.6457802030384,0.645816328201521,0.645852453364642,0.6457802030384,0.645816328201521,0.577316917743772,NA,NA,0.0204623764188236,1.73365142326291,0.590356801623899,1.17359422532581,8.21398293413785,6.99376708432857,2.37173346123544,0.0285405584532229,-0.527327713439102,0.326355842651761,30,0.0189829975798786,0.0189829975798786,0.0225561006900883,NA,0.225210995446968,0.0840098309550362,0.00346580532785516,0.00346580532785516,0.0239785812346184
1000,"circulant c=5","sparse_circulant",5,"LS",200,200,1000,1000,1,5,1,399,601,0.025,3000,400,400,72300,30000,4800,7500,10000,0.433193980883842,0.420425906404633,0.426809943644238,0.433193980883842,0.420425906404633,0.426809943644238,NA,NA,NA,NA,NA,NA,0.806080880473278,NA,NA,NA,NA,NA,NA,30,0.0729773585596717,0.0729773585596717,NA,NA,NA,0.145111269796927,0.013323781823425,0.013323781823425,NA
1000,"random sparse c=2","sparse_random",2,"BLUP",173.3,173.766666666667,400,1000,2.5,2,11.8333333333333,335.233333333333,64.7666666666667,0.01,1200,347.866666666667,347.066666666667,65851.0666666667,30000,4174.4,3000,8676.66666666667,0.62824470256356,0.589337539520313,0.608791121041936,0.583379082541736,0.550343049679626,0.566861066110681,0.552829510039351,0.394259529793936,NA,0.000693672598216159,1.62393380562025,0.551790372788775,1.04305336405064,8.10362802379582,7.33521768808767,2.51863371441365,-0.0818143518888027,-0.38042746026089,0.379415388802062,30,0.0321574779484536,0.0307871176869013,0.027895729472538,0.0249770947405075,0.284846815573432,0.0861967506980592,0.00587112535494766,0.00562093294589404,0.0246607061635081
1000,"random sparse c=2","sparse_random",2,"GBLUP",173.3,173.766666666667,400,1000,2.5,2,11.8333333333333,335.233333333333,64.7666666666667,0.01,1200,347.866666666667,347.066666666667,65851.0666666667,30000,4174.4,3000,8676.66666666667,0.605301164310254,0.576179022611584,0.590740093460919,0.559903597089467,0.535546235613592,0.547724916351529,0.527261127124494,0.365687236730164,0.12504775238726,0.0130719489140113,1.52382267898631,0.51775504106914,0.981809660120462,8.42173642446581,7.32490317890404,2.39943486103519,0.236294048781186,-0.499626313639348,0.351552864335069,30,0.0350852528333945,0.0325993411135898,0.0366725056676861,0.03923749146719,0.275949566617495,0.0955295645206237,0.00640566147087407,0.00595179816257291,0.0231404403318141
1000,"random sparse c=2","sparse_random",2,"LS",173.3,173.766666666667,400,1000,2.5,2,11.8333333333333,335.233333333333,64.7666666666667,0.01,1200,347.866666666667,347.066666666667,65851.0666666667,30000,4174.4,3000,8676.66666666667,0.425877289069978,0.387907793014127,0.406892541042052,0.395510575613549,0.36244877123586,0.378979673424704,NA,NA,NA,NA,NA,NA,0.67189663063863,NA,NA,NA,NA,NA,NA,30,0.0620433591118403,0.0580712454443403,NA,NA,NA,0.171653715204991,0.0113275157763162,0.0106023103574281,NA
1000,"random sparse c=3","sparse_random",3,"BLUP",190.233333333333,190.366666666667,600,1000,1.66666666666667,3,2.8,377.8,222.2,0.015,1800,387.433333333333,380.6,68664.2,30000,4649.2,4500,9515,0.644051838357375,0.60888163482752,0.626466736592448,0.62567239523281,0.594442598149955,0.610057496691382,0.570306565725521,0.405918280731874,NA,-0.000632211112404986,1.68498733518359,0.57284687652034,1.10511046030915,8.70665578825846,7.31515826248141,2.73454911715402,0.521213412573835,-0.164512057520521,0.371725087159697,30,0.0278737337090024,0.0264388118723299,0.0252359812588951,0.0344217331968106,0.174776498918883,0.101288849314622,0.00508902423810426,0.00482704455203683,0.0245395320295524
1000,"random sparse c=3","sparse_random",3,"GBLUP",190.233333333333,190.366666666667,600,1000,1.66666666666667,3,2.8,377.8,222.2,0.015,1800,387.433333333333,380.6,68664.2,30000,4649.2,4500,9515,0.628154011849102,0.593453367340453,0.610803689594777,0.61147002011526,0.578754241039019,0.59511213057714,0.548277740324944,0.392276755491329,0.147035335041442,0.0154976378287816,1.68064774197967,0.571350731000953,1.0514429122315,8.9547153764672,7.26164917311842,2.36993781477841,0.769273000782578,-0.529123359896133,0.298841361755277,30,0.0311910097998765,0.0275423300898743,0.0289876020842313,0.0638685083675482,0.183323694137067,0.121030227305267,0.00569467321958568,0.00502851849215915,0.0244763317999725
1000,"random sparse c=3","sparse_random",3,"LS",190.233333333333,190.366666666667,600,1000,1.66666666666667,3,2.8,377.8,222.2,0.015,1800,387.433333333333,380.6,68664.2,30000,4649.2,4500,9515,0.502440992389828,0.478341966311179,0.490391479350504,0.488152743503839,0.46711489411624,0.47763381881004,NA,NA,NA,NA,NA,NA,0.825192277321768,NA,NA,NA,NA,NA,NA,30,0.0389019524949095,0.0386273489327956,NA,NA,NA,0.133587856357054,0.0071024923041521,0.00705235678237175,NA
1000,"random sparse c=5","sparse_random",5,"BLUP",198.9,198.7,1000,1000,1,5,1,396.6,603.4,0.025,3000,445.233333333333,397.6,72782.8,30000,5342.8,7500,9940,0.65667569316607,0.638771143257539,0.647723418211805,0.654310287509092,0.636943807667561,0.645627047588327,0.588786369821749,0.496522160913999,NA,0.000834058103344872,1.79670789419819,0.611345539746235,1.15550282673166,8.40391255620867,7.20012878605115,3.06736317810914,0.218470180524048,0.168302003434596,0.421672487246106,30,0.0223962378606642,0.0229361535641407,0.0220866805640169,0.076043895245934,0.17042240887385,0.114874602299655,0.00408897489317901,0.00418754956316079,0.0246858858713623
1000,"random sparse c=5","sparse_random",5,"GBLUP",198.9,198.7,1000,1000,1,5,1,396.6,603.4,0.025,3000,445.233333333333,397.6,72782.8,30000,5342.8,7500,9940,0.636538072752925,0.621015184282357,0.628776628517641,0.634672437727575,0.618818314504857,0.626745376116216,0.566516876565968,0.458128082436222,-0.22819645489647,0.00994249603311067,1.74497558907497,0.593760227298047,1.11901186916548,8.81681650498619,7.24010073123679,1.40863458700278,0.631374129301563,-1.49042658767177,0.190041732725298,30,0.0229880988084032,0.0223114469422859,0.0258481114794101,0.141793257356371,0.188249592482451,0.0770315891806344,0.00419703342384002,0.00407349426028988,0.0239751093537893
1000,"random sparse c=5","sparse_random",5,"LS",198.9,198.7,1000,1000,1,5,1,396.6,603.4,0.025,3000,445.233333333333,397.6,72782.8,30000,5342.8,7500,9940,0.593798446446922,0.574968177580094,0.584383312013508,0.591699775205642,0.573301084942446,0.582500430074044,NA,NA,NA,NA,NA,NA,0.968210750637277,NA,NA,NA,NA,NA,NA,30,0.0304398154412529,0.0308980550589716,NA,NA,NA,0.13904021807383,0.00555752452115609,0.00564118724627846,NA
1000,"relationship-guided c=3","genomic_cross",3,"BLUP",200,200,599.6,1000,1.66777994291241,2.998,1.03333333333333,398.966666666667,200.633333333333,0.01499,1798.8,400,400,69297,30000,4800,4497,10000,0.647014109490665,0.624326276588159,0.635670193039412,0.647014109490665,0.624326276588159,0.635670193039412,0.577547688222118,NA,NA,0.00315145847272408,1.7459055026628,0.593158771544107,1.12919684033683,8.15119078322538,7.5758834974718,2.21345707008672,-0.034251592459245,-0.685604104587819,0.320224531048044,30,0.0284235035663891,0.0284235035663891,0.0275693173634593,NA,0.17055648397862,0.0981708572148569,0.00518939802221329,0.00518939802221329,0.0251945322692585
1000,"relationship-guided c=3","genomic_cross",3,"GBLUP",200,200,599.6,1000,1.66777994291241,2.998,1.03333333333333,398.966666666667,200.633333333333,0.01499,1798.8,400,400,69297,30000,4800,4497,10000,0.63094668191522,0.613639875441133,0.622293278678176,0.63094668191522,0.613639875441133,0.622293278678176,0.559014487971506,NA,NA,0.0104854821550904,1.7284104355962,0.587224982460302,1.10250260926327,8.17645996675152,7.76764101522022,1.76621083401254,-0.008982408933099,-1.132850340662,0.235994955384393,30,0.0344955352915495,0.0344955352915495,0.035887422990847,NA,0.202104758661227,0.0952551855120469,0.00629799427079906,0.00629799427079906,0.0249420672698126
1000,"relationship-guided c=3","genomic_cross",3,"LS",200,200,599.6,1000,1.66777994291241,2.998,1.03333333333333,398.966666666667,200.633333333333,0.01499,1798.8,400,400,69297,30000,4800,4497,10000,0.542307990663997,0.526024561981143,0.53416627632257,0.542307990663997,0.526024561981143,0.53416627632257,NA,NA,NA,NA,NA,NA,0.9684800761317,NA,NA,NA,NA,NA,NA,30,0.0435763370540534,0.0435763370540534,NA,NA,NA,0.11716605678641,0.00795591425931776,0.00795591425931776,NA
1000,"relationship-guided c=5","genomic_cross",5,"BLUP",200,200,998.9,1000,1.00110176997365,4.9945,1,399,599.9,0.0249725,2996.7,400,400,72291.75,30000,4800,7491.75,10000,0.677555504739271,0.647412680022231,0.662484092380751,0.677555504739271,0.647412680022231,0.662484092380751,0.59719809510298,NA,NA,0.000519348557913603,1.73472990549047,0.590117813293209,1.15899624969014,7.38337278231933,7.4444765760617,13.9600479939484,-0.802069593365296,11.0609868192739,1.85536454740472,30,0.0232674648852691,0.0232674648852691,0.0443282030323722,NA,0.229136407222148,0.111866751089706,0.00424803845787375,0.00424803845787375,0.0239962361609792
1000,"relationship-guided c=5","genomic_cross",5,"GBLUP",200,200,998.9,1000,1.00110176997365,4.9945,1,399,599.9,0.0249725,2996.7,400,400,72291.75,30000,4800,7491.75,10000,0.613367577178178,0.591081472464418,0.602224524821298,0.613367577178178,0.591081472464418,0.602224524821298,0.500550619799193,NA,NA,0.0115918602943338,1.49023369979452,0.506928408968522,1.04300608969774,22.8911358418381,22.8195417604629,74.9004043091976,14.7056934661535,72.0013431345231,0.875168386870663,30,0.0988773007444107,0.0988773007444107,0.127974964734916,NA,0.397570613094665,0.221294828442114,0.0180524426809787,0.0180524426809787,0.0206141599808349
1000,"relationship-guided c=5","genomic_cross",5,"LS",200,200,998.9,1000,1.00110176997365,4.9945,1,399,599.9,0.0249725,2996.7,400,400,72291.75,30000,4800,7491.75,10000,0.648348835436487,0.615031616358421,0.631690225897454,0.648348835436487,0.615031616358421,0.631690225897454,NA,NA,NA,NA,NA,NA,1.09409105708084,NA,NA,NA,NA,NA,NA,30,0.0299008011532117,0.0299008011532117,NA,NA,NA,0.08450486952909,0.00545911442636352,0.00545911442636352,NA
1000,"tester k=1","tester",1,"BLUP",200,200,399,1000,2.5062656641604,1.995,1,399,0,0.009975,1197,438,400,68248.5,30000,5256,2992.5,10000,0.524008208256654,0.51044461325522,0.517226410755937,0.524008208256654,0.51044461325522,0.517226410755937,0.468014864414345,NA,NA,-0.00089122766487571,1.44627829364589,0.491260726722696,0.888431917899567,10.735722497396,9.94147629407605,3.02068219863496e-05,2.55028012171137,-2.89903096785256,3.00806362666662e-06,30,0.0418749208183896,0.0418749208183896,0.0405766277252217,NA,0.297266466514943,0.149314817196431,0.00764527957532489,0.00764527957532489,0.021191356493489
1000,"tester k=1","tester",1,"GBLUP",200,200,399,1000,2.5062656641604,1.995,1,399,0,0.009975,1197,438,400,68248.5,30000,5256,2992.5,10000,0.49686910483108,0.502951915196038,0.499910510013559,0.49686910483108,0.502951915196038,0.499910510013559,0.453165673504664,NA,NA,0.0064908947124585,1.44796251315394,0.491811192304934,0.887317881642691,10.319116631882,9.45645333324916,3.02068219863496e-05,2.13367425619737,-2.89903096785256,3.15669670713471e-06,30,0.0452487525708782,0.0452487525708782,0.042462295781172,NA,0.265090709949764,0.101097044097305,0.00826125416067995,0.00826125416067995,0.0212160342447665
1000,"tester k=1","tester",1,"LS",200,200,399,1000,2.5062656641604,1.995,1,399,0,0.009975,1197,438,400,68248.5,30000,5256,2992.5,10000,0.517954024259796,0.504321087678336,0.511137555969066,0.517954024259796,0.504321087678336,0.511137555969066,NA,NA,NA,NA,NA,NA,0.884033971144873,NA,NA,NA,NA,NA,NA,30,0.0434886272646363,0.0434886272646363,NA,NA,NA,0.128411413552455,0.00793990071592516,0.00793990071592516,NA
1000,"tester k=2","tester",2,"BLUP",200,200,796,1000,1.25628140703518,3.98,1,399,397,0.0199,2388,476,400,71682,30000,5712,5970,10000,0.540359340241781,0.532746487825506,0.536552914033643,0.540359340241781,0.532746487825506,0.536552914033643,0.477666625720436,NA,NA,0.00196010913762488,1.42713343538796,0.48499330307935,0.943130925871199,8.18466377481861,6.96555600896525,5.14816710449784,-0.000778600866009449,2.2491059298233,11.9854867172624,30,0.034517404305798,0.034517404305798,0.0395368876399982,NA,0.26900809545249,0.095392223450473,0.0063019869882705,0.0063019869882705,0.0199092301468703
1000,"tester k=2","tester",2,"GBLUP",200,200,796,1000,1.25628140703518,3.98,1,399,397,0.0199,2388,476,400,71682,30000,5712,5970,10000,0.519916842902252,0.524552480250208,0.52223466157623,0.519916842902252,0.524552480250208,0.52223466157623,0.460178582809579,NA,NA,0.0119702525628747,1.3784549524847,0.468414153807271,0.930062368849746,9.30038509143261,7.94556311907599,2.07709012517994,1.11494271574799,-0.821971049494601,0.260322582687813,30,0.0373971572039385,0.0373971572039385,0.0411383807564311,NA,0.213753457164233,0.0981960588470843,0.00682775552905465,0.00682775552905465,0.0192301407952443
1000,"tester k=2","tester",2,"LS",200,200,796,1000,1.25628140703518,3.98,1,399,397,0.0199,2388,476,400,71682,30000,5712,5970,10000,0.532263527258669,0.523773333500699,0.528018430379684,0.532263527258669,0.523773333500699,0.528018430379684,NA,NA,NA,NA,NA,NA,0.925030610404936,NA,NA,NA,NA,NA,NA,30,0.0343854291463887,0.0343854291463887,NA,NA,NA,0.101474397982206,0.00627789173099089,0.00627789173099089,NA
2000,"100 lines/pool c=10 (cdmean)","subset_cdmean",10,"BLUP",100,100,1000,2000,2,5,1,199,801,0.025,3000,300,400,101100,60000,3600,7500,10000,0.832202374976719,0.864052813270085,0.848127594123402,0.549569841006906,0.659893828392094,0.6047318346995,0.77449956794922,0.552499200561865,NA,0.000202946709370858,1.87265053470828,0.636060653440516,1.23574141195562,6.56787088475822,8.55083878145523,3.32014275051023,-1.61757149092641,0.421081575835689,0.441009901394144,30,0.0157880734473303,0.0114627001719503,0.0151394318600876,0.010604077956137,0.11346992214354,0.0551232203438099,0.00288249465555038,0.00209279315136518,0.018522755041625
2000,"100 lines/pool c=10 (cdmean)","subset_cdmean",10,"GBLUP",100,100,1000,2000,2,5,1,199,801,0.025,3000,300,400,101100,60000,3600,7500,10000,0.830661402494669,0.868849695256505,0.849755548875587,0.548433025018945,0.636305392148387,0.592369208583666,0.770198482566187,0.53449548327911,0.138004317984511,0.0110081499911159,1.85028506056938,0.628464042203324,1.23335197404688,7.2054402765731,8.71216736656464,1.41643953782456,-0.980002099111529,-1.48262163684998,0.181154605587254,30,0.0159545816645552,0.0151620326598743,0.0166166926020748,0.0154959568816096,0.107803296702016,0.0534129487789972,0.00291289475774506,0.00276819576848107,0.0183015337346131
2000,"100 lines/pool c=10 (cdmean)","subset_cdmean",10,"LS",100,100,1000,2000,2,5,1,199,801,0.025,3000,300,400,101100,60000,3600,7500,10000,0.808624988346531,0.853706717045623,0.831165852696077,0.533999805386581,0.651992314802159,0.59299606009437,NA,NA,NA,NA,NA,NA,1.19374434599148,NA,NA,NA,NA,NA,NA,30,0.022827047862112,0.0163943407491422,NA,NA,NA,0.0789259584130612,0.00416762967844295,0.00299318341457711,NA
2000,"100 lines/pool c=10 (random)","subset_random",10,"BLUP",100,100,1000,2000,2,5,1,199,801,0.025,3000,300,400,101100,60000,3600,7500,10000,0.871078594210485,0.858539685988457,0.864809140099471,0.618047113816384,0.606853002287632,0.612450058052008,0.789325210774248,0.560825635023823,NA,0.000128583537004759,1.98036993292895,0.67436266082736,1.2283327921316,8.40450487778232,7.29665375255645,3.58564496887494,0.219062502097699,0.686583794200401,0.460867919944745,30,0.0182512377884344,0.0326396775326967,0.0208555821057309,0.0306175492613693,0.177390156848086,0.101605073209428,0.0033322048797054,0.00595916255145085,0.0195882288123536
2000,"100 lines/pool c=10 (random)","subset_random",10,"GBLUP",100,100,1000,2000,2,5,1,199,801,0.025,3000,300,400,101100,60000,3600,7500,10000,0.867182555997455,0.856431213123491,0.861806884560473,0.592356561398534,0.589459489487014,0.590908025442774,0.781810155505522,0.535707754366072,0.129173585194015,0.0213429656935776,1.92078161297742,0.654072565107796,1.22998408790306,9.66185144974174,8.11652362512809,1.40839716832994,1.47640907405712,-1.49066400634461,0.159301141183498,30,0.0186349510994791,0.0351396561611223,0.0218156528417341,0.0339877451858072,0.190218039124103,0.0994133577590234,0.00340226102506346,0.00641559411414069,0.018998829010657
2000,"100 lines/pool c=10 (random)","subset_random",10,"LS",100,100,1000,2000,2,5,1,199,801,0.025,3000,300,400,101100,60000,3600,7500,10000,0.850853704212228,0.837760071661608,0.844306887936918,0.603543493642071,0.592137920676398,0.597840707159235,NA,NA,NA,NA,NA,NA,1.20660599611329,NA,NA,NA,NA,NA,NA,30,0.0204410453031362,0.0308756981661545,NA,NA,NA,0.0981918948117914,0.00373200720383757,0.00563710545477457,NA
2000,"100 lines/pool c=5 (cdmean)","subset_cdmean",5,"BLUP",100,100,500,1500,3,2.5,1,199,301,0.0125,1500,200,400,81150,45000,2400,3750,10000,0.785257166282658,0.821946055643981,0.803601610963319,0.518568162023779,0.627736084022375,0.573152123023077,0.73313819922706,0.523399680892764,NA,-0.00107173997503899,1.76433359942974,0.598927196052901,1.1498487140851,7.03690152405452,8.30249025471052,2.76417202467705,-1.1485408516301,-0.134889149997497,0.37311986630328,30,0.0175619314029434,0.0123539876080744,0.0154578125056237,0.0113510107410096,0.0990506113881763,0.0692578092406081,0.00320635532758348,0.00225551922936055,0.0217416340040634
2000,"100 lines/pool c=5 (cdmean)","subset_cdmean",5,"GBLUP",100,100,500,1500,3,2.5,1,199,301,0.0125,1500,200,400,81150,45000,2400,3750,10000,0.782483594481728,0.821431237541965,0.801957416011846,0.514737097158838,0.600719704464088,0.557728400811463,0.726160788496073,0.504524053366139,0.127140542839332,0.0186343682910627,1.75865870355479,0.597000774952394,1.13730129077731,7.64248465752473,8.13035745153645,1.70224331901033,-0.542957718159893,-1.19681785566421,0.221510825709095,30,0.0174073286298601,0.0169957113660183,0.0187182809860257,0.017266401609617,0.116919776680381,0.0588779324133907,0.00317812885215996,0.00310297816533838,0.0216717030629056
2000,"100 lines/pool c=5 (cdmean)","subset_cdmean",5,"LS",100,100,500,1500,3,2.5,1,199,301,0.0125,1500,200,400,81150,45000,2400,3750,10000,0.670338499503072,0.702255840728481,0.686297170115777,0.442678167799054,0.536326354282896,0.489502261040975,NA,NA,NA,NA,NA,NA,1.00616294523095,NA,NA,NA,NA,NA,NA,30,0.0795194257276589,0.0569376020257068,NA,NA,NA,0.109458327322328,0.0145181944102985,0.0103953363332438,NA
2000,"100 lines/pool c=5 (random)","subset_random",5,"BLUP",100,100,500,1500,3,2.5,1,199,301,0.0125,1500,200,400,81150,45000,2400,3750,10000,0.823169219981385,0.811417247086085,0.817293233533735,0.584249834579627,0.573772255143228,0.579011044861428,0.744990952201101,0.529949663494105,NA,0.00244451106306189,1.83521709751359,0.624080117569602,1.17688190756203,8.36434605685431,7.56768230958497,3.24636469434332,0.178903681169692,0.347303519668776,0.423278439598875,30,0.0256477016681488,0.0357507868104744,0.0279055616878046,0.0338497331393421,0.242933242878048,0.116115959801553,0.00468260825060267,0.00652717079488499,0.0226151213495205
2000,"100 lines/pool c=5 (random)","subset_random",5,"GBLUP",100,100,500,1500,3,2.5,1,199,301,0.0125,1500,200,400,81150,45000,2400,3750,10000,0.815265566184023,0.807272644972349,0.811269105578186,0.561538928565643,0.551254065718935,0.556396497142289,0.73204864223962,0.501737433222175,0.119649879946946,0.0214359410922256,1.77641270738263,0.60407727384614,1.16528607249999,9.26970087708832,8.2996152288691,2.28355997516646,1.0842585014037,-0.615501199508082,0.261661969722607,30,0.026640758558623,0.0407904270879474,0.0273426663296927,0.0367722483902373,0.227950690435544,0.116270418322853,0.00486391480386888,0.00744727901544619,0.0218904831470441
2000,"100 lines/pool c=5 (random)","subset_random",5,"LS",100,100,500,1500,3,2.5,1,199,301,0.0125,1500,200,400,81150,45000,2400,3750,10000,0.694308227764829,0.67149555621362,0.682901891989225,0.493038517186391,0.475159734277512,0.484099125731951,NA,NA,NA,NA,NA,NA,0.965828894196767,NA,NA,NA,NA,NA,NA,30,0.088785443556488,0.0686068062302708,NA,NA,NA,0.171447318247902,0.0162099300713301,0.0125258317902351,NA
2000,"50 lines/pool c=10 (cdmean)","subset_cdmean",10,"BLUP",50,50,500,1500,3,2.5,1,99,401,0.0125,1500,150,400,80550,45000,1800,3750,10000,0.895668871785757,0.886824700143689,0.891246785964723,0.405044389559199,0.428291850961312,0.416668120260255,0.803926148903281,0.547441765584492,NA,0.00190766405858614,1.61711186099958,0.549178359260892,0.880935063377347,6.57488496541493,6.98383448589089,2.39868324013806,-1.61055741026969,-0.50037793453648,0.370129344414907,30,0.0160713601619008,0.00750435807725482,0.0153384367629943,0.0102011829388275,0.115649200466112,0.0440854818076215,0.00293421549682099,0.00137010206616952,0.0200758766107956
2000,"50 lines/pool c=10 (cdmean)","subset_cdmean",10,"GBLUP",50,50,500,1500,3,2.5,1,99,401,0.0125,1500,150,400,80550,45000,1800,3750,10000,0.897472330280977,0.883767562519321,0.890619946400149,0.368287551733888,0.48840168061807,0.428344616175979,0.797110280274539,0.544791676119429,0.146479083965619,0.0101472837944633,1.6056107362752,0.545272526301452,0.892966454758504,6.96190949444825,7.26723957265447,1.47841805916122,-1.22353288123637,-1.42064311551332,0.213652148608538,30,0.0158510656106953,0.0130523826493123,0.0155092694875028,0.0123816361867521,0.12011475547727,0.0350793266335837,0.00289399539849073,0.0023830281354058,0.019933094180946
2000,"50 lines/pool c=10 (cdmean)","subset_cdmean",10,"LS",50,50,500,1500,3,2.5,1,99,401,0.0125,1500,150,400,80550,45000,1800,3750,10000,0.890792013975025,0.88203233810377,0.886412176039397,0.402838949628057,0.425977380459711,0.414408165043884,NA,NA,NA,NA,NA,NA,0.878545352469893,NA,NA,NA,NA,NA,NA,30,0.0181224030539882,0.00847782112103533,NA,NA,NA,0.0413454377055424,0.00330868298295662,0.00154783128882826,NA
2000,"50 lines/pool c=10 (random)","subset_random",10,"BLUP",50,50,500,1500,3,2.5,1,99,401,0.0125,1500,150,400,80550,45000,1800,3750,10000,0.900254583382794,0.886219328514231,0.893236955948512,0.447661641863355,0.432137356470383,0.439899499166869,0.813119425911437,0.571462041267945,NA,0.00274734553364434,1.57088398147185,0.533947013263581,0.866955047024985,8.09548238351784,6.77711950283799,2.71827574195079,-0.0899599921667862,-0.180785432723754,0.375776306554992,30,0.0211281591270631,0.0323669389657154,0.02807114306049,0.0356119810434434,0.237494863012016,0.124391609446962,0.00385745645081703,0.00590936752963842,0.0195019736992161
2000,"50 lines/pool c=10 (random)","subset_random",10,"GBLUP",50,50,500,1500,3,2.5,1,99,401,0.0125,1500,150,400,80550,45000,1800,3750,10000,0.898452472333573,0.885304186595599,0.891878329464586,0.428319144121577,0.427866756018536,0.428092950070057,0.806594664185493,0.556562319927687,0.107461686771043,0.0301963517265903,1.57926784687284,0.536789167311382,0.868008281774617,8.8469865749333,7.35439747615174,1.67449659879684,0.661544199248674,-1.2245645758777,0.214135047791503,30,0.0219433173315723,0.0395522004963378,0.0303753188298977,0.0383139242251633,0.257634527113114,0.129236527541084,0.00400628329633208,0.00722121080360374,0.0196060564478317
2000,"50 lines/pool c=10 (random)","subset_random",10,"LS",50,50,500,1500,3,2.5,1,99,401,0.0125,1500,150,400,80550,45000,1800,3750,10000,0.896609701107596,0.878783536255383,0.88769661868149,0.445896264273465,0.428562605761798,0.437229435017632,NA,NA,NA,NA,NA,NA,0.862368979825798,NA,NA,NA,NA,NA,NA,30,0.0233160742915261,0.0326680592511918,NA,NA,NA,0.132876660706894,0.00425691328064505,0.0059643443205977,NA
2000,"50 lines/pool c=5 (cdmean)","subset_cdmean",5,"BLUP",50,50,250,750,3,1.25,1,99,151,0.00625,750,100,400,55575,22500,1200,1875,10000,0.789031060691728,0.787859907900984,0.788445484296356,0.356820041857582,0.380496819944725,0.368658430901154,0.708668104950487,0.48201629628271,NA,-0.00106423934819953,1.42388777664604,0.483558603340375,0.753012061487226,6.83161301212841,6.66848862749319,2.69959690790073,-1.35382936355622,-0.199464266773814,0.41240356739521,30,0.0284324950249041,0.013463351082563,0.0267631003922085,0.0182646872086705,0.176075516247469,0.0516623134346399,0.00519103963043113,0.00245806036251045,0.02562101262521
2000,"50 lines/pool c=5 (cdmean)","subset_cdmean",5,"GBLUP",50,50,250,750,3,1.25,1,99,151,0.00625,750,100,400,55575,22500,1200,1875,10000,0.792265083469895,0.78772875566821,0.789996919569053,0.328155357951307,0.444010943775463,0.386083150863385,0.704738064379138,0.482953645771593,0.135893576494465,0.00548443381854615,1.47339547530005,0.500371637350763,0.773548489444607,7.12562297118715,7.09339329080803,1.90017125581944,-1.05981940449748,-0.998889918855103,0.271742529537146,30,0.0285994684892782,0.0162385749705114,0.0279808693037913,0.0195574701145102,0.16304403169685,0.0475347026556789,0.00522152467474529,0.00296474460436263,0.0265118394116068
2000,"50 lines/pool c=5 (cdmean)","subset_cdmean",5,"LS",50,50,250,750,3,1.25,1,99,151,0.00625,750,100,400,55575,22500,1200,1875,10000,0.743921569232485,0.753583045621512,0.748752307426999,0.336420375187234,0.363942814639678,0.350181594913456,NA,NA,NA,NA,NA,NA,0.723895028913712,NA,NA,NA,NA,NA,NA,30,0.0492749716970005,0.0230733074783113,NA,NA,NA,0.0684150234638405,0.00899633783962526,0.00421259032737458,NA
2000,"50 lines/pool c=5 (random)","subset_random",5,"BLUP",50,50,250,750,3,1.25,1,99,151,0.00625,750,100,400,55575,22500,1200,1875,10000,0.820254484973989,0.791231072262857,0.805742778618423,0.408310910772128,0.385768643553449,0.397039777162789,0.728302512076138,0.513471299490096,NA,0.00407951615411363,1.39367281751796,0.473326653038435,0.778053427938603,8.12681976424873,6.99379402915129,3.15823689718427,-0.0586226114358908,0.259175722509724,0.437678248925702,30,0.0327112936493826,0.0348705030006788,0.0398212913517862,0.0413327156409059,0.300924026266761,0.1083424237826,0.00597223780564745,0.0063664536950078,0.0250773336485463
2000,"50 lines/pool c=5 (random)","subset_random",5,"GBLUP",50,50,250,750,3,1.25,1,99,151,0.00625,750,100,400,55575,22500,1200,1875,10000,0.816238702488791,0.786850832899185,0.801544767693988,0.397181762432616,0.375285165441471,0.386233463937043,0.716937057348183,0.496443950875037,0.0990465529201755,0.0195751555251996,1.40208117514767,0.476185175379733,0.782301113286861,8.71594988144063,7.31266800893105,2.55403189450172,0.530507505756003,-0.345029280172821,0.338409953600445,30,0.0355764559846763,0.0403502117141222,0.0449716396346161,0.0455800092264787,0.292279021404004,0.114101818595054,0.00649534248629897,0.00736690705197797,0.025228631131762
2000,"50 lines/pool c=5 (random)","subset_random",5,"LS",50,50,250,750,3,1.25,1,99,151,0.00625,750,100,400,55575,22500,1200,1875,10000,0.763992220631629,0.748183740605913,0.756087980618771,0.380370560827625,0.364971509286692,0.372671035057158,NA,NA,NA,NA,NA,NA,0.730632298068582,NA,NA,NA,NA,NA,NA,30,0.0491813742573917,0.0395480692139271,NA,NA,NA,0.120804448110296,0.00897924936329244,0.00722045653808116,NA
2000,"A-optimal c=3","genomic_cross",3,"BLUP",200,200,600,1800,3,3,1,399,201,0.015,1800,400,400,93300,54000,4800,4500,10000,0.729913650900227,0.72280460423638,0.726359127568303,0.729913650900227,0.72280460423638,0.726359127568303,0.662041162350368,NA,NA,0.000232519473402558,1.87263459970325,0.636432644022773,1.25992461126469,7.93801364378323,7.71521412463791,3.20398647984935,-0.247428731901394,0.304925305174807,0.432179061661392,30,0.0153935987034421,0.0153935987034421,0.01431240023508,NA,0.218519349555568,0.0693965817177325,0.00281047375035251,0.00281047375035251,0.0200711103933896
2000,"A-optimal c=3","genomic_cross",3,"GBLUP",200,200,600,1800,3,3,1,399,201,0.015,1800,400,400,93300,54000,4800,4500,10000,0.708342579997273,0.71061962918003,0.709481104588652,0.708342579997273,0.71061962918003,0.709481104588652,0.638300529516652,NA,NA,0.0137941637466318,1.81195505386311,0.615810124390133,1.21537624140377,9.11726251400887,8.76837479034936,2.09637827214224,0.931820138324247,-0.802682902532306,0.245809367837384,30,0.0159250147700028,0.0159250147700028,0.0185186531087445,NA,0.235342214805503,0.0885193912397938,0.00290749660604449,0.00290749660604449,0.0194207401271502
2000,"A-optimal c=3","genomic_cross",3,"LS",200,200,600,1800,3,3,1,399,201,0.015,1800,400,400,93300,54000,4800,4500,10000,0.628724200091014,0.623178673972479,0.625951437031746,0.628724200091014,0.623178673972479,0.625951437031746,NA,NA,NA,NA,NA,NA,1.04702149455577,NA,NA,NA,NA,NA,NA,30,0.0323222185197311,0.0323222185197311,NA,NA,NA,0.103271518924729,0.00590120273062266,0.00590120273062266,NA
2000,"NC II 10x10 sets","nc2",10,"BLUP",200,200,2000,2000,1,10,20,380,1620,0.05,6000,600,400,112200,60000,7200,15000,10000,0.777044128984253,0.758667518373756,0.767855823679005,0.777044128984253,0.758667518373756,0.767855823679005,0.700270010132434,NA,NA,-0.000259348596639611,2.09181608314081,0.71500129937825,1.33268500654834,8.13870430121089,7.37399741244922,2.78186793667217,-0.0467380744737359,-0.117193238002376,0.363150640086791,30,0.0157399192904913,0.0157399192904913,0.0148200690447285,NA,0.113431385747089,0.058788481477475,0.00287370294957092,0.00287370294957092,0.0186436371046418
2000,"NC II 10x10 sets","nc2",10,"GBLUP",200,200,2000,2000,1,10,20,380,1620,0.05,6000,600,400,112200,60000,7200,15000,10000,0.764423926167914,0.745859377881369,0.755141652024641,0.764423926167914,0.745859377881369,0.755141652024641,0.68527721110285,NA,NA,0.0191876469451571,2.07091243339324,0.70785624640169,1.29973586421221,9.21961022510049,8.04089821396652,0.920122070579837,1.03416784941587,-1.97893910409471,0.108193423943006,30,0.0162571115353068,0.0162571115353068,0.0171888171978028,NA,0.145418844433404,0.0747319283747898,0.00296812890258832,0.00296812890258832,0.0184573300658934
2000,"NC II 10x10 sets","nc2",10,"LS",200,200,2000,2000,1,10,20,380,1620,0.05,6000,600,400,112200,60000,7200,15000,10000,0.735141310107431,0.73892276324827,0.737032036677851,0.735141310107431,0.73892276324827,0.737032036677851,NA,NA,NA,NA,NA,NA,1.28072416557217,NA,NA,NA,NA,NA,NA,30,0.0162293832824149,0.0162293832824149,NA,NA,NA,0.0670317638380556,0.00296306643939195,0.00296306643939195,NA
2000,"circulant c=10","sparse_circulant",10,"BLUP",200,200,2000,2000,1,10,1,399,1601,0.05,6000,600,400,112200,60000,7200,15000,10000,0.791416106839894,0.776257448737947,0.783836777788921,0.791416106839894,0.776257448737947,0.783836777788921,0.715539242079787,NA,NA,-0.000293548137726814,2.09203990985441,0.713259073479497,1.37524672379325,7.79879097293856,7.63712084962219,2.92997911031745,-0.386651402746062,0.0309179356429052,0.379922243006684,30,0.0146238289627766,0.0146238289627766,0.0132319632521911,NA,0.14552915554922,0.0736003331522765,0.00266993366667003,0.00266993366667003,0.0186456319951373
2000,"circulant c=10","sparse_circulant",10,"GBLUP",200,200,2000,2000,1,10,1,399,1601,0.05,6000,600,400,112200,60000,7200,15000,10000,0.785847061949525,0.771065754236336,0.778456408092931,0.785847061949525,0.771065754236336,0.778456408092931,0.707652670505573,NA,NA,0.0222965897303821,2.12479331095183,0.724426002183871,1.34556973769113,9.06079440274299,8.53815739166098,1.07021469287351,0.875352027058371,-1.82884648180103,0.121650516615037,30,0.0139828354228694,0.0139828354228694,0.0124499465243028,NA,0.122318279043784,0.0852144757563527,0.00255290479299595,0.00255290479299595,0.0189375517910146
2000,"circulant c=10","sparse_circulant",10,"LS",200,200,2000,2000,1,10,1,399,1601,0.05,6000,600,400,112200,60000,7200,15000,10000,0.715629114552166,0.697476739910065,0.706552927231115,0.715629114552166,0.697476739910065,0.706552927231115,NA,NA,NA,NA,NA,NA,1.24488813422972,NA,NA,NA,NA,NA,NA,30,0.0409102186219455,0.0409102186219455,NA,NA,NA,0.1032536651539,0.00746914985723581,0.00746914985723581,NA
2000,"circulant c=2","sparse_circulant",2,"BLUP",200,200,400,1200,3,2,1,399,1,0.01,1200,400,400,73800,36000,4800,3000,10000,0.626926673842208,0.638215273743072,0.63257097379264,0.626926673842208,0.638215273743072,0.63257097379264,0.57212934321428,NA,NA,-0.000695437868916946,1.78194546864427,0.606227322955531,1.15726267478417,7.70960695178391,7.7710026712909,3.62336827419242,-0.475835423900716,0.724307099517876,0.507961653099112,30,0.0161914057795488,0.0161914057795488,0.0193249493115947,NA,0.171232715484467,0.0984148246444864,0.00295613272772613,0.00295613272772613,0.0241456025561554
2000,"circulant c=2","sparse_circulant",2,"GBLUP",200,200,400,1200,3,2,1,399,1,0.01,1200,400,400,73800,36000,4800,3000,10000,0.58837443503999,0.615122808173546,0.601748621606768,0.58837443503999,0.615122808173546,0.601748621606768,0.522269689168945,NA,NA,0.0113284448978347,1.73603305031439,0.590607674125472,1.07692393404673,7.41527090911763,7.8559014845801,4.26869027854367,-0.770171466566994,1.36962910386912,0.587300976224374,30,0.0187578017111174,0.0187578017111174,0.0309684842031923,NA,0.199751148819517,0.0650646599891767,0.00342469037546267,0.00342469037546267,0.0235234830665906
2000,"circulant c=2","sparse_circulant",2,"LS",200,200,400,1200,3,2,1,399,1,0.01,1200,400,400,73800,36000,4800,3000,10000,0.129150886435,0.139749646257029,0.134450266346014,0.129150886435,0.139749646257029,0.134450266346014,NA,NA,NA,NA,NA,NA,0.323210678099317,NA,NA,NA,NA,NA,NA,30,0.0516295465180134,0.0516295465180134,NA,NA,NA,0.117513969762382,0.00942622242055941,0.00942622242055941,NA
2000,"circulant c=3","sparse_circulant",3,"BLUP",200,200,600,1800,3,3,1,399,201,0.015,1800,400,400,93300,54000,4800,4500,10000,0.726326682053661,0.727090557441295,0.726708619747478,0.726326682053661,0.727090557441295,0.726708619747478,0.662399190878152,NA,NA,2.83317692500964e-05,1.84342563138695,0.626505698884803,1.28437449895907,8.33287727630943,8.07309509617888,3.00300947106917,0.147434900624808,0.103948296394631,0.379218477368451,30,0.0162929668040866,0.0162929668040866,0.0148734838303919,NA,0.209174106196905,0.07471890510547,0.00297467514909369,0.00297467514909369,0.0197580453524861
2000,"circulant c=3","sparse_circulant",3,"GBLUP",200,200,600,1800,3,3,1,399,201,0.015,1800,400,400,93300,54000,4800,4500,10000,0.697517687926705,0.715352685678146,0.706435186802426,0.697517687926705,0.715352685678146,0.706435186802426,0.637435471216703,NA,NA,0.0178476294776897,1.82036559917157,0.618668528047305,1.20384717850635,9.49511904735753,9.62027111749789,1.84053201892979,1.30967667167291,-1.05852915574475,0.201013802914009,30,0.0155381859277273,0.0155381859277273,0.015527715830506,NA,0.193710961782156,0.0821501861011763,0.00283687164510853,0.00283687164510853,0.0195108853073052
2000,"circulant c=3","sparse_circulant",3,"LS",200,200,600,1800,3,3,1,399,201,0.015,1800,400,400,93300,54000,4800,4500,10000,0.252889415291037,0.257216022491219,0.255052718891128,0.252889415291037,0.257216022491219,0.255052718891128,NA,NA,NA,NA,NA,NA,0.520434581322562,NA,NA,NA,NA,NA,NA,30,0.0873962243045659,0.0873962243045659,NA,NA,NA,0.188416750070814,0.015956294497464,0.015956294497464,NA
2000,"circulant c=5","sparse_circulant",5,"BLUP",200,200,1000,2000,2,5,1,399,601,0.025,3000,400,400,102300,60000,4800,7500,10000,0.761932426372085,0.755533161625829,0.758732793998957,0.761932426372085,0.755533161625829,0.758732793998957,0.692595883608909,NA,NA,0.000638449993704839,2.00848412276635,0.683945023156429,1.36243832661244,8.01128001283663,7.66249093730075,3.31898667842403,-0.174162362847994,0.419925503749492,0.436941936385516,30,0.0147868122400344,0.0147868122400344,0.0136829959775168,NA,0.131307369589789,0.0858484596463614,0.00269969020582011,0.00269969020582011,0.019633275882369
2000,"circulant c=5","sparse_circulant",5,"GBLUP",200,200,1000,2000,2,5,1,399,601,0.025,3000,400,400,102300,60000,4800,7500,10000,0.748423302114232,0.74094231741641,0.744682809765321,0.748423302114232,0.74094231741641,0.744682809765321,0.673844512243371,NA,NA,0.0251546914419517,2.00328904765765,0.682175954770354,1.33410435287856,9.45742025009216,8.49170646065298,1.68162793986064,1.27197787440754,-1.2174332348139,0.191190435550237,30,0.016442097192404,0.016442097192404,0.016953292102004,NA,0.126501454414879,0.0697685590634966,0.00300190250832401,0.00300190250832401,0.0195824931344834
2000,"circulant c=5","sparse_circulant",5,"LS",200,200,1000,2000,2,5,1,399,601,0.025,3000,400,400,102300,60000,4800,7500,10000,0.548445710170487,0.534000368972078,0.541223039571282,0.548445710170487,0.534000368972078,0.541223039571282,NA,NA,NA,NA,NA,NA,0.965651211947703,NA,NA,NA,NA,NA,NA,30,0.0958827718154403,0.0958827718154403,NA,NA,NA,0.189226143021918,0.0175057189998124,0.0175057189998124,NA
2000,"random sparse c=10","sparse_random",10,"BLUP",200,200,2000,2000,1,10,1,399,1601,0.05,6000,601.666666666667,400,112220,60000,7220,15000,10000,0.779492766685978,0.765654194479736,0.772573480582857,0.779492766685978,0.765654194479736,0.772573480582857,0.704773722687588,NA,NA,-0.00183578030867585,2.03921951410268,0.694949446417527,1.33648183284015,8.40293506268063,7.32537579337023,2.74502982099805,0.217492686996004,-0.154031353676497,0.353251517852507,30,0.0129785506708673,0.0129785506708673,0.0123283566081574,NA,0.152718206405766,0.0814546921475643,0.00236954832205261,0.00236954832205261,0.0181716228310701
2000,"random sparse c=10","sparse_random",10,"GBLUP",200,200,2000,2000,1,10,1,399,1601,0.05,6000,601.666666666667,400,112220,60000,7220,15000,10000,0.772005929097207,0.751947324426017,0.761976626761612,0.772005929097207,0.751947324426017,0.761976626761612,0.693237936731737,NA,NA,0.0161683896017487,2.02644961073767,0.690591136800448,1.29699903300054,9.59398896511735,7.91198845301951,0.746728503161003,1.40854658943272,-2.15233267151354,0.0852956088096887,30,0.0139637139042008,0.0139637139042008,0.0142890094812781,NA,0.165496976500865,0.0913118258743988,0.00254941369729311,0.00254941369729311,0.0180578293596299
2000,"random sparse c=10","sparse_random",10,"LS",200,200,2000,2000,1,10,1,399,1601,0.05,6000,601.666666666667,400,112220,60000,7220,15000,10000,0.764042692348417,0.748951281181339,0.756496986764878,0.764042692348417,0.748951281181339,0.756496986764878,NA,NA,NA,NA,NA,NA,1.3009502563703,NA,NA,NA,NA,NA,NA,30,0.013680199423866,0.013680199423866,NA,NA,NA,0.088898360200007,0.00249765127187353,0.00249765127187353,NA
2000,"random sparse c=2","sparse_random",2,"BLUP",173.3,173.766666666667,400,1200,3,2,11.8333333333333,335.233333333333,64.7666666666667,0.01,1200,347.866666666667,347.066666666667,71851.0666666667,36000,4174.4,3000,8676.66666666667,0.659191461685134,0.633360853870044,0.646276157777589,0.612167279446641,0.591394599296503,0.601780939371572,0.587256675105419,0.418830811380542,NA,0.00121303472668349,1.75998876039002,0.598008067958305,1.09014699887307,8.10872767367278,7.81207329661022,2.39420409200206,-0.0767147020118444,-0.504857082672481,0.329088826604513,30,0.0211889624011836,0.0208301592784164,0.0208432335118859,0.0224883050792161,0.171470051501003,0.0839103048419091,0.0038685575590857,0.0038030493710714,0.0244949566101086
2000,"random sparse c=2","sparse_random",2,"GBLUP",173.3,173.766666666667,400,1200,3,2,11.8333333333333,335.233333333333,64.7666666666667,0.01,1200,347.866666666667,347.066666666667,71851.0666666667,36000,4174.4,3000,8676.66666666667,0.63282260585396,0.620063697028578,0.626443151441269,0.584721555226406,0.580471916412334,0.58259673581937,0.558799176134551,0.392864730536204,0.138854924164123,0.0128619236668939,1.66314530122192,0.565094525343042,1.05465890023805,8.27721340081512,7.80261226796593,2.64712213141395,0.0917710251304988,-0.251939043260589,0.348501549850918,30,0.0220723829988983,0.0221741836982273,0.0283219538221225,0.0434955784163339,0.185443200447919,0.0831085686999984,0.00402984735546338,0.0040484335352608,0.0231471205422409
2000,"random sparse c=2","sparse_random",2,"LS",173.3,173.766666666667,400,1200,3,2,11.8333333333333,335.233333333333,64.7666666666667,0.01,1200,347.866666666667,347.066666666667,71851.0666666667,36000,4174.4,3000,8676.66666666667,0.463958904199714,0.431253259507421,0.447606081853567,0.430917662769677,0.402571148009982,0.41674440538983,NA,NA,NA,NA,NA,NA,0.722668887902239,NA,NA,NA,NA,NA,NA,30,0.0427363237368418,0.0391173979085278,NA,NA,NA,0.120603497064195,0.00780254951183723,0.00714182707513537,NA
2000,"random sparse c=3","sparse_random",3,"BLUP",190.233333333333,190.366666666667,600,1800,3,3,2.8,377.8,222.2,0.015,1800,387.433333333333,380.6,92664.2,54000,4649.2,4500,9515,0.71914396448902,0.696403671809731,0.707773818149376,0.698555525630824,0.679889282502022,0.689222404066423,0.645398906937521,0.459190831465396,NA,0.000270859099890816,1.92384830788306,0.654051770374228,1.2330314385543,8.42370205968763,7.81620332621614,2.50208722212977,0.23825968400301,-0.396973952544777,0.321795709124907,30,0.0165166684600817,0.0170499087998877,0.0157579675406325,0.0377430315511113,0.151700616657927,0.0611870782419687,0.00301551729680695,0.00311287321770145,0.0207615056071607
2000,"random sparse c=3","sparse_random",3,"GBLUP",190.233333333333,190.366666666667,600,1800,3,3,2.8,377.8,222.2,0.015,1800,387.433333333333,380.6,92664.2,54000,4649.2,4500,9515,0.703097739430678,0.686254829363958,0.694676284397318,0.68130481380833,0.66958757615438,0.675446194981355,0.626322558829503,0.432713382685604,0.140390212613037,0.0167373869486353,1.85038610561107,0.629073837154685,1.19705168117438,9.45510755284281,8.42906349786645,1.93820012133767,1.26966517715818,-0.96086105333687,0.221257943889529,30,0.0176655036133269,0.0155936734055166,0.0177901963376466,0.0652385137515073,0.211359711961501,0.0810145666736035,0.00322526493956939,0.00284700222618996,0.0199687269259441
2000,"random sparse c=3","sparse_random",3,"LS",190.233333333333,190.366666666667,600,1800,3,3,2.8,377.8,222.2,0.015,1800,387.433333333333,380.6,92664.2,54000,4649.2,4500,9515,0.615903108516948,0.590509691505831,0.60320640001139,0.598290833033082,0.57658581228488,0.587438322658981,NA,NA,NA,NA,NA,NA,1.0423882552857,NA,NA,NA,NA,NA,NA,30,0.0325122284326507,0.0332061209489778,NA,NA,NA,0.090150248401445,0.00593589363577455,0.00606258049700001,NA
2000,"random sparse c=5","sparse_random",5,"BLUP",198.9,198.7,1000,2000,2,5,1,396.6,603.4,0.025,3000,445.233333333333,397.6,102782.8,60000,5342.8,7500,9940,0.754395651125469,0.730885009268086,0.742640330196777,0.751622645921836,0.728854671220061,0.740238658570949,0.678109334074148,0.56751350360167,NA,0.000628443037832552,2.00878959604224,0.683483123105582,1.30263373612114,8.28990150732186,7.66529067149062,2.99296090909975,0.104459131637242,0.0938997344252034,0.379970914060456,30,0.0194170322118844,0.0196393520811486,0.0177236887441769,0.0793310009513437,0.185945661096356,0.0819274446085996,0.00354504884741783,0.00358563871654371,0.0195440248372513
2000,"random sparse c=5","sparse_random",5,"GBLUP",198.9,198.7,1000,2000,2,5,1,396.6,603.4,0.025,3000,445.233333333333,397.6,102782.8,60000,5342.8,7500,9940,0.746387717568395,0.720112287421113,0.733250002494754,0.744839720794636,0.717946928301543,0.73139332454809,0.663856165063806,0.561051198806332,-0.103440152874771,0.0167880307111895,1.95439518304968,0.664973678768293,1.26646712158896,9.60322439680015,8.47033509062785,1.52362034719843,1.41778202111553,-1.37544082747611,0.168047710981323,30,0.0205407188491178,0.0202234305167304,0.0198797596014087,0.105581974799608,0.196210754186365,0.0778580067651397,0.00375020502034446,0.00369227636138387,0.0190148077601474
2000,"random sparse c=5","sparse_random",5,"LS",198.9,198.7,1000,2000,2,5,1,396.6,603.4,0.025,3000,445.233333333333,397.6,102782.8,60000,5342.8,7500,9940,0.706558042599978,0.675562472718246,0.691060257659112,0.703926938096656,0.673697099470934,0.688812018783795,NA,NA,NA,NA,NA,NA,1.18491177136099,NA,NA,NA,NA,NA,NA,30,0.0238491692626414,0.0238770367774959,NA,NA,NA,0.0995178887314516,0.00435424266096919,0.00435933054980498,NA
2000,"relationship-guided c=3","genomic_cross",3,"BLUP",200,200,599.6,1798.8,3,2.998,1.03333333333333,398.966666666667,200.633333333333,0.01499,1798.8,400,400,93261,53964,4800,4497,10000,0.728444983697136,0.715742725620116,0.722093854658626,0.728444983697136,0.715742725620116,0.722093854658626,0.657779360424304,NA,NA,0.001463357450671,1.88424791344721,0.640157820849456,1.25120867224317,8.26972982386422,7.59016094949932,2.7580471438583,0.084287448179595,-0.141014030816245,0.36296097400914,30,0.0208485228539902,0.0208485228539902,0.0193686711785926,NA,0.18161608497021,0.0926573414375634,0.0038064020859308,0.0038064020859308,0.0202040286234033
2000,"relationship-guided c=3","genomic_cross",3,"GBLUP",200,200,599.6,1798.8,3,2.998,1.03333333333333,398.966666666667,200.633333333333,0.01499,1798.8,400,400,93261,53964,4800,4497,10000,0.712622280948482,0.699114200341881,0.705868240645181,0.712622280948482,0.699114200341881,0.705868240645181,0.634377252646982,NA,NA,0.016972466962404,1.84390634554342,0.626458074879308,1.2345450943874,9.04381265868648,8.35817012780327,2.2763971004998,0.858370283001852,-0.622664074174741,0.267787384328784,30,0.0212754044849879,0.0212754044849879,0.0209359366586092,NA,0.196623688835113,0.0811962972210454,0.00388433965215814,0.00388433965215814,0.019771462299819
2000,"relationship-guided c=3","genomic_cross",3,"LS",200,200,599.6,1798.8,3,2.998,1.03333333333333,398.966666666667,200.633333333333,0.01499,1798.8,400,400,93261,53964,4800,4497,10000,0.642455655671955,0.627526752154015,0.634991203912985,0.642455655671955,0.627526752154015,0.634991203912985,NA,NA,NA,NA,NA,NA,1.12851633182096,NA,NA,NA,NA,NA,NA,30,0.0325879429319994,0.0325879429319994,NA,NA,NA,0.11208303273351,0.00594971714884905,0.00594971714884905,NA
2000,"relationship-guided c=5","genomic_cross",5,"BLUP",200,200,998.9,2000,2.0022035399473,4.9945,1,399,599.9,0.0249725,2996.7,400,400,102291.75,60000,4800,7491.75,10000,0.772429092337781,0.755102864230003,0.763765978283892,0.772429092337781,0.755102864230003,0.763765978283892,0.696625357339878,NA,NA,0.000462795570590626,2.01312053090538,0.684794123217001,1.31201843791999,8.31029451342809,7.43165417746966,3.03257185299176,0.124852137743464,0.133510678317219,0.40763248477582,30,0.0241585649213222,0.0241585649213222,0.022598090616584,NA,0.191942361167703,0.102200469405873,0.00441073032145372,0.00441073032145372,0.019680184676725
2000,"relationship-guided c=5","genomic_cross",5,"GBLUP",200,200,998.9,2000,2.0022035399473,4.9945,1,399,599.9,0.0249725,2996.7,400,400,102291.75,60000,4800,7491.75,10000,0.758052128963286,0.742635387181658,0.750343758072472,0.758052128963286,0.742635387181658,0.750343758072472,0.678722647081479,NA,NA,0.0182854299347607,2.01741893662262,0.68626165554236,1.29183505733216,9.49376433669602,8.32160344263911,1.45941360451953,1.3083219610114,-1.43964757015501,0.168693300372943,30,0.0226618282219093,0.0226618282219093,0.0230944096796638,NA,0.18504818258279,0.0623819524469392,0.00413746483714898,0.00413746483714898,0.0197222057167134
2000,"relationship-guided c=5","genomic_cross",5,"LS",200,200,998.9,2000,2.0022035399473,4.9945,1,399,599.9,0.0249725,2996.7,400,400,102291.75,60000,4800,7491.75,10000,0.752907061523602,0.727948093178658,0.74042757735113,0.752907061523602,0.727948093178658,0.74042757735113,NA,NA,NA,NA,NA,NA,1.28182840904463,NA,NA,NA,NA,NA,NA,30,0.0249739365406263,0.0249739365406263,NA,NA,NA,0.0859522581920963,0.00455959613100119,0.00455959613100119,NA
2000,"tester k=1","tester",1,"BLUP",200,200,399,1197,3,1.995,1,399,0,0.009975,1197,438,400,74158.5,35910,5256,2992.5,10000,0.556481353823965,0.533739156469803,0.545110255146884,0.556481353823965,0.533739156469803,0.545110255146884,0.496356061482885,NA,NA,0.000840820151354945,1.4629460393283,0.496951830748786,0.94885922484221,11.1887956175325,8.88302076158914,2.64750145057203e-05,3.0033532418479,-2.89903469966004,2.67250840874307e-06,30,0.0361438407416594,0.0361438407416594,0.0336035322936617,NA,0.340385889603675,0.11749253158668,0.00659893229636037,0.00659893229636037,0.019727287355169
2000,"tester k=1","tester",1,"GBLUP",200,200,399,1197,3,1.995,1,399,0,0.009975,1197,438,400,74158.5,35910,5256,2992.5,10000,0.532068639951948,0.521378251923561,0.526723445937755,0.532068639951948,0.521378251923561,0.526723445937755,0.477960170173243,NA,NA,0.00718664129162382,1.50261256958918,0.510424553892587,0.923884858481916,10.8513861969432,8.17017672310889,2.64750145057203e-05,2.66594382125858,-2.89903469966004,2.83519783585645e-06,30,0.0399731877281902,0.0399731877281902,0.0379768919217399,NA,0.2777613427238,0.13768043663699,0.00729807220470615,0.00729807220470615,0.020262175874501
2000,"tester k=1","tester",1,"LS",200,200,399,1197,3,1.995,1,399,0,0.009975,1197,438,400,74158.5,35910,5256,2992.5,10000,0.5552797785368,0.533445597799854,0.544362688168327,0.5552797785368,0.533445597799854,0.544362688168327,NA,NA,NA,NA,NA,NA,0.944572994877268,NA,NA,NA,NA,NA,NA,30,0.036169073773154,0.036169073773154,NA,NA,NA,0.119588716813678,0.00660353919654164,0.00660353919654164,NA
2000,"tester k=2","tester",2,"BLUP",200,200,796,2000,2.51256281407035,3.98,1,399,397,0.0199,2388,476,400,101682,60000,5712,5970,10000,0.66517651214611,0.649310072182257,0.657243292164184,0.66517651214611,0.649310072182257,0.657243292164184,0.597572465591473,NA,NA,0.000132672885157894,1.74465723885067,0.592855484916017,1.14380467172035,8.48354572545726,7.17307527889868,2.98299377848703,0.298103349772636,0.083932603812487,0.433706349250107,30,0.0291756721660857,0.0291756721660857,0.0271787363953224,NA,0.205799506024419,0.0629520191100543,0.00532672459191358,0.00532672459191358,0.0171579752448877
2000,"tester k=2","tester",2,"GBLUP",200,200,796,2000,2.51256281407035,3.98,1,399,397,0.0199,2388,476,400,101682,60000,5712,5970,10000,0.647965549727266,0.63744871916306,0.642707134445163,0.647965549727266,0.63744871916306,0.642707134445163,0.57911443447505,NA,NA,0.0114510829974843,1.69984195935113,0.577623179512094,1.10744435290708,9.71418584877915,7.85977220758233,1.32582484648498,1.52874347309453,-1.57323632818956,0.159634277461152,30,0.0343172799296256,0.0343172799296256,0.0313973983812669,NA,0.210862045778157,0.100601571623933,0.00626544944322508,0.00626544944322508,0.0167172356892187
2000,"tester k=2","tester",2,"LS",200,200,796,2000,2.51256281407035,3.98,1,399,397,0.0199,2388,476,400,101682,60000,5712,5970,10000,0.661086861730715,0.644522777461368,0.652804819596041,0.661086861730715,0.644522777461368,0.652804819596041,NA,NA,NA,NA,NA,NA,1.12990954086675,NA,NA,NA,NA,NA,NA,30,0.0297342188250761,0.0297342188250761,NA,NA,NA,0.0798778733922267,0.00542870079342965,0.00542870079342965,NA
2000,"tester k=3","tester",3,"BLUP",200,200,1191,2000,1.67926112510495,5.955,1,399,792,0.029775,3573,514,400,105100.5,60000,6168,8932.5,10000,0.677298730312978,0.657502785089878,0.667400757701428,0.677298730312978,0.657502785089878,0.667400757701428,0.604791661694277,NA,NA,-0.000799675584518074,1.7478010939113,0.59439987265175,1.14102887712716,8.29831344971974,7.51910860142808,3.05772090464284,0.112871074035116,0.158659729968301,0.395972124273503,30,0.0203277390191457,0.0203277390191457,0.0195193439589481,NA,0.231216873793648,0.0849725026346907,0.00371132040128802,0.00371132040128802,0.0166298076023549
2000,"tester k=3","tester",3,"GBLUP",200,200,1191,2000,1.67926112510495,5.955,1,399,792,0.029775,3573,514,400,105100.5,60000,6168,8932.5,10000,0.661487734906299,0.643576525075862,0.652532129991081,0.661487734906299,0.643576525075862,0.652532129991081,0.588764817089856,NA,NA,0.014344057600003,1.72169184144512,0.585533568864014,1.1270861861509,9.34716032804308,8.11461705722661,1.06232768076037,1.16171795235846,-1.83673349391417,0.122395256331473,30,0.0231849700336206,0.0231849700336206,0.0222694535194577,NA,0.224132231244085,0.102392274194853,0.00423297702749843,0.00423297702749843,0.0163813858301827
2000,"tester k=3","tester",3,"LS",200,200,1191,2000,1.67926112510495,5.955,1,399,792,0.029775,3573,514,400,105100.5,60000,6168,8932.5,10000,0.67341412229938,0.652303522722003,0.662858822510692,0.67341412229938,0.652303522722003,0.662858822510692,NA,NA,NA,NA,NA,NA,1.15712420809317,NA,NA,NA,NA,NA,NA,30,0.0207868179258004,0.0207868179258004,NA,NA,NA,0.0937779748718566,0.00379513635890454,0.00379513635890454,NA
2000,"tester k=4","tester",4,"BLUP",200,200,1584,2000,1.26262626262626,7.92,1,399,1185,0.0396,4752,552,400,108504,60000,6624,11880,10000,0.693212343400651,0.661158242596814,0.677185292998732,0.693212343400651,0.661158242596814,0.677185292998732,0.612214392479386,NA,NA,-0.000697998520105627,1.8041988635583,0.613996337627746,1.17629714440162,8.28119761545046,7.05032373627537,3.04857721726172,0.0957552397658423,0.149516042587182,0.426169737955708,30,0.0215125127521164,0.0215125127521164,0.0207579484232756,NA,0.183884001174408,0.0946399345997143,0.00392762950098389,0.00392762950098389,0.0166279479425487
2000,"tester k=4","tester",4,"GBLUP",200,200,1584,2000,1.26262626262626,7.92,1,399,1185,0.0396,4752,552,400,108504,60000,6624,11880,10000,0.680033095826529,0.644989854055465,0.662511474940997,0.680033095826529,0.644989854055465,0.662511474940997,0.594764997247124,NA,NA,0.0146950234332911,1.7612182544406,0.599381025353913,1.15460592299778,9.0462452872552,7.38903414270507,1.0078500851554,0.860802911570572,-1.89121108951914,0.124655706123921,30,0.0231679102421985,0.0231679102421985,0.02455311290229,NA,0.200042907187099,0.0982334754045084,0.00422986234996903,0.00422986234996903,0.0162318278998065
2000,"tester k=4","tester",4,"LS",200,200,1584,2000,1.26262626262626,7.92,1,399,1185,0.0396,4752,552,400,108504,60000,6624,11880,10000,0.687301154586902,0.653497256386311,0.670399205486606,0.687301154586902,0.653497256386311,0.670399205486606,NA,NA,NA,NA,NA,NA,1.15815660627202,NA,NA,NA,NA,NA,NA,30,0.0220953775238746,0.0220953775238746,NA,NA,NA,0.093901515564451,0.00403404556213958,0.00403404556213958,NA
3000,"100 lines/pool c=10 (cdmean)","subset_cdmean",10,"BLUP",100,100,1000,3000,3,5,1,199,801,0.025,3000,300,400,131100,90000,3600,7500,10000,0.879235406632088,0.896705606300369,0.887970506466228,0.580629516521123,0.68483139733406,0.632730456927591,0.811417934632783,0.578600223420365,NA,-0.00349019758841419,1.94425280532774,0.66038093434393,1.27820269575366,6.70425138895734,8.23928201595213,2.66868636117709,-1.48119098672729,-0.230374813497453,0.35935094433575,30,0.0119852577480966,0.00848773316743729,0.0115802110570721,0.00797892058913393,0.079231712465656,0.0320305623090949,0.00218819867538203,0.00154964097263006,0.0148303036256883
3000,"100 lines/pool c=10 (cdmean)","subset_cdmean",10,"GBLUP",100,100,1000,3000,3,5,1,199,801,0.025,3000,300,400,131100,90000,3600,7500,10000,0.880110182965018,0.899385791162333,0.889747987063676,0.578593000546949,0.658961867144989,0.618777433845969,0.807658903300092,0.560280948775668,0.144887657954015,0.0153276975667202,1.90910641148669,0.648443182041365,1.27643578004498,7.4821108204384,8.32777786311818,1.19824307663315,-0.70333155524622,-1.70081809804139,0.152369015085986,30,0.0107740945741114,0.0128595553178938,0.0114866118971825,0.0129944499426596,0.0781694417250329,0.0288125351987013,0.00196707154497827,0.00234782284236532,0.0145622151905926
3000,"100 lines/pool c=10 (cdmean)","subset_cdmean",10,"LS",100,100,1000,3000,3,5,1,199,801,0.025,3000,300,400,131100,90000,3600,7500,10000,0.871514294015656,0.891473368593213,0.881493831304434,0.575530647831705,0.680835436301839,0.628183042066772,NA,NA,NA,NA,NA,NA,1.26759474191164,NA,NA,NA,NA,NA,NA,30,0.0212047955427477,0.0150644507780173,NA,NA,NA,0.0523257593805189,0.00387144828201596,0.00275037983584878,NA
3000,"100 lines/pool c=10 (random)","subset_random",10,"BLUP",100,100,1000,3000,3,5,1,199,801,0.025,3000,300,400,131100,90000,3600,7500,10000,0.90377594311322,0.891728844664364,0.897752393888792,0.641169232597981,0.63027064109543,0.635719936846705,0.820181722784552,0.582609756886383,NA,0.00129422789646392,2.01997193856459,0.68784431367549,1.27604081414058,8.49451187445185,7.29807562727987,2.73106781880916,0.309069498767223,-0.167993355865382,0.348823467039727,30,0.0141816388961194,0.0318351504342998,0.0174688315389626,0.0299698509047108,0.21153497010619,0.0916075593422744,0.00258920117526575,0.00581227667147879,0.015407871384932
3000,"100 lines/pool c=10 (random)","subset_random",10,"GBLUP",100,100,1000,3000,3,5,1,199,801,0.025,3000,300,400,131100,90000,3600,7500,10000,0.899981116526661,0.889783842915341,0.894882479721001,0.620201372495553,0.60961323926002,0.614907305877787,0.813832730495342,0.56020934383813,0.137320310102246,0.0271081078648499,1.94657979437155,0.662854578437999,1.26877052549406,9.90641079572618,8.3423849392179,1.11213045338687,1.72096842004156,-1.78693072128767,0.124074660708539,30,0.014975591732418,0.0359463594389018,0.0197059803537134,0.0349449710630714,0.216289272930709,0.0919470719494339,0.0027341564679444,0.00656287730829175,0.014848053351423
3000,"100 lines/pool c=10 (random)","subset_random",10,"LS",100,100,1000,3000,3,5,1,199,801,0.025,3000,300,400,131100,90000,3600,7500,10000,0.890568008695051,0.877784909972245,0.884176459333648,0.631785116533884,0.620301109187561,0.626043112860723,NA,NA,NA,NA,NA,NA,1.26058483966722,NA,NA,NA,NA,NA,NA,30,0.0251317460033697,0.03349430751179,NA,NA,NA,0.0975636180045119,0.00458840806517863,0.00611519592407404,NA
3000,"100 lines/pool c=5 (cdmean)","subset_cdmean",5,"BLUP",100,100,500,1500,3,2.5,1,199,301,0.0125,1500,200,400,81150,45000,2400,3750,10000,0.785257166282658,0.821946055643981,0.803601610963319,0.518568162023779,0.627736084022375,0.573152123023077,0.73313819922706,0.523399680892764,NA,-0.00107173997503899,1.76433359942974,0.598927196052901,1.1498487140851,7.03690152405452,8.30249025471052,2.76417202467705,-1.1485408516301,-0.134889149997497,0.37311986630328,30,0.0175619314029434,0.0123539876080744,0.0154578125056237,0.0113510107410096,0.0990506113881763,0.0692578092406081,0.00320635532758348,0.00225551922936055,0.0217416340040634
3000,"100 lines/pool c=5 (cdmean)","subset_cdmean",5,"GBLUP",100,100,500,1500,3,2.5,1,199,301,0.0125,1500,200,400,81150,45000,2400,3750,10000,0.782483594481728,0.821431237541965,0.801957416011846,0.514737097158838,0.600719704464088,0.557728400811463,0.726160788496073,0.504524053366139,0.127140542839332,0.0186343682910627,1.75865870355479,0.597000774952394,1.13730129077731,7.64248465752473,8.13035745153645,1.70224331901033,-0.542957718159893,-1.19681785566421,0.221510825709095,30,0.0174073286298601,0.0169957113660183,0.0187182809860257,0.017266401609617,0.116919776680381,0.0588779324133907,0.00317812885215996,0.00310297816533838,0.0216717030629056
3000,"100 lines/pool c=5 (cdmean)","subset_cdmean",5,"LS",100,100,500,1500,3,2.5,1,199,301,0.0125,1500,200,400,81150,45000,2400,3750,10000,0.670338499503072,0.702255840728481,0.686297170115777,0.442678167799054,0.536326354282896,0.489502261040975,NA,NA,NA,NA,NA,NA,1.00616294523095,NA,NA,NA,NA,NA,NA,30,0.0795194257276589,0.0569376020257068,NA,NA,NA,0.109458327322328,0.0145181944102985,0.0103953363332438,NA
3000,"100 lines/pool c=5 (random)","subset_random",5,"BLUP",100,100,500,1500,3,2.5,1,199,301,0.0125,1500,200,400,81150,45000,2400,3750,10000,0.823169219981385,0.811417247086085,0.817293233533735,0.584249834579627,0.573772255143228,0.579011044861428,0.744990952201101,0.529949663494105,NA,0.00244451106306189,1.83521709751359,0.624080117569602,1.17688190756203,8.36434605685431,7.56768230958497,3.24636469434332,0.178903681169692,0.347303519668776,0.423278439598875,30,0.0256477016681488,0.0357507868104744,0.0279055616878046,0.0338497331393421,0.242933242878048,0.116115959801553,0.00468260825060267,0.00652717079488499,0.0226151213495205
3000,"100 lines/pool c=5 (random)","subset_random",5,"GBLUP",100,100,500,1500,3,2.5,1,199,301,0.0125,1500,200,400,81150,45000,2400,3750,10000,0.815265566184023,0.807272644972349,0.811269105578186,0.561538928565643,0.551254065718935,0.556396497142289,0.73204864223962,0.501737433222175,0.119649879946946,0.0214359410922256,1.77641270738263,0.60407727384614,1.16528607249999,9.26970087708832,8.2996152288691,2.28355997516646,1.0842585014037,-0.615501199508082,0.261661969722607,30,0.026640758558623,0.0407904270879474,0.0273426663296927,0.0367722483902373,0.227950690435544,0.116270418322853,0.00486391480386888,0.00744727901544619,0.0218904831470441
3000,"100 lines/pool c=5 (random)","subset_random",5,"LS",100,100,500,1500,3,2.5,1,199,301,0.0125,1500,200,400,81150,45000,2400,3750,10000,0.694308227764829,0.67149555621362,0.682901891989225,0.493038517186391,0.475159734277512,0.484099125731951,NA,NA,NA,NA,NA,NA,0.965828894196767,NA,NA,NA,NA,NA,NA,30,0.088785443556488,0.0686068062302708,NA,NA,NA,0.171447318247902,0.0162099300713301,0.0125258317902351,NA
3000,"50 lines/pool c=10 (cdmean)","subset_cdmean",10,"BLUP",50,50,500,1500,3,2.5,1,99,401,0.0125,1500,150,400,80550,45000,1800,3750,10000,0.895668871785757,0.886824700143689,0.891246785964723,0.405044389559199,0.428291850961312,0.416668120260255,0.803926148903281,0.547441765584492,NA,0.00190766405858614,1.61711186099958,0.549178359260892,0.880935063377347,6.57488496541493,6.98383448589089,2.39868324013806,-1.61055741026969,-0.50037793453648,0.370129344414907,30,0.0160713601619008,0.00750435807725482,0.0153384367629943,0.0102011829388275,0.115649200466112,0.0440854818076215,0.00293421549682099,0.00137010206616952,0.0200758766107956
3000,"50 lines/pool c=10 (cdmean)","subset_cdmean",10,"GBLUP",50,50,500,1500,3,2.5,1,99,401,0.0125,1500,150,400,80550,45000,1800,3750,10000,0.897472330280977,0.883767562519321,0.890619946400149,0.368287551733888,0.48840168061807,0.428344616175979,0.797110280274539,0.544791676119429,0.146479083965619,0.0101472837944633,1.6056107362752,0.545272526301452,0.892966454758504,6.96190949444825,7.26723957265447,1.47841805916122,-1.22353288123637,-1.42064311551332,0.213652148608538,30,0.0158510656106953,0.0130523826493123,0.0155092694875028,0.0123816361867521,0.12011475547727,0.0350793266335837,0.00289399539849073,0.0023830281354058,0.019933094180946
3000,"50 lines/pool c=10 (cdmean)","subset_cdmean",10,"LS",50,50,500,1500,3,2.5,1,99,401,0.0125,1500,150,400,80550,45000,1800,3750,10000,0.890792013975025,0.88203233810377,0.886412176039397,0.402838949628057,0.425977380459711,0.414408165043884,NA,NA,NA,NA,NA,NA,0.878545352469893,NA,NA,NA,NA,NA,NA,30,0.0181224030539882,0.00847782112103533,NA,NA,NA,0.0413454377055424,0.00330868298295662,0.00154783128882826,NA
3000,"50 lines/pool c=10 (random)","subset_random",10,"BLUP",50,50,500,1500,3,2.5,1,99,401,0.0125,1500,150,400,80550,45000,1800,3750,10000,0.900254583382794,0.886219328514231,0.893236955948512,0.447661641863355,0.432137356470383,0.439899499166869,0.813119425911437,0.571462041267945,NA,0.00274734553364434,1.57088398147185,0.533947013263581,0.866955047024985,8.09548238351784,6.77711950283799,2.71827574195079,-0.0899599921667862,-0.180785432723754,0.375776306554992,30,0.0211281591270631,0.0323669389657154,0.02807114306049,0.0356119810434434,0.237494863012016,0.124391609446962,0.00385745645081703,0.00590936752963842,0.0195019736992161
3000,"50 lines/pool c=10 (random)","subset_random",10,"GBLUP",50,50,500,1500,3,2.5,1,99,401,0.0125,1500,150,400,80550,45000,1800,3750,10000,0.898452472333573,0.885304186595599,0.891878329464586,0.428319144121577,0.427866756018536,0.428092950070057,0.806594664185493,0.556562319927687,0.107461686771043,0.0301963517265903,1.57926784687284,0.536789167311382,0.868008281774617,8.8469865749333,7.35439747615174,1.67449659879684,0.661544199248674,-1.2245645758777,0.214135047791503,30,0.0219433173315723,0.0395522004963378,0.0303753188298977,0.0383139242251633,0.257634527113114,0.129236527541084,0.00400628329633208,0.00722121080360374,0.0196060564478317
3000,"50 lines/pool c=10 (random)","subset_random",10,"LS",50,50,500,1500,3,2.5,1,99,401,0.0125,1500,150,400,80550,45000,1800,3750,10000,0.896609701107596,0.878783536255383,0.88769661868149,0.445896264273465,0.428562605761798,0.437229435017632,NA,NA,NA,NA,NA,NA,0.862368979825798,NA,NA,NA,NA,NA,NA,30,0.0233160742915261,0.0326680592511918,NA,NA,NA,0.132876660706894,0.00425691328064505,0.0059643443205977,NA
3000,"50 lines/pool c=5 (cdmean)","subset_cdmean",5,"BLUP",50,50,250,750,3,1.25,1,99,151,0.00625,750,100,400,55575,22500,1200,1875,10000,0.789031060691728,0.787859907900984,0.788445484296356,0.356820041857582,0.380496819944725,0.368658430901154,0.708668104950487,0.48201629628271,NA,-0.00106423934819953,1.42388777664604,0.483558603340375,0.753012061487226,6.83161301212841,6.66848862749319,2.69959690790073,-1.35382936355622,-0.199464266773814,0.41240356739521,30,0.0284324950249041,0.013463351082563,0.0267631003922085,0.0182646872086705,0.176075516247469,0.0516623134346399,0.00519103963043113,0.00245806036251045,0.02562101262521
3000,"50 lines/pool c=5 (cdmean)","subset_cdmean",5,"GBLUP",50,50,250,750,3,1.25,1,99,151,0.00625,750,100,400,55575,22500,1200,1875,10000,0.792265083469895,0.78772875566821,0.789996919569053,0.328155357951307,0.444010943775463,0.386083150863385,0.704738064379138,0.482953645771593,0.135893576494465,0.00548443381854615,1.47339547530005,0.500371637350763,0.773548489444607,7.12562297118715,7.09339329080803,1.90017125581944,-1.05981940449748,-0.998889918855103,0.271742529537146,30,0.0285994684892782,0.0162385749705114,0.0279808693037913,0.0195574701145102,0.16304403169685,0.0475347026556789,0.00522152467474529,0.00296474460436263,0.0265118394116068
3000,"50 lines/pool c=5 (cdmean)","subset_cdmean",5,"LS",50,50,250,750,3,1.25,1,99,151,0.00625,750,100,400,55575,22500,1200,1875,10000,0.743921569232485,0.753583045621512,0.748752307426999,0.336420375187234,0.363942814639678,0.350181594913456,NA,NA,NA,NA,NA,NA,0.723895028913712,NA,NA,NA,NA,NA,NA,30,0.0492749716970005,0.0230733074783113,NA,NA,NA,0.0684150234638405,0.00899633783962526,0.00421259032737458,NA
3000,"50 lines/pool c=5 (random)","subset_random",5,"BLUP",50,50,250,750,3,1.25,1,99,151,0.00625,750,100,400,55575,22500,1200,1875,10000,0.820254484973989,0.791231072262857,0.805742778618423,0.408310910772128,0.385768643553449,0.397039777162789,0.728302512076138,0.513471299490096,NA,0.00407951615411363,1.39367281751796,0.473326653038435,0.778053427938603,8.12681976424873,6.99379402915129,3.15823689718427,-0.0586226114358908,0.259175722509724,0.437678248925702,30,0.0327112936493826,0.0348705030006788,0.0398212913517862,0.0413327156409059,0.300924026266761,0.1083424237826,0.00597223780564745,0.0063664536950078,0.0250773336485463
3000,"50 lines/pool c=5 (random)","subset_random",5,"GBLUP",50,50,250,750,3,1.25,1,99,151,0.00625,750,100,400,55575,22500,1200,1875,10000,0.816238702488791,0.786850832899185,0.801544767693988,0.397181762432616,0.375285165441471,0.386233463937043,0.716937057348183,0.496443950875037,0.0990465529201755,0.0195751555251996,1.40208117514767,0.476185175379733,0.782301113286861,8.71594988144063,7.31266800893105,2.55403189450172,0.530507505756003,-0.345029280172821,0.338409953600445,30,0.0355764559846763,0.0403502117141222,0.0449716396346161,0.0455800092264787,0.292279021404004,0.114101818595054,0.00649534248629897,0.00736690705197797,0.025228631131762
3000,"50 lines/pool c=5 (random)","subset_random",5,"LS",50,50,250,750,3,1.25,1,99,151,0.00625,750,100,400,55575,22500,1200,1875,10000,0.763992220631629,0.748183740605913,0.756087980618771,0.380370560827625,0.364971509286692,0.372671035057158,NA,NA,NA,NA,NA,NA,0.730632298068582,NA,NA,NA,NA,NA,NA,30,0.0491813742573917,0.0395480692139271,NA,NA,NA,0.120804448110296,0.00897924936329244,0.00722045653808116,NA
3000,"A-optimal c=3","genomic_cross",3,"BLUP",200,200,600,1800,3,3,1,399,201,0.015,1800,400,400,93300,54000,4800,4500,10000,0.729913650900227,0.72280460423638,0.726359127568303,0.729913650900227,0.72280460423638,0.726359127568303,0.662041162350368,NA,NA,0.000232519473402558,1.87263459970325,0.636432644022773,1.25992461126469,7.93801364378323,7.71521412463791,3.20398647984935,-0.247428731901394,0.304925305174807,0.432179061661392,30,0.0153935987034421,0.0153935987034421,0.01431240023508,NA,0.218519349555568,0.0693965817177325,0.00281047375035251,0.00281047375035251,0.0200711103933896
3000,"A-optimal c=3","genomic_cross",3,"GBLUP",200,200,600,1800,3,3,1,399,201,0.015,1800,400,400,93300,54000,4800,4500,10000,0.708342579997273,0.71061962918003,0.709481104588652,0.708342579997273,0.71061962918003,0.709481104588652,0.638300529516652,NA,NA,0.0137941637466318,1.81195505386311,0.615810124390133,1.21537624140377,9.11726251400887,8.76837479034936,2.09637827214224,0.931820138324247,-0.802682902532306,0.245809367837384,30,0.0159250147700028,0.0159250147700028,0.0185186531087445,NA,0.235342214805503,0.0885193912397938,0.00290749660604449,0.00290749660604449,0.0194207401271502
3000,"A-optimal c=3","genomic_cross",3,"LS",200,200,600,1800,3,3,1,399,201,0.015,1800,400,400,93300,54000,4800,4500,10000,0.628724200091014,0.623178673972479,0.625951437031746,0.628724200091014,0.623178673972479,0.625951437031746,NA,NA,NA,NA,NA,NA,1.04702149455577,NA,NA,NA,NA,NA,NA,30,0.0323222185197311,0.0323222185197311,NA,NA,NA,0.103271518924729,0.00590120273062266,0.00590120273062266,NA
3000,"NC II 10x10 sets","nc2",10,"BLUP",200,200,2000,3000,1.5,10,20,380,1620,0.05,6000,600,400,142200,90000,7200,15000,10000,0.822225368057757,0.812144247965782,0.81718480801177,0.822225368057757,0.812144247965782,0.81718480801177,0.745976044793043,NA,NA,0.000306136416502995,2.1818003278739,0.745758712721743,1.4288798538761,8.12809865624801,7.48965815306376,3.44189817807812,-0.0573437194366139,0.542837003403576,0.444947750884084,30,0.0108500866560621,0.0108500866560621,0.0105784782667825,NA,0.104185740650504,0.06846218428028,0.00198094573747034,0.00198094573747034,0.0153431809273833
3000,"NC II 10x10 sets","nc2",10,"GBLUP",200,200,2000,3000,1.5,10,20,380,1620,0.05,6000,600,400,142200,90000,7200,15000,10000,0.813373647487027,0.801436208849035,0.807404928168031,0.813373647487027,0.801436208849035,0.807404928168031,0.732377235399519,NA,NA,0.0244025724316539,2.15923817408062,0.738046768345283,1.40087037829404,9.86652273504752,8.99201853275812,1.14640963415664,1.6810803593629,-1.7526515405179,0.123237368777134,30,0.0133991758247363,0.0133991758247363,0.0142696211861345,NA,0.0906218011435746,0.0755557810212681,0.00244634361706198,0.00244634361706198,0.0151845159921281
3000,"NC II 10x10 sets","nc2",10,"LS",200,200,2000,3000,1.5,10,20,380,1620,0.05,6000,600,400,142200,90000,7200,15000,10000,0.780919220001115,0.790744888026506,0.78583205401381,0.780919220001115,0.790744888026506,0.78583205401381,NA,NA,NA,NA,NA,NA,1.34863368553906,NA,NA,NA,NA,NA,NA,30,0.0110892646543068,0.0110892646543068,NA,NA,NA,0.0744981511232576,0.00202461346576952,0.00202461346576952,NA
3000,"circulant c=10","sparse_circulant",10,"BLUP",200,200,2000,3000,1.5,10,1,399,1601,0.05,6000,600,400,142200,90000,7200,15000,10000,0.833018256779859,0.818448730033625,0.825733493406742,0.833018256779859,0.818448730033625,0.825733493406742,0.754903801720529,NA,NA,0.00145172704439056,2.15966766578501,0.736316047827521,1.44033640984668,8.40135450050444,7.24304002096057,3.28014387355475,0.215912124819818,0.38108269888021,0.423696361339286,30,0.0158753075357804,0.0158753075357804,0.0145226499166541,NA,0.114581939508987,0.0698595714370984,0.00289842134822623,0.00289842134822623,0.015187536327602
3000,"circulant c=10","sparse_circulant",10,"GBLUP",200,200,2000,3000,1.5,10,1,399,1601,0.05,6000,600,400,142200,90000,7200,15000,10000,0.831174519812023,0.815596063603504,0.823385291707763,0.831174519812023,0.815596063603504,0.823385291707763,0.74890946807495,NA,NA,0.0288812992833501,2.16869509251919,0.739393854325379,1.43044810256644,10.499668452582,8.8166139166111,1.0525676122127,2.31422607689737,-1.84649356246184,0.109905352928588,30,0.0162498486405848,0.0162498486405848,0.0156038176460074,NA,0.0980083378079883,0.0739184549350077,0.00296680288549764,0.00296680288549764,0.0152510203412039
3000,"circulant c=10","sparse_circulant",10,"LS",200,200,2000,3000,1.5,10,1,399,1601,0.05,6000,600,400,142200,90000,7200,15000,10000,0.780648243623806,0.757042323430575,0.76884528352719,0.780648243623806,0.757042323430575,0.76884528352719,NA,NA,NA,NA,NA,NA,1.34537229898193,NA,NA,NA,NA,NA,NA,30,0.0395525496096793,0.0395525496096793,NA,NA,NA,0.0779505188496084,0.00722127454268784,0.00722127454268784,NA
3000,"circulant c=2","sparse_circulant",2,"BLUP",200,200,400,1200,3,2,1,399,1,0.01,1200,400,400,73800,36000,4800,3000,10000,0.626926673842208,0.638215273743072,0.63257097379264,0.626926673842208,0.638215273743072,0.63257097379264,0.57212934321428,NA,NA,-0.000695437868916946,1.78194546864427,0.606227322955531,1.15726267478417,7.70960695178391,7.7710026712909,3.62336827419242,-0.475835423900716,0.724307099517876,0.507961653099112,30,0.0161914057795488,0.0161914057795488,0.0193249493115947,NA,0.171232715484467,0.0984148246444864,0.00295613272772613,0.00295613272772613,0.0241456025561554
3000,"circulant c=2","sparse_circulant",2,"GBLUP",200,200,400,1200,3,2,1,399,1,0.01,1200,400,400,73800,36000,4800,3000,10000,0.58837443503999,0.615122808173546,0.601748621606768,0.58837443503999,0.615122808173546,0.601748621606768,0.522269689168945,NA,NA,0.0113284448978347,1.73603305031439,0.590607674125472,1.07692393404673,7.41527090911763,7.8559014845801,4.26869027854367,-0.770171466566994,1.36962910386912,0.587300976224374,30,0.0187578017111174,0.0187578017111174,0.0309684842031923,NA,0.199751148819517,0.0650646599891767,0.00342469037546267,0.00342469037546267,0.0235234830665906
3000,"circulant c=2","sparse_circulant",2,"LS",200,200,400,1200,3,2,1,399,1,0.01,1200,400,400,73800,36000,4800,3000,10000,0.129150886435,0.139749646257029,0.134450266346014,0.129150886435,0.139749646257029,0.134450266346014,NA,NA,NA,NA,NA,NA,0.323210678099317,NA,NA,NA,NA,NA,NA,30,0.0516295465180134,0.0516295465180134,NA,NA,NA,0.117513969762382,0.00942622242055941,0.00942622242055941,NA
3000,"circulant c=3","sparse_circulant",3,"BLUP",200,200,600,1800,3,3,1,399,201,0.015,1800,400,400,93300,54000,4800,4500,10000,0.726326682053661,0.727090557441295,0.726708619747478,0.726326682053661,0.727090557441295,0.726708619747478,0.662399190878152,NA,NA,2.83317692500964e-05,1.84342563138695,0.626505698884803,1.28437449895907,8.33287727630943,8.07309509617888,3.00300947106917,0.147434900624808,0.103948296394631,0.379218477368451,30,0.0162929668040866,0.0162929668040866,0.0148734838303919,NA,0.209174106196905,0.07471890510547,0.00297467514909369,0.00297467514909369,0.0197580453524861
3000,"circulant c=3","sparse_circulant",3,"GBLUP",200,200,600,1800,3,3,1,399,201,0.015,1800,400,400,93300,54000,4800,4500,10000,0.697517687926705,0.715352685678146,0.706435186802426,0.697517687926705,0.715352685678146,0.706435186802426,0.637435471216703,NA,NA,0.0178476294776897,1.82036559917157,0.618668528047305,1.20384717850635,9.49511904735753,9.62027111749789,1.84053201892979,1.30967667167291,-1.05852915574475,0.201013802914009,30,0.0155381859277273,0.0155381859277273,0.015527715830506,NA,0.193710961782156,0.0821501861011763,0.00283687164510853,0.00283687164510853,0.0195108853073052
3000,"circulant c=3","sparse_circulant",3,"LS",200,200,600,1800,3,3,1,399,201,0.015,1800,400,400,93300,54000,4800,4500,10000,0.252889415291037,0.257216022491219,0.255052718891128,0.252889415291037,0.257216022491219,0.255052718891128,NA,NA,NA,NA,NA,NA,0.520434581322562,NA,NA,NA,NA,NA,NA,30,0.0873962243045659,0.0873962243045659,NA,NA,NA,0.188416750070814,0.015956294497464,0.015956294497464,NA
3000,"circulant c=5","sparse_circulant",5,"BLUP",200,200,1000,3000,3,5,1,399,601,0.025,3000,400,400,132300,90000,4800,7500,10000,0.812727011341732,0.805541905727844,0.809134458534788,0.812727011341732,0.805541905727844,0.809134458534788,0.739389081779848,NA,NA,0.000216120276999527,2.18169072421188,0.742926715714369,1.41973218792508,8.2168133521297,7.41145485562122,2.75279002671729,0.0313709764450796,-0.146271147957253,0.356568330283813,30,0.0129872822705578,0.0129872822705578,0.012178974919368,NA,0.10458234648586,0.0545590607336847,0.00237114248675714,0.00237114248675714,0.0164904816644889
3000,"circulant c=5","sparse_circulant",5,"GBLUP",200,200,1000,3000,3,5,1,399,601,0.025,3000,400,400,132300,90000,4800,7500,10000,0.801658779745244,0.790665300991162,0.796162040368203,0.801658779745244,0.790665300991162,0.796162040368203,0.721456415764776,NA,NA,0.0281388247189193,2.15717551265695,0.734578600464382,1.38471615994731,10.1422087286908,8.60699325094384,1.54294635854782,1.95676635300622,-1.35611481612672,0.166162963943868,30,0.01415131130497,0.01415131130497,0.0150142817812641,NA,0.124589076553996,0.0647338396879347,0.00258366414000331,0.00258366414000331,0.0163051815015642
3000,"circulant c=5","sparse_circulant",5,"LS",200,200,1000,3000,3,5,1,399,601,0.025,3000,400,400,132300,90000,4800,7500,10000,0.649911224673749,0.625154817272089,0.637533020972919,0.649911224673749,0.625154817272089,0.637533020972919,NA,NA,NA,NA,NA,NA,1.13289694225733,NA,NA,NA,NA,NA,NA,30,0.0856100631548431,0.0856100631548431,NA,NA,NA,0.180703138782016,0.0156301875797831,0.0156301875797831,NA
3000,"random sparse c=10","sparse_random",10,"BLUP",200,200,2000,3000,1.5,10,1,399,1601,0.05,6000,601.666666666667,400,142220,90000,7220,15000,10000,0.838195029529677,0.816292455191711,0.827243742360694,0.838195029529677,0.816292455191711,0.827243742360694,0.756117121624529,NA,NA,-0.000450644602617265,2.16727376644839,0.73859453232262,1.42214285384742,8.17689306887741,7.26752519028874,3.0027847108879,-0.00854930680721688,0.103723536213355,0.388462070101357,30,0.0113241970922448,0.0113241970922448,0.0105026135324428,NA,0.12550370104353,0.0760434863966351,0.00206750606435229,0.00206750606435229,0.015238881777868
3000,"random sparse c=10","sparse_random",10,"GBLUP",200,200,2000,3000,1.5,10,1,399,1601,0.05,6000,601.666666666667,400,142220,90000,7220,15000,10000,0.831903023540168,0.807837015359642,0.819870019449905,0.831903023540168,0.807837015359642,0.819870019449905,0.747433490543467,NA,NA,0.0225345565055918,2.16674287100785,0.738388781290299,1.41645267480839,9.98450332441408,8.41456461734465,0.702273804093057,1.79906094872945,-2.19678737058149,0.0783050179724566,30,0.0120495854349479,0.0120495854349479,0.0113147013976442,NA,0.103798743384863,0.0683666575117591,0.00219994325043556,0.00219994325043556,0.0152351488609749
3000,"random sparse c=10","sparse_random",10,"LS",200,200,2000,3000,1.5,10,1,399,1601,0.05,6000,601.666666666667,400,142220,90000,7220,15000,10000,0.82904091100284,0.801082402714443,0.815061656858642,0.82904091100284,0.801082402714443,0.815061656858642,NA,NA,NA,NA,NA,NA,1.38587443246903,NA,NA,NA,NA,NA,NA,30,0.0128688248987699,0.0128688248987699,NA,NA,NA,0.0695122525517081,0.0023495152285468,0.0023495152285468,NA
3000,"random sparse c=2","sparse_random",2,"BLUP",173.3,173.766666666667,400,1200,3,2,11.8333333333333,335.233333333333,64.7666666666667,0.01,1200,347.866666666667,347.066666666667,71851.0666666667,36000,4174.4,3000,8676.66666666667,0.659191461685134,0.633360853870044,0.646276157777589,0.612167279446641,0.591394599296503,0.601780939371572,0.587256675105419,0.418830811380542,NA,0.00121303472668349,1.75998876039002,0.598008067958305,1.09014699887307,8.10872767367278,7.81207329661022,2.39420409200206,-0.0767147020118444,-0.504857082672481,0.329088826604513,30,0.0211889624011836,0.0208301592784164,0.0208432335118859,0.0224883050792161,0.171470051501003,0.0839103048419091,0.0038685575590857,0.0038030493710714,0.0244949566101086
3000,"random sparse c=2","sparse_random",2,"GBLUP",173.3,173.766666666667,400,1200,3,2,11.8333333333333,335.233333333333,64.7666666666667,0.01,1200,347.866666666667,347.066666666667,71851.0666666667,36000,4174.4,3000,8676.66666666667,0.63282260585396,0.620063697028578,0.626443151441269,0.584721555226406,0.580471916412334,0.58259673581937,0.558799176134551,0.392864730536204,0.138854924164123,0.0128619236668939,1.66314530122192,0.565094525343042,1.05465890023805,8.27721340081512,7.80261226796593,2.64712213141395,0.0917710251304988,-0.251939043260589,0.348501549850918,30,0.0220723829988983,0.0221741836982273,0.0283219538221225,0.0434955784163339,0.185443200447919,0.0831085686999984,0.00402984735546338,0.0040484335352608,0.0231471205422409
3000,"random sparse c=2","sparse_random",2,"LS",173.3,173.766666666667,400,1200,3,2,11.8333333333333,335.233333333333,64.7666666666667,0.01,1200,347.866666666667,347.066666666667,71851.0666666667,36000,4174.4,3000,8676.66666666667,0.463958904199714,0.431253259507421,0.447606081853567,0.430917662769677,0.402571148009982,0.41674440538983,NA,NA,NA,NA,NA,NA,0.722668887902239,NA,NA,NA,NA,NA,NA,30,0.0427363237368418,0.0391173979085278,NA,NA,NA,0.120603497064195,0.00780254951183723,0.00714182707513537,NA
3000,"random sparse c=3","sparse_random",3,"BLUP",190.233333333333,190.366666666667,600,1800,3,3,2.8,377.8,222.2,0.015,1800,387.433333333333,380.6,92664.2,54000,4649.2,4500,9515,0.71914396448902,0.696403671809731,0.707773818149376,0.698555525630824,0.679889282502022,0.689222404066423,0.645398906937521,0.459190831465396,NA,0.000270859099890816,1.92384830788306,0.654051770374228,1.2330314385543,8.42370205968763,7.81620332621614,2.50208722212977,0.23825968400301,-0.396973952544777,0.321795709124907,30,0.0165166684600817,0.0170499087998877,0.0157579675406325,0.0377430315511113,0.151700616657927,0.0611870782419687,0.00301551729680695,0.00311287321770145,0.0207615056071607
3000,"random sparse c=3","sparse_random",3,"GBLUP",190.233333333333,190.366666666667,600,1800,3,3,2.8,377.8,222.2,0.015,1800,387.433333333333,380.6,92664.2,54000,4649.2,4500,9515,0.703097739430678,0.686254829363958,0.694676284397318,0.68130481380833,0.66958757615438,0.675446194981355,0.626322558829503,0.432713382685604,0.140390212613037,0.0167373869486353,1.85038610561107,0.629073837154685,1.19705168117438,9.45510755284281,8.42906349786645,1.93820012133767,1.26966517715818,-0.96086105333687,0.221257943889529,30,0.0176655036133269,0.0155936734055166,0.0177901963376466,0.0652385137515073,0.211359711961501,0.0810145666736035,0.00322526493956939,0.00284700222618996,0.0199687269259441
3000,"random sparse c=3","sparse_random",3,"LS",190.233333333333,190.366666666667,600,1800,3,3,2.8,377.8,222.2,0.015,1800,387.433333333333,380.6,92664.2,54000,4649.2,4500,9515,0.615903108516948,0.590509691505831,0.60320640001139,0.598290833033082,0.57658581228488,0.587438322658981,NA,NA,NA,NA,NA,NA,1.0423882552857,NA,NA,NA,NA,NA,NA,30,0.0325122284326507,0.0332061209489778,NA,NA,NA,0.090150248401445,0.00593589363577455,0.00606258049700001,NA
3000,"random sparse c=5","sparse_random",5,"BLUP",198.9,198.7,1000,3000,3,5,1,396.6,603.4,0.025,3000,445.233333333333,397.6,132782.8,90000,5342.8,7500,9940,0.794854596849681,0.787205851055861,0.791030223952771,0.791945751991752,0.784985916872088,0.78846583443192,0.721747780441384,0.604412080595901,NA,-0.000721678952088487,2.13187913367337,0.725399901913176,1.40126123592685,8.22320018380905,7.77491613353843,2.53434823917779,0.0377578081244264,-0.364712935496749,0.321184327044698,30,0.0149054305989709,0.0150894230690781,0.014561636803656,0.0808645996331783,0.11131250452323,0.0649301598584692,0.00272134685612803,0.00275493913155763,0.0160553861921376
3000,"random sparse c=5","sparse_random",5,"GBLUP",198.9,198.7,1000,3000,3,5,1,396.6,603.4,0.025,3000,445.233333333333,397.6,132782.8,90000,5342.8,7500,9940,0.785087583564922,0.777455130842122,0.781271357203522,0.782741356636497,0.774453274323174,0.778597315479835,0.708161655447753,0.574463083044337,-0.188655885268161,0.0227139096210449,2.10194712696231,0.715212040185638,1.37168900590709,10.0077222492017,9.0515665667807,1.30814080306665,1.82227987351712,-1.5909203716079,0.139348919052741,30,0.0138792237941976,0.0133899504370952,0.0144393655256396,0.152543073722429,0.125286681224001,0.0704915481872869,0.00253398798424816,0.0024446592994244,0.0158299653792683
3000,"random sparse c=5","sparse_random",5,"LS",198.9,198.7,1000,3000,3,5,1,396.6,603.4,0.025,3000,445.233333333333,397.6,132782.8,90000,5342.8,7500,9940,0.755350958014469,0.747926229259469,0.751638593636969,0.752583628207711,0.745829594889795,0.749206611548753,NA,NA,NA,NA,NA,NA,1.33270497054781,NA,NA,NA,NA,NA,NA,30,0.0208064079223547,0.0211890953752086,NA,NA,NA,0.0659600839984629,0.00379871298657596,0.00386858183671005,NA
3000,"relationship-guided c=3","genomic_cross",3,"BLUP",200,200,599.6,1798.8,3,2.998,1.03333333333333,398.966666666667,200.633333333333,0.01499,1798.8,400,400,93261,53964,4800,4497,10000,0.728444983697136,0.715742725620116,0.722093854658626,0.728444983697136,0.715742725620116,0.722093854658626,0.657779360424304,NA,NA,0.001463357450671,1.88424791344721,0.640157820849456,1.25120867224317,8.26972982386422,7.59016094949932,2.7580471438583,0.084287448179595,-0.141014030816245,0.36296097400914,30,0.0208485228539902,0.0208485228539902,0.0193686711785926,NA,0.18161608497021,0.0926573414375634,0.0038064020859308,0.0038064020859308,0.0202040286234033
3000,"relationship-guided c=3","genomic_cross",3,"GBLUP",200,200,599.6,1798.8,3,2.998,1.03333333333333,398.966666666667,200.633333333333,0.01499,1798.8,400,400,93261,53964,4800,4497,10000,0.712622280948482,0.699114200341881,0.705868240645181,0.712622280948482,0.699114200341881,0.705868240645181,0.634377252646982,NA,NA,0.016972466962404,1.84390634554342,0.626458074879308,1.2345450943874,9.04381265868648,8.35817012780327,2.2763971004998,0.858370283001852,-0.622664074174741,0.267787384328784,30,0.0212754044849879,0.0212754044849879,0.0209359366586092,NA,0.196623688835113,0.0811962972210454,0.00388433965215814,0.00388433965215814,0.019771462299819
3000,"relationship-guided c=3","genomic_cross",3,"LS",200,200,599.6,1798.8,3,2.998,1.03333333333333,398.966666666667,200.633333333333,0.01499,1798.8,400,400,93261,53964,4800,4497,10000,0.642455655671955,0.627526752154015,0.634991203912985,0.642455655671955,0.627526752154015,0.634991203912985,NA,NA,NA,NA,NA,NA,1.12851633182096,NA,NA,NA,NA,NA,NA,30,0.0325879429319994,0.0325879429319994,NA,NA,NA,0.11208303273351,0.00594971714884905,0.00594971714884905,NA
3000,"relationship-guided c=5","genomic_cross",5,"BLUP",200,200,998.9,2996.7,3,4.9945,1,399,599.9,0.0249725,2996.7,400,400,132192.75,89901,4800,7491.75,10000,0.821346774911381,0.808192793786625,0.814769784349003,0.821346774911381,0.808192793786625,0.814769784349003,0.744203137310629,NA,NA,0.00023457359393298,2.09514657532464,0.712694850806158,1.40634976660357,8.20202902963177,7.58127778965246,2.60244137703188,0.0165866539471429,-0.296619797642658,0.343335451875887,30,0.0114546066472313,0.0114546066472313,0.0113730651456277,NA,0.156698724455086,0.0545788211617077,0.00209131548267906,0.00209131548267906,0.0158491791367124
3000,"relationship-guided c=5","genomic_cross",5,"GBLUP",200,200,998.9,2996.7,3,4.9945,1,399,599.9,0.0249725,2996.7,400,400,132192.75,89901,4800,7491.75,10000,0.810754266737664,0.796568673811317,0.80366147027449,0.810754266737664,0.796568673811317,0.80366147027449,0.729097602863851,NA,NA,0.0195486799564004,2.08925620878699,0.710696579394605,1.39678105495037,9.91749895486521,8.79275735762247,1.23045354531424,1.73205657918059,-1.6686076293603,0.136176696231158,30,0.0113986790096408,0.0113986790096408,0.0145943319959645,NA,0.147337501676584,0.0510894918122411,0.00208110453978031,0.00208110453978031,0.0158046202139451
3000,"relationship-guided c=5","genomic_cross",5,"LS",200,200,998.9,2996.7,3,4.9945,1,399,599.9,0.0249725,2996.7,400,400,132192.75,89901,4800,7491.75,10000,0.808889030081018,0.790796094676655,0.799842562378836,0.808889030081018,0.790796094676655,0.799842562378836,NA,NA,NA,NA,NA,NA,1.38857988754459,NA,NA,NA,NA,NA,NA,30,0.0142679957155386,0.0142679957155386,NA,NA,NA,0.053579043589632,0.00260496770126253,0.00260496770126253,NA
3000,"tester k=1","tester",1,"BLUP",200,200,399,1197,3,1.995,1,399,0,0.009975,1197,438,400,74158.5,35910,5256,2992.5,10000,0.556481353823965,0.533739156469803,0.545110255146884,0.556481353823965,0.533739156469803,0.545110255146884,0.496356061482885,NA,NA,0.000840820151354945,1.4629460393283,0.496951830748786,0.94885922484221,11.1887956175325,8.88302076158914,2.64750145057203e-05,3.0033532418479,-2.89903469966004,2.67250840874307e-06,30,0.0361438407416594,0.0361438407416594,0.0336035322936617,NA,0.340385889603675,0.11749253158668,0.00659893229636037,0.00659893229636037,0.019727287355169
3000,"tester k=1","tester",1,"GBLUP",200,200,399,1197,3,1.995,1,399,0,0.009975,1197,438,400,74158.5,35910,5256,2992.5,10000,0.532068639951948,0.521378251923561,0.526723445937755,0.532068639951948,0.521378251923561,0.526723445937755,0.477960170173243,NA,NA,0.00718664129162382,1.50261256958918,0.510424553892587,0.923884858481916,10.8513861969432,8.17017672310889,2.64750145057203e-05,2.66594382125858,-2.89903469966004,2.83519783585645e-06,30,0.0399731877281902,0.0399731877281902,0.0379768919217399,NA,0.2777613427238,0.13768043663699,0.00729807220470615,0.00729807220470615,0.020262175874501
3000,"tester k=1","tester",1,"LS",200,200,399,1197,3,1.995,1,399,0,0.009975,1197,438,400,74158.5,35910,5256,2992.5,10000,0.5552797785368,0.533445597799854,0.544362688168327,0.5552797785368,0.533445597799854,0.544362688168327,NA,NA,NA,NA,NA,NA,0.944572994877268,NA,NA,NA,NA,NA,NA,30,0.036169073773154,0.036169073773154,NA,NA,NA,0.119588716813678,0.00660353919654164,0.00660353919654164,NA
3000,"tester k=2","tester",2,"BLUP",200,200,796,2388,3,3.98,1,399,397,0.0199,2388,476,400,113322,71640,5712,5970,10000,0.696576768697123,0.68252764172595,0.689552205211536,0.696576768697123,0.68252764172595,0.689552205211536,0.627335404090923,NA,NA,0.00083158844947355,1.82252187452652,0.61934869595627,1.20405599022227,8.38229293817776,7.3074867705902,2.69560877168464,0.196850562493132,-0.203452402989898,0.37508237609242,30,0.0304443295076809,0.0304443295076809,0.0276280320764829,NA,0.213165907678272,0.0863135270025866,0.00555834867315899,0.00555834867315899,0.0160826836318324
3000,"tester k=2","tester",2,"GBLUP",200,200,796,2388,3,3.98,1,399,397,0.0199,2388,476,400,113322,71640,5712,5970,10000,0.680221346658743,0.665967361772537,0.67309435421564,0.680221346658743,0.665967361772537,0.67309435421564,0.609342652829626,NA,NA,0.0149658921687906,1.78832278981791,0.607739402915876,1.17563810384361,9.78204119932487,8.25036137411355,1.09060049462593,1.59659882364025,-1.80846068004861,0.131645355457417,30,0.0320881934677546,0.0320881934677546,0.0326335987982528,NA,0.191872287597045,0.0960653553521248,0.00585847579729304,0.00585847579729304,0.0157808968233698
3000,"tester k=2","tester",2,"LS",200,200,796,2388,3,3.98,1,399,397,0.0199,2388,476,400,113322,71640,5712,5970,10000,0.695572994274633,0.680397158767479,0.687985076521056,0.695572994274633,0.680397158767479,0.687985076521056,NA,NA,NA,NA,NA,NA,1.20171129145889,NA,NA,NA,NA,NA,NA,30,0.0301918585061856,0.0301918585061856,NA,NA,NA,0.0887234077950056,0.00551225398561403,0.00551225398561403,NA
3000,"tester k=3","tester",3,"BLUP",200,200,1191,3000,2.51889168765743,5.955,1,399,792,0.029775,3573,514,400,135100.5,90000,6168,8932.5,10000,0.751380690379667,0.734344093820678,0.742862392100173,0.751380690379667,0.734344093820678,0.742862392100173,0.675651154324815,NA,NA,0.000140080197092612,1.9016256115227,0.646734381556557,1.27048497852961,8.3852941756842,7.15755375217387,2.90960975122934,0.199851799999573,0.0105485765547978,0.389429839830389,30,0.0201469678022341,0.0201469678022341,0.019869508600434,NA,0.160148290654825,0.0903064118085964,0.00367831624353796,0.00367831624353796,0.0140756371110596
3000,"tester k=3","tester",3,"GBLUP",200,200,1191,3000,2.51889168765743,5.955,1,399,792,0.029775,3573,514,400,135100.5,90000,6168,8932.5,10000,0.738183692528607,0.71543365078669,0.726808671657648,0.738183692528607,0.71543365078669,0.726808671657648,0.657520622779434,NA,NA,0.0178564373775607,1.86472282102253,0.634193795179326,1.23338042779847,9.9273538122772,8.06042244568642,1.05004469861361,1.74191143659257,-1.84901647606093,0.121003184259388,30,0.0219526542291234,0.0219526542291234,0.0216485388436796,NA,0.179428022297355,0.0925837271622356,0.00400798797280068,0.00400798797280068,0.0138024864528446
3000,"tester k=3","tester",3,"LS",200,200,1191,3000,2.51889168765743,5.955,1,399,792,0.029775,3573,514,400,135100.5,90000,6168,8932.5,10000,0.749546611136714,0.731572428868094,0.740559520002404,0.749546611136714,0.731572428868094,0.740559520002404,NA,NA,NA,NA,NA,NA,1.2745240909528,NA,NA,NA,NA,NA,NA,30,0.0200331284299634,0.0200331284299634,NA,NA,NA,0.0871679097098584,0.00365753211282966,0.00365753211282966,NA
3000,"tester k=4","tester",4,"BLUP",200,200,1584,3000,1.89393939393939,7.92,1,399,1185,0.0396,4752,552,400,138504,90000,6624,11880,10000,0.75687662372583,0.734382585838557,0.745629604782194,0.75687662372583,0.734382585838557,0.745629604782194,0.676665764829627,NA,NA,0.000174800471681214,1.88435173528725,0.641334301105488,1.29643297181306,8.20471954926265,7.29868152257325,2.80412595001535,0.0192771735780212,-0.0949352246591927,0.371029303155212,30,0.0169781189780511,0.0169781189780511,0.0181078734217443,NA,0.224388679545488,0.072803303419355,0.00309976624942837,0.00309976624942837,0.0136050347664129
3000,"tester k=4","tester",4,"GBLUP",200,200,1584,3000,1.89393939393939,7.92,1,399,1185,0.0396,4752,552,400,138504,90000,6624,11880,10000,0.74357992885492,0.72193802208629,0.732758975470605,0.74357992885492,0.72193802208629,0.732758975470605,0.661847616327876,NA,NA,0.0176102390218148,1.90628652389373,0.648821698283362,1.26373618465293,9.47291546426215,7.99116113117081,0.830990034745888,1.28747308857753,-2.06807113992865,0.0971313418329924,30,0.0166519714443022,0.0166519714443022,0.0187170952715608,NA,0.179737027335083,0.0806496621241648,0.00304022012899207,0.00304022012899207,0.0137634041175254
3000,"tester k=4","tester",4,"LS",200,200,1584,3000,1.89393939393939,7.92,1,399,1185,0.0396,4752,552,400,138504,90000,6624,11880,10000,0.754103572862697,0.731075392576631,0.742589482719664,0.754103572862697,0.731075392576631,0.742589482719664,NA,NA,NA,NA,NA,NA,1.28808633800467,NA,NA,NA,NA,NA,NA,30,0.0178389663019788,0.0178389663019788,NA,NA,NA,0.0766455616490067,0.00325693474872276,0.00325693474872276,NA
