"strategy","theta","gene_diversity","loss_pct","status_number","Ne_parents","n_lines_used","He_Nei","alleles_retained","alleles_lost_MAF","alleles_fixed","E_NE","A_NE","eff_dim","theta_within_A","theta_within_B","theta_between","mean_index"
"random",0.667085416666667,0.332914583333333,-0.0560984319778268,0.749529201970012,49.3150684931507,63,0.332914583333333,11821,102,179,0.261773611111111,0.260078020833333,1.4952404657946,0.70055175925926,0.701969166666667,0.63291037037037,0.0787900425101615
"random",0.667760462962963,0.332239537037037,0.146783935000827,0.748771494768375,49.3150684931507,63,0.332239537037037,11830,101,170,0.263175,0.2599809375,1.49380530079277,0.702372777777778,0.700522962962963,0.634073055555556,-0.190882087016944
"random",0.666260810185185,0.333739189814815,-0.303930492840607,0.750456866675119,51.063829787234,66,0.333739189814815,11833,97,167,0.266380555555556,0.259229583333333,1.4992820098092,0.700104444444444,0.700739537037037,0.63209962962963,0.0384754474354862
"random",0.667696550925926,0.332303449074074,0.127575437119031,0.748843167313994,50.3496503496503,64,0.332303449074074,11831,97,169,0.262811111111111,0.259266197916667,1.49581235832493,0.700159074074074,0.702173611111111,0.634226759259259,-0.108766789851069
"random",0.66752525462963,0.33247474537037,0.0760930451142722,0.749035330921555,43.9024390243902,61,0.33247474537037,11815,118,185,0.262511111111111,0.260935208333333,1.49289933004726,0.700853148148148,0.703629722222222,0.632809074074074,0.126702922988296
"random",0.667033310185185,0.332966689814815,-0.0717588190592908,0.749587752763333,51.063829787234,64,0.332966689814815,11817,105,183,0.263368055555556,0.259479010416667,1.49773085631968,0.70127712962963,0.70028462962963,0.633285740740741,0.098288936142115
"random",0.66698587962963,0.33301412037037,-0.0860138759806,0.749641057285418,47.0588235294118,60,0.33301412037037,11822,107,178,0.263119444444444,0.261901302083333,1.49356533059405,0.702218055555555,0.70104287037037,0.632341296296296,0.0951116958207207
"random",0.667394722222222,0.332605277777778,0.0368620709906252,0.749181831008719,48.3221476510067,61,0.332605277777778,11827,109,173,0.260711111111111,0.2607884375,1.49482390811616,0.702205092592593,0.700751944444444,0.633310925925926,-0.205236829611392
"random",0.667167685185185,0.332832314814815,-0.031372969655547,0.749436777444062,49.3150684931507,61,0.332832314814815,11824,100,176,0.264284722222222,0.260845572916667,1.49722150411281,0.701125648148148,0.699808981481482,0.633868055555556,-0.0601788450314133
"random",0.667657037037037,0.332342962962963,0.115699701557906,0.748887486034635,49.6551724137931,63,0.332342962962963,11825,109,175,0.263748611111111,0.2598609375,1.49577708917725,0.699895092592593,0.702598425925926,0.634067314814815,-0.148966959575596
"random",0.666519421296296,0.333480578703704,-0.226205995073469,0.750165687636773,51.4285714285714,61,0.333480578703704,11826,91,174,0.262973611111111,0.261092083333333,1.49731780154846,0.699505092592593,0.700803148148148,0.632884722222222,-0.153975419272409
"random",0.668611759259259,0.331388240740741,0.40263750910417,0.747818136722482,42.8571428571429,63,0.331388240740741,11823,136,177,0.265468055555556,0.260137135416667,1.49056040948002,0.703288518518518,0.70330537037037,0.633926574074074,0.00199986335338828
"random",0.667168726851852,0.332831273148148,-0.0310599010555746,0.749435607330299,47.3684210526316,63,0.332831273148148,11827,109,173,0.263777777777778,0.260419322916667,1.49474488250849,0.701971111111111,0.701414907407408,0.632644444444445,-0.0296359220743783
"random",0.66724287037037,0.33275712962963,-0.00877637381352643,0.749352330617579,48.9795918367347,64,0.33275712962963,11826,108,174,0.261863888888889,0.259662916666667,1.49506874529866,0.699659537037037,0.702383240740741,0.633464351851852,-0.21760729795933
"random",0.667545023148148,0.332454976851852,0.082034391434806,0.749013149168569,47.682119205298,64,0.332454976851852,11829,116,171,0.265440277777778,0.259549583333333,1.49582191407693,0.699927314814815,0.702632037037037,0.63381037037037,0.034258834729156
"random",0.666456018518519,0.333543981481481,-0.2452614371952,0.750237054069168,50.7042253521127,65,0.333543981481481,11831,80,169,0.262276388888889,0.259191822916667,1.49936393252544,0.70099787037037,0.699749722222222,0.632538240740741,0.0051421357085955
"random",0.667863611111111,0.332136388888889,0.177784683483574,0.748655850807862,48.6486486486486,62,0.332136388888889,11818,107,182,0.260626388888889,0.260005104166667,1.49632222343679,0.70137,0.701510925925926,0.634286759259259,0.148343785070169
"random",0.666487962962963,0.333512037037037,-0.235660666794289,0.750201095571452,54.9618320610687,67,0.333512037037037,11843,92,157,0.265986111111111,0.258681770833333,1.50021880174962,0.700201111111111,0.699205185185185,0.633272777777778,-0.108160846155684
"random",0.666561157407407,0.333438842592593,-0.213662379832344,0.750118716705234,48.3221476510067,62,0.333438842592593,11830,96,170,0.262751388888889,0.260465989583333,1.49641486632224,0.700801296296296,0.701787037037037,0.631828148148148,-0.0775279017601131
"random",0.667385092592593,0.332614907407407,0.0339679257104408,0.749192640874924,53.7313432835821,68,0.332614907407407,11841,90,159,0.263863888888889,0.257741145833333,1.49672630766469,0.701961296296296,0.699459259259259,0.634059907407407,0.0969575718775701
"random",0.666519884259259,0.333480115740741,-0.226066853473488,0.750165166573654,53.7313432835821,66,0.333480115740741,11833,74,167,0.261615277777778,0.25894046875,1.49844923436145,0.699215925925926,0.700748425925926,0.633057592592593,0.0275255916606899
"random",0.667210949074074,0.332789050925926,-0.0183701871343942,0.749388181794495,47.3684210526316,59,0.332789050925926,11814,105,186,0.261138888888889,0.261701510416667,1.49504375045016,0.701844259259259,0.7013575,0.632821018518518,-0.012379912266319
"random",0.666985625,0.333014375,-0.0860904038606325,0.749641343469734,48.9795918367347,62,0.333014375,11823,103,177,0.264705555555556,0.2604303125,1.49639248473424,0.701260185185185,0.700390833333333,0.633145740740741,0.0314097192087194
"random",0.66741,0.33259,0.0414537437910764,0.749164681380261,49.6551724137931,63,0.33259,11827,94,173,0.263127777777778,0.259865052083333,1.49629602780303,0.701692407407407,0.700612962962963,0.633667314814815,-0.24474660242079
"random",0.666546319444444,0.333453680555556,-0.218121868112724,0.750135415070241,52.9411764705882,64,0.333453680555556,11833,93,167,0.261009722222222,0.2592790625,1.49972358932162,0.700442222222222,0.699636388888889,0.633053333333333,-0.0637369849903347
"random",0.666373842592593,0.333626157407407,-0.269959071197477,0.750329571843188,52.9411764705882,66,0.333626157407407,11846,92,154,0.264801388888889,0.2590621875,1.49915683020822,0.700336296296296,0.699213703703704,0.632972685185185,-0.047536570141991
"random",0.666819375,0.333180625,-0.136056152425126,0.749828242468209,53.3333333333333,68,0.333180625,11837,88,163,0.262452777777778,0.25840796875,1.49652996167513,0.699989074074074,0.700453611111111,0.633417407407407,0.0956912975969459
"random",0.666936805555556,0.333063194444444,-0.100762885581949,0.749696216845466,49.3150684931507,64,0.333063194444444,11835,98,165,0.265852777777778,0.25981078125,1.495973663287,0.701935740740741,0.699866851851852,0.632972314814815,0.0849664691000096
"random",0.666493194444444,0.333506805555556,-0.234088366714218,0.7501952070445,52.5547445255474,62,0.333506805555556,11822,100,178,0.261615277777778,0.260066354166667,1.49862895150219,0.701229074074074,0.698740740740741,0.633001481481481,0.0411075563382169
"random",0.669228773148148,0.330771226851852,0.588078476521253,0.74712866520656,43.1137724550898,61,0.330771226851852,11823,135,177,0.263465277777778,0.260475,1.48904231321044,0.70455537037037,0.703054351851852,0.634652685185185,0.120620439565668
"random",0.667825625,0.332174375,0.16636811520251,0.748698434565161,46.4516129032258,60,0.332174375,11816,102,184,0.262383333333333,0.26134359375,1.49137061326982,0.702934166666667,0.701298888888889,0.633534722222222,0.0392348943538704
"random",0.666894513888889,0.333105486111111,-0.113473470743124,0.749743759450546,54.1353383458647,66,0.333105486111111,11838,87,162,0.263358333333333,0.258750885416667,1.49710224895042,0.699454166666667,0.700428888888889,0.6338475,-0.233655325234788
"random",0.666813217592592,0.333186782407408,-0.137906735705391,0.749835166443099,51.7985611510791,67,0.333186782407407,11839,96,161,0.26615,0.258548645833333,1.49731990964195,0.7000875,0.701518703703704,0.632823333333333,0.0103572434654807
"random",0.668023217592592,0.331976782407408,0.225753750087879,0.748476979291063,47.682119205298,63,0.331976782407407,11833,101,167,0.262329166666667,0.259968802083333,1.49261334414915,0.702616481481481,0.701665833333333,0.633905277777778,-0.0523067334726911
"random",0.666649143518518,0.333350856481482,-0.187218518749904,0.750019714059845,50,63,0.333350856481481,11821,97,179,0.261506944444444,0.26026765625,1.49689814037156,0.700894814814815,0.70060212962963,0.632549814814815,0.0204932302149101
"random",0.667174236111111,0.332825763888889,-0.0294041160153952,0.749429418789382,52.1739130434783,64,0.332825763888889,11830,83,170,0.262333333333333,0.259377135416667,1.49684477500783,0.701086111111111,0.699880462962963,0.633865185185185,-0.00846480601024873
"random",0.66766912037037,0.33233087962963,0.11933129731828,0.748873932828643,48.9795918367347,66,0.33233087962963,11839,104,161,0.261638888888889,0.258906927083333,1.4947995233148,0.701593518518518,0.701598333333333,0.633742314814815,-0.071440785934909
"random",0.667373726851852,0.332626273148148,0.0305519994301135,0.749205400036662,49.3150684931507,64,0.332626273148148,11836,109,164,0.2628,0.259337239583333,1.49627522802999,0.699637685185185,0.70235,0.633753611111111,0.141026654434585
"random",0.668073449074074,0.331926550925926,0.240850613689447,0.74842070238382,47.682119205298,63,0.331926550925926,11825,106,175,0.261536111111111,0.259759114583333,1.49378005902122,0.700998425925926,0.702697222222222,0.634299074074074,0.276252670249296
"random",0.66742837962963,0.33257162037037,0.0469776653115693,0.749144050897957,48.9795918367347,64,0.33257162037037,11832,89,168,0.2647375,0.259569010416667,1.4954999296615,0.702526111111111,0.700348148148148,0.63341962962963,0.0665872242019782
"random",0.66763150462963,0.33236849537037,0.108026042317227,0.748916125935933,51.063829787234,63,0.33236849537037,11827,90,173,0.2610625,0.259054479166667,1.49735334693548,0.699815555555556,0.702944907407407,0.633882777777778,-0.279396331366247
"random",0.666620416666667,0.333379583333333,-0.195852255030694,0.750052034859918,49.3150684931507,64,0.333379583333333,11836,87,164,0.263813888888889,0.260013958333333,1.49618694607577,0.701517037037037,0.700164074074074,0.632400277777778,0.0546426974220894
"random",0.667762407407407,0.332237592592593,0.147368329720818,0.748769314435135,46.7532467532468,62,0.332237592592593,11827,107,173,0.264369444444444,0.260336666666667,1.49245470337163,0.703585462962963,0.700542314814815,0.633460925925926,0.162983638875602
"random",0.66717150462963,0.33282849537037,-0.0302250514554592,0.749432487044793,50.7042253521127,64,0.33282849537037,11838,103,162,0.262083333333333,0.259373645833333,1.49610211561155,0.702649537037037,0.700247777777778,0.632894351851852,0.0986876571047994
"random",0.667255601851852,0.332744398148148,-0.00494997981316706,0.749338032700418,50.7042253521127,66,0.332744398148148,11828,92,172,0.262773611111111,0.2588303125,1.4964677313984,0.701863518518518,0.699748703703704,0.633705092592593,-0.264899030930413
"random",0.667512939814815,0.332487060185185,0.0723918785539084,0.749049149726914,46.7532467532468,61,0.332487060185185,11817,105,183,0.2644125,0.26062640625,1.49446648698528,0.700958796296296,0.702175925925926,0.633458518518519,-0.164480999064255
"random",0.6672425,0.3327575,-0.008887687093504,0.749352746565154,52.9411764705882,67,0.3327575,11841,93,159,0.261380555555556,0.258121822916667,1.49891648878049,0.699884166666667,0.700811018518519,0.634137407407407,0.0887635234808969
"random",0.666959791666667,0.333040208333333,-0.0938545051412955,0.749670379305099,51.4285714285714,65,0.333040208333333,11829,97,171,0.262038888888889,0.259343541666667,1.49631967358089,0.701428611111111,0.699888333333333,0.633261111111111,0.216442588639696
"random",0.66827849537037,0.33172150462963,0.302476428335019,0.748191066245357,45.5696202531646,60,0.33172150462963,11821,127,179,0.261351388888889,0.261103541666667,1.493114276666,0.702437592592593,0.702459907407407,0.634108240740741,-0.155682746453122
"random",0.666927060185185,0.333072939814815,-0.103691816262212,0.749707171667566,47.682119205298,60,0.333072939814815,11828,104,172,0.260995833333333,0.261285989583333,1.49612074788819,0.701424722222223,0.701100925925926,0.632591296296296,-0.125405236867359
"random",0.667396574074074,0.332603425925926,0.0374186373906799,0.749179752224058,48.6486486486486,64,0.332603425925926,11827,109,173,0.264845833333333,0.259978125,1.49381760312946,0.700843055555555,0.701581388888889,0.633580925925926,0.0828493486031024
"random",0.666937685185185,0.333062314814815,-0.100498516541873,0.749695228064924,51.4285714285714,63,0.333062314814815,11830,98,170,0.263748611111111,0.260162291666667,1.49651118415479,0.701731666666667,0.700016481481481,0.633001296296296,-0.149468852620564
"random",0.666968796296296,0.333031203703704,-0.0911482010210212,0.749660258135792,47.3684210526316,61,0.333031203703704,11825,104,175,0.264905555555556,0.2609640625,1.49560291052908,0.701112777777778,0.701232407407408,0.632765,0.165391603564369
"random",0.667050925925926,0.332949074074074,-0.0664644811787955,0.749567957357912,48,65,0.332949074074074,11840,84,160,0.265580555555556,0.2592465625,1.4973657697634,0.700965462962963,0.700819722222222,0.633209259259259,-0.208247287502227
"random",0.66768837962963,0.33231162037037,0.125119587878748,0.748852331797886,49.6551724137931,64,0.33231162037037,11833,98,167,0.268519444444444,0.259258385416667,1.49605843831816,0.701038796296296,0.701353240740741,0.634180740740741,0.198507272770947
"random",0.667334236111111,0.332665763888889,0.0186832209489971,0.749249735655328,51.7985611510791,65,0.332665763888889,11835,115,165,0.262984722222222,0.259142239583333,1.49597671091319,0.701359166666667,0.700247777777778,0.633865,-0.0609275841425465
"random",0.667604537037037,0.332395462962963,0.0999210441164888,0.748946378074511,45.2830188679245,61,0.332395462962963,11818,127,182,0.264348611111111,0.26092828125,1.49369130701822,0.700967962962963,0.70288537037037,0.633282407407407,0.0194653840477488
"random",0.667477291666667,0.332522708333333,0.0616779753529556,0.749089154406314,48.3221476510067,65,0.332522708333333,11837,95,163,0.266193055555556,0.259023385416667,1.49686889611352,0.701985277777778,0.700037222222222,0.633943333333333,-0.131623073795992
"random",0.667197638888889,0.332802361111111,-0.022370508134779,0.749403131630787,44.7204968944099,60,0.332802361111111,11811,124,189,0.263119444444444,0.261635625,1.49281531856209,0.701120462962963,0.703149537037037,0.632260277777778,0.0390018240151285
"random",0.666953726851852,0.333046273148148,-0.0956772601014913,0.749677196287807,53.7313432835821,65,0.333046273148148,11829,81,171,0.262130555555556,0.259268177083333,1.49746064223527,0.699656666666667,0.7006225,0.63376787037037,0.124118156493848
"random",0.667793078703704,0.332206921296296,0.156586460721666,0.748734923953663,48.3221476510067,60,0.332206921296296,11821,95,179,0.262481944444444,0.260971822916667,1.49473422045096,0.702499444444445,0.700801759259259,0.633935555555556,0.198604732847146
"random",0.667099768518519,0.332900231481481,-0.0517850423774363,0.74951307674771,52.5547445255474,66,0.332900231481482,11833,91,167,0.264854166666667,0.258569427083333,1.49849083231371,0.701095648148148,0.699405648148148,0.633948888888889,-0.00564587393025904
"random",0.668091805555555,0.331908194444445,0.246367578129864,0.748400138786648,45.2830188679245,62,0.331908194444444,11831,122,169,0.267138888888889,0.26036796875,1.49054244342493,0.699587222222222,0.705565185185185,0.633607407407407,0.0161396244380446
"random",0.665777800925926,0.334222199074074,-0.449096924133889,0.751001309002235,54.5454545454545,65,0.334222199074074,11824,83,176,0.262227777777778,0.259266875,1.50263029445471,0.698339722222222,0.699365740740741,0.63270287037037,-0.148603716829575
"random",0.668451319444444,0.331548680555556,0.354417987619774,0.747997625938646,46.1538461538462,60,0.331548680555556,11811,114,189,0.261158333333333,0.260646614583333,1.49374927708161,0.701666851851852,0.702775648148148,0.634681388888889,0.137856724488869
"random",0.667097870370371,0.332902129629629,-0.0523555229374423,0.749515209398587,49.6551724137931,63,0.33290212962963,11831,104,169,0.262780555555556,0.25960453125,1.49880571866776,0.700555648148148,0.701294722222222,0.633270555555556,0.290065045382342
"random",0.667026898148148,0.332973101851852,-0.0736859302194218,0.749594958446412,48.3221476510067,62,0.332973101851852,11825,98,175,0.262013888888889,0.260129166666667,1.49681449849069,0.700717314814815,0.701460462962963,0.632964907407407,-0.186687799028213
"random",0.66742412037037,0.33257587962963,0.0456975625914768,0.749148831664246,51.7985611510791,62,0.33257587962963,11823,96,177,0.262481944444444,0.260247395833333,1.49463998754476,0.703113240740741,0.699055092592593,0.633764074074074,0.201133826255686
"random",0.66779162037037,0.33220837962963,0.156148164681631,0.748736559052194,54.1353383458647,65,0.33220837962963,11839,99,161,0.2614625,0.2589884375,1.49591092392957,0.700516574074074,0.701138425925926,0.634755740740741,0.201218053671147
"random",0.667967731481482,0.332032268518518,0.209077629326533,0.748539153068147,45,58,0.332032268518519,11809,104,191,0.262022222222222,0.262052760416667,1.49169483562322,0.702477222222222,0.702044259259259,0.633674722222222,0.0104990342547573
"random",0.666884513888889,0.333115486111111,-0.116478929303419,0.749755001933223,51.063829787234,64,0.333115486111111,11837,100,163,0.262404166666667,0.259505416666667,1.49627187338155,0.701226481481481,0.699716388888889,0.633297592592593,0.0922942697478231
"random",0.66720900462963,0.33279099537037,-0.0189545818544183,0.749390365733376,48.9795918367347,66,0.33279099537037,11832,104,168,0.263901388888889,0.258424791666667,1.49661307484536,0.700507407407407,0.701561759259259,0.633383425925926,0.0515975424610963
"random",0.667897268518518,0.332102731481482,0.187900277804485,0.74861812372592,48.6486486486486,61,0.332102731481481,11825,125,175,0.263279166666667,0.261040625,1.49186536186888,0.70209787037037,0.701723981481481,0.633883611111111,-0.0570254679015198
"random",0.667545,0.332455,0.0820274343548304,0.749013175141751,49.3150684931507,64,0.332455,11825,85,175,0.264347222222222,0.259569635416667,1.4952351271988,0.699798055555556,0.702672314814815,0.633854814814815,0.257702973394954
"random",0.667594884259259,0.332405115740741,0.0970199417561954,0.748957207116383,46.1538461538462,60,0.332405115740741,11817,113,183,0.262115277777778,0.261351458333333,1.49418099980163,0.701834814814815,0.702003425925926,0.633270648148148,0.213011134850734
"random",0.667225462962963,0.332774537037037,-0.0140080979739739,0.749371880652814,45,59,0.332774537037037,11817,128,183,0.261138888888889,0.261823177083333,1.4953328590425,0.701690740740741,0.701530740740741,0.632840185185185,-0.0906541188697321
"random",0.668266597222222,0.331733402777778,0.298900489214718,0.748204387408177,48.6486486486486,60,0.331733402777778,11818,90,182,0.263426388888889,0.260772239583333,1.4931083683456,0.701952314814815,0.702119074074074,0.6344975,0.0756578695925615
"random",0.668694490740741,0.331305509259259,0.427502113026531,0.747725615992632,47.0588235294118,60,0.331305509259259,11825,132,175,0.258631944444444,0.260556614583333,1.49153611982171,0.704610092592593,0.700659351851852,0.634754259259259,0.199071481075344
"random",0.668285486111111,0.331714513888889,0.304577466495176,0.748183239635506,48,61,0.331714513888889,11813,110,187,0.261275,0.260268541666667,1.49304796056553,0.701455925925926,0.702711574074074,0.634487222222222,-0.0223280618666926
"random",0.667959583333333,0.332040416666667,0.206628737166258,0.748548284171385,47.3684210526316,64,0.332040416666667,11836,107,164,0.262902777777778,0.259255052083333,1.49226192808844,0.701553425925926,0.702597685185185,0.633843611111111,0.125308668863848
"random",0.667278981481482,0.332721018518518,0.00207667098750682,0.749311777946172,51.7985611510791,64,0.332721018518518,11828,90,172,0.261740277777778,0.259393072916667,1.49696812944181,0.700481388888889,0.701180277777778,0.63372712962963,0.158843041461054
"random",0.666464375,0.333535625,-0.242749931314978,0.750227647201698,47.3684210526316,64,0.333535625,11841,94,159,0.264048611111111,0.259777864583333,1.49796210047697,0.699810185185185,0.700596388888889,0.632725462962963,-0.0216165748842589
"random",0.666837291666667,0.333162708333333,-0.13067137250468,0.749808095990432,48.9795918367347,60,0.333162708333333,11816,115,184,0.261647222222222,0.261318802083333,1.49685825555202,0.700913425925926,0.700880555555555,0.632777592592592,-0.00336739457766683
"random",0.668852685185185,0.331147314814815,0.475046797750886,0.747548766828326,47.682119205298,61,0.331147314814815,11820,120,180,0.259545833333333,0.260248697916667,1.49260100160479,0.703608425925926,0.701798981481481,0.635001666666666,-0.0507591549504419
"random",0.666636134259259,0.333363865740741,-0.191128397710238,0.75003435053154,50.7042253521127,66,0.333363865740741,11819,86,181,0.263420833333333,0.25904765625,1.49877524571661,0.698970277777778,0.701590555555556,0.632991851851852,-0.182700366939671
"random",0.667090925925926,0.332909074074074,-0.0544426469377475,0.749523011883271,50.3496503496503,62,0.332909074074074,11826,112,174,0.261963888888889,0.26038109375,1.49685946575074,0.700829537037037,0.701329722222222,0.633102222222222,0.0794806053403073
"random",0.666977106481482,0.333022893518518,-0.0886506093008174,0.749650917761871,47.3684210526316,62,0.333022893518518,11818,90,182,0.266079166666667,0.260719583333333,1.49572850278268,0.701625648148148,0.700827222222222,0.632727777777778,0.111180557538674
"random",0.668438657407408,0.331561342592592,0.350612464859508,0.748011795037842,45.5696202531646,60,0.331561342592593,11824,123,176,0.259341666666667,0.261189739583333,1.49142704761473,0.703210740740741,0.702060925925926,0.634241481481481,0.0224536225587068
"random",0.668116203703704,0.331883796296296,0.253700340450568,0.748372808844104,47.0588235294118,63,0.331883796296296,11833,115,167,0.262720833333333,0.259541822916667,1.49442387059138,0.701113333333333,0.703550925925926,0.633900277777778,-0.192269548453059
"random",0.667035208333333,0.332964791666667,-0.0711883384992514,0.74958561969961,46.7532467532468,62,0.332964791666667,11830,116,170,0.268626388888889,0.2604921875,1.49480581364543,0.70131787037037,0.70193,0.632446481481481,-0.023387037965121
"random",0.667160231481482,0.332839768518518,-0.0336131494157838,0.74944515036472,49.3150684931507,63,0.332839768518519,11823,98,177,0.261026388888889,0.260235625,1.49570275947908,0.701516666666667,0.700581666666667,0.633271296296296,0.0176459348569493
"random",0.667761666666667,0.332238333333333,0.147145703160763,0.748770145036777,48,61,0.332238333333333,11824,95,176,0.261572222222222,0.260496666666667,1.49475416979992,0.701943240740741,0.70078287037037,0.634160277777778,0.26657707938938
"random",0.666823842592593,0.333176157407407,-0.134713435985086,0.749823218761966,52.1739130434783,64,0.333176157407407,11838,92,162,0.264716666666667,0.25952078125,1.49727769514766,0.70147037037037,0.699229444444444,0.633297777777778,-0.202903593961312
"random",0.668082268518518,0.331917731481482,0.243501261169582,0.748410822380838,45.5696202531646,58,0.331917731481481,11815,122,185,0.260323611111111,0.262164114583333,1.49265648452901,0.702439537037037,0.702405648148148,0.633741944444444,0.0661895755695129
"random",0.667296435185185,0.332703564814815,0.00732230930793894,0.749292179061682,49.6551724137931,62,0.332703564814815,11819,94,181,0.263119444444444,0.260185416666667,1.49656429189265,0.70132787037037,0.700371018518519,0.633743425925926,-0.00235597196880476
"random",0.66785,0.33215,0.173693920443239,0.748671108781912,50.7042253521127,64,0.33215,11827,117,173,0.262202777777778,0.25910578125,1.49593505117999,0.699363055555556,0.703019166666667,0.634508888888889,-0.015090649865536
"random",0.666443773148148,0.333556226851852,-0.248941732515536,0.750250839073939,51.063829787234,64,0.333556226851852,11828,92,172,0.262816666666667,0.2599603125,1.4978243739387,0.701367962962963,0.699490092592593,0.632458518518519,-0.0489341301860832
"random",0.667320671296296,0.332679328703704,0.0146063720686131,0.749264965865257,52.1739130434783,65,0.332679328703704,11831,89,169,0.261863888888889,0.259191458333333,1.49556062736725,0.700595277777778,0.701114074074074,0.633786666666667,-0.0603199452444873
"random",0.666890740740741,0.333109259259259,-0.114607474783193,0.749748001366207,50,65,0.333109259259259,11835,94,165,0.263594444444444,0.259118802083333,1.49720834037584,0.700804166666667,0.700474351851852,0.633142222222222,0.11713914458916
"random",0.666094791666667,0.333905208333333,-0.353826670605177,0.750643911730531,51.063829787234,66,0.333905208333333,11836,95,164,0.267294444444444,0.25916234375,1.49963405449135,0.698769259259259,0.700952314814815,0.632328796296296,-0.058021642452929
"random",0.667834560185185,0.332165439814815,0.169053548082791,0.748688417474762,48.3221476510067,62,0.332165439814815,11820,101,180,0.263355555555556,0.260433541666667,1.49274430878466,0.701559074074074,0.701801203703704,0.633988981481482,-0.0525031144153562
"random",0.665976828703704,0.334023171296296,-0.389279950288427,0.750776871581597,52.5547445255474,68,0.334023171296296,11843,90,157,0.2672125,0.25849234375,1.50027291383708,0.699609537037037,0.699663703703704,0.632317037037037,-0.0586590460797443
"random",0.667948333333333,0.332051666666667,0.203247596285943,0.748560891685734,48.9795918367347,64,0.332051666666667,11832,97,168,0.265511111111111,0.259479947916667,1.49362346536597,0.70178,0.701833148148148,0.634090092592593,-0.16641285354018
"random",0.66741837962963,0.33258162037037,0.043972206751374,0.749155275402312,48.9795918367347,61,0.33258162037037,11817,104,183,0.263095833333333,0.260685208333333,1.49605544699695,0.70057,0.701591481481481,0.633756018518518,0.221941876512843
"random",0.666982314814815,0.333017685185185,-0.0870852663006886,0.749645063885724,48.3221476510067,62,0.333017685185185,11827,97,173,0.263670833333333,0.260466510416667,1.49582042420323,0.701039444444444,0.701410925925926,0.632739444444444,-0.161144740673037
"random",0.667433125,0.332566875,0.0484038667117511,0.749138724572593,44.4444444444444,60,0.332566875,11822,124,178,0.268258333333333,0.261370885416667,1.4939528798645,0.703275833333333,0.700751481481481,0.632852592592593,-0.0277863622481362
"random",0.666841319444444,0.333158680555556,-0.129460840584611,0.749803567086331,54.1353383458647,68,0.333158680555556,11836,92,164,0.264344444444444,0.258282083333333,1.49784460483946,0.69937537037037,0.701449722222222,0.633270092592592,-0.125033454321119
"random",0.665719421296296,0.334280578703704,-0.466642679895497,0.751067167345658,52.5547445255474,63,0.334280578703704,11823,83,177,0.263743055555556,0.26065359375,1.49844536861169,0.699913981481482,0.699856111111111,0.631553796296296,-0.0174622131237068
"random",0.666214583333333,0.333785416666667,-0.31782378160188,0.750508938874174,51.7985611510791,65,0.333785416666667,11833,93,167,0.262770833333333,0.259270677083333,1.49857956732423,0.701020462962963,0.699140277777778,0.632348796296296,-0.147728298804873
"random",0.668080763888889,0.331919236111111,0.243049050969563,0.748412507927196,50.7042253521127,68,0.331919236111111,11839,105,161,0.262573611111111,0.25767265625,1.494887108861,0.699450833333333,0.703983518518518,0.634444351851852,0.0363005660072056
"random",0.667324953703704,0.332675046296296,0.0158934318687479,0.749260157626299,49.6551724137931,62,0.332675046296296,11816,100,184,0.261463888888889,0.260273333333333,1.49589729074103,0.701263425925926,0.700949537037037,0.633543425925926,0.156628710867818
"random",0.666991736111111,0.333008263888889,-0.084253734740452,0.749634475106461,51.4285714285714,66,0.333008263888889,11825,90,175,0.263533333333333,0.25890625,1.49620819926228,0.699762592592593,0.701846574074074,0.633178888888889,-0.142974447912608
"random",0.667143796296296,0.332856203703704,-0.0385526762162192,0.749463613055823,54.5454545454545,68,0.332856203703704,11848,80,152,0.265641666666667,0.258304895833333,1.49633094453448,0.700188425925926,0.699888055555555,0.634249351851852,0.295600072173786
"random",0.666242546296296,0.333757453703704,-0.309419628961121,0.750477439154173,54.5454545454545,68,0.333757453703704,11839,77,161,0.267631944444444,0.258533645833333,1.49808359380262,0.699385092592593,0.700161388888889,0.632711851851852,0.0205318895536849
"random",0.667445949074074,0.332554050925926,0.0522580890320799,0.749124330881974,52.9411764705882,66,0.332554050925926,11837,88,163,0.260605555555556,0.258699322916667,1.49572806097452,0.700155277777778,0.701493333333333,0.634067592592592,0.00211356480415163
"random",0.666846319444444,0.333153680555556,-0.127958111304464,0.749797945074593,53.3333333333333,67,0.333153680555556,11838,94,162,0.266102777777778,0.25837875,1.49854372337153,0.70038962962963,0.700051574074074,0.633472037037037,0.00700141320625823
"random",0.667529305555556,0.332470694444444,0.0773105341143835,0.749030785373343,47.0588235294118,62,0.332470694444444,11831,115,169,0.262931944444444,0.2601190625,1.49552985060583,0.701821018518518,0.702001759259259,0.633147222222222,-0.00651575609809695
"random",0.667223009259259,0.332776990740741,-0.0147455484540964,0.749374636457895,49.6551724137931,65,0.332776990740741,11831,105,169,0.264455555555556,0.259613333333333,1.4955209272684,0.700699166666667,0.700929722222222,0.633631574074074,-0.0176072693030541
"random",0.667813078703704,0.332186921296296,0.162597377842223,0.748712500465779,49.3150684931507,61,0.332186921296296,11819,104,181,0.260143055555556,0.260569895833333,1.49584274357808,0.701263703703704,0.701973981481482,0.634007314814815,0.0351380782662661
"random",0.66747224537037,0.33252775462963,0.0601613319128232,0.749094817751647,48.3221476510067,63,0.33252775462963,11819,87,181,0.2626,0.259951041666667,1.49485352872989,0.699858425925926,0.702470740740741,0.633779907407407,-0.102014778882565
"random",0.66708837962963,0.33291162037037,-0.0552079257377727,0.749525872835024,50,61,0.33291162037037,11834,92,166,0.262165277777778,0.260902291666667,1.4964183850891,0.701765092592593,0.699683981481481,0.633452222222222,0.0414294163601857
"random",0.667073032407407,0.332926967592593,-0.0598204697782176,0.749543117034044,47.0588235294118,62,0.332926967592593,11832,116,168,0.264061111111111,0.260674322916667,1.49455179783119,0.700656851851852,0.702258611111111,0.632688333333333,0.100333492619054
"random",0.667476226851852,0.332523773148148,0.0613579496729075,0.749090349417008,51.7985611510791,60,0.332523773148148,11820,90,180,0.261684722222222,0.260775989583333,1.49602111655499,0.701554166666667,0.699760185185185,0.634295277777778,0.109083914691645
"random",0.66752287037037,0.33247712962963,0.0753764658742435,0.749038006327152,48.3221476510067,60,0.33247712962963,11822,108,178,0.261761111111111,0.260961927083333,1.49564496900629,0.701190833333333,0.701039166666667,0.633930740740741,0.0692264744698746
"random",0.667233356481482,0.332766643518518,-0.0116357336937324,0.749363015417346,47.682119205298,60,0.332766643518519,11815,105,185,0.259741666666667,0.261044739583333,1.49546733236926,0.70242537037037,0.700296388888889,0.633105833333333,0.0361640924148257
"random",0.666925023148148,0.333074976851852,-0.104304039302306,0.74970946155207,52.5547445255474,66,0.333074976851852,11838,76,162,0.264252777777778,0.258572552083333,1.49879063324904,0.700399259259259,0.699997685185185,0.633651574074074,0.0740411167017735
"random",0.667811990740741,0.332188009259259,0.162270395082166,0.748713720227451,50,66,0.332188009259259,11837,95,163,0.26565,0.259021875,1.49386708538974,0.701663148148148,0.701327407407408,0.634128703703704,-0.0310625676277735
"random",0.667703472222222,0.332296527777778,0.129655604039161,0.748835404937946,48.3221476510067,63,0.332296527777778,11822,89,178,0.262211111111111,0.259868385416667,1.49520238709045,0.701432592592593,0.701504444444444,0.633938425925926,0.134279057231782
"random",0.667500023148148,0.332499976851852,0.068509827913577,0.749063644435301,54.1353383458647,66,0.332499976851852,11830,101,170,0.260323611111111,0.25850671875,1.49699225617588,0.6999025,0.701355555555556,0.634371018518519,0.203002527317983
"random",0.667893935185185,0.332106064814815,0.18689845828442,0.748621859938534,51.063829787234,65,0.332106064814815,11824,104,176,0.259618055555556,0.259155208333333,1.49315073117881,0.699815740740741,0.70273,0.634515,-0.13325131047483
"random",0.667735324074074,0.332264675925926,0.139228546120035,0.748799684505733,50,64,0.332264675925926,11833,94,167,0.261456944444444,0.259266770833333,1.49585554673347,0.701488055555556,0.700960277777778,0.634246481481481,0.175973310541977
"random",0.667946666666666,0.332053333333334,0.202746686525827,0.748562759501757,44.7204968944099,62,0.332053333333333,11827,116,173,0.266804166666667,0.2607371875,1.49196593275268,0.702241481481481,0.702520740740741,0.633512222222222,0.0337725065599186
"random",0.668265578703704,0.331734421296296,0.298594377694654,0.748205527763223,48.9795918367347,64,0.331734421296296,11826,111,174,0.262444444444444,0.259302760416667,1.4942555384602,0.701068240740741,0.701772962962963,0.635110555555556,0.00461194983093384
"random",0.667151064814815,0.332848935185185,-0.0363681530959878,0.749455447753483,49.6551724137931,63,0.332848935185185,11824,105,176,0.263329166666667,0.25987078125,1.49589278931038,0.7011225,0.700703240740741,0.633389259259259,0.147061882206617
"random",0.669418842592592,0.330581157407408,0.645203060406425,0.74691653145518,45.859872611465,64,0.330581157407407,11826,132,174,0.262820833333333,0.25889046875,1.49071310558976,0.705189166666667,0.701423796296296,0.635531203703704,0.0432747252939181
"random",0.667552222222222,0.332447777777778,0.0841980433150103,0.749005071596563,43.6363636363636,64,0.332447777777778,11837,120,163,0.265783333333333,0.259814479166667,1.49364643045895,0.703260740740741,0.702053703703703,0.632447222222222,0.0555754895263497
"random",0.666824837962963,0.333175162037037,-0.134414281545065,0.749822099499796,46.1538461538462,63,0.333175162037037,11825,105,175,0.263631944444444,0.260267864583333,1.49692084464087,0.701694351851852,0.70040962962963,0.632597685185185,0.197401908975449
"random",0.666748078703704,0.333251921296296,-0.157483958827132,0.749908422641582,51.063829787234,66,0.333251921296296,11836,96,164,0.2655625,0.258482291666667,1.4974959205237,0.698731666666666,0.702756203703704,0.632752222222222,0.1355637509862
"random",0.666692222222222,0.333307777777778,-0.17427139286869,0.749971251102041,50.3496503496503,63,0.333307777777778,11824,94,176,0.266376388888889,0.260011041666667,1.49717343730195,0.700314074074074,0.700094814814815,0.63318,-0.045314308846839
"random",0.668067731481482,0.331932268518518,0.239132214929253,0.748427107669486,48.9795918367347,62,0.331932268518519,11830,111,170,0.260376388888889,0.2597921875,1.49359802651758,0.702141018518519,0.70113287037037,0.634498518518519,0.0304217477872683
"random",0.66705375,0.33294625,-0.0656157174187288,0.749564783947321,53.7313432835821,68,0.33294625,11844,95,156,0.267933333333333,0.2581025,1.49746237866354,0.701275925925926,0.699893333333333,0.63352287037037,0.00644422158686423
"random",0.667257847222222,0.332742152777778,-0.0042751430530924,0.749335511124354,48,62,0.332742152777778,11817,103,183,0.2632,0.260253229166667,1.49623282951895,0.701172037037037,0.7010225,0.633418425925926,-0.0997954013338015
"random",0.66792650462963,0.33207349537037,0.19668706984534,0.748585355625697,42.603550295858,60,0.33207349537037,11827,129,173,0.262379166666667,0.261467760416667,1.49132952755648,0.702485648148148,0.703182962962963,0.633018703703704,-0.00421201379986239
"random",0.666570694444445,0.333429305555555,-0.210796062872029,0.750107984295239,48.6486486486486,64,0.333429305555555,11822,102,178,0.270031944444444,0.260203125,1.4955950898316,0.700849537037037,0.701483055555555,0.631975092592592,0.0363612357430105
"random",0.667132291666667,0.332867708333333,-0.042010344976534,0.749476537480853,48,62,0.332867708333333,11842,86,158,0.263565277777778,0.260423697916667,1.49546681077278,0.700417592592593,0.701975833333333,0.63306787037037,-0.193353533797503
"random",0.666671828703704,0.333328171296296,-0.180400580349234,0.749994192753299,50.3496503496503,66,0.333328171296296,11833,90,167,0.266316666666667,0.258863489583333,1.49801836604066,0.700575185185185,0.70068712962963,0.6327125,-0.100970449372775
"random",0.666301550925926,0.333698449074074,-0.29168603203947,0.750410980291394,50.3496503496503,64,0.333698449074074,11825,87,175,0.263580555555556,0.259632604166667,1.50030142146299,0.699421018518519,0.700623148148148,0.632581018518519,0.0362069247644174
"random",0.66706462962963,0.33293537037037,-0.0623458898183907,0.749552558764226,51.063829787234,64,0.33293537037037,11829,96,171,0.2606875,0.258890729166667,1.49856729018394,0.699594537037037,0.701540092592593,0.633561944444445,-0.0596311595390712
"random",0.667495185185185,0.332504814814815,0.0670557981934257,0.749069073601308,50.3496503496503,66,0.332504814814815,11840,98,160,0.267240277777778,0.259180572916667,1.49385140095927,0.70164425925926,0.700917222222222,0.63370962962963,-0.210685008202923
"random",0.667212152777778,0.332787847222222,-0.0180084189743587,0.74938682983871,46.7532467532468,60,0.332787847222222,11821,109,179,0.2617125,0.261305989583333,1.4961385188439,0.702622962962963,0.699829907407407,0.63319787037037,-0.144193864957519
"random",0.667106041666667,0.332893958333333,-0.0498996736972593,0.749506028682971,49.6551724137931,64,0.332893958333333,11830,100,170,0.265808333333333,0.259547760416667,1.49669895251055,0.701825648148148,0.700248703703704,0.633174907407408,-0.0947382448972464
"random",0.667025393518518,0.332974606481482,-0.0741381404195413,0.74959664933074,50.7042253521127,65,0.332974606481481,11822,89,178,0.260563888888889,0.259136822916667,1.49791364527445,0.700109722222222,0.700917592592593,0.63353712962963,-0.151942717649739
"random",0.666946712962963,0.333053287037037,-0.0977852553416568,0.74968508020485,50.3496503496503,66,0.333053287037037,11835,93,165,0.263268055555556,0.258494739583333,1.49726968050119,0.701971481481481,0.699921851851852,0.632946759259259,-0.0377100134661298
"random",0.667551666666667,0.332448333333333,0.0840310733949939,0.749005694939967,48.3221476510067,64,0.332448333333333,11837,110,163,0.267806944444444,0.259153958333333,1.49624540822003,0.701805740740741,0.70095962962963,0.633720648148148,-0.081959559500607
"random",0.667175,0.332825,-0.0291745323753977,0.749428560722449,47.3684210526316,63,0.332825,11828,94,172,0.262713888888889,0.259672604166667,1.49648552653229,0.701558425925926,0.700285462962963,0.633428055555555,0.128777227892405
"random",0.66815400462963,0.33184599537037,0.265061252091592,0.748330469525749,43.1137724550898,60,0.33184599537037,11811,107,189,0.262981944444444,0.261207708333333,1.49125696723273,0.700406203703704,0.705824444444444,0.633192685185185,0.236368761494681
"random",0.667392060185185,0.332607939814815,0.0360620067905215,0.749184819281881,51.063829787234,62,0.332607939814815,11821,96,179,0.263131944444444,0.260057708333333,1.49613614821392,0.700754722222222,0.701383888888889,0.633714814814815,0.0691516699982304
"random",0.666989351851852,0.333010648148148,-0.0849703139804808,0.749637154793825,51.4285714285714,64,0.333010648148148,11834,103,166,0.262594444444444,0.2593684375,1.49878322587553,0.700688333333333,0.701067407407407,0.633100833333333,0.0488447968953968
"random",0.669589490740741,0.330410509259259,0.696490654171131,0.746726176133484,45.2830188679245,60,0.330410509259259,11819,129,181,0.259511111111111,0.26067921875,1.48863155585657,0.70301712962963,0.704869907407407,0.635235462962963,0.0481797983932912
"random",0.666623402777778,0.333376597222222,-0.194954791710597,0.750048675033807,51.063829787234,64,0.333376597222222,11833,91,167,0.264686111111111,0.259952760416667,1.49727023683461,0.699952314814815,0.700989074074074,0.632776111111111,0.139155968127577
"random",0.66657,0.33343,-0.211004775272066,0.750108765771037,50.3496503496503,64,0.33343,11819,91,181,0.266191666666667,0.2598696875,1.49759316208198,0.701346388888889,0.699334351851852,0.63279962962963,0.0139696932919263
"random",0.666643796296296,0.333356203703704,-0.188825604229987,0.75002573004935,54.1353383458647,68,0.333356203703704,11838,84,162,0.264823611111111,0.258418854166667,1.49837455255514,0.700187592592593,0.700003148148148,0.633192222222222,0.239954243356871
"random",0.666418171296296,0.333581828703704,-0.256636262996242,0.750279661533561,50.3496503496503,64,0.333581828703704,11832,81,168,0.262995833333333,0.259953177083333,1.49762673552307,0.700101111111111,0.700139722222222,0.632715925925926,0.30766322805091
"random",0.66753,0.33247,0.0775192465144207,0.749030006142046,49.3150684931507,61,0.33247,11823,99,177,0.264226388888889,0.260763489583333,1.49524267349696,0.701860925925926,0.699999074074074,0.63413,0.243227014690879
"random",0.666697893518518,0.333302106481482,-0.172566908268547,0.749964871437098,50,63,0.333302106481482,11831,100,169,0.260884722222222,0.260326145833333,1.49558750068028,0.7009775,0.700303518518518,0.632755277777778,0.00869228479638819
"random",0.667680023148148,0.332319976851852,0.12260808199856,0.748861704207462,46.4516129032258,62,0.332319976851852,11825,104,175,0.263343055555556,0.260450520833333,1.49385972495604,0.70320037037037,0.700290092592593,0.633614814814815,0.241225071296594
"random",0.668442407407408,0.331557592592592,0.351739511819602,0.748007598649043,43.9024390243902,58,0.331557592592593,11815,124,185,0.261990277777778,0.262096875,1.48908735986886,0.701423148148148,0.704967592592593,0.633689444444445,0.0531802409064438
"random",0.66663849537037,0.33336150462963,-0.190418775550152,0.750031694047627,49.6551724137931,62,0.33336150462963,11824,80,176,0.26015,0.260543645833333,1.49619355163645,0.701721851851852,0.700264907407407,0.632283611111111,0.109764638673891
"random",0.667188009259259,0.332811990740741,-0.0252646534149967,0.749413947884227,48.6486486486486,64,0.332811990740741,11831,86,169,0.265309722222222,0.25960921875,1.49531580829978,0.70216037037037,0.700581666666667,0.633005,0.0239445566536852
"random",0.667613055555556,0.332386944444444,0.102481249556707,0.748936821770095,47.682119205298,64,0.332386944444444,11829,101,171,0.262080555555556,0.259623697916667,1.49402055459214,0.700854537037037,0.702348796296296,0.633624444444444,0.0369115500025682
"random",0.667243541666667,0.332756458333333,-0.00857461849349826,0.749351576713775,51.063829787234,61,0.332756458333333,11823,104,177,0.263359722222222,0.260913541666667,1.49532858318923,0.70007462962963,0.701562129629629,0.633668703703704,0.0631544975294961
"random",0.66793,0.33207,0.197737588925401,0.748581438174659,48.3221476510067,65,0.33207,11837,116,163,0.262801388888889,0.258896927083333,1.4939095316814,0.701819259259259,0.701889074074074,0.634005833333333,-0.00708762798728849
"random",0.666554652777778,0.333445347222222,-0.215617319312511,0.750126036801809,53.3333333333333,64,0.333445347222222,11837,73,163,0.262302777777778,0.259712291666667,1.4992056450723,0.699723981481481,0.69998037037037,0.63325712962963,-0.0305295994387422
"random",0.66677837962963,0.33322162037037,-0.148377141106228,0.749874343972777,49.3150684931507,62,0.33322162037037,11830,113,170,0.261606944444444,0.260320364583333,1.49823919749774,0.699883055555556,0.701499722222222,0.63286537037037,0.0633652904166953
"random",0.667536689814815,0.332463310185185,0.0795298426345599,0.749022499630257,48,64,0.332463310185185,11821,105,179,0.263376388888889,0.259276510416667,1.49511036416346,0.700158611111111,0.70300037037037,0.633493888888889,-0.123347840727048
"random",0.666457986111111,0.333542013888889,-0.244670085395133,0.750234839134541,52.5547445255474,66,0.333542013888889,11830,80,170,0.261454166666667,0.25903625,1.49834543494385,0.700215092592592,0.699287962962963,0.633164444444445,0.0861246009658997
"random",0.666596458333333,0.333403541666667,-0.203052832831293,0.750078992693918,53.3333333333333,65,0.333403541666667,11836,84,164,0.2630625,0.25907421875,1.49932948130449,0.699813888888889,0.700552314814815,0.633009814814815,-0.0167583740178347
"random",0.667521550925926,0.332478449074074,0.0749799123141962,0.749039486899629,48,60,0.332478449074074,11820,95,180,0.264256944444444,0.261050729166667,1.49480253928682,0.702030185185185,0.701471759259259,0.63329212962963,-0.108383119807533
"random",0.666612592592593,0.333387407407407,-0.198203748070908,0.750060838267993,50.7042253521127,65,0.333387407407407,11823,90,177,0.2651875,0.259140104166667,1.49807087333602,0.700716574074074,0.700159351851852,0.632787222222222,0.16165764079343
"random",0.666411574074074,0.333588425925926,-0.258619030796412,0.75028708901809,54.5454545454545,68,0.333588425925926,11837,84,163,0.269723611111111,0.258539479166667,1.49919465541108,0.699358148148148,0.700598148148148,0.632845,0.100117589647935
"random",0.667898263888889,0.332101736111111,0.188199432244572,0.74861700805855,46.1538461538462,62,0.332101736111111,11819,113,181,0.262516666666667,0.260383125,1.49335048562544,0.702346574074074,0.701363703703704,0.633941388888889,0.0477132164606892
"random",0.667166435185185,0.332833564814815,-0.0317486519755672,0.749438181585402,47.682119205298,63,0.332833564814815,11823,105,177,0.262215277777778,0.260195625,1.49554253477101,0.700932222222222,0.70211537037037,0.632809074074074,-0.0782411433560446
"random",0.665378773148148,0.334621226851852,-0.569023069184858,0.751451684631174,54.1353383458647,69,0.334621226851852,11841,78,159,0.263802777777778,0.2584015625,1.49982565333113,0.69953287037037,0.698322407407407,0.631829907407407,-0.178446514848849
"random",0.667390949074074,0.332609050925926,0.0357280669506222,0.749186066568165,52.1739130434783,68,0.332609050925926,11840,91,160,0.264548611111111,0.258431041666667,1.49548838518596,0.701130092592592,0.701309629629629,0.633562037037037,0.0806377295076673
"random",0.667044074074074,0.332955925925926,-0.0685237768589979,0.749575656892015,50,64,0.332955925925926,11842,84,158,0.2611625,0.259273229166667,1.49620717872167,0.698999537037037,0.7027125,0.633232129629629,0.00602135132679006
"random",0.66690724537037,0.33309275462963,-0.109647076742764,0.749729446592415,50.7042253521127,64,0.33309275462963,11830,104,170,0.265411111111111,0.259715208333333,1.49502605811013,0.702571111111111,0.699134907407407,0.632961481481481,0.0415812616242709
"random",0.667314097222222,0.332685902777778,0.0126305613484523,0.749272347281905,48.3221476510067,64,0.332685902777778,11826,108,174,0.261218055555556,0.259345104166667,1.49434177294941,0.699917962962963,0.703024166666667,0.63315712962963,-0.257587253323994
"random",0.667383726851852,0.332616273148148,0.0335574579903755,0.749194174030245,48.6486486486486,61,0.332616273148148,11821,108,179,0.25965,0.260543697916667,1.49575718874791,0.7027275,0.700370555555556,0.633218425925926,0.0633442370611316
"random",0.667936921296296,0.332063078703704,0.199817755845597,0.74857368122371,45.2830188679245,63,0.332063078703704,11822,102,178,0.264626388888889,0.26005453125,1.4917942988234,0.702428148148148,0.702759351851852,0.633280092592593,-0.00750392668523564
"random",0.667505648148148,0.332494351851852,0.0702003983537014,0.749057332154632,48.6486486486486,62,0.332494351851852,11832,108,168,0.260390277777778,0.260259739583333,1.49574454114216,0.701518240740741,0.701109537037037,0.633697407407407,-0.0827716593506746
"random",0.66656525462963,0.33343474537037,-0.212430976672215,0.750114105899234,50.7042253521127,65,0.33343474537037,11834,89,166,0.267640277777778,0.25974890625,1.49680952938689,0.700681111111111,0.700357314814815,0.632611296296296,-0.0134612129653283
"random",0.667453217592593,0.332546782407407,0.0544426121522779,0.749116172970786,50.3496503496503,64,0.332546782407407,11830,106,170,0.260588888888889,0.259274895833333,1.49700142727745,0.701541759259259,0.700272222222222,0.633999444444444,-0.00475302220557762
"random",0.666581712962963,0.333418287037037,-0.207484492791737,0.750095585097129,53.7313432835821,67,0.333418287037037,11839,82,161,0.260086111111111,0.25860609375,1.49892007995995,0.700186944444444,0.699553055555555,0.633293425925926,-0.142471565876154
"random",0.667927962962963,0.332072037037037,0.197125365885375,0.748583721187498,46.1538461538462,59,0.332072037037037,11806,108,194,0.261911111111111,0.261745208333333,1.49252010219976,0.702465833333333,0.702430092592592,0.633407962962963,0.201653463657642
"random",0.667198634259259,0.332801365740741,-0.022071353694758,0.749402013622394,51.4285714285714,62,0.332801365740741,11822,103,178,0.261820833333333,0.26072375,1.49324823876155,0.70120212962963,0.701204814814815,0.633193796296296,0.0907288696038822
"random",0.667180370370371,0.332819629629629,-0.0275604898151723,0.749422528307354,52.9411764705882,66,0.33281962962963,11837,104,163,0.264376388888889,0.258594270833333,1.49744087152454,0.700380185185185,0.701280925925926,0.633530185185185,0.00873804478377208
"random",0.667606342592593,0.332393657407407,0.100463696356525,0.7489443525331,45.2830188679245,61,0.332393657407407,11819,122,181,0.261879166666667,0.260942708333333,1.49459515305697,0.702908611111111,0.701150462962963,0.633183148148148,-0.132209375690223
"random",0.66705474537037,0.33294525462963,-0.0653165629786744,0.749563665456549,53.3333333333333,66,0.33294525462963,11830,72,170,0.264541666666667,0.259080520833333,1.49575479963286,0.698564537037037,0.701552777777778,0.634050833333333,-0.0141821803861633
"random",0.668592314814815,0.331407685185185,0.396793561903663,0.747839885264743,48.6486486486486,64,0.331407685185185,11836,122,164,0.2616375,0.259016302083333,1.49329449500072,0.702579259259259,0.702325740740741,0.63473212962963,0.15915188372323
"random",0.668281967592593,0.331718032407407,0.303519990335105,0.748187178835891,43.3734939759036,56,0.331718032407407,11806,127,194,0.259533333333333,0.2631603125,1.49154267001493,0.703704814814815,0.702608055555556,0.6334075,0.292412531030802
"random",0.667968541666667,0.332031458333333,0.209321127126515,0.748538245158127,47.682119205298,63,0.332031458333333,11819,104,181,0.260463888888889,0.25980546875,1.49450906116122,0.702154722222222,0.70138462962963,0.634167407407407,0.253944239745822
"random",0.668077291666667,0.331922708333333,0.242005488969477,0.748416397678537,45.2830188679245,59,0.331922708333333,11814,112,186,0.261859722222222,0.261539166666667,1.49208587965551,0.701105092592593,0.703975740740741,0.633614166666667,0.233035331599672
"random",0.66706474537037,0.33293525462963,-0.062311104418379,0.749552428711231,49.6551724137931,62,0.33293525462963,11826,100,174,0.262731944444444,0.260660520833333,1.49446013067462,0.70288,0.699435462962963,0.632971759259259,-0.100374466711174
"random",0.666907337962963,0.333092662037037,-0.109619248422761,0.749729342500903,48.9795918367347,62,0.333092662037037,11824,105,176,0.2652875,0.260623958333333,1.49623838245001,0.700918518518518,0.701148981481482,0.632780925925926,0.128444180903043
"random",0.666444513888889,0.333555486111111,-0.248719105955548,0.750250005184019,50.7042253521127,64,0.333555486111111,11826,83,174,0.264844444444444,0.2598990625,1.49849553677334,0.700078888888889,0.700114351851852,0.632792407407407,-0.0163888795822634
"random",0.666863564814815,0.333136435185185,-0.122775086703946,0.749778554986503,52.5547445255474,67,0.333136435185185,11835,83,165,0.262725,0.258354270833333,1.49849826703218,0.700923240740741,0.699876574074074,0.633327222222222,0.256020897138372
"random",0.667919490740741,0.332080509259259,0.194579074605108,0.748593216594842,48,65,0.332080509259259,11832,114,168,0.265138888888889,0.259223958333333,1.49417919726372,0.701643703703704,0.701836481481481,0.634098888888889,-0.0265491044945715
"random",0.666831851851852,0.333168148148148,-0.132306286304866,0.749814212700631,47.0588235294118,60,0.333168148148148,11812,93,188,0.263791666666667,0.261539791666667,1.49563079517197,0.700660740740741,0.701501296296296,0.632582685185185,-0.152198469296116
"random",0.666352384259259,0.333647615740741,-0.276408284358069,0.750353734467113,46.4516129032258,59,0.333647615740741,11817,107,183,0.2624875,0.261782552083333,1.49846662810932,0.699927222222222,0.702264907407408,0.631608703703704,0.104904780477367
"random",0.667201597222222,0.332798402777778,-0.0211808474546371,0.749398685617155,47.0588235294118,59,0.332798402777778,11810,106,190,0.262501388888889,0.261738385416667,1.49404973863888,0.702649351851852,0.701257592592592,0.632449722222222,-0.23579366603977
"random",0.668243287037037,0.331756712962963,0.291894709654104,0.748230486859029,46.1538461538462,62,0.331756712962963,11822,114,178,0.265695833333333,0.260559583333333,1.49020554784627,0.701624259259259,0.704232407407408,0.633558240740741,0.220449634072431
"random",0.666473101851852,0.333526898148148,-0.240127112154745,0.750217823661162,55.3846153846154,67,0.333526898148148,11832,75,168,0.262163888888889,0.2585646875,1.49939144114871,0.699437222222222,0.700101296296296,0.633176944444445,0.174679639143215
"random",0.666885115740741,0.333114884259259,-0.116298045223351,0.749754325292785,50.3496503496503,62,0.333114884259259,11828,97,172,0.263241666666667,0.260236041666667,1.49827798489682,0.701202962962963,0.700031388888889,0.633153055555555,0.00395103391488967
"random",0.668114212962963,0.331885787037037,0.253102031570525,0.748375038726676,46.7532467532468,64,0.331885787037037,11828,109,172,0.263229166666667,0.259126979166667,1.49379316246342,0.699896388888889,0.704875462962963,0.6338425,0.044935598563398
"random",0.66738849537037,0.33261150462963,0.0349906164704663,0.749188821006755,50.3496503496503,63,0.33261150462963,11829,99,171,0.264491666666667,0.259987916666667,1.49537607301837,0.700459351851852,0.70150962962963,0.6337925,-0.00440467652880339
"random",0.667482685185185,0.332517314814815,0.0632989749930899,0.74908310147593,49.6551724137931,64,0.332517314814815,11834,98,166,0.263173611111111,0.259477395833333,1.4949619898276,0.701131111111111,0.701281111111111,0.633759259259259,-0.0977319727561316
"random",0.667676111111111,0.332323888888889,0.121432335478436,0.748866091925809,40.6779661016949,58,0.332323888888889,11807,112,193,0.267263888888889,0.262505989583333,1.49129408482646,0.702938240740741,0.703431574074074,0.632167314814815,-0.216387450314486
"random",0.667261365740741,0.332738634259259,-0.00321766689298847,0.749331559822798,55.3846153846154,71,0.332738634259259,11840,79,160,0.268811111111111,0.257542083333333,1.49693924484277,0.699593055555556,0.700063703703704,0.634694351851852,0.156548271425135
"random",0.667420416666667,0.332579583333333,0.0445844297913674,0.749152988901923,43.6363636363636,53,0.332579583333333,11791,124,209,0.259945833333333,0.265193958333333,1.49447367953828,0.701092592592593,0.702401481481481,0.633093796296296,-0.0783014314946545
"random",0.666538958333333,0.333461041666667,-0.220334219552925,0.750143699402417,48.6486486486486,62,0.333461041666667,11821,101,179,0.264205555555556,0.26073109375,1.49681420028626,0.701166851851852,0.700278796296296,0.632355092592593,-0.189640999945626
"random",0.66814837962963,0.33185162037037,0.263370681651435,0.748336769561818,44.1717791411043,60,0.33185162037037,11812,105,188,0.263363888888889,0.261084791666667,1.49439964924662,0.703229814814815,0.70210537037037,0.633629166666667,0.0442012560380246
"random",0.668811111111111,0.331188888888889,0.462551882069792,0.747595235326367,44.4444444444444,60,0.331188888888889,11819,122,181,0.2582625,0.260916770833333,1.49132553512104,0.701873425925926,0.705216388888889,0.634077314814815,-0.118522913960548
"random",0.666312824074074,0.333687175925926,-0.288297934079112,0.750398284311597,54.1353383458647,67,0.333687175925926,11839,100,161,0.261733333333333,0.258959947916667,1.4988338134489,0.70047037037037,0.698612407407407,0.633084259259259,-0.0192311499438779
"random",0.667291041666667,0.332708958333333,0.00570130966783802,0.749298235371435,50.3496503496503,66,0.332708958333333,11830,98,170,0.264863888888889,0.259092291666667,1.49426516612892,0.702020092592593,0.700632222222222,0.633255925925926,-0.023468265642972
"random",0.667262962962963,0.332737037037037,-0.00273762837296632,0.749329766153607,45.2830188679245,58,0.332737037037037,11816,126,184,0.2627125,0.262481979166667,1.49394987091264,0.701544166666667,0.701955833333334,0.632775925925926,-0.107446494757518
"random",0.666457546296296,0.333542453703704,-0.244802269915138,0.750235334236441,49.3150684931507,63,0.333542453703704,11835,95,165,0.263034722222222,0.260576354166667,1.49664928500933,0.701131481481481,0.69961962962963,0.632539537037037,0.0299892636367171
"random",0.668272337962963,0.331727662037037,0.300625845054887,0.748197960017479,43.3734939759036,59,0.331727662037037,11819,116,181,0.26195,0.261439947916667,1.49135212265971,0.703134907407407,0.702867962962963,0.633543240740741,-0.0319178011912806
"random",0.666763472222222,0.333236527777778,-0.152857500626769,0.749891109561799,48.6486486486486,60,0.333236527777778,11820,107,180,0.266245833333333,0.261245104166667,1.4968842241859,0.699881203703704,0.701434166666667,0.632869259259259,0.151261010478738
"random",0.667374259259259,0.332625740740741,0.0307120122701209,0.749204802347286,51.063829787234,64,0.332625740740741,11826,109,174,0.264426388888889,0.259719114583333,1.49533527079732,0.701024907407408,0.70078287037037,0.63384462962963,0.111857342599685
"random",0.668156111111111,0.331843888888889,0.26569434637168,0.748328110280282,46.7532467532468,64,0.331843888888889,11833,106,167,0.265104166666667,0.25924359375,1.49229682612776,0.704607407407407,0.700493888888889,0.633761574074074,0.119004003109852
"random",0.667233055555556,0.332766944444444,-0.011726175733783,0.749363353384354,48,60,0.332766944444444,11817,103,183,0.2632,0.26130265625,1.49531628681007,0.700873981481481,0.701838425925926,0.633109907407407,0.0859558057306598
"random",0.66786800925926,0.33213199074074,0.179106528683787,0.748650920643071,48.3221476510067,62,0.332131990740741,11828,112,172,0.261556944444444,0.260212239583333,1.4944684332997,0.702605185185185,0.701157777777778,0.633854537037037,-0.166621544261681
"random",0.665759606481481,0.334240393518519,-0.45456518901441,0.751021833004385,56.6929133858268,67,0.334240393518519,11833,80,167,0.265220833333333,0.258721875,1.5008824069726,0.698917407407407,0.699163981481481,0.632478518518519,0.035302782785576
"random",0.667971365740741,0.332028634259259,0.210169890886615,0.748535080460417,51.4285714285714,66,0.332028634259259,11834,97,166,0.262843055555556,0.258568802083333,1.4949322943281,0.700410740740741,0.702275648148148,0.634599537037037,-0.170516414418253
"random",0.667359814814815,0.332640185185185,0.0263707943496942,0.749221018257961,53.3333333333333,66,0.332640185185185,11836,86,164,0.262620833333333,0.258577708333333,1.49815833255217,0.700745462962963,0.699823796296296,0.634435,-0.064622844111693
"random",0.667659675925926,0.332340324074074,0.116492808677934,0.748884526097204,50.7042253521127,63,0.332340324074074,11822,96,178,0.263943055555556,0.259962291666667,1.49418461332959,0.701451203703704,0.701495833333333,0.633845833333333,-0.0875950911520695
"random",0.666060532407407,0.333939467592593,-0.364123149006089,0.750682521591245,56.25,70,0.333939467592593,11836,89,164,0.265677777777778,0.2579946875,1.49928448654335,0.698619629629629,0.700236203703704,0.632693148148148,-0.0652796986293692
"random",0.667358981481482,0.332641018518518,0.0261203394697363,0.749221953812686,51.4285714285714,62,0.332641018518519,11830,90,170,0.261838888888889,0.260334270833333,1.49540879108207,0.700564351851852,0.7013725,0.633749537037037,0.0955984918852122
"random",0.666744884259259,0.333255115740741,-0.158444035867209,0.749912015531233,48,65,0.333255115740741,11831,99,169,0.263056944444444,0.259593489583333,1.49481373009677,0.700261388888889,0.702338703703704,0.632189722222222,-0.102584508248999
"random",0.666352037037037,0.333647962962963,-0.276512640558104,0.750354125460877,52.9411764705882,68,0.333647962962963,11838,99,162,0.264329166666667,0.258302447916667,1.49916899042887,0.699812222222222,0.700495,0.632550462962963,-0.158286490929363
"random",0.667084328703704,0.332915671296296,-0.0564254147378506,0.749530424394189,52.9411764705882,65,0.332915671296296,11829,97,171,0.261601388888889,0.258866458333333,1.49840144098403,0.700456388888889,0.70036537037037,0.633757777777778,0.115550419989297
"random",0.666326435185185,0.333673564814815,-0.284207171038777,0.750382955857125,51.7985611510791,68,0.333673564814815,11841,109,159,0.266502777777778,0.258600260416667,1.49884068603262,0.6983075,0.701525092592592,0.632736574074074,0.208887701574749
"random",0.667722824074074,0.332277175925926,0.135471722919732,0.748813702292334,48.3221476510067,62,0.332277175925926,11834,129,166,0.261869444444444,0.260519114583333,1.49351929776375,0.701194166666667,0.703151574074074,0.633272777777778,0.0865752261184104
"random",0.667136666666667,0.332863333333333,-0.0406954568564298,0.749471622506133,48.6486486486486,62,0.332863333333333,11833,98,167,0.263668055555556,0.260308697916667,1.49593600072976,0.700108240740741,0.702625462962963,0.632906481481482,0.081643830160643
"random",0.666831111111111,0.333168888888889,-0.132528912864854,0.74981504562208,49.6551724137931,64,0.333168888888889,11829,92,171,0.261388888888889,0.259768072916667,1.49642960145627,0.700366759259259,0.700605462962963,0.633176111111111,0.149058818392852
"random",0.667535648148148,0.332464351851852,0.0792167740345208,0.749023668454383,48.3221476510067,65,0.332464351851852,11838,110,162,0.263077777777778,0.259112760416667,1.49474566453252,0.701673333333334,0.702283888888889,0.633092685185185,-0.0616607733394766
"random",0.666678703703704,0.333321296296296,-0.178334327589056,0.749986458577831,54.1353383458647,66,0.333321296296296,11835,78,165,0.262930555555556,0.258884010416667,1.49927427584055,0.699758888888889,0.699629259259259,0.633663333333333,0.219442650205983
"random",0.667495,0.332505,0.0670001415534203,0.749069281417838,47.0588235294118,61,0.332505,11829,115,171,0.262258333333333,0.261019166666667,1.49230581559991,0.700811296296296,0.702375925925926,0.633396388888889,0.0268551395477847
"random",0.667667337962963,0.332332662037037,0.118795602158152,0.748875932025503,47.3684210526316,65,0.332332662037037,11835,111,165,0.265802777777778,0.25920828125,1.49304963847522,0.70128,0.701904907407408,0.633742222222222,-0.064984331373465
"random",0.667866944444444,0.332133055555556,0.178786503003606,0.748652114255959,49.3150684931507,63,0.332133055555556,11831,101,169,0.260959722222222,0.2597084375,1.49505492088725,0.701608796296296,0.700676388888889,0.634591296296296,-0.0697808490759417
"random",0.666686898148148,0.333313101851852,-0.17587152126883,0.749977240274028,54.1353383458647,68,0.333313101851852,11840,87,160,0.265020833333333,0.258244895833333,1.49821953680995,0.698335740740741,0.701569444444444,0.633421203703704,-0.0373568959931238
"random",0.667032314814815,0.332967685185185,-0.0720579734992785,0.749588871325991,48.6486486486486,65,0.332967685185185,11827,111,173,0.263661111111111,0.25939515625,1.49531873178878,0.700667407407407,0.701882407407407,0.632789722222222,0.0425826682068691
"random",0.667956921296296,0.332043078703704,0.205828672966155,0.748551267392597,46.7532467532468,61,0.332043078703704,11811,102,189,0.264319444444444,0.26043,1.49166594722847,0.703434537037037,0.700855555555556,0.633768796296296,0.237639139574988
"random",0.667552777777778,0.332447222222222,0.0843650132350267,0.749004448254195,50.7042253521127,63,0.332447222222222,11822,93,178,0.262330555555556,0.259672135416667,1.49642010230699,0.700638425925926,0.700953611111111,0.634309537037037,-0.137921816479999
"random",0.666882916666667,0.333117083333333,-0.116958967823474,0.749756797638766,52.5547445255474,67,0.333117083333333,11830,94,170,0.268036111111111,0.258615572916667,1.49767064893752,0.699097037037037,0.70108037037037,0.63367712962963,-0.0483305463158131
"random",0.668255162037037,0.331744837962963,0.295463691694397,0.748217190684848,48.6486486486486,62,0.331744837962963,11822,113,178,0.259813888888889,0.259953229166667,1.49537306027175,0.701708333333333,0.701830092592592,0.634741111111111,-0.150093532851221
"random",0.66735650462963,0.33264349537037,0.0253759319096048,0.749224734503024,48.3221476510067,68,0.33264349537037,11841,112,159,0.265877777777778,0.258662083333333,1.4941640351844,0.70007824074074,0.703052222222222,0.633147777777778,-0.252324818512311
"random",0.667913587962963,0.332086412037037,0.192805019204975,0.748599832389884,44.1717791411043,62,0.332086412037037,11823,116,177,0.264245833333333,0.26033796875,1.49279341482262,0.700920462962963,0.703890740740741,0.633421574074074,-0.102934656319932
"random",0.666864259259259,0.333135740740741,-0.122566374303975,0.749777774198592,51.063829787234,64,0.333135740740741,11829,96,171,0.263006944444444,0.259875729166667,1.49556411639682,0.701589907407407,0.699398425925926,0.633234351851852,-0.0324032909811757
"random",0.667429166666667,0.332570833333333,0.0472142060315758,0.74914316750217,47.0588235294118,61,0.332570833333333,11818,109,182,0.262555555555556,0.260925572916667,1.49389016677977,0.702154722222222,0.701061759259259,0.633250092592593,0.11780307475878
"random",0.667734050925926,0.332265949074074,0.138845906720006,0.748801112219252,50.3496503496503,65,0.332265949074074,11826,99,174,0.262648611111111,0.258109739583333,1.49531940033952,0.70341,0.699351759259259,0.634087222222222,0.140787062087003
"random",0.666066342592593,0.333933657407407,-0.362376921925925,0.75067597328789,56.25,68,0.333933657407407,11844,84,156,0.263797222222222,0.258443385416667,1.50056960573648,0.698587314814815,0.699436388888889,0.633120833333333,0.00318286705042198
"random",0.666868125,0.333131875,-0.121404541943836,0.749773427842274,54.9618320610687,66,0.333131875,11836,97,164,0.262647222222222,0.259157447916667,1.49613407764919,0.700072037037037,0.699797129629629,0.633801666666667,-0.0747537236940942
"random",0.668553472222222,0.331446527777778,0.385119581662632,0.747883334354748,41.8604651162791,58,0.331446527777778,11818,116,182,0.261777777777778,0.261453958333333,1.4900592112438,0.703510370370371,0.70421962962963,0.633241944444444,-0.0746388073769577
"random",0.667043564814815,0.332956435185185,-0.0686768326189629,0.749576229161,54.5454545454545,66,0.332956435185185,11826,101,174,0.262,0.258641770833333,1.49884294695525,0.700842962962963,0.699585185185185,0.633873055555556,-0.164053730238317
"random",0.667325347222222,0.332674652777778,0.0160117022287679,0.749259715791221,50.3496503496503,62,0.332674652777778,11820,108,180,0.262511111111111,0.259957291666667,1.49785345983527,0.701156388888889,0.700552592592592,0.633796203703704,0.110863937425071
"random",0.667249583333333,0.332750416666667,-0.0067588206133782,0.749344791647803,49.6551724137931,65,0.332750416666667,11822,97,178,0.263094444444444,0.259235520833333,1.49634440467979,0.699980833333333,0.702727685185185,0.633144907407407,0.206445073503855
"random",0.667252986111111,0.332747013888889,-0.0057361298532193,0.749340970227955,50.3496503496503,62,0.332747013888889,11831,100,169,0.260568055555556,0.260128854166667,1.49682820952357,0.701909166666667,0.700299259259259,0.633401759259259,0.0237846476348954
"random",0.666737731481481,0.333262268518519,-0.160593773587462,0.749920060604651,51.7985611510791,65,0.333262268518519,11839,95,161,0.262977777777778,0.259240729166667,1.49853314739651,0.700728055555556,0.700052314814815,0.633085277777778,0.00797798498701245
"random",0.668115185185185,0.331884814814815,0.253394228930538,0.748373949712597,47.3684210526316,57,0.331884814814815,11814,105,186,0.258295833333333,0.262166875,1.49498775167867,0.701396666666667,0.702585925925926,0.634239074074074,0.0937334987832264
"random",0.66650099537037,0.33349900462963,-0.231743830753946,0.750186426536622,50,64,0.33349900462963,11838,93,162,0.263930555555556,0.2600471875,1.49664179840061,0.700748888888889,0.7008475,0.632203796296296,-0.00790323756675001
"random",0.668169837962963,0.331830162037037,0.26981989481206,0.748312736660399,48.3221476510067,63,0.331830162037037,11830,112,170,0.261245833333333,0.259669895833333,1.49395574703952,0.7012925,0.702308518518518,0.634539166666667,0.0574592040427053
"random",0.667096736111111,0.332903263888889,-0.0526964198575509,0.74951648379332,51.063829787234,64,0.332903263888889,11833,88,167,0.262690277777778,0.259737083333333,1.4959040074457,0.700160277777778,0.701266111111111,0.633480277777778,-0.0594721874714892
"random",0.666816157407407,0.333183842592593,-0.137023186545313,0.749831860619588,54.1353383458647,65,0.333183842592593,11843,86,157,0.265876388888889,0.25916890625,1.49728596057509,0.701101203703703,0.699283055555555,0.633440185185185,-0.0985018294918542
"random",0.667614212962963,0.332385787037037,0.102829103556725,0.748935523377988,47.0588235294118,60,0.332385787037037,11810,104,190,0.262519444444444,0.260962135416667,1.4958306370165,0.702694259259259,0.70069537037037,0.633533611111111,-0.0901630202964169
"random",0.667310763888889,0.332689236111111,0.0116287418283872,0.749276090027603,46.1538461538462,62,0.332689236111111,11823,103,177,0.261859722222222,0.25998875,1.49556348708437,0.700402407407408,0.702715833333333,0.633062407407407,-0.135999570693234
"random",0.666946342592593,0.333053657407407,-0.0978965686216343,0.74968549652191,48,64,0.333053657407407,11836,96,164,0.265208333333333,0.259908072916667,1.4947142302481,0.700600092592593,0.701430092592592,0.632877592592593,-0.239407797573147
"random",0.666284861111111,0.333715138888889,-0.296702086719871,0.750429777387091,48.6486486486486,60,0.333715138888889,11811,100,189,0.261233333333333,0.261319791666667,1.49943750576775,0.700819907407408,0.700049907407408,0.632134814814815,-0.0343232210189451
"random",0.667418194444444,0.332581805555556,0.0439165501112684,0.749155483266676,50,64,0.332581805555556,11829,104,171,0.263352777777778,0.259671510416667,1.49510131319503,0.700263518518519,0.702082037037037,0.633663611111111,0.0512858357898071
"random",0.668385046296296,0.331614953703704,0.334499867578025,0.748071793004102,43.6363636363636,59,0.331614953703704,11822,130,178,0.260323611111111,0.2617721875,1.49092201165944,0.703229259259259,0.702127592592592,0.634091666666666,0.248623275418962
"random",0.667023310185185,0.332976689814815,-0.0747642776194861,0.749598990567789,48.3221476510067,62,0.332976689814815,11824,104,176,0.262533333333333,0.260277135416667,1.49629103880398,0.699165092592593,0.702673333333333,0.633127407407407,0.0513938228815923
"random",0.666801412037037,0.333198587962963,-0.141454846505623,0.749848442090923,50.7042253521127,63,0.333198587962963,11824,90,176,0.26355,0.260058333333333,1.49644872571494,0.699986481481481,0.701537685185185,0.632840740740741,-0.030794934046285
"random",0.667211689814815,0.332788310185185,-0.0181475605743723,0.749387349821127,48,65,0.332788310185185,11839,99,161,0.261594444444444,0.258896041666667,1.49889271145412,0.701333703703704,0.701811388888889,0.632850833333334,-0.263015055879823
"random",0.667183449074074,0.332816550925926,-0.0266351981751398,0.749419070113185,54.5454545454545,67,0.332816550925926,11838,86,162,0.264227777777778,0.25849921875,1.4972657693025,0.700968333333333,0.699888425925926,0.633938518518519,0.0452077368065194
"random",0.667007430555556,0.332992569444444,-0.0795368345000052,0.749616836477438,43.6363636363636,57,0.332992569444444,11816,111,184,0.264183333333333,0.262659635416667,1.49454092861517,0.7004625,0.703325740740741,0.632120740740741,0.087882402744058
"random",0.668674027777778,0.331325972222222,0.421352054305926,0.747748498115985,41.8604651162791,58,0.331325972222222,11808,125,192,0.262576388888889,0.2619796875,1.49091062335577,0.703423055555556,0.703570833333333,0.633851111111111,-0.201507951217528
"random",0.666566041666667,0.333433958333333,-0.212194435952142,0.750113220214176,50,62,0.333433958333333,11824,95,176,0.264631944444444,0.260541979166667,1.49834528218112,0.700104814814815,0.700387314814815,0.632886018518519,0.0495997998304948
"random",0.667448125,0.332551875,0.0529120545521275,0.749121888686106,50.3496503496503,62,0.332551875,11828,106,172,0.260847222222222,0.260133697916667,1.49634348301532,0.702355925925926,0.699944166666667,0.633746203703704,-0.170521282353692
"random",0.667467847222222,0.332532152777778,0.0588394867127434,0.749099753764668,50,63,0.332532152777778,11835,98,165,0.266190277777778,0.260021770833333,1.49431875932723,0.701444074074074,0.701056944444444,0.633685185185185,0.175952986677816
"random",0.667124050925926,0.332875949074074,-0.0444870654568108,0.749485795491906,48.3221476510067,64,0.332875949074074,11829,108,171,0.262527777777778,0.259614375,1.49509195717645,0.701338055555556,0.701724259259259,0.632716944444444,-0.0121981432465826
"random",0.666917037037037,0.333082962962963,-0.106704231902483,0.749718439075103,48.6486486486486,61,0.333082962962963,11817,95,183,0.263093055555556,0.260828802083333,1.49789090077381,0.702809074074074,0.699824074074074,0.6325175,-0.00475654795032647
"random",0.667455439814815,0.332544560185185,0.0551104918323435,0.749113678867798,48.9795918367347,65,0.332544560185185,11836,95,164,0.265938888888889,0.259233489583333,1.49483424984363,0.700303425925926,0.701900555555555,0.633808888888889,-0.097756706428675
"random",0.666904375,0.333095625,-0.110509754662782,0.749732673443625,55.3846153846154,70,0.333095625,11851,84,149,0.266584722222222,0.25776703125,1.49856044833325,0.700084537037037,0.699691851851852,0.633920555555556,-0.124081467385844
"random",0.666953425925926,0.333046574074074,-0.0957677021414752,0.749677534538269,50.7042253521127,64,0.333046574074074,11830,88,170,0.268836111111111,0.259363385416667,1.49562306394278,0.700209537037037,0.701786944444444,0.632908611111111,-0.0981054270316794
"random",0.666275787037037,0.333724212962963,-0.299429262080206,0.75043999756246,55.8139534883721,68,0.333724212962963,11850,71,150,0.267193055555556,0.25820375,1.50083955042834,0.698692407407407,0.699615185185185,0.633397777777778,0.0239632214913138
"random",0.666375787037037,0.333624212962963,-0.269374676477386,0.750327382426652,52.1739130434783,64,0.333624212962963,11820,91,180,0.263877777777778,0.2595884375,1.4990801300193,0.700934444444444,0.698850185185185,0.632859259259259,-0.0152913980690044
"random",0.66731775462963,0.33268224537037,0.0137297799885436,0.749268240701174,48.9795918367347,62,0.33268224537037,11819,96,181,0.264131944444444,0.260291875,1.49651474139969,0.700201851851852,0.701786388888889,0.633641388888889,-0.0758822203031425
"random",0.666915069444445,0.333084930555555,-0.107295583702516,0.749720650961616,50,66,0.333084930555556,11836,93,164,0.264694444444444,0.259090364583333,1.49674624684076,0.7009375,0.700595740740741,0.633063518518518,0.23370792860481
"random",0.66742287037037,0.33257712962963,0.0453218802714232,0.749150234726804,50,67,0.33257712962963,11836,102,164,0.26785,0.258600364583333,1.49580620768417,0.700776296296296,0.701414444444445,0.63375037037037,0.134457515478796
"random",0.667035324074074,0.332964675925926,-0.0711535530992397,0.749585489635141,51.063829787234,63,0.332964675925926,11823,89,177,0.262106944444444,0.260050260416667,1.49680051731955,0.699515555555556,0.701742592592593,0.633441574074074,0.0508451883779504
"truncation",0.669654814814815,0.330345185185185,0.716123533932977,0.746653333834789,38.5026737967914,53,0.330345185185185,11800,150,200,0.25895,0.264897916666667,1.48550978739805,0.704646296296296,0.705892407407407,0.634040277777777,1.30139051937477
"truncation",0.673906458333333,0.326093541666667,1.99393737473018,0.74194273376838,27.3764258555133,47,0.326093541666667,11765,183,235,0.257026388888889,0.268422239583333,1.46893518262493,0.716578333333333,0.708015092592593,0.635516203703704,1.41925972257744
"truncation",0.672589189814815,0.327410810185185,1.59803778021392,0.743395831469824,30.6382978723404,52,0.327410810185185,11784,161,216,0.257820833333333,0.265155833333333,1.47531806378224,0.710258518518519,0.708500277777778,0.635798981481481,1.59149735620649
"truncation",0.670161458333333,0.329838541666667,0.868393143906833,0.746088862292203,35.6435643564356,53,0.329838541666667,11798,134,202,0.259545833333333,0.264726614583333,1.483285719897,0.706962407407407,0.705430648148148,0.634126388888889,1.55286034224276
"truncation",0.671208958333333,0.328791041666667,1.1832149280958,0.744924503453501,34.7826086956522,51,0.328791041666667,11780,134,220,0.260927777777778,0.265719895833333,1.47879120556864,0.705904259259259,0.709312314814815,0.63480962962963,1.28711510194694
"truncation",0.67275349537037,0.32724650462963,1.64741913405839,0.743214273044744,30.5084745762712,49,0.32724650462963,11776,161,224,0.258476388888889,0.266931875,1.47600957448026,0.708901759259259,0.709882037037037,0.636115092592593,1.82610547916598
"truncation",0.675735138888889,0.324264861111111,2.54353973770058,0.739934881619668,24.9134948096886,44,0.324264861111111,11748,232,252,0.256205555555556,0.270541979166667,1.46237591202435,0.715244259259259,0.714122407407407,0.636786944444445,2.13521510847226
"truncation",0.670764837962963,0.329235162037037,1.04973639120357,0.745417725709123,34.2857142857143,46,0.329235162037037,11755,162,245,0.258063888888889,0.269355625,1.48162689000343,0.707810740740741,0.705570648148148,0.634838981481482,1.67808997369758
"truncation",0.671641064814815,0.328358935185185,1.31308274046772,0.744445249395018,34.7826086956522,50,0.328358935185185,11787,163,213,0.257156944444444,0.266166197916667,1.47965667267644,0.705873703703704,0.70930537037037,0.635692592592593,1.76368365684614
"truncation",0.676728912037037,0.323271087962963,2.84221413920802,0.738848290809593,22.6415094339623,42,0.323271087962963,11735,246,265,0.256197222222222,0.272276510416667,1.45810704285952,0.721463888888889,0.712154722222222,0.636648518518518,2.271705381137
"truncation",0.669020046296296,0.330979953703704,0.525346486155446,0.747361761083254,44.4444444444444,61,0.330979953703704,11820,118,180,0.2643,0.26031640625,1.4903544531056,0.705370925925926,0.701522962962963,0.634593148148148,1.35396095762356
"truncation",0.676927291666667,0.323072708333333,2.9018363148135,0.738631764674382,22.5705329153605,42,0.323072708333333,11741,244,259,0.256069444444444,0.2722215625,1.45738346571993,0.721814814814815,0.712076388888889,0.636908981481481,2.28288883501968
"truncation",0.669256226851852,0.330743773148148,0.59632957340198,0.747098017080805,40.9090909090909,59,0.330743773148148,11804,133,196,0.263794444444444,0.261083385416667,1.48682691260072,0.70013537037037,0.7080775,0.634406018518518,1.25295761205389
"truncation",0.670400300925926,0.329599699074074,0.940176295353504,0.745823054240016,39.1304347826087,55,0.329599699074074,11805,138,195,0.257556944444444,0.263135052083333,1.48566066626262,0.707860462962963,0.702451666666667,0.635644537037037,1.35647773495575
"truncation",0.674241365740741,0.325758634259259,2.0945924081794,0.741574197914549,27.2727272727273,46,0.325758634259259,11750,203,250,0.256602777777778,0.268985677083333,1.46905332921974,0.71500787037037,0.710049259259259,0.635954166666667,1.92328594495323
"truncation",0.668019097222222,0.331980902777778,0.224515389847908,0.748481595929092,42.1052631578947,55,0.331980902777778,11804,114,196,0.260934722222222,0.26393640625,1.49075145102493,0.702913148148148,0.703223981481481,0.63296962962963,1.18975365442415
"truncation",0.670467731481482,0.329532268518518,0.960442269395404,0.745748045018047,39.344262295082,56,0.329532268518518,11799,140,201,0.259255555555556,0.262834166666667,1.4849497116047,0.707147314814815,0.704148611111111,0.6352875,1.29970968568449
"truncation",0.669154907407407,0.330845092592593,0.565878434239146,0.747211138205971,42.603550295858,55,0.330845092592593,11804,129,196,0.261797222222222,0.263386197916667,1.48910676925271,0.703235555555556,0.705012407407407,0.634185833333333,1.20232198231952
"truncation",0.674283680555556,0.325716319444444,2.10730995042065,0.741527660269102,27.0676691729323,45,0.325716319444444,11748,210,252,0.257759722222222,0.269888645833333,1.46823247816272,0.713765277777778,0.711224814814815,0.636072314814815,1.9611042706946
"truncation",0.670010138888889,0.329989861111111,0.822914711942722,0.746257363850008,38.5026737967914,55,0.329989861111111,11796,128,204,0.260458333333333,0.263635104166667,1.48309158011636,0.704159074074074,0.706542592592592,0.634669444444444,1.34327919088276
"truncation",0.673693310185185,0.326306689814815,1.92987658208435,0.742177475181637,28.5714285714286,51,0.326306689814815,11782,182,218,0.257783333333333,0.26522765625,1.47149207869048,0.717177314814815,0.705099259259259,0.636248333333333,1.8221900190792
"truncation",0.670938888888889,0.329061111111111,1.10204667572834,0.745224353931887,37.5,53,0.329061111111111,11786,150,214,0.257986111111111,0.264029010416667,1.48344424382579,0.707641574074074,0.704588796296296,0.635762592592593,1.43028575866919
"truncation",0.673092824074074,0.326907175925926,1.74940296978774,0.742839593763036,30.379746835443,50,0.326907175925926,11786,196,214,0.259772222222222,0.266312291666667,1.47522917500813,0.711138055555556,0.7089125,0.63616037037037,1.75775843721918
"truncation",0.672457291666667,0.327542708333333,1.55839633837024,0.743541643753708,31.578947368421,52,0.327542708333333,11784,148,216,0.260569444444444,0.265136145833333,1.47560126699627,0.709255092592592,0.708942407407407,0.635815833333333,1.55297131459686
"truncation",0.669276412037037,0.330723587962963,0.60239614716251,0.747075484818268,42.8571428571429,61,0.330723587962963,11827,117,173,0.262604166666667,0.260489010416667,1.48956265419891,0.704492222222222,0.702095092592592,0.635259166666667,1.10176436910995
"truncation",0.678110462962963,0.321889537037037,3.25743354488608,0.737342995439534,22.2910216718266,46,0.321889537037037,11763,257,237,0.254820833333333,0.268847552083333,1.45469001887261,0.724523703703704,0.712102407407407,0.63790787037037,2.13357608398412
"truncation",0.670628634259259,0.329371365740741,1.00880093247981,0.745569118968911,34.4497607655502,54,0.329371365740741,11787,171,213,0.263434722222222,0.263948489583333,1.48195380178671,0.707233611111111,0.706044259259259,0.634618333333333,1.64397946858583
"truncation",0.669757615740741,0.330242384259259,0.747019926215855,0.74653873020467,41.8604651162791,58,0.330242384259259,11821,132,179,0.258336111111111,0.261661822916667,1.48817185624473,0.703890925925926,0.704219722222222,0.635459907407407,1.35716320550946
"truncation",0.673121805555555,0.326878194444445,1.75811323394853,0.742807610559175,30.6382978723404,51,0.326878194444444,11780,181,220,0.257731944444444,0.265429322916667,1.47540011683126,0.710189074074074,0.709363888888889,0.63646712962963,1.93518327455373
"truncation",0.671038402777778,0.328961597222222,1.13195516265107,0.745113838388741,34.7826086956522,52,0.328961597222222,11793,150,207,0.258180555555556,0.264679479166667,1.48376630393325,0.709604907407408,0.704484814814815,0.635031944444444,1.5301008282701
"truncation",0.669791203703704,0.330208796296296,0.757114649296772,0.746501293589973,39.1304347826087,51,0.330208796296296,11783,133,217,0.259868055555556,0.265848645833333,1.48567402090578,0.704090185185185,0.705835185185185,0.634619722222222,1.16749668881766
"truncation",0.676174907407407,0.323825092592593,2.67571034355275,0.739453645088816,24.0802675585284,43,0.323825092592593,11743,229,257,0.255888888888889,0.271398645833333,1.46109197825009,0.720757314814815,0.7101175,0.636912407407407,2.21079060193086
"truncation",0.669904351851852,0.330095648148148,0.791120856339847,0.746375208069367,38.7096774193548,55,0.330095648148148,11792,127,208,0.259936111111111,0.26304984375,1.48536983718409,0.708764166666667,0.70179287037037,0.634530185185185,1.18449183269383
"truncation",0.671629375,0.328370625,1.3095694150674,0.744458206581569,33.9622641509434,51,0.328370625,11788,182,212,0.260411111111111,0.26584296875,1.4791832001718,0.708098055555555,0.707073888888889,0.635672777777778,1.47193137078157
"truncation",0.67014949074074,0.32985050925926,0.864796333546538,0.74610218601723,38.2978723404255,55,0.329850509259259,11792,142,208,0.260894444444444,0.263639739583333,1.48419635944116,0.704404722222222,0.706994351851852,0.634599444444444,1.13596712185085
"truncation",0.672510416666666,0.327489583333334,1.57436283697163,0.743482907637738,31.4410480349345,54,0.327489583333333,11798,163,202,0.260419444444444,0.26407671875,1.47466694232427,0.714698981481481,0.703941759259259,0.635700462962963,1.70539567813852
"truncation",0.669494212962963,0.330505787037037,0.667855312888517,0.746832445029156,39.7790055248619,54,0.330505787037037,11801,136,199,0.259159722222222,0.2641725,1.48731446553139,0.703601018518518,0.705090833333333,0.6346425,1.18113244017817
"truncation",0.669385277777778,0.330614722222222,0.635115294405583,0.746953983899822,42.603550295858,59,0.330614722222222,11813,132,187,0.261395833333333,0.261642083333333,1.48783370836892,0.70301712962963,0.705014907407407,0.634754537037037,1.24771312882582
"truncation",0.668629884259259,0.331370115740741,0.408084902744731,0.74779786511326,41.6184971098266,55,0.331370115740741,11806,129,194,0.263918055555556,0.263546927083333,1.48920563825643,0.702103888888889,0.704943981481482,0.633735833333333,1.22643599442755
"truncation",0.670599282407408,0.329400717592592,0.999979355039047,0.745601752219347,33.9622641509434,51,0.329400717592593,11781,162,219,0.262548611111111,0.266053489583333,1.48110180568041,0.704233148148148,0.709284722222222,0.63443962962963,1.70742136176583
"truncation",0.669786759259259,0.330213240740741,0.755778889936541,0.746506247082232,38.0952380952381,58,0.330213240740741,11813,148,187,0.260863888888889,0.261932760416667,1.48548835821419,0.708798796296296,0.701570092592593,0.634389074074074,1.28988367695275
"truncation",0.672106574074074,0.327893425925926,1.45298961928059,0.74392963748171,32.1428571428571,52,0.327893425925926,11785,151,215,0.259518055555556,0.264785052083333,1.47783646399394,0.709071574074074,0.708237685185185,0.635558518518519,1.87502258063712
"truncation",0.670258564814815,0.329741435185185,0.897578094509626,0.745980769582772,38.7096774193548,58,0.329741435185185,11809,131,191,0.259640277777778,0.261660260416667,1.48485279298825,0.707530462962963,0.703234351851852,0.635134722222222,1.50032709535548
"truncation",0.670111967592593,0.329888032407407,0.853518906865588,0.746143964263573,37.3056994818653,52,0.329888032407407,11783,144,217,0.261634722222222,0.26509046875,1.4858818540002,0.705430185185185,0.7054825,0.634767592592593,1.38849175470191
"truncation",0.673615300925926,0.326384699074074,1.90643122248216,0.742263424409628,28.9156626506024,51,0.326384699074074,11784,182,216,0.258413888888889,0.265623333333333,1.47226914733956,0.712221111111111,0.70924787037037,0.636496111111111,1.53136066265062
"truncation",0.671378194444445,0.328621805555555,1.23407813998053,0.744736728326041,35.8208955223881,51,0.328621805555556,11784,156,216,0.261551388888889,0.265870729166667,1.47986718769868,0.709241851851852,0.704825740740741,0.635722592592593,1.30401214927357
"truncation",0.670920925925926,0.329079074074074,1.09664798164784,0.745244306264496,39.7790055248619,57,0.329079074074074,11797,144,203,0.259438888888889,0.261880989583333,1.48451807647236,0.706694351851852,0.704911203703704,0.636039074074074,1.35045351097286
"truncation",0.671978009259259,0.328021990740741,1.41434999695704,0.744071968294267,34.9514563106796,53,0.328021990740741,11798,147,202,0.258581944444444,0.264140208333333,1.47859053878689,0.710171759259259,0.705440648148148,0.636149814814815,1.34902076473989
"truncation",0.670880486111111,0.329119513888889,1.08449396288672,0.745289228634965,37.1134020618557,53,0.329119513888889,11790,140,210,0.260584722222222,0.264748177083333,1.4805788931461,0.707405740740741,0.705647314814815,0.635234444444444,1.33289144944888
"truncation",0.672285555555555,0.327714444444445,1.50678176184548,0.743731582313732,30.6382978723404,52,0.327714444444444,11792,188,208,0.258820833333333,0.265089010416667,1.47559164377099,0.711178240740741,0.708236944444445,0.634863518518519,1.7096508469924
"truncation",0.670796435185185,0.329203564814815,1.05923280540445,0.745382613522635,37.696335078534,50,0.329203564814815,11792,155,208,0.2568375,0.266298385416667,1.48450994527877,0.705747314814815,0.706358611111111,0.635539907407408,1.48736378174657
"truncation",0.670477175925926,0.329522824074074,0.963280758035583,0.745737540296584,38.9189189189189,55,0.329522824074074,11790,146,210,0.260243055555556,0.263327239583333,1.48458799174903,0.704568888888889,0.70626,0.635539907407407,1.61957661484629
"truncation",0.671740092592592,0.328259907407408,1.34284512871043,0.744335503438899,32.8767123287671,49,0.328259907407407,11762,166,238,0.258895833333333,0.267158229166667,1.47919166747719,0.708548981481481,0.707570648148148,0.63542037037037,1.7451428344073
"truncation",0.670937037037037,0.329062962962963,1.10149010932828,0.745226410824,35.4679802955665,57,0.329062962962963,11806,145,194,0.258956944444444,0.2623896875,1.48236512802694,0.704807962962963,0.708648333333333,0.635145925925926,1.40457917597323
"truncation",0.670373472222222,0.329626527777778,0.932113039632786,0.745852902476211,37.8947368421053,55,0.329626527777778,11806,144,194,0.262519444444444,0.263613958333333,1.48262039494026,0.703625833333333,0.707929722222222,0.634969166666667,1.36901240934987
"truncation",0.673792569444444,0.326207430555556,1.95970854112701,0.742068141850036,27.906976744186,52,0.326207430555556,11787,179,213,0.258208333333333,0.265147291666667,1.4697909772966,0.712980555555556,0.710335833333333,0.635926944444444,1.83537386842849
"truncation",0.670091319444444,0.329908680555556,0.847313191504978,0.746166955892724,36.9230769230769,51,0.329908680555556,11786,140,214,0.258441666666667,0.265776145833333,1.48505035567926,0.703953518518518,0.707285648148148,0.634563055555555,1.49806358787751
"truncation",0.676901435185185,0.323098564814815,2.89406525645272,0.73865997914927,22.7129337539432,43,0.323098564814815,11746,248,254,0.255654166666667,0.27152734375,1.45883473888082,0.718825833333334,0.715191759259259,0.636794074074074,2.18281311600955
"truncation",0.669187847222222,0.330812152777778,0.57577835908011,0.747174357806234,39.5604395604396,50,0.330812152777778,11774,143,226,0.260322222222222,0.266729375,1.48719434076207,0.704849444444444,0.704323796296296,0.633789074074074,1.24827546917471
"truncation",0.671245115740741,0.328754884259259,1.19408188705682,0.744884377219242,35.2941176470588,58,0.328754884259259,11812,170,188,0.261645833333333,0.26188953125,1.48098196105093,0.708843518518519,0.706344907407407,0.634896018518518,1.43183144311501
"truncation",0.670653657407407,0.329346342592593,1.01632153596053,0.745541300606463,38.5026737967914,55,0.329346342592593,11796,151,204,0.261730555555556,0.263415520833333,1.48319704059231,0.704546203703704,0.707436388888889,0.635316018518518,1.31880712059145
"truncation",0.669354583333333,0.330645416666667,0.625890206324727,0.746988236802741,40.9090909090909,61,0.330645416666667,11823,129,177,0.258470833333333,0.260466197916667,1.48896879061871,0.703009907407408,0.705631574074074,0.634388425925926,1.24265885238024
"truncation",0.671964861111111,0.328035138888889,1.41039837551672,0.744086527341976,34.4497607655502,47,0.328035138888889,11764,169,236,0.257086111111111,0.268311770833333,1.47933088458985,0.70850462962963,0.706933888888889,0.636210462962963,1.65683883358007
"truncation",0.668395717592593,0.331604282407407,0.337707081458281,0.748059849636507,43.3734939759036,58,0.331604282407407,11817,127,183,0.261643055555556,0.26230953125,1.48966982815816,0.702690740740741,0.702447314814815,0.634222407407408,1.11709461092621
"truncation",0.670824328703704,0.329175671296296,1.06761608680521,0.745351619799175,35.4679802955665,55,0.329175671296296,11795,135,205,0.260163888888889,0.263339270833333,1.4820806667015,0.704778055555556,0.708772222222222,0.634873518518519,1.50260152330186
"truncation",0.674475949074074,0.325524050925926,2.16509545690588,0.741316277750754,28.3464566929134,52,0.325524050925926,11787,199,213,0.257354166666667,0.26437859375,1.47049926653104,0.719266296296296,0.70438287037037,0.637127314814815,1.8684828724436
"truncation",0.669053842592592,0.330946157407408,0.535503822956378,0.747324009174648,41.1428571428571,55,0.330946157407407,11795,118,205,0.2603625,0.263544583333333,1.48837246518254,0.704598703703704,0.703794074074074,0.633911296296296,1.24588365524882
"truncation",0.669281967592593,0.330718032407407,0.604065846362707,0.747069283516632,40.4494382022472,56,0.330718032407407,11810,125,190,0.260244444444444,0.262705208333333,1.4887376889117,0.702776481481482,0.705870092592593,0.634240648148148,1.47755299762703
"truncation",0.669795277777778,0.330204722222222,0.758339095376893,0.746496752946485,35.8208955223881,52,0.330204722222222,11799,151,201,0.262520833333333,0.265777864583333,1.48440192649066,0.705620555555556,0.70533037037037,0.634115092592592,1.35157904759672
"truncation",0.670063287037037,0.329936712962963,0.838888167624225,0.746198172132303,38.5026737967914,55,0.329936712962963,11802,146,198,0.260298611111111,0.26391203125,1.48308927028298,0.704533333333333,0.706515925925926,0.634601944444444,1.57328474949726
"truncation",0.671669953703704,0.328330046296296,1.32176517630851,0.744413230401202,33.8028169014084,56,0.328330046296296,11812,168,188,0.259083333333333,0.262889375,1.47874805462965,0.70819537037037,0.707676111111111,0.635404166666667,1.62824621117202
"truncation",0.670410740740741,0.329589259259259,0.943313938433804,0.745811440084547,36.734693877551,54,0.329589259259259,11791,136,209,0.2608875,0.2638184375,1.48223605303098,0.702660277777778,0.709243240740741,0.634869722222222,1.62060759356896
"truncation",0.672029791666667,0.327970208333333,1.42991298491845,0.744014634767866,31.304347826087,48,0.327970208333333,11776,159,224,0.257715277777778,0.267953645833333,1.47529808828931,0.712457222222222,0.705960648148148,0.634850648148148,1.8096955344604
"truncation",0.670633333333333,0.329366666666667,1.01021321971998,0.745563894825786,40.4494382022472,59,0.329366666666667,11812,152,188,0.259077777777778,0.261149427083333,1.48490890791522,0.705765555555556,0.704850740740741,0.635958518518519,1.33333926932206
"truncation",0.671481921296296,0.328518078703704,1.26525281546333,0.744621685472558,35.1219512195122,51,0.328518078703704,11776,168,224,0.257681944444444,0.265320520833333,1.47993949652635,0.70618462962963,0.709001574074074,0.635370740740741,1.67549762398443
"truncation",0.669205231481481,0.330794768518519,0.581003126160582,0.747154948106284,42.3529411764706,57,0.330794768518519,11808,121,192,0.262148611111111,0.262408854166667,1.48911515865312,0.70389212962963,0.70360212962963,0.634663333333333,1.27786741372461
"truncation",0.671569444444444,0.328430555555556,1.29155753494569,0.744524641697516,36.3636363636364,54,0.328430555555556,11794,160,206,0.258631944444444,0.2639028125,1.48070984132621,0.705676018518518,0.708419907407407,0.636090925925926,1.19280582040115
"truncation",0.674574143518519,0.325425856481481,2.1946073902686,0.741208367981679,27.6923076923077,46,0.325425856481482,11762,195,238,0.256331944444444,0.2689153125,1.46693939845961,0.71834537037037,0.707186759259259,0.636382222222222,1.95582592402974
"truncation",0.669554398148148,0.330445601851852,0.685943720890228,0.74676531344264,38.0952380952381,53,0.330445601851852,11784,134,216,0.2586,0.264807864583333,1.48669754165233,0.704441388888889,0.705029907407408,0.634373148148148,1.3159915990347
"truncation",0.671451342592593,0.328548657407407,1.25606251278249,0.744655596441898,35.2941176470588,53,0.328548657407407,11786,160,214,0.260913888888889,0.26423875,1.48178686102931,0.70729287037037,0.707230462962963,0.635641018518519,1.3990960401825
"truncation",0.67412699074074,0.325873009259259,2.06021747589621,0.741700016269327,28.8,51,0.325873009259259,11787,199,213,0.256991666666667,0.2656271875,1.46970451621796,0.712708888888889,0.710362592592593,0.636718240740741,1.930477543551
"truncation",0.669040625,0.330959375,0.531531330276029,0.747338773336821,42.8571428571429,60,0.330959375,11818,131,182,0.260956944444444,0.260751875,1.49027356143902,0.70090287037037,0.706052222222223,0.634603703703704,1.30400116520264
"truncation",0.676980949074074,0.323019050925926,2.91796282625493,0.738573220832675,23.3766233766234,47,0.323019050925926,11765,248,235,0.255888888888889,0.26807953125,1.45975607330332,0.721663333333333,0.71149787037037,0.637381296296296,2.03523587234571
"truncation",0.67213699074074,0.32786300925926,1.46213122240134,0.743895971934183,31.7180616740088,52,0.327863009259259,11793,162,207,0.260302777777778,0.265337447916667,1.47631558771165,0.711603425925926,0.706148796296296,0.63539787037037,1.75157466754546
"truncation",0.669600833333333,0.330399166666667,0.699899623371483,0.7467135270889,42.8571428571429,59,0.330399166666667,11819,125,181,0.260261111111111,0.2611525,1.4902465206257,0.702529907407407,0.704838240740741,0.635517592592593,1.19466098052134
"truncation",0.675352314814815,0.324647685185185,2.42848354865005,0.740354314380491,25.6227758007117,56,0.324647685185185,11810,212,190,0.2578375,0.262695104166667,1.46506386240629,0.721801111111111,0.706131851851852,0.636738148148148,1.79850381441834
"truncation",0.673902476851852,0.326097523148148,1.99274075697009,0.741947117238327,27.4809160305344,48,0.326097523148148,11784,182,216,0.257698611111111,0.2674259375,1.47122879416159,0.714237685185185,0.709239074074074,0.636066574074074,1.75764466821066
"truncation",0.670389236111111,0.329610763888889,0.936850811113227,0.745835364094553,36.3636363636364,50,0.329610763888889,11785,147,215,0.258044444444444,0.266814895833333,1.48391413114501,0.705854444444444,0.706105648148148,0.634798425925926,1.38108872746804
"truncation",0.674346203703704,0.325653796296296,2.1261010235023,0.74145890827865,27.6923076923077,42,0.325653796296296,11734,199,266,0.2576875,0.27223484375,1.46852870348218,0.712821388888889,0.711237314814815,0.636663055555556,2.03627642417632
"truncation",0.672672708333333,0.327327291666667,1.62313892485619,0.743303532023529,30.1255230125523,48,0.327327291666667,11778,181,222,0.259979166666667,0.26767546875,1.47446883197868,0.712263240740741,0.707459814814815,0.635483888888889,1.78048315091421
"truncation",0.669872175925926,0.330127824074074,0.781450515138914,0.746411058660376,38.0952380952381,53,0.330127824074074,11797,141,203,0.259593055555556,0.26461328125,1.48584581930529,0.70606,0.704900740740741,0.634263981481482,1.73066065225521
"truncation",0.672911574074074,0.327088425925926,1.69492903338277,0.743039679006859,30.6382978723404,49,0.327088425925926,11768,200,232,0.25905,0.267056875,1.47308283491782,0.710196388888889,0.710243240740741,0.635603333333333,1.85379711139173
"truncation",0.670161180555556,0.329838819444444,0.868309658946925,0.746089171541548,37.8947368421053,58,0.329838819444444,11815,139,185,0.261145833333333,0.261599270833333,1.48718410428619,0.705168981481482,0.705556111111111,0.634959814814815,1.41865020026073
"truncation",0.671072962962963,0.328927037037037,1.14234208309203,0.74507546510646,33.3333333333333,50,0.328927037037037,11772,163,228,0.259052777777778,0.266484270833333,1.48115354394733,0.709200277777778,0.705544907407407,0.634773333333333,1.72909155206059
"truncation",0.672421064814815,0.327578935185185,1.54750850816926,0.743581702244412,32.2869955156951,52,0.327578935185185,11777,163,223,0.258502777777778,0.264716770833333,1.47674391108849,0.711890648148148,0.7056275,0.636083055555556,1.63383393024914
"truncation",0.672913726851852,0.327086273148148,1.69557604182284,0.743037301882949,30.9012875536481,54,0.327086273148148,11786,165,214,0.257598611111111,0.2636940625,1.47694310088931,0.710266018518519,0.708965,0.636211944444444,1.75296842227076
"truncation",0.672576018518519,0.327423981481481,1.59407920169352,0.743410389655802,30.2521008403361,48,0.327423981481481,11765,178,235,0.259844444444444,0.267693958333333,1.47565712055712,0.705648055555556,0.713571944444444,0.635542037037037,1.86420754909108
"truncation",0.670814560185185,0.329185439814815,1.06468019904497,0.745362473739344,39.7790055248619,55,0.329185439814815,11796,133,204,0.259484722222222,0.263094739583333,1.48514486507712,0.7043675,0.705965740740741,0.6364625,1.26130386715785
"truncation",0.675842800925926,0.324157199074074,2.57589711678358,0.739817009687732,25.4416961130742,45,0.324157199074074,11758,234,242,0.256120833333333,0.269299895833333,1.46307597854778,0.72361787037037,0.705821666666667,0.636965833333333,1.92671142774364
"truncation",0.675359444444445,0.324640555555555,2.4306263292903,0.740346498613495,26.0869565217391,46,0.324640555555556,11760,212,240,0.256258333333333,0.269147239583333,1.46499660914332,0.713719722222222,0.713693425925926,0.637012314814815,1.96428964514541
"truncation",0.670718981481482,0.329281018518518,1.03595441572234,0.745468689279677,35.4679802955665,54,0.329281018518519,11809,138,191,0.259126388888889,0.2638084375,1.48422887495394,0.706871759259259,0.705876203703704,0.635063981481481,1.49914175990776
"truncation",0.670846666666667,0.329153333333333,1.07432966900581,0.745326800957993,34.6153846153846,56,0.329153333333333,11802,151,198,0.260722222222222,0.262775052083333,1.48197937310879,0.708211481481481,0.70544,0.634867592592593,1.51806572120565
"truncation",0.676164236111111,0.323835763888889,2.67250312967243,0.739465315225334,23.9202657807309,49,0.323835763888889,11780,220,220,0.256888888888889,0.266943854166667,1.46043381720671,0.721095462962963,0.710362592592593,0.636599444444444,2.06904005259216
"truncation",0.673887291666667,0.326112708333333,1.98817691248964,0.741963836064327,27.7992277992278,50,0.326112708333333,11772,197,228,0.256797222222222,0.26629953125,1.47118569949365,0.713596574074074,0.709514074074074,0.636219259259259,1.9166106845788
"truncation",0.677420300925926,0.322579699074074,3.05000820466704,0.738094207269223,21.9512195121951,41,0.322579699074074,11728,242,272,0.255711111111111,0.273088385416667,1.4558507748398,0.722098796296296,0.713489444444445,0.637046481481481,2.29495067308514
"truncation",0.671555787037037,0.328444212962963,1.28745285774541,0.744539783070061,33.3333333333333,53,0.328444212962963,11781,150,219,0.258013888888889,0.264318072916667,1.47933845775982,0.708624907407407,0.707414537037037,0.635091851851852,1.69667125954499
"truncation",0.670963287037037,0.329036712962963,1.10937943804907,0.745197255438508,38.2978723404255,53,0.329036712962963,11789,155,211,0.257491666666667,0.264245208333333,1.48285341960771,0.706497777777778,0.705730185185185,0.635812592592593,1.3358289870415
"truncation",0.6716175,0.3283825,1.30600043302711,0.744471369492308,34.1232227488152,52,0.3283825,11790,178,210,0.258836111111111,0.26505953125,1.4782037045955,0.708323796296296,0.707408055555556,0.635369074074074,1.51371719611241
"truncation",0.678022152777778,0.321977847222222,3.23089228468368,0.737439031971976,21.4925373134328,45,0.321977847222222,11764,256,236,0.255834722222222,0.269723020833333,1.4532377086449,0.722934907407408,0.714431666666667,0.637361018518518,2.08127026175608
"truncation",0.676399490740741,0.323600509259259,2.74320793371887,0.739208126032795,23.841059602649,43,0.323600509259259,11746,227,254,0.256105555555556,0.27101921875,1.45908115027263,0.723576018518519,0.708624537037037,0.636698703703704,2.08320659123609
"truncation",0.671140023148148,0.328859976851852,1.16249674385388,0.745001017305787,36.1809045226131,55,0.328859976851852,11801,153,199,0.259402777777778,0.263545572916667,1.48187068801895,0.708061944444444,0.705092407407408,0.63570287037037,1.58020583663983
"truncation",0.671111759259259,0.328888240740741,1.15400214917311,0.745032393042667,35.8208955223881,55,0.328888240740741,11797,170,203,0.261308333333333,0.263149114583333,1.48215530948333,0.705968981481481,0.707661388888889,0.635408333333333,1.62502962903301
"truncation",0.674107361111111,0.325892638888889,2.0543178720557,0.741721614159301,29.0322580645161,53,0.325892638888889,11799,204,201,0.257494444444444,0.264115989583333,1.47124774396304,0.714762592592593,0.708116666666667,0.636775092592593,1.71217803511321
"truncation",0.669118194444444,0.330881805555556,0.554844505358178,0.747252135947581,41.8604651162791,56,0.330881805555556,11803,127,197,0.259638888888889,0.262669010416667,1.49101376464059,0.702747685185185,0.704759722222222,0.634482685185185,1.26107801461173
"truncation",0.671363912037037,0.328636087962963,1.2297856216201,0.744752571646146,35.1219512195122,57,0.328636087962963,11813,157,187,0.257954166666667,0.262108541666667,1.48204347764073,0.707858703703704,0.705998055555556,0.635799444444444,1.4871685883648
"truncation",0.670325069444444,0.329674930555556,0.917565785351465,0.745906758961578,36.1809045226131,55,0.329674930555556,11794,153,206,0.264691666666667,0.263749947916667,1.48358017319901,0.704235555555556,0.70818712962963,0.634438796296296,1.34754304662418
"truncation",0.671178402777778,0.328821597222222,1.174031582495,0.744958416317735,37.5,57,0.328821597222222,11803,156,197,0.260606944444444,0.26177234375,1.48139251707117,0.706124351851852,0.706817777777778,0.635885740740741,1.41352983616735
"truncation",0.674016365740741,0.325983634259259,2.02696959057325,0.741821750055731,26.6666666666667,45,0.325983634259259,11756,191,244,0.257316666666667,0.270137291666667,1.46775920203005,0.713288796296296,0.711713333333333,0.635531666666667,1.94153115107168
"truncation",0.675726944444444,0.324273055555556,2.54107693138035,0.739943854704625,24.9134948096886,47,0.324273055555556,11764,214,236,0.256138888888889,0.268283697916667,1.46310430454757,0.720254814814815,0.709170185185185,0.636741388888889,2.12041944425144
"truncation",0.6726775,0.3273225,1.62457904041629,0.74329823726823,31.1688311688312,50,0.3273225,11778,179,222,0.258130555555556,0.2661825,1.47549739995433,0.712833703703704,0.706178148148148,0.635849074074074,1.90585336862693
"greedy w=0.0",0.677381736111111,0.322618263888889,3.03841770938602,0.738136228577006,21.8181818181818,43,0.322618263888889,11743,248,257,0.255875,0.271377395833333,1.4558688949702,0.723637962962963,0.712093611111111,0.636897685185185,2.29502799327142
"greedy w=0.0",0.678083425925926,0.321916574074074,3.24930767544528,0.737372395317358,20.9912536443149,42,0.321916574074074,11738,260,262,0.255584722222222,0.272200416666667,1.4532907743085,0.725279259259259,0.712735925925926,0.637159259259259,2.2921205373815
"greedy w=0.0",0.676773657407407,0.323226342592593,2.85566217484922,0.738799441330808,22.7129337539432,42,0.323226342592593,11738,241,262,0.255815277777778,0.272176145833333,1.45864828331013,0.721522037037037,0.712028703703704,0.636771944444445,2.29277663328351
"greedy w=0.0",0.678207199074074,0.321792800925926,3.2865071822088,0.73723782449173,20.8092485549133,43,0.321792800925926,11746,262,254,0.255693055555556,0.271429791666667,1.45254159371136,0.725440185185185,0.7134275,0.636980555555555,2.29295682434644
"greedy w=0.0",0.676835925925926,0.323164074074074,2.87437672005091,0.738731472204271,22.6415094339623,43,0.323164074074074,11743,239,257,0.255931944444444,0.2713615625,1.45829681663546,0.721520092592593,0.712076388888889,0.636873611111111,2.29458714206948
"greedy w=0.0",0.676922060185185,0.323077939814815,2.90026401473329,0.738637473069227,22.4299065420561,43,0.323077939814815,11743,242,257,0.255906944444444,0.271386927083333,1.45798235237622,0.723203518518519,0.710919351851852,0.636782685185185,2.28735533589684
"greedy w=0.0",0.677868935185185,0.322131064814815,3.1848433721594,0.737605714094874,21.2389380530973,42,0.322131064814815,11738,259,262,0.255736111111111,0.27224359375,1.45379031869803,0.725578888888889,0.711988518518519,0.636954166666667,2.29438099452291
"greedy w=0.0",0.676741157407407,0.323258842592593,2.84589443452836,0.738834921634585,22.7848101265823,43,0.323258842592593,11743,244,257,0.255925,0.271365677083333,1.45872404588101,0.72167074074074,0.711683888888889,0.636805,2.29312812557229
"greedy w=0.1",0.676420532407408,0.323579467592592,2.74953191943953,0.739185131208954,23.4527687296417,42,0.323579467592593,11734,232,266,0.255902777777778,0.2722625,1.46013502034632,0.720086388888889,0.711809074074074,0.636893333333333,2.29287840504022
"greedy w=0.1",0.676429606481481,0.323570393518519,2.75225909479973,0.73917521529077,23.4527687296417,42,0.323570393518518,11734,236,266,0.255911111111111,0.272250625,1.45993006617941,0.720029351851852,0.711951666666667,0.636868703703704,2.29375581808335
"greedy w=0.1",0.677012662037037,0.322987337962963,2.92749402585578,0.738538624219478,22.4299065420561,42,0.322987337962963,11734,244,266,0.255833333333333,0.272260416666667,1.45762789719207,0.721633703703704,0.71255712962963,0.636929907407408,2.29277408697543
"greedy w=0.1",0.676669560185185,0.323330439814815,2.8243761860863,0.738913096464934,22.8571428571429,43,0.323330439814815,11743,237,257,0.255963888888889,0.271372708333333,1.4588284040874,0.721646944444445,0.711492592592593,0.636769351851852,2.29463429202372
"greedy w=0.1",0.677457893518518,0.322542106481482,3.06130650258808,0.738053249926938,21.7522658610272,42,0.322542106481481,11738,246,262,0.255740277777778,0.2721928125,1.45570437297264,0.723617037037037,0.712408611111111,0.636902962962963,2.29459825570937
"greedy w=0.1",0.676481180555555,0.323518819444445,2.76775946904112,0.739118861502368,23.3766233766234,42,0.323518819444444,11734,235,266,0.255825,0.2722178125,1.46002152557568,0.720167222222222,0.711899537037037,0.636928981481481,2.28988309989573
"greedy w=0.1",0.67694900462963,0.32305099537037,2.90836205585405,0.73860807325296,22.6415094339623,42,0.32305099537037,11738,236,262,0.255702777777778,0.272172708333333,1.45825267214503,0.72148287037037,0.712320185185185,0.636996481481481,2.2926571281694
"greedy w=0.1",0.67676099537037,0.32323900462963,2.85185665208888,0.738813264092393,23.0031948881789,42,0.32323900462963,11734,234,266,0.255838888888889,0.272248125,1.45858832660422,0.7217725,0.711299814814815,0.636985833333333,2.29067757552304
"greedy w=0.2",0.67667875,0.32332125,2.82713814684655,0.73890306146011,22.8571428571429,43,0.32332125,11743,241,257,0.255955555555556,0.271398697916667,1.45870698859415,0.721862685185185,0.711315277777778,0.636768518518518,2.29342522173708
"greedy w=0.2",0.677088333333333,0.322911666666667,2.95023672037789,0.73845608524737,22.4299065420561,41,0.322911666666667,11728,233,272,0.255711111111111,0.273095,1.45733249766793,0.722188148148148,0.712320555555556,0.636922314814815,2.29288951868011
"greedy w=0.2",0.677294375,0.322705625,3.01216168946352,0.738231437401204,22.0183486238532,42,0.322705625,11738,253,262,0.255780555555556,0.272221927083333,1.45638260670272,0.723463425925926,0.711820555555556,0.636946759259259,2.29477396900267
"greedy w=0.2",0.676669560185185,0.323330439814815,2.8243761860863,0.738913096464934,22.8571428571429,43,0.323330439814815,11743,237,257,0.255963888888889,0.271372708333333,1.4588284040874,0.721646944444445,0.711492592592593,0.636769351851852,2.29463429202372
"greedy w=0.2",0.676367824074074,0.323632175925926,2.733690648278,0.739242734801118,23.5294117647059,42,0.323632175925926,11734,232,266,0.255944444444444,0.272301302083333,1.46018003298913,0.720116388888889,0.711801388888889,0.636776759259259,2.29056764590557
"greedy w=0.2",0.676617592592593,0.323382407407407,2.80875754148492,0.738969848661712,22.9299363057325,43,0.323382407407407,11743,235,257,0.255925,0.271361041666667,1.45934709872617,0.721588888888889,0.711331481481482,0.636775,2.29303200787675
"greedy w=0.2",0.676717638888889,0.323282361111111,2.8388260412477,0.738860598965554,22.7848101265823,42,0.323282361111111,11734,235,266,0.255886111111111,0.2722509375,1.45875521252131,0.720240648148148,0.713063240740741,0.636783333333333,2.29116922787312
"greedy w=0.2",0.676980208333333,0.323019791666667,2.91774019969491,0.738574028967489,22.6415094339623,42,0.323019791666667,11734,248,266,0.255743055555556,0.272241354166667,1.45772599785489,0.721627592592593,0.712464166666667,0.636914537037037,2.29083215253219
"greedy w=0.3",0.676435324074074,0.323564675925926,2.75397749355986,0.739168967387112,23.6065573770492,43,0.323564675925926,11743,230,257,0.255825,0.2713603125,1.46049284555226,0.721198888888889,0.710470185185185,0.637036111111111,2.28824269230975
"greedy w=0.3",0.675342916666667,0.324657083333333,2.42565897416979,0.740364617234578,25.0871080139373,43,0.324657083333333,11743,211,257,0.256116666666667,0.271402395833333,1.46413720759138,0.71858712962963,0.709681759259259,0.636551388888889,2.28601828425612
"greedy w=0.3",0.67663837962963,0.32336162037037,2.81500499932549,0.738947146736909,22.8571428571429,43,0.32336162037037,11743,236,257,0.256015277777778,0.271397604166667,1.45876071798859,0.721646944444445,0.711524722222222,0.636690925925926,2.29276673170498
"greedy w=0.3",0.675826435185185,0.324173564814815,2.57097846122314,0.739834925017388,24.2424242424242,42,0.324173564814815,11734,220,266,0.256113888888889,0.272305104166667,1.46232763457789,0.718303333333333,0.711809074074074,0.636596666666667,2.28915274844578
"greedy w=0.3",0.676068402777778,0.323931597222222,2.64370081846976,0.739570135130763,23.7623762376238,43,0.323931597222222,11743,225,257,0.256013888888889,0.271360208333333,1.46113087688343,0.719999444444444,0.711061388888889,0.636606388888889,2.29207691240431
"greedy w=0.3",0.676080925925926,0.323919074074074,2.64746459875014,0.739556435962493,23.9202657807309,41,0.323919074074074,11728,226,272,0.256018055555556,0.273109635416667,1.46128552609306,0.718061944444444,0.712864722222222,0.636698518518518,2.29027814507646
"greedy w=0.3",0.675744328703704,0.324255671296296,2.54630169846086,0.739924818842597,24.6575342465753,42,0.324255671296296,11734,217,266,0.255931944444444,0.2722653125,1.46312000619315,0.717635833333333,0.711610185185185,0.636865648148148,2.28570626304036
"greedy w=0.3",0.675813217592592,0.324186782407408,2.56700596854273,0.739849394750104,24.3243243243243,43,0.324186782407407,11743,226,257,0.256079166666667,0.27139515625,1.46229271659008,0.718527037037037,0.711339907407407,0.636692962962963,2.29133486821149
"greedy w=0.4",0.675614398148148,0.324385601851852,2.50725160841731,0.74006711723506,24.9134948096886,42,0.324385601851852,11734,221,266,0.256025,0.2722859375,1.46342236320788,0.718500740740741,0.710398148148148,0.636779351851852,2.28749298483938
"greedy w=0.4",0.676225972222222,0.323774027777778,2.69105766203414,0.739397805672701,23.6065573770492,42,0.323774027777778,11738,224,262,0.25585,0.272206041666667,1.46071139870332,0.720094074074074,0.711394074074074,0.63670787037037,2.28698973226681
"greedy w=0.4",0.675869490740741,0.324130509259259,2.58391863002428,0.739787794611071,24.2424242424242,43,0.324130509259259,11743,225,257,0.256158333333333,0.27139875,1.46190359728593,0.718736851851852,0.711280555555556,0.636730277777778,2.2895176987316
"greedy w=0.4",0.67540712962963,0.32459287037037,2.44495791409154,0.74029422857023,25.1748251748252,43,0.32459287037037,11743,213,257,0.256072222222222,0.271381197916667,1.46416062714483,0.718292037037037,0.709915185185185,0.636710648148148,2.28824904830085
"greedy w=0.4",0.675358472222222,0.324641527777778,2.43033413193022,0.740347564390187,24.7422680412371,43,0.324641527777778,11743,206,257,0.256256944444444,0.271431354166667,1.46369923246345,0.718074907407407,0.710751203703704,0.636303888888889,2.28497444166821
"greedy w=0.4",0.67576912037037,0.32423087962963,2.55375273114151,0.739897673521933,24.4067796610169,42,0.32423087962963,11734,224,266,0.256141666666667,0.272330520833333,1.46248013258412,0.716674722222222,0.713114722222222,0.636643518518519,2.28933659376264
"greedy w=0.4",0.67547337962963,0.32452662037037,2.46486907705338,0.740221620982541,24.6575342465753,43,0.32452662037037,11743,218,257,0.256302777777778,0.271485885416667,1.4634050481457,0.718245555555556,0.710883333333333,0.636382314814815,2.28726503548383
"greedy w=0.4",0.675644606481481,0.324355393518519,2.51633059781804,0.740034028546196,24.7422680412371,44,0.324355393518519,11747,227,253,0.256263888888889,0.270679947916667,1.46304753685022,0.717945555555556,0.711175833333333,0.636728518518519,2.28798118680899
"greedy w=0.5",0.675143935185185,0.324856064814815,2.36585591448432,0.740582820851164,25.2631578947368,44,0.324856064814815,11749,213,251,0.256383333333333,0.270663489583333,1.46446589333092,0.716378796296296,0.71154212962963,0.636327407407407,2.28383815984335
"greedy w=0.5",0.675005625,0.324994375,2.32428736148051,0.740734567952674,25.7142857142857,42,0.324994375,11734,204,266,0.256268055555556,0.272332916666667,1.46546141339041,0.716626574074074,0.710576666666667,0.63640962962963,2.28380942387664
"greedy w=0.5",0.67502224537037,0.32497775462963,2.32928254492095,0.74071632961616,25.8992805755396,44,0.32497775462963,11749,206,251,0.256145833333333,0.270584791666667,1.46559872816108,0.718306759259259,0.708680185185185,0.636551018518519,2.28013721412075
"greedy w=0.5",0.674535277777778,0.325464722222222,2.18292645294746,0.741251075328817,26.5682656826568,43,0.325464722222222,11743,199,257,0.256529166666667,0.27147125,1.46714760817167,0.715316018518519,0.710080092592593,0.6363725,2.28095207574882
"greedy w=0.5",0.675083055555555,0.324916944444445,2.3475587940826,0.740649607311693,25.3521126760563,43,0.324916944444444,11743,213,257,0.256351388888889,0.271485520833333,1.46486333219503,0.716762407407407,0.710883333333333,0.636343240740741,2.28538537701401
"greedy w=0.5",0.67514275462963,0.32485724537037,2.36550110340426,0.74058411583531,25.4416961130742,42,0.32485724537037,11734,201,266,0.256086111111111,0.272280729166667,1.46489660999514,0.717260740740741,0.710387685185185,0.636461296296296,2.28410294984005
"greedy w=0.5",0.67483787037037,0.32516212962963,2.27386940271589,0.740918703518499,25.9927797833935,43,0.32516212962963,11743,207,257,0.256290277777778,0.27144671875,1.46621623366363,0.716631666666667,0.709915185185185,0.636402314814815,2.28336279788631
"greedy w=0.5",0.675454050925926,0.324545949074074,2.45905991525292,0.740242803066456,25.0871080139373,44,0.324545949074074,11749,216,251,0.256269444444444,0.270671302083333,1.463540208982,0.717686481481481,0.710875462962963,0.63662712962963,2.2854665622382
"greedy w=0.6",0.673632546296296,0.326367453703704,1.91161424708261,0.74224442205035,28.4584980237154,44,0.326367453703704,11749,192,251,0.257222222222222,0.270794583333333,1.47026692247144,0.711851666666667,0.710613148148148,0.636032685185185,2.26663238399834
"greedy w=0.6",0.674041273148148,0.325958726851852,2.03445540865389,0.741794338000582,27.4809160305344,43,0.325958726851852,11739,189,261,0.256969444444444,0.271563385416667,1.46883973999077,0.713544166666667,0.710385555555555,0.636117685185185,2.26957150676898
"greedy w=0.6",0.674074444444445,0.325925555555555,2.04442490429488,0.741757834198992,27.6923076923077,44,0.325925555555556,11747,199,253,0.256634722222222,0.270735052083333,1.46902743838389,0.713389814814815,0.710224074074074,0.636341944444444,2.2740953646634
"greedy w=0.6",0.674026597222222,0.325973402777778,2.03004461993351,0.741810489468197,27.6923076923077,44,0.325973402777778,11749,202,251,0.256605555555556,0.270764947916667,1.46889800683131,0.713070185185185,0.710798055555556,0.636119074074074,2.26970913547965
"greedy w=0.6",0.673343333333333,0.326656666666667,1.82469248955462,0.742563229258972,28.9156626506024,45,0.326656666666667,11755,182,245,0.257331944444444,0.270008333333333,1.4713182260795,0.712094074074074,0.709647037037037,0.635816111111111,2.25802892247014
"greedy w=0.6",0.673854722222222,0.326145277777778,1.97838830092869,0.741999697429013,28.125,45,0.326145277777778,11753,191,247,0.256973611111111,0.269920364583333,1.47004139621156,0.713344444444444,0.709552037037037,0.636261203703704,2.26869091185782
"greedy w=0.6",0.673975115740741,0.326024884259259,2.01457207401209,0.741867152543857,27.7992277992278,43,0.326024884259259,11743,190,257,0.256927777777778,0.271520677083333,1.46920222541241,0.713810925925926,0.709681759259259,0.636203888888889,2.27128448618979
"greedy w=0.6",0.674573611111111,0.325426388888889,2.19444737742859,0.741208952980586,26.6666666666667,43,0.325426388888889,11739,198,261,0.256327777777778,0.271494895833333,1.46724598314809,0.714972222222222,0.710415555555555,0.636453333333333,2.28007868025437
"greedy w=0.7",0.673289953703704,0.326710046296296,1.80864946307319,0.742622100997568,29.2682926829268,45,0.326710046296296,11753,182,247,0.257325,0.269999166666667,1.47175586564824,0.711609444444444,0.709497037037037,0.636026666666667,2.26085746783197
"greedy w=0.7",0.673062291666667,0.326937708333333,1.74022658126688,0.742873291507504,29.6296296296296,45,0.326937708333333,11753,174,247,0.257488888888889,0.270054791666667,1.47241831289291,0.71111212962963,0.709469259259259,0.635833888888889,2.25066752667696
"greedy w=0.7",0.672710532407408,0.327289467592592,1.63450679357725,0.743261738761048,30.7692307692308,45,0.327289467592593,11753,175,247,0.2575375,0.270043125,1.47401450439126,0.71034037037037,0.708726388888889,0.635887685185185,2.24610521317692
"greedy w=0.7",0.672586828703704,0.327413171296296,1.59732815805377,0.743398441155419,30.5084745762712,45,0.327413171296296,11751,171,249,0.258308333333333,0.270106979166667,1.47439552987991,0.710998425925926,0.707838703703703,0.635755092592593,2.23920668799429
"greedy w=0.7",0.672627592592593,0.327372407407407,1.60957957593491,0.743353388273573,31.0344827586207,46,0.327372407407407,11758,174,242,0.257402777777778,0.269228854166667,1.47455389311581,0.710270092592593,0.70846212962963,0.635889074074074,2.24524343253344
"greedy w=0.7",0.672466597222222,0.327533402777778,1.56119308453043,0.743531354665592,30.9012875536481,44,0.327533402777778,11747,184,253,0.257641666666667,0.270857708333333,1.47485342911941,0.710524351851852,0.707938703703704,0.635701666666666,2.23986831760773
"greedy w=0.7",0.672549236111111,0.327450763888889,1.58602986013279,0.743439993912052,30.7692307692308,45,0.327450763888889,11753,170,247,0.257641666666667,0.270065572916667,1.47424590330013,0.710221574074074,0.708573148148148,0.635701111111111,2.24502687246848
"greedy w=0.7",0.672718819444444,0.327281180555556,1.63699742821745,0.743252582725303,30.2521008403361,44,0.327281180555556,11747,187,253,0.257580555555556,0.270862135416667,1.47376134105218,0.71099712962963,0.708473148148148,0.6357025,2.24551060459554
"greedy w=0.8",0.670174930555556,0.329825069444444,0.872442164467314,0.746073864006692,36.734693877551,48,0.329825069444444,11762,141,238,0.258756944444444,0.268147552083333,1.4824240808865,0.705832962962963,0.7055225,0.634672129629629,2.16648664118069
"greedy w=0.8",0.670504398148148,0.329495601851852,0.971462284116387,0.745707263637553,35.8208955223881,48,0.329495601851852,11769,149,231,0.259780555555556,0.2680696875,1.4818470722736,0.705454537037037,0.707081944444444,0.634740555555556,2.17419255320886
"greedy w=0.8",0.670379050925926,0.329620949074074,0.93378969591296,0.745846695700591,36.5482233502538,49,0.329620949074074,11772,136,228,0.258276388888889,0.267276614583333,1.48265960255183,0.705618703703704,0.70624787037037,0.634824814814815,2.17422313440738
"greedy w=0.8",0.670177523148148,0.329822476851852,0.873221357427391,0.746070977807877,36.3636363636364,48,0.329822476851852,11765,142,235,0.258563888888889,0.2680053125,1.48287453536051,0.70507712962963,0.706694444444444,0.634469259259259,2.16941243003602
"greedy w=0.8",0.670016180555555,0.329983819444445,0.824730509822909,0.746250634701712,37.696335078534,52,0.329983819444444,11785,145,215,0.259444444444444,0.26535421875,1.48477264882514,0.705446481481481,0.705276388888889,0.634670925925926,2.15787327240496
"greedy w=0.8",0.669778356481481,0.330221643518519,0.753253469896368,0.74651561245817,37.8947368421053,50,0.330221643518518,11779,140,221,0.259786111111111,0.26643609375,1.4849943378955,0.704249444444444,0.705838611111111,0.634512685185185,2.15198909914069
"greedy w=0.8",0.670031990740741,0.329968009259259,0.829482195463401,0.746233026048853,37.1134020618557,49,0.329968009259259,11768,145,232,0.259943055555556,0.26753609375,1.48317766532018,0.704904259259259,0.706182037037037,0.634520833333333,2.15952330068629
"greedy w=0.8",0.669629259259259,0.330370740740741,0.708442917612223,0.746681828916941,38.7096774193548,52,0.330370740740741,11784,130,216,0.260952777777778,0.265376927083333,1.48540932082593,0.704249444444444,0.705367962962963,0.634449814814815,2.1457466745669
"greedy w=0.9",0.666669421296296,0.333330578703704,-0.181124116669305,0.749996901054471,47.682119205298,60,0.333330578703704,11815,94,185,0.265361111111111,0.26171171875,1.49536892726791,0.700589166666667,0.700934259259259,0.63257712962963,1.92865677256714
"greedy w=0.9",0.666810439814815,0.333189560185185,-0.13874158530544,0.749838290082649,48.6486486486486,61,0.333189560185185,11822,98,178,0.266072222222222,0.261103958333333,1.4965508923435,0.699863981481482,0.70137037037037,0.633003703703704,1.94124083763676
"greedy w=0.9",0.66671474537037,0.33328525462963,-0.16750215402805,0.749945915358812,46.7532467532468,58,0.33328525462963,11809,97,191,0.263097222222222,0.26254359375,1.49564673513502,0.700764537037037,0.701015,0.632539722222222,1.93680611418967
"greedy w=0.9",0.666598981481482,0.333401018518518,-0.20229451111121,0.750076153565035,50.3496503496503,62,0.333401018518518,11824,85,176,0.266261111111111,0.260591875,1.49676189777126,0.700189074074074,0.700378333333333,0.632914259259259,1.92657804380893
"greedy w=0.9",0.666576319444444,0.333423680555556,-0.209105492431905,0.750101654401289,48.3221476510067,59,0.333423680555556,11813,92,187,0.265241666666667,0.262107291666667,1.49643056880826,0.699434814814815,0.701609166666667,0.632630648148148,1.91933360816294
"greedy w=0.9",0.666670185185185,0.333329814814815,-0.180894533029307,0.749996041687558,48,59,0.333329814814815,11814,93,186,0.262836111111111,0.262150833333333,1.4958547365227,0.700141388888889,0.700920648148148,0.632809351851852,1.93701392718947
"greedy w=0.9",0.666906018518518,0.333093981481482,-0.110015801982809,0.749730825807679,49.6551724137931,60,0.333093981481482,11818,94,182,0.262561111111111,0.261544479166667,1.49546943434321,0.700458888888889,0.700807777777778,0.633178703703704,1.94196630059414
"greedy w=0.9",0.666687106481481,0.333312893518519,-0.175808907548883,0.749977005913326,49.6551724137931,62,0.333312893518518,11821,84,179,0.265179166666667,0.260818645833333,1.49593559501153,0.700138148148148,0.700733240740741,0.632938518518518,1.93807428467201
"greedy w=1.0",0.663083726851852,0.336916273148148,-1.25878972292819,0.754052587557637,54.9618320610687,66,0.336916273148148,11835,72,165,0.267773611111111,0.260137760416667,1.50582263924767,0.696857685185185,0.69758462962963,0.628946296296296,-0.0949990474669609
"greedy w=1.0",0.663081712962963,0.336918287037037,-1.25939498888821,0.754054877740125,55.8139534883721,67,0.336918287037037,11835,71,165,0.268156944444444,0.259728333333333,1.50641439692169,0.696861574074074,0.697284722222222,0.629090277777778,-0.121441447407968
"greedy w=1.0",0.663084560185185,0.336915439814815,-1.25853926804813,0.754051639899986,56.25,67,0.336915439814815,11835,66,165,0.271409722222222,0.25958953125,1.50640397959056,0.696729907407407,0.697331111111111,0.629138611111111,-0.0346192236349536
"greedy w=1.0",0.663085416666667,0.336914583333333,-1.25828185608813,0.754050665920994,55.3846153846154,66,0.336914583333333,11835,70,165,0.269768055555556,0.260233854166667,1.50396736397452,0.697074722222222,0.697220092592593,0.629023425925926,-0.0760582428494184
"greedy w=1.0",0.663083518518518,0.336916481481482,-1.25885233664821,0.754052824472422,54.9618320610687,66,0.336916481481482,11835,74,165,0.270194444444444,0.260234010416667,1.50507350215038,0.696993611111111,0.697540833333333,0.628899814814815,-0.125398533942305
"greedy w=1.0",0.663087685185185,0.336912314814815,-1.25760006224808,0.754048086205012,55.8139534883721,67,0.336912314814815,11837,67,163,0.270445833333333,0.25979875,1.50494465754495,0.697002222222222,0.697331111111111,0.629008703703704,-0.230239165387775
"greedy w=1.0",0.663085069444444,0.336914930555556,-1.2583862122882,0.754051060777039,55.3846153846154,66,0.336914930555556,11835,74,165,0.268191666666667,0.2604146875,1.50440437887424,0.696900185185185,0.697540833333333,0.62894962962963,-0.23881996815332
"greedy w=1.0",0.663083842592592,0.336916157407408,-1.25875493752821,0.754052455938376,55.8139534883721,67,0.336916157407407,11835,66,165,0.272236111111111,0.260226614583333,1.50358185033301,0.696877037037037,0.697331111111111,0.629063611111111,-0.215637318245087
"restricted line pool",0.673783703703704,0.326216296296296,1.95704397948686,0.742077906087018,28.6852589641434,39,0.326216296296296,11735,198,265,0.2564875,0.275256458333333,1.47047728717627,0.713168240740741,0.710566018518518,0.635700277777778,0.078198223638998
"restricted line pool",0.669548009259259,0.330451990740741,0.68402356681004,0.746772439146171,38.5026737967914,51,0.330451990740741,11797,139,203,0.261023611111111,0.266010416666667,1.48650197713967,0.704442962962963,0.705716111111111,0.634016481481481,0.043698786841125
"restricted line pool",0.671968842592593,0.328031157407407,1.41159499327677,0.74408211855612,30.6382978723404,43,0.328031157407407,11756,182,244,0.257436111111111,0.27176484375,1.47768507759094,0.711756203703704,0.706692314814815,0.634713425925926,-0.242212202350302
"restricted line pool",0.671956712962963,0.328043287037037,1.40794948335641,0.744095550136366,28.4584980237154,34,0.328043287037037,11687,190,313,0.258966666666667,0.28100984375,1.47339231639057,0.710840277777778,0.710141203703704,0.633422685185185,-0.161516362852256
"restricted line pool",0.669039050925926,0.330960949074074,0.531058248836016,0.747340531629683,36.9230769230769,47,0.330960949074074,11764,157,236,0.261447222222222,0.268718177083333,1.48704314201602,0.708186296296296,0.703027314814815,0.632471296296296,-0.0918633646732659
"restricted line pool",0.667083148148148,0.332916851851852,-0.0567802258179439,0.749531750858977,51.4285714285714,63,0.332916851851852,11837,103,163,0.262140277777778,0.259779375,1.49640002252281,0.70080962962963,0.700908148148148,0.633307407407407,0.0713680221293534
"restricted line pool",0.668409652777778,0.331590347222222,0.341895243618643,0.74804425388248,41.8604651162791,52,0.331590347222222,11782,116,218,0.2592,0.2654659375,1.49141401169259,0.703226759259259,0.703924444444444,0.633243703703704,0.100819352846116
"restricted line pool",0.669254768518519,0.330745231481481,0.595891277361945,0.74709964503774,33.4883720930233,45,0.330745231481481,11749,162,251,0.259325,0.270935833333333,1.48459372441164,0.705694722222222,0.706818981481481,0.632252685185185,-0.0301375215911225
"restricted line pool",0.668989513888889,0.331010486111111,0.516170097634653,0.747395870367923,34.2857142857143,43,0.331010486111111,11755,177,245,0.2608875,0.27256546875,1.48574857273037,0.706832777777778,0.704635648148148,0.632244814814815,0.0124701884882663
"restricted line pool",0.678295277777778,0.321704722222222,3.31297887161114,0.737142091919162,19.4594594594595,22,0.321704722222222,11533,274,467,0.256934722222222,0.29446390625,1.44935011680726,0.720797592592593,0.721786666666667,0.635298425925926,0.25531454501938
"restricted line pool",0.667020833333333,0.332979166666667,-0.0755086851796176,0.749601774057532,44.4444444444444,57,0.332979166666667,11814,102,186,0.262876388888889,0.26314140625,1.49311131589669,0.702413148148148,0.700759444444444,0.63245537037037,0.00953036915334686
"restricted line pool",0.667884652777778,0.332115347222222,0.184108669204237,0.748632264449356,44.7204968944099,60,0.332115347222222,11821,123,179,0.261848611111111,0.261013333333333,1.49290886034779,0.700407685185185,0.704961851851852,0.633084537037037,0.0333907209268432
"restricted line pool",0.669256134259259,0.330743865740741,0.596301745082011,0.747098120442939,37.696335078534,46,0.330743865740741,11767,157,233,0.259481944444444,0.26989703125,1.4855044978369,0.70388037037037,0.705529351851852,0.633807407407407,0.0583426671916753
"restricted line pool",0.667624537037037,0.332375462962963,0.105931961237013,0.748923941919561,45.859872611465,59,0.332375462962963,11807,100,193,0.261493055555556,0.2617715625,1.49479552829117,0.701707314814815,0.702113981481482,0.633338425925926,-0.17817582428881
"restricted line pool",0.672200023148148,0.327799976851852,1.48107535124313,0.743826216575127,27.1698113207547,33,0.327799976851852,11671,206,329,0.258444444444444,0.2813175,1.4733567292158,0.709875,0.712595277777778,0.633164907407408,-0.117948275308782
"restricted line pool",0.677797106481481,0.322202893518519,3.16325555291742,0.737683880941237,19.047619047619,20,0.322202893518518,11484,282,516,0.258075,0.297878125,1.44702074542948,0.722653333333333,0.722369166666667,0.633082962962963,0.00915848480380628
"restricted line pool",0.669614490740741,0.330385509259259,0.704004300571836,0.746698297175275,34.9514563106796,44,0.330385509259259,11754,160,246,0.260493055555556,0.271383385416667,1.48442171533715,0.707032037037037,0.705334259259259,0.633045833333333,-0.114461834783618
"restricted line pool",0.678049351851852,0.321950648148148,3.23906685368441,0.737409450557584,18.848167539267,20,0.321950648148148,11483,319,517,0.2568875,0.296799791666667,1.4485314389595,0.720961481481481,0.723010925925926,0.6341125,0.0225609455553631
"restricted line pool",0.67003625,0.32996375,0.830762298183426,0.746228282425018,30.1255230125523,36,0.32996375,11680,176,320,0.259495833333333,0.278736197916667,1.47940212862372,0.709611296296296,0.707629074074074,0.631452314814815,-0.102473039136336
"restricted line pool",0.668509259259259,0.331490740740741,0.371831558861343,0.747932796853142,43.6363636363636,54,0.331490740740741,11794,134,206,0.263056944444444,0.2645896875,1.48942781158004,0.703541296296296,0.701484074074074,0.634505833333334,-0.11987571689933
"restricted line pool",0.669671412037037,0.330328587962963,0.721111760293476,0.746634828682737,34.6153846153846,39,0.330328587962963,11715,148,285,0.258845833333333,0.275309427083333,1.48433882042221,0.707737222222222,0.705063425925926,0.6329425,0.208954048813464
"restricted line pool",0.670004606481482,0.329995393518518,0.821251969822633,0.746263525896847,33.9622641509434,41,0.329995393518518,11763,171,237,0.259072222222222,0.273920833333333,1.48087795027594,0.708189444444445,0.705896388888889,0.632966296296296,-0.00708004696480022
"restricted line pool",0.673970601851852,0.326029398148148,2.01321544341196,0.741872121166951,24.1610738255034,28,0.326029398148148,11621,221,379,0.257766666666667,0.287344166666667,1.46704378134003,0.712323981481481,0.715999537037037,0.633779444444444,0.000732752818034854
"restricted line pool",0.67850962962963,0.32149037037037,3.37740143241711,0.736909217151316,17.4757281553398,18,0.32149037037037,11402,232,598,0.258836111111111,0.300650520833333,1.44160410380156,0.725036018518519,0.725383981481482,0.631809259259259,0.100965505731862
"restricted line pool",0.669196967592593,0.330803032407407,0.578519448600363,0.747164174695424,42.603550295858,58,0.330803032407407,11821,116,179,0.258519444444444,0.261500052083333,1.49082471853131,0.704628888888889,0.702213611111111,0.634972685185185,0.178724908756024
"restricted line pool",0.668021550925926,0.331978449074074,0.225252840327897,0.74847884668835,42.603550295858,55,0.331978449074074,11803,135,197,0.263097222222222,0.263745260416667,1.49238305479448,0.703133425925926,0.702868888888889,0.633041944444445,-0.116757278156352
"restricted line pool",0.669716805555556,0.330283194444444,0.734754594174725,0.746584221647583,35.2941176470588,42,0.330283194444444,11744,168,256,0.258702777777778,0.27295671875,1.48472974457391,0.705466481481482,0.706288333333333,0.633556203703704,-0.181749400636066
"restricted line pool",0.671206203703704,0.328793796296296,1.18238703557576,0.744927560622964,28.6852589641434,36,0.328793796296296,11702,187,298,0.259948611111111,0.2790890625,1.47658727537814,0.70949037037037,0.710591666666667,0.632371388888889,-0.062901838214875
"restricted line pool",0.670017083333333,0.329982916666667,0.82500183594296,0.746249629207215,30.6382978723404,37,0.329982916666667,11723,171,277,0.259238888888889,0.278012708333333,1.48006294936629,0.709528425925926,0.706676388888889,0.631931759259259,-0.436521640249803
"restricted line pool",0.674309513888889,0.325690486111111,2.11507405170131,0.741499251755165,24.9134948096886,30,0.325690486111111,11656,235,344,0.257834722222222,0.2850021875,1.46544543057162,0.715186296296296,0.713686018518519,0.63418287037037,0.118723214805407
"restricted line pool",0.676183865740741,0.323816134259259,2.67840273351297,0.739443848534102,19.047619047619,20,0.323816134259259,11485,230,515,0.258615277777778,0.297842135416667,1.45322532635378,0.721579351851852,0.718496666666667,0.632329722222222,0.478315638683265
"restricted line pool",0.66739212962963,0.33260787037037,0.0360828780306153,0.749184741326626,46.4516129032258,61,0.33260787037037,11828,113,172,0.263461111111111,0.260930260416667,1.49582822912849,0.701046481481482,0.701480740740741,0.633520648148148,-0.219424791467942
"restricted line pool",0.675210694444444,0.324789305555556,2.38592013320612,0.740509598135726,19.8347107438017,22,0.324789305555556,11534,294,466,0.258954166666667,0.295226145833333,1.45667996486404,0.717980092592593,0.719436203703704,0.631713240740741,-0.344261648878455
"restricted line pool",0.672038773148148,0.327961226851852,1.43261233195871,0.744004691362915,31.7180616740088,38,0.327961226851852,11710,197,290,0.257869444444444,0.276086979166667,1.47568147062728,0.709107592592593,0.709611018518519,0.634718240740741,-0.246665877716941
"restricted line pool",0.67374337962963,0.32625662037037,1.94492474612565,0.74212232003654,23.6065573770492,27,0.32625662037037,11597,253,403,0.258415277777778,0.289183645833333,1.46407499850839,0.713837685185185,0.715588240740741,0.632773796296296,-0.120589969628096
"restricted line pool",0.678607361111111,0.321392638888889,3.40677422417978,0.736803089169752,19.9445983379501,22,0.321392638888889,11509,299,491,0.256390277777778,0.293990416666667,1.44743972340017,0.722754722222222,0.720013611111111,0.635830555555555,0.223394839144518
"restricted line pool",0.668796018518518,0.331203981481482,0.458015865909279,0.747612106165903,38.5026737967914,50,0.331203981481482,11789,153,211,0.259190277777778,0.267044583333333,1.48847590122639,0.706191203703704,0.703713425925926,0.632639722222222,-0.177641786370549
"restricted line pool",0.670439768518518,0.329560231481482,0.952038116754611,0.745779148967935,32.4324324324324,43,0.329560231481481,11750,176,250,0.259334722222222,0.27258859375,1.47937047869075,0.706990555555556,0.708545185185185,0.633111666666667,-0.267354195671022
"restricted line pool",0.670102731481482,0.329897268518518,0.850743031945357,0.74615424846066,35.2941176470588,44,0.329897268518519,11761,171,239,0.259870833333333,0.27140078125,1.48302468145588,0.706856388888889,0.706549166666666,0.633502685185185,-0.0892168713924413
"restricted line pool",0.666930925925926,0.333069074074074,-0.10252998390214,0.749702826129754,50,62,0.333069074074074,11825,94,175,0.265720833333333,0.260321927083333,1.49758869873729,0.701045740740741,0.700609259259259,0.633034351851852,-0.0337122043377466
"restricted line pool",0.67822212962963,0.32177787037037,3.29099449880915,0.737221594749563,17.5609756097561,18,0.32177787037037,11415,271,585,0.258243055555556,0.300729114583333,1.44555257411922,0.723931203703704,0.723209907407407,0.632873703703704,-0.167100014585829
"restricted line pool",0.669948796296296,0.330051203703704,0.804478449941094,0.746325693492054,37.5,46,0.330051203703704,11763,137,237,0.258063888888889,0.269658385416667,1.48663366175977,0.704763240740741,0.706479907407408,0.634276018518519,0.0176558488687888
"restricted line pool",0.679299675925926,0.320700324074074,3.61484657283889,0.736052169196857,15.8590308370044,16,0.320700324074074,11386,215,614,0.258430555555556,0.30346671875,1.43777156694402,0.726056111111111,0.72839962962963,0.631371481481481,0.131153021921898
"restricted line pool",0.666623680555556,0.333376319444444,-0.194871306750589,0.750048362493373,48,61,0.333376319444444,11820,100,180,0.265365277777778,0.261149739583333,1.49639411664385,0.700982592592593,0.701393055555556,0.632059537037037,-0.102293342694482
"restricted line pool",0.670262708333334,0.329737291666666,0.898823411829807,0.745976157980344,36.5482233502538,51,0.329737291666667,11786,139,214,0.260895833333333,0.266022291666667,1.48300573154658,0.704298148148148,0.707649907407407,0.634551388888889,0.0400980292926428
"restricted line pool",0.666702476851852,0.333297523148148,-0.171189406428429,0.749959715705549,44.7204968944099,59,0.333297523148148,11812,111,188,0.262459722222222,0.262126614583333,1.49596902853371,0.701034166666667,0.701964444444445,0.631905648148148,-0.014359968629216
"restricted line pool",0.667446898148148,0.332553101851852,0.0525433293120829,0.749123265666925,47.682119205298,57,0.332553101851852,11803,101,197,0.262131944444444,0.26293375,1.4937914975771,0.701613333333333,0.701298518518518,0.63343787037037,-0.0159864498053406
"restricted line pool",0.669699675925926,0.330300324074074,0.729606354974186,0.746603317836015,33.0275229357798,38,0.330300324074074,11719,162,281,0.2593,0.276639635416667,1.48299056166396,0.70576287037037,0.707131018518519,0.632952407407407,0.134455527684611
"restricted line pool",0.66920662037037,0.33079337962963,0.581420550960623,0.747153397441401,43.9024390243902,60,0.33079337962963,11813,146,187,0.264373611111111,0.261255416666667,1.48695226921296,0.701933611111111,0.705560092592593,0.634666388888889,-0.196624556031549
"restricted line pool",0.671087476851852,0.328912523148148,1.14670417225248,0.745059351048476,33.3333333333333,40,0.328912523148148,11734,186,266,0.258591666666667,0.274810364583333,1.4788252494142,0.70739,0.708300833333333,0.634329537037037,0.0509646013798496
"restricted line pool",0.672352222222222,0.327647777777778,1.52681815224731,0.743657838070985,27.3764258555133,32,0.327647777777778,11672,208,328,0.257963888888889,0.282195989583333,1.47274997357142,0.711523796296296,0.710491203703704,0.633696944444444,-0.0234056292226107
"restricted line pool",0.66918125,0.33081875,0.573795591279941,0.747181723935032,37.1134020618557,57,0.33081875,11803,127,197,0.263925,0.263021927083333,1.48673655473677,0.704331574074074,0.705477314814815,0.633458055555556,-0.0463614972138971
"restricted line pool",0.667654444444445,0.332345555555555,0.114920508597863,0.748890394066125,44.1717791411043,54,0.332345555555556,11805,133,195,0.261690277777778,0.26411421875,1.49295065184508,0.701814351851852,0.702869722222222,0.632966851851852,0.172846173618389
"restricted line pool",0.669876273148148,0.330123726851852,0.78268191829911,0.746406493321822,35.8208955223881,51,0.330123726851852,11783,135,217,0.262273611111111,0.266329791666667,1.48430258599954,0.705504351851852,0.705973518518518,0.634013611111111,0.165165259390366
"restricted line pool",0.675287106481481,0.324712893518519,2.40888545428825,0.740425805854938,22.5705329153605,26,0.324712893518519,11592,247,408,0.257520833333333,0.289029010416667,1.46019747420763,0.715036018518519,0.718007777777778,0.634052314814815,-0.109306589181208
"restricted line pool",0.676735694444444,0.323264305555556,2.84425256364816,0.73884088589485,20.1117318435754,22,0.323264305555556,11527,271,473,0.258088888888889,0.295338854166667,1.45321747765142,0.717334444444444,0.722281296296296,0.633663518518518,0.0542136735553145
"restricted line pool",0.67569875,0.32430125,2.53260320793964,0.739974729862975,23.6842105263158,28,0.32430125,11614,273,386,0.256325,0.286913802083333,1.46339207860335,0.714405648148148,0.716808611111111,0.63579037037037,-0.142772226701472
"restricted line pool",0.674021990740741,0.325978009259259,2.02866016101335,0.741815559237922,24.3243243243243,27,0.325978009259259,11614,215,386,0.257694444444444,0.287971510416667,1.46593941468391,0.715849259259259,0.712215925925926,0.634011388888889,0.135063254990651
"restricted line pool",0.668417361111111,0.331582638888889,0.344211951258846,0.748035627274626,38.5026737967914,46,0.331582638888889,11755,132,245,0.260748611111111,0.269953072916667,1.48838270334796,0.70523037037037,0.703646851851852,0.632396111111111,0.00232775682967551
"restricted line pool",0.667705300925926,0.332294699074074,0.13020521335924,0.748833354036033,41.6184971098266,58,0.332294699074074,11812,128,188,0.261295833333333,0.262631041666667,1.49219209379215,0.703182314814815,0.702975,0.632331944444444,0.0724308196547909
"restricted line pool",0.66796537037037,0.33203462962963,0.208368007166379,0.748541798989912,39.5604395604396,49,0.33203462962963,11769,127,231,0.261044444444444,0.26782734375,1.48899344138897,0.703785185185185,0.704152962962963,0.631961666666667,0.298672886578295
"restricted line pool",0.666773078703704,0.333226921296296,-0.149970312426427,0.749880305563726,48,64,0.333226921296296,11831,106,169,0.265356944444444,0.259622083333333,1.49821635309517,0.700728240740741,0.700651851851852,0.632856111111111,0.236636645719695
"restricted line pool",0.668431041666667,0.331568958333333,0.348323585539308,0.748020317478523,43.9024390243902,56,0.331568958333333,11799,131,201,0.260344444444444,0.263100520833333,1.49128410579699,0.703303518518519,0.70156712962963,0.634426759259259,-0.0306919816678847
"restricted line pool",0.67363037037037,0.32636962962963,1.91096028156256,0.742246819609831,22.4299065420561,29,0.32636962962963,11635,245,365,0.258222222222222,0.285955989583333,1.4669806752406,0.711777314814815,0.717413796296296,0.632665185185185,0.00606893280822138
"restricted line pool",0.671768217592593,0.328231782407407,1.35129798091126,0.744304340255697,29.5081967213115,35,0.328231782407407,11700,209,300,0.258865277777778,0.27969140625,1.47445778977102,0.708486759259259,0.711401666666667,0.633592222222222,0.149778757254668
"restricted line pool",0.672810763888889,0.327189236111111,1.66463094998,0.743151011898157,29.6296296296296,35,0.327189236111111,11696,188,304,0.2575625,0.2791496875,1.47335381353606,0.709021481481481,0.71121287037037,0.635504351851852,0.15198124467753
"restricted line pool",0.667116967592593,0.332883032407407,-0.0466159319369032,0.7494937534033,48,62,0.332883032407407,11833,119,167,0.263380555555556,0.260495833333333,1.49621801838888,0.699676944444444,0.703023518518518,0.632883703703704,-0.0112956736283761
"restricted line pool",0.669245069444445,0.330754930555555,0.5929762608417,0.747110472423893,36.734693877551,47,0.330754930555556,11770,151,230,0.261797222222222,0.26909578125,1.48584612705527,0.70514537037037,0.706440277777778,0.632697314814815,-0.223920820048815
"restricted line pool",0.667956875,0.332043125,0.205814758806204,0.748551319274916,39.344262295082,47,0.332043125,11783,124,217,0.259970833333333,0.2691478125,1.49052421842834,0.703276481481481,0.703611759259259,0.63246962962963,0.317746200817228
"restricted line pool",0.669024027777778,0.330975972222222,0.526543103915597,0.74735731339993,37.8947368421053,47,0.330975972222222,11788,154,212,0.259166666666667,0.26879546875,1.48763667821188,0.704933981481481,0.705326018518519,0.632918055555556,-0.0931172759330205
"restricted line pool",0.669779351851852,0.330220648148148,0.753552624336456,0.746514503048751,36.734693877551,49,0.330220648148148,11783,158,217,0.262847222222222,0.2677784375,1.48427966777564,0.705516759259259,0.705199351851852,0.634200648148148,-0.0293357476298674
"restricted line pool",0.668029189814815,0.331970810185185,0.227548676728173,0.748470287860633,37.3056994818653,47,0.331970810185185,11769,140,231,0.261225,0.269213125,1.48970009070282,0.705247222222222,0.703240277777778,0.63181462962963,-0.0514188699309499
"restricted line pool",0.670525555555556,0.329474444444444,0.977821055236995,0.745683733986442,35.6435643564356,43,0.329474444444444,11757,164,243,0.258122222222222,0.271963333333333,1.48200745005338,0.707573333333333,0.705360740740741,0.634584074074074,-0.154548559051651
"restricted line pool",0.670113888888889,0.329886111111111,0.85409634450567,0.746141824979999,34.7826086956522,45,0.329886111111111,11763,162,237,0.258576388888889,0.2703740625,1.4822518626768,0.706365648148148,0.706182314814815,0.633953796296296,-0.0362747522180412
"restricted line pool",0.668230324074074,0.331769675925926,0.287998744853755,0.748245001740709,33.9622641509434,44,0.331769675925926,11757,134,243,0.260338888888889,0.271856927083333,1.48772542405912,0.70712,0.703253703703704,0.631273796296296,-0.128709991741932
"restricted line pool",0.667631550925926,0.332368449074074,0.108039956477212,0.748916074003032,45.2830188679245,60,0.332368449074074,11821,120,179,0.265066666666667,0.2612615625,1.49524209702021,0.702472685185185,0.701457222222222,0.633298148148148,-0.00808098872949717
"restricted line pool",0.667225763888889,0.332774236111111,-0.0139176559340234,0.749371542678115,47.0588235294118,59,0.332774236111111,11820,101,180,0.261111111111111,0.261771666666667,1.49577935907004,0.70036537037037,0.70266287037037,0.632937407407408,-0.127471031471604
"restricted line pool",0.669137175925926,0.330862824074074,0.560549310958672,0.747230938571183,37.5,49,0.330862824074074,11794,147,206,0.259479166666667,0.26791828125,1.48549999984853,0.706129444444444,0.704105185185185,0.633157037037037,0.0134276862656194
"restricted line pool",0.670649328703704,0.329350671296296,1.01502056200041,0.745546112700133,32.579185520362,41,0.329350671296296,11735,172,265,0.258380555555556,0.27381296875,1.48204290150226,0.70805462962963,0.706882314814815,0.633830185185185,0.216740329015054
"restricted line pool",0.66882875,0.33117125,0.467853177030196,0.747575519144475,41.6184971098266,53,0.33117125,11798,132,202,0.259272222222222,0.264863020833333,1.48833772393579,0.702801944444444,0.704443055555556,0.634035,0.0487480948352913
"restricted line pool",0.667761828703704,0.332238171296296,0.147194402720793,0.74876996334251,42.603550295858,56,0.332238171296296,11801,131,199,0.263554166666667,0.263652239583333,1.49073126550346,0.702324074074074,0.704406018518518,0.632158611111111,-0.0035591059826953
"restricted line pool",0.668925694444444,0.331074305555556,0.496989428072893,0.747467176328545,43.9024390243902,54,0.331074305555556,11795,136,205,0.260923611111111,0.26413828125,1.48955377922486,0.704225925925926,0.703500740740741,0.633988055555555,-0.00180211212952043
"restricted line pool",0.667224189814815,0.332775810185185,-0.0143907373740365,0.749373310549147,52.5547445255474,65,0.332775810185185,11832,94,168,0.264351388888889,0.25911859375,1.49725362602967,0.700670555555555,0.700304537037037,0.633960833333333,0.129859068189463
"restricted line pool",0.672273541666667,0.327726458333333,1.50317103732516,0.743744873196148,28.5714285714286,35,0.327726458333333,11684,210,316,0.257794444444444,0.279244739583333,1.47317168905562,0.711860925925926,0.709708240740741,0.6337625,0.125822576148742
"restricted line pool",0.669746921296296,0.330253078703704,0.743805755255523,0.746550650852189,33.3333333333333,38,0.330253078703704,11726,184,274,0.259305555555556,0.276985,1.48218727088455,0.706223981481481,0.708663333333333,0.632050185185185,0.18215252134082
"restricted line pool",0.667148009259259,0.332851990740741,-0.0372864876561448,0.749458880279287,51.7985611510791,64,0.332851990740741,11832,80,168,0.264645833333333,0.25957265625,1.49662391347449,0.700966018518519,0.700044351851852,0.633790833333333,0.10982222468188
"restricted line pool",0.671890138888889,0.328109861111111,1.38794092127461,0.744169278666382,28.2352941176471,33,0.328109861111111,11664,189,336,0.258743055555556,0.2816978125,1.47388074136249,0.710058611111111,0.711681759259259,0.632910092592593,-0.0877636260673082
"restricted line pool",0.671557291666667,0.328442708333333,1.28790506794546,0.74453811492256,24.5733788395904,30,0.328442708333333,11643,199,357,0.260186111111111,0.286047291666667,1.47038315161199,0.71309462962963,0.712341574074074,0.630396481481482,-0.0661032855541452
"restricted line pool",0.666795185185185,0.333204814814815,-0.143326301025849,0.749855444533748,46.7532467532468,65,0.333204814814815,11831,95,169,0.267484722222222,0.259336354166667,1.49583128025295,0.701421203703704,0.700766574074074,0.632496481481482,-0.0768232690001463
"restricted line pool",0.670574421296296,0.329425578703704,0.99250745111833,0.74562939492002,32.4324324324324,41,0.329425578703704,11742,169,258,0.258883333333333,0.273880208333333,1.48063792315356,0.70814712962963,0.706790555555555,0.63368,-0.231820219655853
"restricted line pool",0.667846365740741,0.332153634259259,0.17260165888319,0.748675182869979,47.682119205298,61,0.332153634259259,11823,109,177,0.259676388888889,0.260588541666667,1.49604039149869,0.701366851851852,0.701323240740741,0.634347685185185,0.136566540837035
"restricted line pool",0.669759398148148,0.330240601851852,0.74755562137585,0.746536743467095,35.4679802955665,48,0.330240601851852,11774,149,226,0.261895833333333,0.2686903125,1.48302709525172,0.70498037037037,0.707663333333333,0.633196944444444,0.174607133492329
"restricted line pool",0.667422731481482,0.332577268518518,0.0452801377914692,0.749150390622968,46.4516129032258,60,0.332577268518519,11814,125,186,0.261030555555556,0.261382760416667,1.4938637975965,0.702901296296296,0.700387592592593,0.633201018518519,-0.0109531149090007
"restricted line pool",0.668819421296296,0.331180578703704,0.465049473789996,0.747585946339457,41.3793103448276,52,0.331180578703704,11795,131,205,0.258736111111111,0.265263072916667,1.48997757860133,0.703523425925926,0.703982037037037,0.633886111111111,0.160790002418803
"restricted line pool",0.670444768518518,0.329555231481482,0.953540846034725,0.745773587144024,31.578947368421,37,0.329555231481481,11712,181,288,0.258338888888889,0.277596458333333,1.4815000631737,0.708169907407407,0.707666944444444,0.632971111111111,-0.0359614118468702
"restricted line pool",0.668413657407407,0.331586342592593,0.343098818458736,0.748039772166479,44.1717791411043,57,0.331586342592593,11815,128,185,0.260461111111111,0.262667135416667,1.49133807290432,0.702240462962963,0.704317685185185,0.633548240740741,0.146419960793629
"restricted line pool",0.679137337962963,0.320862662037037,3.56605657079439,0.73622811182746,17.6039119804401,18,0.320862662037037,11408,236,592,0.257636111111111,0.30063125,1.44201958893016,0.725400555555556,0.72474287037037,0.633202962962963,-0.0498380845578066
"restricted line pool",0.671521898148148,0.328478101851852,1.27726769262447,0.744577356864827,30.2521008403361,35,0.328478101851852,11710,192,290,0.258581944444444,0.279393385416667,1.477290511798,0.707513611111111,0.710775092592593,0.633899444444444,-0.143382797424812
"restricted line pool",0.670059398148148,0.329940601851852,0.83771937818411,0.746202502915199,35.4679802955665,45,0.329940601851852,11774,179,226,0.259263888888889,0.270724895833333,1.48026148226748,0.707568518518519,0.705993888888889,0.633337592592593,0.119938669164518
"restricted line pool",0.670587175925926,0.329412824074074,0.996340802198631,0.745615212980498,29.1497975708502,34,0.329412824074074,11665,174,335,0.259388888888889,0.280837760416667,1.47736561645009,0.707929907407408,0.709782314814815,0.632318240740741,-0.310602914387451
"restricted line pool",0.67427025462963,0.32572974537037,2.10327484402022,0.741542425410187,21.2389380530973,24,0.32572974537037,11560,250,440,0.259202777777778,0.293354270833333,1.4594285476167,0.716815092592593,0.718269444444444,0.630998240740741,-0.0462206305707182
"restricted line pool",0.669666666666667,0.330333333333333,0.719685558893327,0.746640119462419,41.3793103448276,50,0.330333333333333,11781,138,219,0.258377777777778,0.2665246875,1.48773779035298,0.706819907407408,0.702378240740741,0.634734259259259,0.0584944438533823
"restricted line pool",0.66970287037037,0.33029712962963,0.730566432014297,0.746599756580828,36,46,0.33029712962963,11764,152,236,0.260222222222222,0.269605833333333,1.48501167228001,0.705899444444444,0.705463888888889,0.633724074074074,0.0936034876030781
"restricted line pool",0.667775,0.332225,0.15115298124119,0.748755194489162,47.3684210526316,58,0.332225,11807,113,193,0.2645625,0.261572135416667,1.49614241376158,0.703211851851852,0.699861296296296,0.634013425925926,0.0369488776183511
"restricted line pool",0.668432662037037,0.331567337962963,0.348810581139339,0.748018504177008,43.1137724550898,55,0.331567337962963,11792,140,208,0.261566666666667,0.2635615625,1.49037404586273,0.702061851851852,0.704628055555556,0.63352037037037,-0.313455209025202
"restricted line pool",0.672688703703704,0.327311296296296,1.62794626713662,0.743285857555047,26.865671641791,32,0.327311296296296,11678,196,322,0.258093055555556,0.282915520833333,1.4725235496353,0.709573796296296,0.71336712962963,0.633906944444444,-0.0996447057636212
"restricted line pool",0.66966587962963,0.33033412037037,0.719449018173254,0.746640996964835,35.6435643564356,43,0.33033412037037,11740,160,260,0.258780555555556,0.27224078125,1.48453024739779,0.706474444444444,0.705330185185185,0.633429444444444,0.0944286019248498
"restricted line pool",0.66779400462963,0.33220599537037,0.156864743921693,0.748733885799572,43.6363636363636,54,0.33220599537037,11799,129,201,0.260929166666667,0.264277291666667,1.49223259891322,0.702997592592592,0.701939166666667,0.63311962962963,-0.0992738924326598
"restricted line pool",0.671253055555556,0.328746944444444,1.19646816549705,0.744875566467523,33.1797235023041,40,0.328746944444444,11723,154,277,0.258276388888889,0.274526041666667,1.47826237927208,0.709857592592593,0.707175740740741,0.633989444444444,-0.0531550554679561
"restricted line pool",0.669734375,0.330265625,0.740035017895169,0.746564636166391,34.2857142857143,42,0.330265625,11741,158,259,0.259118055555556,0.273109739583333,1.48388563499419,0.706709444444445,0.705887685185185,0.633170185185185,-0.0754611648236574
"restricted line pool",0.671544837962963,0.328455162037037,1.28416215890507,0.744551922276225,29.8755186721992,34,0.328455162037037,11678,169,322,0.258831944444444,0.2807075,1.47554522407377,0.709404907407407,0.710063518518519,0.633355462962963,-0.309737046971833
"restricted line pool",0.66929412037037,0.33070587962963,0.607718313363041,0.74705571852822,36.5482233502538,45,0.33070587962963,11750,150,250,0.260208333333333,0.270624322916667,1.48623647101437,0.705265833333333,0.705699351851852,0.633105648148148,-0.141810282596869
"restricted line pool",0.676145972222222,0.323854027777778,2.66701399355191,0.73948528948076,20.8695652173913,22,0.323854027777778,11508,270,492,0.257959722222222,0.2951134375,1.4546176962123,0.718060648148148,0.719108055555555,0.633707592592593,-0.205188522093134
