"layer","nHyb","nF","nM","nLoc","h2_plot","sca_level","strategy","k","p_real","nrep","n_conv","frac_conv","nHyb_mean","nHyb_se","nF_mean","nF_se","nM_mean","nM_se","nLoc_mean","nLoc_se","h2_plot_mean","h2_plot_se","k_mean","k_se","p_real_mean","p_real_se","n_checks_mean","n_checks_se","acc_all_mean","acc_all_se","acc_obs_mean","acc_obs_se","acc_cv1_mean","acc_cv1_se","bias_all_mean","bias_all_se","bias_obs_mean","bias_obs_se","bias_cv1_mean","bias_cv1_se","acc_cv2_mean","acc_cv2_se","vhat_s2f_mean","vhat_s2f_se","relbias_s2f_mean","relbias_s2f_se","vhat_s2m_mean","vhat_s2m_se","relbias_s2m_mean","relbias_s2m_se","vhat_s2s_mean","vhat_s2s_se","relbias_s2s_mean","relbias_s2s_se","vhat_s2fl_mean","vhat_s2fl_se","relbias_s2fl_mean","relbias_s2fl_se","vhat_s2ml_mean","vhat_s2ml_se","relbias_s2ml_mean","relbias_s2ml_se","vhat_s2res_mean","vhat_s2res_se","relbias_s2res_mean","relbias_s2res_se","h2_hat_mean","h2_hat_se","relbias_h2_mean","relbias_h2_se","ratio_sca_gca_hat_mean","ratio_sca_gca_hat_se","ratio_sca_gca_true_mean","ratio_sca_gca_true_se","coinc_t5_truth_mean","coinc_t5_truth_se","coinc_t10_truth_mean","coinc_t10_truth_se","coinc_t5_compl_mean","coinc_t5_compl_se","coinc_t10_compl_mean","coinc_t10_compl_se","pev_mean_mean","pev_mean_se","rel_mean_mean","rel_mean_se","n_plots_mean","n_plots_se","acc_per_1k_plots_mean","acc_per_1k_plots_se","n_iter_mean","n_iter_se","conn_n_plots_mean","conn_n_plots_se","conn_n_obs_hyb_mean","conn_n_obs_hyb_se","conn_fem_cover_mean","conn_fem_cover_se","conn_male_cover_mean","conn_male_cover_se","conn_loc_size_cv_mean","conn_loc_size_cv_se","conn_conc_mean_mean","conn_conc_mean_se","conn_conc_hmean_mean","conn_conc_hmean_se","conn_frac_disconn_mean","conn_frac_disconn_se","conn_fem_common_mean","conn_fem_common_se","conn_male_common_mean","conn_male_common_se","n_cv1_mean","n_cv1_se","acc_ref","cost_ref","acc_rel","cost_rel","within_5","within_10","minimal_5","minimal_10"
"rapida",400,20,20,4,0.4,"high","optimised_blocks",1,0.25,15,11,0.733333333333333,400,0,20,0,20,0,4,0,0.4,0,1,0,0.25,0,0,0,0.7187658646754,0.0173736872211729,0.736106301831456,0.0152003769945327,0.648479601602986,0.0283098180274519,0.974582549937074,0.0476953496529596,0.983778293805223,0.0487969819223212,0.947125037403629,0.0519477638548326,0.677167260135396,0.0152849884407799,1.010118952758,0.11682867969824,0.0101189527580035,0.11682867969824,0.962996015318152,0.130440321770356,-0.0370039846818479,0.130440321770356,1.02044607620879,0.262791533494526,0.0204460762087875,0.262791533494526,0.650245443475117,0.0856363746738436,0.300490886950233,0.171272749347687,0.459121600689331,0.0766179167985297,-0.0817567986213376,0.153235833597059,3.44606205424103,0.219126325114795,-0.0154108416454193,0.0626075214613699,0.390023067217573,0.0335719888980598,-0.0249423319560674,0.0839299722451496,1.09200805729871,0.274170437442222,1,0,0.443333333333333,0.0304203357213037,0.5,0.023528098702858,0.496666666666667,0.030263393991306,0.561666666666667,0.0310401685480615,1.25499949577268,0.109810559250194,0.567959187388467,0.0174612364312114,320,0,2.24614332711063,0.0542927725661654,106.266666666667,4.07719168834286,320,0,320,0,1,0,0.999166666666667,0.00083333333333333,0.0424892007104032,0.00536523968526242,0,0,0,0,1,0,20,0,19.9666666666667,0.0333333333333333,80,0,0.91537051048329,3200,0.785218505997,0.1,FALSE,FALSE,FALSE,FALSE
"rapida",400,20,20,4,0.4,"high","optimised_blocks",2,0.5,15,15,1,400,0,20,0,20,0,4,0,0.4,0,2,0,0.5,0,30,0,0.79988650927182,0.0121500368047408,0.820792746140652,0.010144545713282,0.708199175398021,0.0246867022968593,1.02558227974577,0.0261230944281845,1.02374710353791,0.0228065021721947,1.04374180399683,0.05270757400389,0.769674408514318,0.00892963500816607,0.866204844677038,0.112107060664918,-0.133795155322962,0.112107060664918,0.958829726866342,0.109343250727336,-0.0411702731336582,0.109343250727336,1.05673431091965,0.0624628336747704,0.056734310919649,0.0624628336747704,0.474304833634941,0.0491211287437048,-0.0513903327301178,0.0982422574874095,0.497631463507374,0.0370740062569126,-0.00473707298525138,0.0741480125138253,3.48203152107515,0.0637637502641275,-0.00513385112138538,0.0182182143611793,0.390491123602394,0.0138304102968576,-0.0237721909940157,0.034576025742144,1.41946342147709,0.284230335344497,1,0,0.546666666666667,0.0306542417893925,0.571666666666667,0.0254561558962832,0.59,0.0309377254681539,0.641666666666667,0.0244786917380474,1.1269793783489,0.028195200635731,0.599092596090564,0.0163744765860785,639.733333333333,1.43582286567226,1.25022563431954,0.0183710504638922,47.1333333333333,3.36914100493154,639.733333333333,1.43582286567226,320,0,1,0,1,0,0.0228863440674161,0.00242710344223286,65.1888888888889,0.489537808870707,64.7837042317845,0.508970980301735,0,0,20,0,20,0,80,0,0.91537051048329,3200,0.873839063101893,0.199916666666667,FALSE,FALSE,FALSE,FALSE
"rapida",400,20,20,4,0.4,"high","optimised_blocks",3,0.75,15,15,1,400,0,20,0,20,0,4,0,0.4,0,3,0,0.75,0,30,0,0.832180978936954,0.0109072536679003,0.850566176184988,0.00968916051973012,0.752437673682402,0.0183204676171815,0.997969440857408,0.0163308856278004,0.998659088586132,0.0151438137159638,0.994888641333765,0.0321238845631422,0.804840943378467,0.00798538916648782,1.01475852736847,0.121980409465059,0.0147585273684708,0.121980409465059,1.0637757029879,0.115318972325177,0.0637757029879037,0.115318972325177,0.979583288483591,0.0413898312917674,-0.0204167115164091,0.0413898312917674,0.518770346917293,0.0513193205258722,0.0375406938345869,0.102638641051744,0.566964483126028,0.0446013258469775,0.133928966252055,0.089202651693955,3.47226134388879,0.0710763723964204,-0.00792533031748836,0.0203075349704058,0.396943917728753,0.0145633875996767,-0.00764020567811777,0.0364084689991918,1.05561750372137,0.132727965826056,1,0,0.59,0.0263673679998231,0.598333333333333,0.0200396432500008,0.61,0.0313201593379149,0.673333333333333,0.0222895804542256,1.02108173683943,0.0342809692306927,0.656840366171029,0.0125440930254478,959.933333333333,0.65803941600475,0.866955837263943,0.0115420585067519,30.6666666666667,1.95829533904379,959.933333333333,0.65803941600475,320,0,1,0,1,0,0.0163311386309894,0.00204090890943716,164.033333333333,0.277555466595484,163.905570374643,0.278000436897094,0,0,20,0,20,0,80,0,0.91537051048329,3200,0.909119279468143,0.299979166666667,FALSE,FALSE,FALSE,FALSE
"rapida",400,20,20,4,0.4,"high","complete",4,1,15,15,1,400,0,20,0,20,0,4,0,0.4,0,4,0,1,0,NA,NA,0.848192598763415,0.0101688465010027,0.869933461053658,0.00898410965774866,0.753764807799203,0.0179794481328574,0.98164373982616,0.0139739688741336,0.981027062812399,0.012054517610882,0.987788523217148,0.032164339246989,NA,NA,1.05226575286106,0.0997473132163497,0.0522657528610628,0.0997473132163497,1.03271392306502,0.116044203491195,0.0327139230650179,0.116044203491195,1.04395240697024,0.0308111661968806,0.043952406970239,0.0308111661968806,0.504206849074177,0.0303471606822932,0.00841369814835422,0.0606943213645863,0.613698673485252,0.039418965914953,0.227397346970504,0.0788379318299059,3.46062563078974,0.0502079223607081,-0.0112498197743594,0.014345120674488,0.403309770037726,0.010598750349084,0.00827442509431572,0.0264968758727099,1.11315071123091,0.12240751642857,1,0,0.59,0.0297609523657138,0.623333333333333,0.0233333333333333,NA,NA,NA,NA,0.975874117605011,0.0210083191696023,0.682189475846394,0.0102143228842713,1280,0,0.662650467783918,0.00794441132890835,21.1333333333333,0.914781611547476,1280,0,320,0,1,0,1,0,0,0,320,0,320,0,0,0,20,0,20,0,80,0,0.91537051048329,3200,0.926611234521411,0.4,FALSE,FALSE,FALSE,FALSE
"rapida",400,20,20,4,0.4,"high","random",1,0.25,15,10,0.666666666666667,400,0,20,0,20,0,4,0,0.4,0,1,0,0.25,0,NA,NA,0.728309236892413,0.0148434709891259,0.742462858832859,0.0132062005221966,0.674433792629537,0.0255494351229426,0.95663054437592,0.0371427207738755,0.957772124961198,0.0380565078891497,0.981694892106811,0.0581368319003875,0.671176010595557,0.013237762042828,0.972144176681593,0.117449272422834,-0.0278558233184069,0.117449272422834,1.00692830915737,0.153595488572835,0.00692830915737408,0.153595488572835,1.16984231033296,0.254417724502919,0.169842310332955,0.254417724502919,0.710315341493279,0.0997650552372698,0.420630682986558,0.19953011047454,0.512430858907323,0.0959284560913875,0.024861717814645,0.191856912182775,3.35335899138268,0.277298618747404,-0.0418974310335214,0.0792281767849727,0.408312814438104,0.0285761301132283,0.0207820360952589,0.0714403252830708,1.48369971780951,0.394245378607465,1,0,0.426666666666667,0.0296273147243853,0.49,0.0209591439301732,0.446666666666667,0.038873012632302,0.538333333333333,0.0275882422620781,1.36045022512331,0.0986678303936543,0.558699495200398,0.0200404184435728,320,0,2.27596636528879,0.0463858468410185,106.4,5.84547036683309,320,0,320,0,0.995833333333333,0.00199204768222399,0.988333333333333,0.00191589011183703,0.0999451512940042,0.0110144928319095,0,0,0,0,1,0,19.8333333333333,0.0796819072889596,19.5333333333333,0.0766356044734813,80,0,0.91537051048329,3200,0.795644199317593,0.1,FALSE,FALSE,FALSE,FALSE
"rapida",400,20,20,4,0.4,"high","random",2,0.5,15,15,1,400,0,20,0,20,0,4,0,0.4,0,2,0,0.5,0,NA,NA,0.799902566295078,0.0110619893629798,0.816881928423849,0.00952561964093826,0.725424913058512,0.0198597573160812,1.008123440876,0.020068703588577,1.0057312224731,0.0198056491428064,1.01735065743186,0.029916396805987,0.765248059618595,0.00993052187435823,0.921956529591501,0.125770886500061,-0.078043470408499,0.125770886500061,0.973233661672782,0.114255048187664,-0.0267663383272182,0.114255048187664,1.0744509432641,0.0477160881770192,0.074450943264104,0.0477160881770192,0.527315125746835,0.075864137925417,0.0546302514936697,0.151728275850834,0.564185883249768,0.0400801800558255,0.128371766499535,0.0801603601116511,3.38607176749639,0.08438076218259,-0.0325509235724594,0.0241087891950257,0.396241001703776,0.0124901501889653,-0.00939749574056086,0.0312253754724134,1.272609746858,0.145342039037779,1,0,0.553333333333333,0.0236374736114111,0.58,0.014057704208691,0.596666666666667,0.025102962577328,0.638333333333333,0.0185592145427667,1.14736759727584,0.035499827354983,0.605470290408461,0.0145006044417937,640,0,1.24984775983606,0.0172843583796559,47.5333333333333,2.73403010863462,640,0,320,0,1,0,1,0,0.069421175153598,0.00852519792752646,53.3333333333333,0,52.304409993269,0.161502761280872,0,0,20,0,20,0,80,0,0.91537051048329,3200,0.873856604658098,0.2,FALSE,FALSE,FALSE,FALSE
"rapida",400,20,20,4,0.4,"high","random",3,0.75,15,15,1,400,0,20,0,20,0,4,0,0.4,0,3,0,0.75,0,NA,NA,0.832624150081066,0.00950729278728798,0.851708300148582,0.00857022477024186,0.751948094487044,0.0162796798463341,1.01117715611546,0.0176183599232774,1.00885046105865,0.0164990511775704,1.04270742665883,0.0426348310479531,0.800892634669135,0.00991021543097195,0.960681397894276,0.113011128935171,-0.0393186021057241,0.113011128935171,1.00238970531157,0.103577975393322,0.00238970531156715,0.103577975393322,0.985347881758597,0.0644266056778705,-0.0146521182414026,0.0644266056778705,0.53346459519357,0.0448493624825713,0.0669291903871406,0.0896987249651427,0.527788081698769,0.0434967255477171,0.0555761633975378,0.0869934510954342,3.51783320969911,0.0668620805887903,0.00509520277117326,0.0191034515967972,0.388895620005184,0.0107788997435118,-0.027760949987039,0.0269472493587795,1.21240820889537,0.210078222251515,1,0,0.54,0.0313201593379149,0.62,0.020295436972501,0.62,0.0330223589477825,0.655,0.0193956303375393,1.00485758425321,0.0279116824428449,0.651884156423386,0.013642078734099,960,0,0.86731682300111,0.00990342998675832,32.6,3.72098297304815,960,0,320,0,1,0,1,0,0.0309780272337899,0.00311724284136121,160,0,159.604193214328,0.0808979970939487,0,0,20,0,20,0,80,0,0.91537051048329,3200,0.909603423472167,0.3,FALSE,FALSE,FALSE,FALSE
"rapida",400,20,20,4,0.4,"high","parentage",1,0.25,15,13,0.866666666666667,400,0,20,0,20,0,4,0,0.4,0,1,0,0.25,0,NA,NA,0.747392197933008,0.0130959273014706,0.763263911229501,0.0124762900572988,0.681585199440736,0.0205694125752019,0.975517760912465,0.0397901106723044,0.978057784324154,0.0440056663914238,0.980661952594585,0.0411869577866687,0.683479434595593,0.0148163439896055,0.932533339502956,0.119534693699278,-0.0674666604970443,0.119534693699279,1.01034686976818,0.124340870489534,0.0103468697681806,0.124340870489534,1.23834963206312,0.184975468196974,0.23834963206312,0.184975468196974,0.34090401005534,0.0577314592016587,-0.318191979889321,0.115462918403317,0.531541589689626,0.0873516871211882,0.0630831793792527,0.174703374242376,3.31187949514411,0.200322751636691,-0.0537487156731121,0.0572350718961974,0.430647516829545,0.0297240303695942,0.0766187920738625,0.0743100759239856,1.38485395354225,0.228636798186734,1,0,0.463333333333333,0.0260341655863555,0.541666666666667,0.0220479275922049,0.556666666666667,0.0344572428859534,0.613333333333333,0.028542644230739,1.38259680837109,0.0933954198317287,0.556231275365515,0.0198981329895289,320,0,2.33560061854065,0.0409247728170956,109.066666666667,2.54944749694567,320,0,320,0,1,0,1,0,0.0483370216678042,0.0054348895131773,0,0,0,0,1,0,20,0,20,0,80,0,0.91537051048329,3200,0.816491452776217,0.1,FALSE,FALSE,FALSE,FALSE
"rapida",400,20,20,4,0.4,"high","parentage",2,0.5,15,15,1,400,0,20,0,20,0,4,0,0.4,0,2,0,0.5,0,NA,NA,0.79563854617164,0.011878906105481,0.813427387301005,0.0106529981713019,0.719063825766324,0.0204280899303894,0.966094656807528,0.0202743416497789,0.963436715605247,0.0195209346708151,1.00012161357395,0.0499496599299292,0.763725820538875,0.0117717537361012,0.954746530232812,0.122206742258659,-0.0452534697671877,0.122206742258659,1.06838421471709,0.119249420148382,0.0683842147170898,0.119249420148382,1.12175399446794,0.068090765540387,0.121753994467944,0.068090765540387,0.525008186478078,0.0610555183509501,0.0500163729561558,0.1221110367019,0.567110237868149,0.0687247261005467,0.134220475736298,0.137449452201093,3.50355048563842,0.0970527408970087,0.00101442446811866,0.0277293545420025,0.403797449047637,0.0110177282106134,0.00949362261909228,0.0275443205265336,1.3723289363534,0.281702107433667,1,0,0.55,0.0300792603759119,0.58,0.0239294598271471,0.596666666666667,0.0220749085457129,0.66,0.0215196477223778,1.18747627233929,0.0382350488764218,0.615236971477027,0.0146144594285186,640,0,1.24318522839319,0.0185607907898141,47.4,4.53116194495723,640,0,320,0,1,0,1,0,0.028229491516026,0.00211239215695342,53.3333333333333,0,33.91301907249,5.63205330921828,0.0888888888888889,0.0393957893523519,20,0,20,0,80,0,0.91537051048329,3200,0.869198359636433,0.2,FALSE,FALSE,FALSE,FALSE
"rapida",400,20,20,4,0.4,"high","parentage",3,0.75,15,15,1,400,0,20,0,20,0,4,0,0.4,0,3,0,0.75,0,NA,NA,0.827468929124617,0.0102781479858275,0.848867847015009,0.00871400309153629,0.733683491879132,0.0196243538566151,1.0136489250356,0.0173910057308762,1.01717456479331,0.0152940828491766,0.99815724770101,0.0390500189559403,0.806658621109658,0.00953132754818353,0.95262890943245,0.107587797727129,-0.04737109056755,0.107587797727129,1.02319576920332,0.136957984333029,0.0231957692033198,0.136957984333029,0.975267692274736,0.0391388389814016,-0.0247323077252637,0.0391388389814016,0.502777073802292,0.0358503037356388,0.00555414760458339,0.0717006074712775,0.576183882273504,0.03554762168945,0.152367764547008,0.0710952433789,3.47714631809708,0.0431557663038143,-0.00652962340083446,0.0123302189439469,0.389387747408558,0.0133104720709111,-0.0265306314786061,0.0332761801772778,1.16236849418857,0.166555841770754,1,0,0.596666666666667,0.0255728030135191,0.603333333333333,0.0177392936635746,0.64,0.0240039679259592,0.651666666666667,0.0169850541209636,1.00318791764082,0.0237016987731428,0.649978786004116,0.0144045518379199,960,0,0.861946801171476,0.0107064041519036,31.2666666666667,1.54138671846912,960,0,320,0,1,0,1,0,0.0151746474865735,0.000926360939973198,160,0,159.912733294953,0.0100154455696877,0,0,20,0,20,0,80,0,0.91537051048329,3200,0.903971582706697,0.3,FALSE,FALSE,FALSE,FALSE
"rapida",400,20,20,10,0.4,"high","optimised_blocks",2,0.2,15,15,1,400,0,20,0,20,0,10,0,0.4,0,2,0,0.2,0,30,0,0.812655182474394,0.00559351340557932,0.829713149190088,0.00548971570503312,0.743314898789978,0.010852146417023,1.00893887758365,0.0236011739536024,1.00449250521022,0.0226533104888746,1.03550378970472,0.0384000712289883,0.716019172767827,0.0079930137638045,1.00097238380422,0.0967498829971635,0.000972383804223235,0.0967498829971635,1.1867683804908,0.107751882051123,0.186768380490795,0.107751882051123,1.03394891461964,0.0920312741447832,0.0339489146196367,0.0920312741447832,0.575882310336715,0.0599634880980244,0.151764620673431,0.119926976196049,0.517748711282766,0.0692196706799811,0.0354974225655312,0.138439341359962,3.43155187678866,0.0908700036154698,-0.0195566066318114,0.0259628581758485,0.412631030005567,0.015088088962491,0.0315775750139186,0.0377202224062274,1.02323118926484,0.136075715647059,1,0,0.483333333333333,0.0270214494459259,0.561666666666667,0.0194976596072126,0.546666666666667,0.0264874933050922,0.62,0.0189296944860009,1.18067255679796,0.0472247721635467,0.627142311022765,0.011788013710403,635.533333333333,4.89787773930775,1.28027066612096,0.0163610351850182,73.4666666666667,2.89312266075235,635.533333333333,4.89787773930775,320,0,0.992333333333333,0.00188140440620366,0.990666666666667,0.00206251503121026,0.0404692784392173,0.00207395237047402,25.8385185185185,0.533952315704142,25.7665770252851,0.535821905105869,0,0,19.7007407407407,0.0735068227339353,19.6311111111111,0.0806149206542981,80,0,0.91537051048329,3200,0.887788248766431,0.198604166666667,FALSE,FALSE,FALSE,FALSE
"rapida",400,20,20,10,0.4,"high","optimised_blocks",3,0.3,15,15,1,400,0,20,0,20,0,10,0,0.4,0,3,0,0.3,0,30,0,0.85409476119084,0.00438160420319355,0.872617989664179,0.00521758342554449,0.777859492428428,0.0120912838577424,1.03989876413496,0.0172605019701507,1.03417123210198,0.0156758894155956,1.06790309399215,0.0342338968302018,0.767306057732017,0.00803387389319055,0.981807260692051,0.0994875117225812,-0.0181927393079491,0.0994875117225812,1.12063775078541,0.0928141597755717,0.12063775078541,0.0928141597755717,0.917501657510005,0.0407114247158187,-0.0824983424899952,0.0407114247158187,0.528614194065964,0.0466972348980405,0.0572283881319271,0.093394469796081,0.529349223638217,0.0463087216506216,0.0586984472764342,0.0926174433012432,3.45986355833639,0.0551678510101912,-0.0114675547610313,0.0157622431457689,0.3979207995694,0.0131101922089986,-0.00519800107650073,0.0327754805224966,0.94685681781673,0.0984530781601202,1,0,0.523333333333333,0.022817425810878,0.635,0.0135400640077266,0.59,0.0263673679998231,0.671666666666667,0.0108744640444469,0.945740485154039,0.0204356806899544,0.679784616121923,0.0114618558397595,959.266666666667,4.44914830444217,0.890562916032488,0.00544034091100604,50.2,2.34053310980538,959.266666666667,4.44914830444217,320,0,1,0,1,0,0.0336828639031083,0.00243569616899469,36.2340740740741,0.52698990668512,35.9873858538732,0.534286947909189,0,0,20,0,20,0,80,0,0.91537051048329,3200,0.933059074341276,0.299770833333333,FALSE,FALSE,FALSE,FALSE
"rapida",400,20,20,10,0.4,"high","optimised_blocks",5,0.5,15,15,1,400,0,20,0,20,0,10,0,0.4,0,5,0,0.5,0,30,0,0.884336195986258,0.00414255076517791,0.906706716799779,0.00376599818309882,0.791943273023108,0.0122246215055873,1.02425863125141,0.0103163204799736,1.01823312995568,0.0087681354588345,1.0590854304454,0.0318920397326436,0.815866269600811,0.00604918583757922,0.975900748180892,0.0936812665571612,-0.0240992518191075,0.0936812665571612,1.10167270038758,0.0807419421826428,0.101672700387581,0.0807419421826428,0.990111109297398,0.0313468135402778,-0.00988889070260241,0.0313468135402778,0.530251804649019,0.029155352195369,0.060503609298038,0.058310704390738,0.485929767466959,0.0284495283756859,-0.0281404650660811,0.0568990567513719,3.42290420278282,0.0470774930040965,-0.0220273706334801,0.0134507122868847,0.407153526456116,0.0099646737269976,0.0178838161402903,0.024911684317494,1.01933548532763,0.0959134827584632,1,0,0.573333333333333,0.0206251503121026,0.661666666666667,0.0161589328580544,0.636666666666667,0.0203929648622513,0.713333333333333,0.0174005108481842,0.806938736713237,0.0109411613078171,0.733518605200522,0.0072868530209394,1599.86666666667,3.15604735715973,0.552802943599436,0.00304695432046833,26.3333333333333,0.96444737034155,1599.86666666667,3.15604735715973,320,0,1,0,1,0,0.0235478735882855,0.00132483583633634,79.077037037037,0.443495636263398,78.760204672503,0.446804048262543,0,0,20,0,20,0,80,0,0.91537051048329,3200,0.966096444945942,0.499958333333333,FALSE,FALSE,FALSE,FALSE
"rapida",400,20,20,10,0.4,"high","optimised_blocks",7,0.7,15,15,1,400,0,20,0,20,0,10,0,0.4,0,7,0,0.7,0,30,0,0.898455576976031,0.00384310835571127,0.923510444469986,0.00347740835383842,0.793676776836455,0.0103088950070917,1.01827846724033,0.0150239636259689,1.01542276538749,0.0143377612139118,1.03482532799814,0.0254670698075073,0.83832447356403,0.00518030420939059,0.972715597594995,0.0963706495820473,-0.027284402405005,0.0963706495820473,1.15544452660909,0.084040721060645,0.155444526609093,0.084040721060645,0.977269834689651,0.0386781878497245,-0.0227301653103491,0.0386781878497245,0.541080440060029,0.0211654687234091,0.0821608801200579,0.0423309374468181,0.498196444007681,0.024038221680446,-0.00360711198463707,0.048076443360892,3.46435524831485,0.0375622316830063,-0.0101842147671844,0.0107320661951447,0.405745826698926,0.0127874310410598,0.0143645667473155,0.0319685776026495,0.964219048356544,0.0648757193436303,1,0,0.606666666666667,0.0238380781157787,0.685,0.0126302735332141,0.696666666666667,0.0209686084345752,0.746666666666667,0.0144062376261008,0.72891295994855,0.0157278962907631,0.761260677854744,0.00668021534094505,2240.06666666667,2.56620280285811,0.40110307149074,0.00194907616706226,19.8,0.470055721114403,2240.06666666667,2.56620280285811,320,0,1,0,1,0,0.0183327728725778,0.00109709923312799,152.551111111111,0.432317082665868,152.364769536703,0.434656882009311,0,0,20,0,20,0,80,0,0.91537051048329,3200,0.981521216476235,0.700020833333333,FALSE,FALSE,FALSE,FALSE
"rapida",400,20,20,10,0.4,"high","complete",10,1,15,15,1,400,0,20,0,20,0,10,0,0.4,0,10,0,1,0,NA,NA,0.91537051048329,0.00268725442923643,0.941124422863506,0.00257956943217183,0.807406265677858,0.00940745361904517,1.01872090957153,0.0109605426540743,1.01483031905035,0.0105489175226075,1.03892464103374,0.0218860135559053,NA,NA,0.986206012081045,0.0957668149876672,-0.0137939879189551,0.0957668149876672,1.14823453913995,0.0862994928600388,0.148234539139947,0.0862994928600388,0.983413959112406,0.0284335517389449,-0.0165860408875944,0.0284335517389449,0.483674374980896,0.0153133497578643,-0.0326512500382071,0.0306266995157287,0.521138158974895,0.0288021653706223,0.0422763179497894,0.0576043307412447,3.46062857074182,0.0298463474453529,-0.0112489797880527,0.0085275278415294,0.408932999182032,0.0107039964032392,0.0223324979550797,0.026759991008098,0.972514281815617,0.0695365312217147,1,0,0.646666666666667,0.0157862709088103,0.74,0.0105785047102491,NA,NA,NA,NA,0.659296892999315,0.0134695199614893,0.785751621263622,0.00495085148128101,3200,0,0.286053284526028,0.000839767009136384,15.1333333333333,0.290593262902712,3200,0,320,0,1,0,1,0,0,0,320,0,320,0,0,0,20,0,20,0,80,0,0.91537051048329,3200,1,1,FALSE,FALSE,FALSE,FALSE
"rapida",400,20,20,10,0.4,"high","random",2,0.2,15,15,1,400,0,20,0,20,0,10,0,0.4,0,2,0,0.2,0,NA,NA,0.824928793785173,0.00633776319474179,0.843834967152965,0.00571094587575008,0.746661128817151,0.0141799535097197,0.993786299959693,0.0117350379534549,0.99906125300686,0.0101552201698796,0.969092148431024,0.0303586476114214,0.732669882449514,0.00785272292317263,1.11483466533755,0.123514809187085,0.114834665337552,0.123514809187085,1.1484883830158,0.0793154709950985,0.148488383015797,0.0793154709950985,0.876221042019988,0.0622557539153645,-0.123778957980012,0.0622557539153645,0.636040783898915,0.0739314616223332,0.272081567797831,0.147862923244666,0.518604992315559,0.0688910844709254,0.0372099846311174,0.137782168941851,3.41127975802373,0.102684975293148,-0.0253486405646483,0.0293385643694708,0.406260768844801,0.0110989216010792,0.0156519221120032,0.027747304002698,0.814921627292966,0.0847482714490932,1,0,0.493333333333333,0.0211944886516837,0.6,0.0179284291400159,0.566666666666667,0.0270214494459259,0.626666666666667,0.0271094196714101,1.04081578609973,0.0279635619180336,0.665387573706734,0.00952587117383703,640,0,1.28895124028933,0.00990275499178405,79.8,4.12910690216708,640,0,320,0,0.965333333333333,0.00329019708002375,0.97,0.00276026223736942,0.102355475992391,0.0073202672971442,7.11111111111111,0,5.96106830650716,0.0698902931656786,0,0,18.6222222222222,0.129957257930786,18.8148148148148,0.109354724682145,80,0,0.91537051048329,3200,0.901196602182032,0.2,FALSE,FALSE,FALSE,FALSE
"rapida",400,20,20,10,0.4,"high","random",3,0.3,15,15,1,400,0,20,0,20,0,10,0,0.4,0,3,0,0.3,0,NA,NA,0.853204119668347,0.00696278012596164,0.876939193357518,0.00602665959020216,0.753553071356049,0.0159491233168759,1.01505958238577,0.0161891198834283,1.0131323395831,0.0140898123634467,1.02600616367837,0.0369741032951021,0.767112148591169,0.00766985765268624,0.97664150492146,0.125302730625228,-0.02335849507854,0.125302730625228,1.11099848426969,0.0974818229036781,0.110998484269686,0.0974818229036781,1.05869300155705,0.0616376783803824,0.0586930015570538,0.0616376783803824,0.467562780390695,0.0455589161208091,-0.0648744392186097,0.0911178322416182,0.503816855454991,0.0383986124565773,0.00763371090998207,0.0767972249131545,3.5044104367131,0.0676449137634961,0.00126012477517216,0.0193271182181417,0.410194028553156,0.0109115260999628,0.0254850713828888,0.0272788152499069,1.15756540181332,0.170261536936922,1,0,0.513333333333333,0.0255728030135191,0.643333333333333,0.0147330747661,0.583333333333333,0.0232310684145723,0.695,0.0114953406710222,0.965557932048889,0.0209865895077839,0.687449502961383,0.0102688301386066,960,0,0.888754291321195,0.00725289596454337,50.0666666666667,3.122066877455,960,0,320,0,0.994,0.00130930734141596,0.996,0.000723746864455746,0.0881807034666768,0.00487299723788529,21.3333333333333,0,20.2951925101828,0.0663072130165938,0,0,19.7614814814815,0.0516610245160377,19.8414814814815,0.0280979781244408,80,0,0.91537051048329,3200,0.932086089618377,0.3,FALSE,FALSE,FALSE,FALSE
"rapida",400,20,20,10,0.4,"high","random",5,0.5,15,15,1,400,0,20,0,20,0,10,0,0.4,0,5,0,0.5,0,NA,NA,0.882456694955411,0.00505837762863558,0.905110606184653,0.00502774988108651,0.789051241986304,0.0114226538952676,1.01681141069491,0.0137191952672539,1.014252084243,0.0124251934897768,1.03392573255726,0.029744405742787,0.815822027305215,0.00656293711635999,0.976681435234503,0.0888023723533398,-0.0233185647654972,0.0888023723533398,1.15312446791062,0.0970431156113778,0.153124467910622,0.0970431156113778,0.980390081279203,0.0469286645096644,-0.0196099187207968,0.0469286645096644,0.551862762904412,0.0363736469867254,0.103725525808823,0.0727472939734508,0.502926499539914,0.0188870243511041,0.00585299907982881,0.0377740487022082,3.49187458035129,0.0272704056912712,-0.0023215484710591,0.00779154448322034,0.403631683593896,0.0099616128796928,0.00907920898474,0.024904032199232,1.00103364726932,0.10049329563667,1,0,0.6,0.0169030850945703,0.676666666666667,0.012551481288664,0.696666666666667,0.0179062815971078,0.716666666666667,0.013288615487977,0.809571468437275,0.0184166653515409,0.735567215045967,0.00787316328202861,1600,0,0.551535434347132,0.00316148601789724,26.6,1.03187300805957,1600,0,320,0,1,0,1,0,0.0536064673963996,0.00358157381627014,71.1111111111111,0,70.4063361187657,0.0569039705123122,0,0,20,0,20,0,80,0,0.91537051048329,3200,0.964043176887465,0.5,FALSE,FALSE,FALSE,FALSE
"rapida",400,20,20,10,0.4,"high","random",7,0.7,15,15,1,400,0,20,0,20,0,10,0,0.4,0,7,0,0.7,0,NA,NA,0.90039929114886,0.00321782028202596,0.925266829485196,0.00313111573724481,0.797077602706693,0.0101612480699365,1.00901042896825,0.00992154392390897,1.00791311705052,0.0097028727869523,1.01664039587864,0.022691437384172,0.841662146705382,0.00534587852079993,1.00912473810255,0.0913955279679658,0.00912473810254574,0.0913955279679658,1.18258003652398,0.0885730724297158,0.182580036523979,0.0885730724297159,0.977618460860504,0.0321863240456299,-0.0223815391394965,0.0321863240456299,0.569456960851836,0.0303086444725682,0.138913921703672,0.0606172889451364,0.550845438133438,0.0273781843513581,0.101690876266875,0.0547563687027163,3.44458609800836,0.0293997255909359,-0.0158325434261816,0.00839992159741026,0.407804913879997,0.0112125563110826,0.0195122846999926,0.0280313907777065,0.92869004125814,0.0574951536856576,1,0,0.656666666666667,0.022817425810878,0.68,0.015848989752993,0.72,0.0275162289775117,0.746666666666667,0.0146113676119679,0.740245341560378,0.0148363654675705,0.763317394126375,0.00569437750900541,2240,0,0.401963969262884,0.00143652691161873,19.0666666666667,0.482717177046636,2240,0,320,0,1,0,1,0,0.0430632161418443,0.00269439875930015,149.333333333333,0,148.662839542442,0.0695314224074162,0,0,20,0,20,0,80,0,0.91537051048329,3200,0.9836446344262,0.7,FALSE,FALSE,FALSE,FALSE
"rapida",400,20,20,10,0.4,"high","parentage",2,0.2,15,15,1,400,0,20,0,20,0,10,0,0.4,0,2,0,0.2,0,NA,NA,0.824075251258359,0.00677769269098066,0.840805507810289,0.00722348725046872,0.756330296851198,0.0105607838585922,1.00465409901736,0.0206677285931302,1.00183197876416,0.022508837032759,1.02343482720074,0.0236998705537875,0.731936033456198,0.00932922433811192,1.05251745694769,0.120152418134655,0.0525174569476942,0.120152418134655,1.15423351723725,0.0812638501361433,0.154233517237248,0.0812638501361433,0.891648132159866,0.105256769614462,-0.108351867840134,0.105256769614462,0.509669185492408,0.0676885655037718,0.0193383709848162,0.135377131007544,0.464055022203305,0.0681076244601249,-0.07188995559339,0.13621524892025,3.47887805459074,0.113835360005088,-0.00603484154550323,0.0325243885728823,0.40716182560276,0.0156471475370609,0.0179045640068987,0.0391178688426522,0.885570219303768,0.131257907225864,1,0,0.5,0.0228868854108532,0.55,0.0179284291400159,0.583333333333333,0.0287297202457112,0.621666666666667,0.0187188895342866,1.01207647524389,0.0453509821163346,0.667319938211478,0.0118882531945632,640,0,1.28761758009119,0.0105901448296573,81.9333333333333,3.40652967761099,640,0,320,0,0.998666666666667,0.000590936840285279,0.999,0.000534522483824849,0.0526156296912042,0.00294590675548824,7.11111111111111,1.061576257419e-16,0,0,0.641481481481481,0.00890650811111146,19.9466666666667,0.0236374736114111,19.96,0.0213808993529939,80,0,0.91537051048329,3200,0.900264146398239,0.2,FALSE,FALSE,FALSE,FALSE
"rapida",400,20,20,10,0.4,"high","parentage",3,0.3,15,15,1,400,0,20,0,20,0,10,0,0.4,0,3,0,0.3,0,NA,NA,0.85581054032653,0.00541828442530496,0.877245929185221,0.00487778571508675,0.76698120864994,0.0126145139687555,1.00925986576392,0.0168550578075539,1.00399968106168,0.0173645597933198,1.03798791546242,0.0216187229354221,0.772846736320171,0.00715822459937249,0.961211285698203,0.114575426136169,-0.0387887143017973,0.114575426136169,1.15601137319799,0.0985924189283688,0.156011373197988,0.0985924189283688,1.06969500128265,0.0518392169420327,0.0696950012826484,0.0518392169420327,0.544902283449848,0.0354826153470198,0.0898045668996954,0.0709652306940395,0.47533556435705,0.0334858709471582,-0.0493288712858998,0.0669717418943165,3.45325862897438,0.0530308795049165,-0.0133546774358909,0.0151516798585476,0.412886057494848,0.0126596493030284,0.03221514373712,0.031649123257571,1.08914784035406,0.104755972444216,1,0,0.556666666666667,0.0211944886516837,0.625,0.0179284291400159,0.62,0.025727509827124,0.655,0.0192415720573475,0.972860006490316,0.0251003717350291,0.68880748961199,0.00939585478648844,960,0,0.891469312840135,0.00564404627635934,46.4,2.20346048188709,960,0,320,0,1,0,0.999666666666667,0.000333333333333334,0.0424819494196869,0.00189644113936656,21.3333333333333,4.246305029676e-16,0,0,0.217777777777778,0.0135780020591284,20,0,19.9866666666667,0.0133333333333333,80,0,0.91537051048329,3200,0.934933483791919,0.3,FALSE,FALSE,FALSE,FALSE
"rapida",400,20,20,10,0.4,"high","parentage",5,0.5,15,15,1,400,0,20,0,20,0,10,0,0.4,0,5,0,0.5,0,NA,NA,0.883917478772982,0.00480722161102317,0.907316332636185,0.00428882800004487,0.788044979664074,0.0121593962700613,1.00158767097698,0.0133055876612288,0.999281810924885,0.0114371765935608,1.02289688532687,0.0352383211104014,0.815182706956312,0.00585684476950643,0.996803801152941,0.101463360691189,-0.0031961988470593,0.101463360691189,1.19727950510441,0.094867427352567,0.197279505104407,0.094867427352567,0.99881136132779,0.0352003062423287,-0.0011886386722098,0.0352003062423287,0.51532700054155,0.0264527156251174,0.0306540010831006,0.0529054312502348,0.475361165291791,0.0351207204797176,-0.0492776694164173,0.0702414409594352,3.47111337187431,0.0559779432650008,-0.00825332232162691,0.0159936980757145,0.414951736410589,0.0132253910421795,0.0373793410264729,0.0330634776054489,0.975423831117188,0.0822188698086798,1,0,0.603333333333333,0.0179062815971078,0.681666666666667,0.014323363088281,0.653333333333333,0.0220749085457129,0.735,0.0102933172958178,0.813406704584951,0.0144442137963535,0.740194963840216,0.00876202136687397,1600,0,0.552448424233114,0.00300451350688948,27.3333333333333,1.16972388547638,1600,0,320,0,1,0,1,0,0.0269464376223786,0.00186650473043899,71.1111111111111,0,59.9880376749823,0.681252308201458,0,0,20,0,20,0,80,0,0.91537051048329,3200,0.965639015731781,0.5,FALSE,FALSE,FALSE,FALSE
"rapida",400,20,20,10,0.4,"high","parentage",7,0.7,15,15,1,400,0,20,0,20,0,10,0,0.4,0,7,0,0.7,0,NA,NA,0.898834767741965,0.00383963532992299,0.92473363356627,0.00312295262274901,0.788554932557441,0.0138327163244731,1.0284959475227,0.0125851320975361,1.02686966253446,0.011726980380902,1.03601490127267,0.0302530302697872,0.840991928899027,0.00543654626063383,0.99647729094508,0.102067824526836,-0.00352270905491976,0.102067824526836,1.10071045113133,0.0859212210631078,0.100710451131325,0.0859212210631078,0.959582343332876,0.0374077446784204,-0.0404176566671237,0.0374077446784204,0.536320708779236,0.0284146079016124,0.0726414175584727,0.0568292158032248,0.495443192968006,0.0313239839287477,-0.0091136140639873,0.0626479678574953,3.48895918214907,0.0361593435929897,-0.0031545193859786,0.0103312410265685,0.401315301978038,0.0111639383814596,0.00328825494509428,0.027909845953649,0.98731645833772,0.0953020850058822,1,0,0.61,0.0190237946242268,0.691666666666667,0.013288615487977,0.706666666666667,0.0168089167568788,0.753333333333333,0.0119190390578894,0.720723466047799,0.0138754054285901,0.760548610142461,0.00669347228988221,2240,0,0.401265521313377,0.00171412291514419,20.2666666666667,0.613084835787851,2240,0,320,0,1,0,1,0,0.0165233309966746,0.000955745809226517,149.333333333333,0,147.606074358705,0.0976970107548595,0,0,20,0,20,0,80,0,0.91537051048329,3200,0.981935464872476,0.7,FALSE,FALSE,FALSE,FALSE
"rapida",100,10,10,2,0.2,"low","optimised_blocks",1,0.5,12,2,0.166666666666667,100,0,10,0,10,0,2,0,0.2,0,1,0,0.5,0,0,0,0.523336763078297,0.0433918435092892,0.551118031196314,0.0406789947027243,0.416937146461981,0.0884678016092863,0.746452577407847,0.144058320691166,0.740020536347614,0.142039085301182,0.833685765271405,0.219600700068494,0.550347560455764,0.0339478505961811,0.963061191959612,0.168711958980533,-0.0369388080403884,0.168711958980533,0.793365036769021,0.281104366475619,-0.206634963230979,0.281104366475619,2.57485075142217,0.971926729924077,9.29940300568869,3.88770691969631,0.369249527608586,0.185877535864039,-0.261500944782827,0.371755071728078,1.08012223032284,0.354969059033164,1.16024446064568,0.709938118066328,5.35407932959918,0.809839653709037,-0.330740083800102,0.10122995671363,0.377072894430597,0.076649106601775,0.885364472152983,0.383245533008875,23.2417873709732,16.3877697336103,0.25,0,0.316666666666667,0.0519809599951771,0.341666666666667,0.0514315274924051,0.166666666666667,0.0541229427257326,0.266666666666667,0.0594588390010563,1.98792364652726,0.2980799161729,0.448094548714078,0.0459192930900558,80,0,6.54170953847871,0.542398043866114,117.75,1.66116516245968,80,0,80,0,0.995833333333333,0.00416666666666667,1,0,0.0618718433538229,0.0107705054606916,0,0,0,0,1,0,9.91666666666667,0.0833333333333333,10,0,20,0,0.861754965985084,800,0.607291844822807,0.1,FALSE,FALSE,FALSE,FALSE
"rapida",100,10,10,2,0.2,"low","complete",2,1,12,9,0.75,100,0,10,0,10,0,2,0,0.2,0,2,0,1,0,NA,NA,0.598483474359562,0.0412407321454374,0.624113716030324,0.0363378413609884,0.480200562701355,0.0821737442893038,1.20605339086493,0.251372243166724,1.19882298136281,0.243707711506254,1.207156020342,0.310769204441678,NA,NA,0.540915554001061,0.116508961581073,-0.459084445998939,0.116508961581073,0.778817961394917,0.159129895120372,-0.221182038605083,0.159129895120372,0.559734619447773,0.21382295333418,1.23893847779109,0.855291813336719,0.670195505524353,0.225806773498306,0.340391011048706,0.451613546996613,0.603647264921809,0.195464777664158,0.207294529843619,0.390929555328316,7.92383774438566,0.333773233680471,-0.00952028195179274,0.0417216542100589,0.170385323614103,0.0239686354398977,-0.148073381929486,0.119843177199488,1.16062041302053,0.444242514517578,0.25,0,0.3,0.0717740562565273,0.341666666666667,0.0357989616688202,NA,NA,NA,NA,1.07242806079985,0.151001724760549,0.401021283252921,0.0396201985371341,160,0,3.74052171474727,0.257754575908983,106.25,4.41266256460778,160,0,80,0,1,0,1,0,0,0,80,0,80,0,0,0,10,0,10,0,20,0,0.861754965985084,800,0.694493792299099,0.2,FALSE,FALSE,FALSE,FALSE
"rapida",100,10,10,2,0.2,"low","random",1,0.5,12,3,0.25,100,0,10,0,10,0,2,0,0.2,0,1,0,0.5,0,NA,NA,0.513497637196512,0.0391333264097289,0.531325817414085,0.0381208547500727,0.416810437361438,0.0784907955019103,0.732447859953679,0.168277223913396,0.713133110809511,0.15057417468127,0.803061936091993,0.243192873089232,0.521098918994538,0.0468739133342154,0.729219664488491,0.223147296728924,-0.270780335511509,0.223147296728924,1.21501112028049,0.298893584226007,0.215011120280487,0.298893584226007,1.49762323283289,0.613845951109975,4.99049293133158,2.4553838044399,0.467120467818354,0.202930804111207,-0.0657590643632912,0.405861608222413,0.217689905248245,0.115162172775954,-0.56462018950351,0.230324345551908,6.77564704998088,0.802963907908969,-0.153044118752391,0.100370488488621,0.332006195833617,0.0564738979867562,0.660030979168085,0.282369489933781,5.28433304470868,2.91043733845933,0.25,0,0.233333333333333,0.0333333333333333,0.333333333333333,0.0333333333333333,0.233333333333333,0.0481999203654148,0.325,0.052404313956125,1.77033073246084,0.194184631900211,0.45248274307415,0.033401351996721,80,0,6.4187204649564,0.489166580121612,118.416666666667,1.16422905518171,80,0,80,0,1,0,0.995833333333333,0.00416666666666667,0.0795495128834866,0.0268712559055098,0,0,0,0,1,0,10,0,9.91666666666667,0.0833333333333333,20,0,0.861754965985084,800,0.595874300079635,0.1,FALSE,FALSE,FALSE,FALSE
"rapida",100,10,10,2,0.2,"low","parentage",1,0.5,12,3,0.25,100,0,10,0,10,0,2,0,0.2,0,1,0,0.5,0,NA,NA,0.527506881948295,0.050944005195754,0.533329208133148,0.0490512779399268,0.507014771248068,0.07524352682976,2.05086679680374,0.716516519812808,1.99373212681381,0.691720244471118,3.40098537209244,1.79881121499056,0.528941839310414,0.0456216665229981,0.50427327467962,0.23206468003675,-0.49572672532038,0.23206468003675,1.18529648727598,0.326212778628456,0.185296487275982,0.326212778628456,1.46208756364118,0.683720616633362,4.84835025456474,2.73488246653345,0.69769011176339,0.316820935936378,0.39538022352678,0.633641871872756,0.719560638276165,0.295030461722279,0.439121276552331,0.590060923444558,6.51451211769695,0.860046340307574,-0.185685985287881,0.107505792538447,0.281987879029949,0.0693652306787994,0.409939395149744,0.346826153393997,23651857.5552302,16052335.6369177,0.25,0,0.333333333333333,0.0619546918189723,0.358333333333333,0.0499368287808394,0.183333333333333,0.0457816513022367,0.216666666666667,0.0440958551844098,1.4950093728345,0.333009672316845,0.368328402744079,0.0710169257388144,80,0,6.59383602435369,0.636800064946925,118.25,1.4255514616095,80,0,80,0,1,0,1,0,0.0353553390593274,0.00870388279778489,0,0,0,0,1,0,10,0,10,0,20,0,0.861754965985084,800,0.612130945303337,0.1,FALSE,FALSE,FALSE,FALSE
"rapida",100,10,10,4,0.2,"low","optimised_blocks",1,0.25,9,1,0.111111111111111,100,0,10,0,10,0,4,0,0.2,0,1,0,0.25,0,0,0,0.557541664114111,0.0458671296251814,0.580597254011961,0.041930876362601,0.501776146370194,0.0753883997578861,0.923468688223072,0.208577571412575,0.926657941335637,0.212775196333536,1.12316671147052,0.277620912402088,0.502663640419776,0.0319735609979069,0.835984836124787,0.212932429389543,-0.164015163875213,0.212932429389543,0.788006909412827,0.394386833553453,-0.211993090587173,0.394386833553453,2.0441096673885,0.582918451702425,7.17643866955398,2.3316738068097,1.87580419044443,0.53869820116424,2.75160838088886,1.07739640232848,0.15640302441983,0.0571127180553861,-0.687193951160341,0.114225436110772,5.67206214253603,0.61416251833528,-0.290992232182996,0.07677031479191,0.32030689039476,0.0645483072647495,0.601534451973798,0.322741536323747,4.56297869141006,1.91324484045956,0.25,0,0.333333333333333,0.074535599249993,0.355555555555556,0.0603487805066679,0.244444444444444,0.06478835438717,0.377777777777778,0.0662020849322944,2.11620451503894,0.351102344341245,0.358457913903643,0.0499734936255586,80,0,6.96927080142639,0.573339120314768,119.111111111111,0.888888888888889,80,0,80,0,0.986111111111111,0.00439205230578942,0.969444444444444,0.0100154202096222,0.0821383954100487,0.015640443180926,0,0,0,0,1,0,9.72222222222222,0.0878410461157883,9.40740740740741,0.184489433751586,20,0,0.861754965985084,800,0.646983987468848,0.1,FALSE,FALSE,FALSE,FALSE
"rapida",100,10,10,4,0.2,"low","optimised_blocks",2,0.5,9,7,0.777777777777778,100,0,10,0,10,0,4,0,0.2,0,2,0,0.5,0,8,0,0.672287525580484,0.0398019754608226,0.680531674399382,0.0380303581854215,0.637418454896403,0.0561368585506556,1.01969892368562,0.148354348220951,1.00257584569077,0.152011635989554,1.13579208306757,0.138724095612773,0.60206954476209,0.0337973460529244,0.951691340769998,0.347039798750015,-0.048308659230002,0.347039798750015,0.796975825139108,0.201578374158886,-0.203024174860892,0.201578374158886,0.691186844123103,0.351672121137117,1.76474737649241,1.40668848454847,0.508970962465984,0.158385474389727,0.0179419249319672,0.316770948779453,0.622711125930864,0.266167351149201,0.245422251861729,0.532334702298402,7.75694370283035,0.553770751090311,-0.0303820371462065,0.0692213438862889,0.205911520149606,0.0405955891473707,0.0295576007480311,0.202977945736854,1.60540162014078,1.02861037576648,0.25,0,0.377777777777778,0.0702728368926307,0.366666666666667,0.0577350269189626,0.311111111111111,0.0753592220347252,0.422222222222222,0.0640697921926155,1.18200052788633,0.248188209330044,0.470764065108109,0.0521062786979633,160.333333333333,0.666666666666667,4.19655071932326,0.255475743777952,102.222222222222,5.85419549880866,160.333333333333,0.666666666666667,80,0,1,0,1,0,0.0485618630683606,0.00773542007445559,16.5,0.245326690731329,16.2075828479836,0.262946094852734,0,0,10,0,10,0,20,0,0.861754965985084,800,0.78013768660095,0.200416666666667,FALSE,FALSE,FALSE,FALSE
"rapida",100,10,10,4,0.2,"low","optimised_blocks",3,0.75,9,8,0.888888888888889,100,0,10,0,10,0,4,0,0.2,0,3,0,0.75,0,8,0,0.744734052250048,0.0368715117025758,0.762310635087082,0.0353482127566201,0.697977529220396,0.0378966323850617,1.48032848404122,0.425024113721276,1.50590794781487,0.452974229955521,1.43425546412354,0.311918876277087,0.694416303810093,0.0347244929157838,0.682199617216667,0.217452478853043,-0.317800382783333,0.217452478853043,0.874601448797998,0.244747850573853,-0.125398551202002,0.244747850573853,0.376562896779182,0.20342353161575,0.506251587116726,0.813694126462999,0.862492104980154,0.153327466761259,0.724984209960308,0.306654933522518,0.730618626703547,0.206506233261417,0.461237253407095,0.413012466522835,7.89695550273047,0.28815392049517,-0.0128805621586912,0.0360192400618963,0.164226131365394,0.0305194853285919,-0.178869343173028,0.152597426642959,1.1018610453648,0.646127524168621,0.25,0,0.466666666666667,0.0666666666666667,0.533333333333333,0.0333333333333333,0.511111111111111,0.0753592220347252,0.588888888888889,0.0771802443858323,0.902645563826765,0.156915916124283,0.463291077089165,0.055796165924141,239.777777777778,0.5957669608202,3.10376891668777,0.148407491020024,96.2222222222222,7.19524877528718,239.777777777778,0.5957669608202,80,0,1,0,1,0,0.0292638878289021,0.00293176983430543,41.037037037037,0.258762752083002,40.9496325322299,0.267702561945847,0,0,10,0,10,0,20,0,0.861754965985084,800,0.864206278635984,0.299722222222222,FALSE,FALSE,FALSE,FALSE
"rapida",100,10,10,4,0.2,"low","complete",4,1,9,9,1,100,0,10,0,10,0,4,0,0.2,0,4,0,1,0,NA,NA,0.825323923707547,0.0175400775448077,0.827235125635852,0.018334511268725,0.821343235981796,0.0189864882368791,0.964465190535342,0.057669388906652,0.952545129794032,0.0644119210919127,1.02019467259563,0.0642653810667631,NA,NA,1.26402538120012,0.282256907628693,0.264025381200123,0.282256907628693,0.837332006332519,0.158132167071423,-0.162667993667481,0.158132167071423,0.344399319519024,0.112932240616855,0.377597278076097,0.451728962467419,0.783553866670569,0.168422758068963,0.567107733341137,0.336845516137925,0.475482817167539,0.138647333931313,-0.0490343656649228,0.277294667862627,7.8498020864151,0.236948469424189,-0.0187747391981124,0.0296185586780237,0.207302816732004,0.0216765543998259,0.036514083660019,0.108382771999129,0.396246751567532,0.112889583348086,0.25,0,0.466666666666667,0.074535599249993,0.544444444444444,0.06478835438717,NA,NA,NA,NA,0.960756226808433,0.0926005271954322,0.584485751191206,0.029369872888028,320,0,2.57913726158608,0.054812742327524,84.4444444444444,5.09114457528165,320,0,80,0,1,0,1,0,0,0,80,0,80,0,0,0,10,0,10,0,20,0,0.861754965985084,800,0.957724592586603,0.4,FALSE,FALSE,FALSE,FALSE
"rapida",100,10,10,4,0.2,"low","random",1,0.25,9,1,0.111111111111111,100,0,10,0,10,0,4,0,0.2,0,1,0,0.25,0,NA,NA,0.632894284776481,0.0336849070354892,0.62749373358177,0.0371362259394351,0.682805025563453,0.0284058542267246,16555.5597460409,16554.7582435511,14954.0822603236,14953.2832369306,27416.1142536749,27415.2569715764,0.49847791464625,0.0439759339374452,1.10734779541232,0.433786713349673,0.107347795412319,0.433786713349673,0.981512899705624,0.251271783594782,-0.0184871002943757,0.251271783594782,1.14662543328319,0.989618672209243,3.58650173313278,3.95847468883697,1.23120356973454,0.379608240450668,1.46240713946908,0.759216480901336,0.898841735618422,0.366797114476493,0.797683471236845,0.733594228952986,5.84494494589481,0.755618316904904,-0.269381881763149,0.094452289613113,0.272061318476667,0.0689731420402135,0.360306592383337,0.344865710201068,2.56312429070219,2.27191330471386,0.25,0,0.333333333333333,0.0577350269189626,0.322222222222222,0.032394177193585,0.333333333333333,0.0816496580927726,0.366666666666667,0.0372677996249965,1.50318567946829,0.342371335856561,-409.129113038608,409.610039027926,80,0,7.91117855970601,0.421061337943615,119.777777777778,0.222222222222222,80,0,80,0,0.877777777777778,0.0168965625841617,0.894444444444444,0.0136789691691613,0.146859933903239,0.0170332348029707,0,0,0,0,1,0,7.64814814814815,0.312354218396907,7.94444444444444,0.26931554763424,20,0,0.861754965985084,800,0.734424876859294,0.1,FALSE,FALSE,FALSE,FALSE
"rapida",100,10,10,4,0.2,"low","random",2,0.5,9,9,1,100,0,10,0,10,0,4,0,0.2,0,2,0,0.5,0,NA,NA,0.624047362645997,0.0366118739468332,0.634174984904466,0.0383999812746845,0.62024799805679,0.0570286600452111,0.8452180906398,0.127408620588936,0.828966337247247,0.132335642914089,1.12513099987938,0.228916293329682,0.591572763473819,0.0288979455051439,1.00112070399432,0.396659166004296,0.00112070399431547,0.396659166004296,0.694425043925227,0.184139430784114,-0.305574956074773,0.184139430784114,0.990331948529079,0.272655442485107,2.96132779411631,1.09062176994043,0.965368510378216,0.379086711474707,0.930737020756431,0.758173422949413,0.799265122123178,0.211752267630104,0.598530244246355,0.423504535260209,6.77487155360533,0.355251780243406,-0.153141055799334,0.0444064725304258,0.238262465543634,0.0237267331806239,0.191312327718168,0.118633665903119,2.2721871007176,0.99258849212753,0.25,0,0.311111111111111,0.0484322104837853,0.377777777777778,0.0521157306647048,0.355555555555556,0.0867805519545184,0.444444444444444,0.0783707554425882,1.36329768330368,0.143746675731806,0.462540614374648,0.044989436827721,160,0,3.90029601653748,0.228824212167708,92.2222222222222,6.86330374321324,160,0,80,0,0.994444444444444,0.00367465459870082,0.994444444444444,0.00367465459870082,0.146845123542456,0.0242035888139572,13.3333333333333,0,12.4043893957151,0.206673001654983,0,0,9.88888888888889,0.0734930919740164,9.88888888888889,0.0734930919740164,20,0,0.861754965985084,800,0.724158707844102,0.2,FALSE,FALSE,FALSE,FALSE
"rapida",100,10,10,4,0.2,"low","random",3,0.75,9,8,0.888888888888889,100,0,10,0,10,0,4,0,0.2,0,3,0,0.75,0,NA,NA,0.733739917262368,0.0275418533681568,0.748858035781175,0.0246513566803639,0.689399572026641,0.0441763667819975,0.995518513205316,0.0802200191731293,0.996352628952251,0.0825893541856503,1.04272865761835,0.141946980402679,0.642939021785059,0.0284242249062488,1.11605701456522,0.3081924788935,0.11605701456522,0.3081924788935,0.820429644104558,0.187249856377179,-0.179570355895442,0.187249856377179,0.342616514432927,0.150118290295672,0.370466057731707,0.600473161182687,0.71992793533939,0.206292353402786,0.43985587067878,0.412584706805573,0.711126125264048,0.199507565772556,0.422252250528096,0.399015131545113,7.83221103233705,0.278634213534851,-0.0209736209578686,0.0348292766918563,0.190684031307291,0.0315719844475219,-0.0465798434635466,0.157859922237609,0.350986117652835,0.14753845445406,0.25,0,0.377777777777778,0.0521157306647048,0.477777777777778,0.0571979452277056,0.355555555555556,0.0555555555555556,0.466666666666667,0.0552770798392567,0.98488270425019,0.139340693446181,0.525779323635252,0.0358052865269739,240,0,3.05724965525987,0.11475772236732,90.7777777777778,6.06166867788844,240,0,80,0,1,0,1,0,0.06993401755646,0.0133515243343049,40,0,39.4197133307464,0.175344166465417,0,0,10,0,10,0,20,0,0.861754965985084,800,0.851448435140284,0.3,FALSE,FALSE,FALSE,FALSE
"rapida",100,10,10,4,0.2,"low","parentage",1,0.25,9,1,0.111111111111111,100,0,10,0,10,0,4,0,0.2,0,1,0,0.25,0,NA,NA,0.554180453871388,0.0648976966002783,0.550652255293816,0.0713963781634936,0.591306822129767,0.0616403139184767,0.544205170357014,0.097006534262728,0.507286306473716,0.0977373563448945,0.76262591406467,0.139964797922184,0.483260341874827,0.0489383839144615,1.74488985859808,0.279331166832258,0.744889858598085,0.279331166832258,0.821209139251031,0.265392882575744,-0.178790860748969,0.265392882575744,2.90586926737322,1.00363383869524,10.6234770694929,4.01453535478097,0.535608727288313,0.303233969310454,0.0712174545766256,0.606467938620909,0.850436193467654,0.270511400404806,0.700872386935308,0.541022800809611,3.95095918886029,1.00021433571457,-0.506130101392464,0.125026791964321,0.491467178448005,0.102975543309393,1.45733589224003,0.514877716546966,2.22440295769247,0.827806019983243,0.25,0,0.244444444444444,0.06478835438717,0.388888888888889,0.0633430791721743,0.311111111111111,0.0675862503366469,0.344444444444444,0.0529966223009414,2.1448477308579,0.381911219439863,0.527020402346393,0.0486508556586552,80,0,6.92725567339235,0.811221207503479,119.111111111111,0.888888888888889,80,0,80,0,0.958333333333333,0.00931694990624912,0.983333333333333,0.0058925565098879,0.239646375671895,0.0185566693284051,0,0,0,0,1,0,9.16666666666667,0.186338998124982,9.66666666666667,0.117851130197758,20,0,0.861754965985084,800,0.64308356289876,0.1,FALSE,FALSE,FALSE,FALSE
"rapida",100,10,10,4,0.2,"low","parentage",2,0.5,9,5,0.555555555555556,100,0,10,0,10,0,4,0,0.2,0,2,0,0.5,0,NA,NA,0.669144247544718,0.0494029205031387,0.673694779476539,0.0530758028476082,0.655308640531016,0.0485016254035216,0.91492622610571,0.0663038169224596,0.902644975429237,0.0758818892931225,0.985443297785365,0.079174934314505,0.633021016447084,0.0391322565703785,1.08971964281226,0.23752971466814,0.0897196428122618,0.23752971466814,0.647181219106226,0.171398141722151,-0.352818780893774,0.171398141722151,0.47111970895077,0.173853329284093,0.884478835803081,0.695413317136371,0.634252831588512,0.235739190120054,0.268505663177025,0.471478380240108,0.558036120836741,0.210781615779781,0.116072241673481,0.421563231559562,7.5152683166911,0.368343644466148,-0.0605914604136124,0.0460429555582685,0.20317099297552,0.0274454765002888,0.0158549648776014,0.137227382501444,0.613816035786217,0.231715472771113,0.25,0,0.333333333333333,0.0881917103688197,0.388888888888889,0.0753592220347252,0.333333333333333,0.110554159678513,0.4,0.10137937550497,1.09079380681043,0.144957299456584,0.491582027762786,0.0272269023465811,160,0,4.18215154715449,0.308768253144617,104.222222222222,7.23183121457141,160,0,80,0,1,0,1,0,0.052909973054296,0.0074269399160624,13.3333333333333,2.09345661157837e-16,8.26131769470119,1.57874342370737,0.111111111111111,0.0785674201318386,10,0,10,0,20,0,0.861754965985084,800,0.776490155504715,0.2,FALSE,FALSE,FALSE,FALSE
"rapida",100,10,10,4,0.2,"low","parentage",3,0.75,9,8,0.888888888888889,100,0,10,0,10,0,4,0,0.2,0,3,0,0.75,0,NA,NA,0.778526689990231,0.0213011546493266,0.781628454352316,0.0226679728006174,0.761915743994113,0.0291241420699332,0.945260611796278,0.0566789871359195,0.94465349687069,0.0619166057171765,0.959631410551405,0.0782233346154495,0.714955136765716,0.0217236095553406,1.10772052656065,0.267580711998515,0.107720526560649,0.267580711998515,0.907925632789342,0.173400566689827,-0.0920743672106576,0.173400566689827,0.309265513429352,0.156114582912042,0.237062053717409,0.624458331648166,0.504522201960288,0.121442698035227,0.00904440392057637,0.242885396070454,0.49163620889146,0.155163242659578,-0.0167275822170804,0.310326485319155,7.97078810615553,0.265201240909388,-0.00365148673055844,0.0331501551136735,0.203223593833126,0.0233256065351291,0.0161179691656315,0.116628032675646,0.405144348169163,0.243586008876409,0.25,0,0.444444444444444,0.06478835438717,0.566666666666667,0.0471404520791032,0.466666666666667,0.0577350269189626,0.544444444444444,0.0709285851933539,0.982257639221776,0.100950105130719,0.557293223775183,0.0262865743332608,240,0,3.24386120829263,0.088754811038861,94.4444444444444,4.46315505964332,240,0,80,0,1,0,1,0,0.0810893198776657,0.00542242784939295,40,0,39.3720929423593,0.0811245351389452,0,0,10,0,10,0,20,0,0.861754965985084,800,0.903420021607054,0.3,FALSE,FALSE,FALSE,FALSE
"rapida",100,10,10,6,0.2,"low","optimised_blocks",1,0.166666666666667,14,4,0.285714285714286,100,0,10,0,10,0,6,0,0.2,0,1,0,0.166666666666667,0,0,0,0.57380158257301,0.0433475042818872,0.583621771762152,0.0441816601272121,0.548063999216481,0.0559857033100938,0.977860106232496,0.203897667539539,0.979531585660115,0.208058655866152,1.12766544461908,0.22946988445783,0.479137922735222,0.0331568623311928,0.841671430985539,0.256440373183149,-0.158328569014461,0.256440373183149,1.01222988395838,0.311742842249304,0.012229883958377,0.311742842249304,1.60348567805048,0.56428325214154,5.41394271220194,2.25713300856616,1.36475401117121,0.486176781695073,1.72950802234242,0.972353563390146,1.2740233719121,0.586554393194103,1.5480467438242,1.17310878638821,6.07388844992218,1.08058123393341,-0.240763943759728,0.135072654241677,0.279464118215807,0.0540111179240256,0.397320591079037,0.270055589620128,4.39209836772267,2.26580365965965,0.25,0,0.414285714285714,0.0572800550765809,0.442857142857143,0.0590346198618167,0.285714285714286,0.0501176011032588,0.4,0.0620173672946042,1.86097037450831,0.272876833747992,0.387312177419548,0.0379322227960575,80,0,7.17251978216263,0.54184380352359,117.142857142857,1.49672588774482,80,0,80,0,0.914285714285714,0.00717331722621471,0.916666666666667,0.00781345384897493,0.134686193951745,0.00893653085058206,0,0,0,0,1,0,8.32857142857143,0.136315422077548,8.39047619047619,0.148719753142304,20,0,0.861754965985084,800,0.665852365488941,0.1,FALSE,FALSE,FALSE,FALSE
"rapida",100,10,10,6,0.2,"low","optimised_blocks",2,0.333333333333333,14,12,0.857142857142857,100,0,10,0,10,0,6,0,0.2,0,2,0,0.333333333333333,0,8,0,0.684504957526628,0.023976964001338,0.696325004339137,0.0262625557006807,0.636242313032267,0.0276204268739236,1.31901293439489,0.277223480331225,1.31412873567327,0.270030068861464,1.38761926383132,0.344555728851355,0.58722001984357,0.0269801951007023,0.775215114173248,0.223037406474857,-0.224784885826752,0.223037406474857,0.916672323068348,0.240827161617355,-0.0833276769316516,0.240827161617355,0.534816297279438,0.191113967363735,1.13926518911775,0.76445586945494,1.15891545432044,0.177471707349193,1.31783090864088,0.354943414698386,0.960802076046386,0.200950808186207,0.921604152092771,0.401901616372414,6.21266939496514,0.322161840464454,-0.223416325629358,0.0402702300580568,0.198719752796773,0.0349659459264598,-0.00640123601613486,0.174829729632299,0.738492514575422,0.287244309741745,0.25,0,0.385714285714286,0.0533051992775161,0.464285714285714,0.0540727459302122,0.428571428571429,0.0623959101827622,0.535714285714286,0.075306803143448,1.06705937192265,0.179339209711413,0.450577828487238,0.0367839981555255,159.285714285714,1.50977973587654,4.30254210282597,0.154345852680958,95.9285714285714,4.20029340382061,159.285714285714,1.50977973587654,80,0,0.989285714285714,0.00282104794885519,0.992857142857143,0.0028784310706047,0.0793195323322588,0.00611853402156144,9.42857142857143,0.3099264780052,9.20190246922552,0.318524866864158,0,0,9.79047619047619,0.0536151632630974,9.85714285714286,0.0575686214120942,20,0,0.861754965985084,800,0.794315071621503,0.199107142857143,FALSE,FALSE,FALSE,FALSE
"rapida",100,10,10,6,0.2,"low","optimised_blocks",3,0.5,14,14,1,100,0,10,0,10,0,6,0,0.2,0,3,0,0.5,0,8,0,0.773482281948187,0.0207105842328573,0.784953465193452,0.0201232737212497,0.728066215689536,0.0307561154090963,1.07590357022068,0.077605886389711,1.0667768926722,0.0749060415054244,1.14135243301016,0.120602260549578,0.705532977363898,0.0168636537445294,0.692400982984878,0.115847499832554,-0.307599017015122,0.115847499832554,1.02648734147057,0.156117856406662,0.0264873414705738,0.156117856406662,0.503283035381623,0.196149172795203,1.01313214152649,0.784596691180811,0.68593854972554,0.128026607732845,0.371877099451081,0.25605321546569,0.64646119945827,0.186537228270628,0.292922398916539,0.373074456541257,7.54385252452228,0.263779989232583,-0.0570184344347145,0.0329724986540728,0.196634776160398,0.0244720013826998,-0.0168261191980085,0.122360006913499,0.639148326755792,0.23466368198748,0.25,0,0.442857142857143,0.0668886935979481,0.542857142857143,0.0580964390676321,0.471428571428571,0.0682823577270593,0.557142857142857,0.0708769911938334,0.999020083596531,0.114811442560821,0.525037156364019,0.0249144175818988,239.285714285714,1.16933611026749,3.23148016936564,0.083049661769827,94.6428571428571,3.45394684710202,239.285714285714,1.16933611026749,80,0,1,0,1,0,0.0531237953055982,0.00476185254654924,18.3619047619048,0.295981575979619,17.9359422626312,0.317401402599493,0,0,10,0,10,0,20,0,0.861754965985084,800,0.897566376149638,0.299107142857143,FALSE,FALSE,FALSE,FALSE
"rapida",100,10,10,6,0.2,"low","optimised_blocks",4,0.666666666666667,14,14,1,100,0,10,0,10,0,6,0,0.2,0,4,0,0.666666666666667,0,8,0,0.80959208093363,0.0191717031733874,0.822958528294594,0.0171377742095353,0.738225380318431,0.0418060022906579,0.99818472451987,0.0529314420082107,1.00910478724386,0.0547644774710608,0.939753421574425,0.0686230210238724,0.728383142257711,0.0220861346272332,0.902956048802465,0.144720072903776,-0.0970439511975355,0.144720072903776,1.04869625006102,0.182392717520088,0.0486962500610173,0.182392717520088,0.214250142996057,0.0646889225177963,-0.142999428015771,0.258755690071185,0.595267727609721,0.121738381157506,0.190535455219441,0.243476762315012,0.425552002845732,0.114907653455448,-0.148895994308537,0.229815306910896,7.740523730946,0.261074360918415,-0.0324345336317507,0.0326342951148019,0.196601843023037,0.0162139347627822,-0.0169907848848127,0.0810696738139112,0.25418663227524,0.0931572903244683,0.25,0,0.357142857142857,0.0731656901174387,0.535714285714286,0.0487279314457605,0.457142857142857,0.0571428571428571,0.578571428571429,0.0459079004292402,0.807660769231082,0.0551636370401172,0.611274064748859,0.018318241677791,319.714285714286,0.828268227965331,2.53326129905177,0.0623694060867316,86.2142857142857,2.80732670035245,319.714285714286,0.828268227965331,80,0,1,0,1,0,0.0393766086371171,0.00297785674083973,33.1857142857143,0.223325796322285,32.9567367776816,0.218654207745053,0,0,10,0,10,0,20,0,0.861754965985084,800,0.93946900556375,0.399642857142857,FALSE,FALSE,FALSE,FALSE
"rapida",100,10,10,6,0.2,"low","complete",6,1,14,14,1,100,0,10,0,10,0,6,0,0.2,0,6,0,1,0,NA,NA,0.857207454462439,0.00912899069411994,0.86859780055214,0.00975770471505762,0.797541468808724,0.0252479149336423,1.0213723352692,0.0348278397638534,1.02738221175786,0.0362051268289703,0.988334918608637,0.0542768693229798,NA,NA,0.851361817942842,0.167981831646884,-0.148638182057158,0.167981831646884,1.19402608628503,0.217216914156024,0.194026086285026,0.217216914156024,0.203110599737266,0.0534628827947109,-0.187557601050936,0.213851531178844,0.547933943240035,0.0907313876945648,0.0958678864800694,0.18146277538913,0.561376874827405,0.11085372105156,0.122753749654809,0.22170744210312,7.97275728371702,0.190321595322016,-0.00340533953537302,0.023790199415252,0.196439881523289,0.0171190145129523,-0.0178005923835554,0.0855950725647614,0.221861223863026,0.0701417992778217,0.25,0,0.485714285714286,0.0543261850299265,0.6,0.050273974653617,NA,NA,NA,NA,0.727234436820196,0.0526962380804544,0.65372025625267,0.0251751019611522,480,0,1.78584886346341,0.0190187306127499,73.9285714285714,3.12639293916281,480,0,80,0,1,0,1,0,0,0,80,0,80,0,0,0,10,0,10,0,20,0,0.861754965985084,800,0.994722964529195,0.6,FALSE,FALSE,FALSE,FALSE
"rapida",100,10,10,6,0.2,"low","random",1,0.166666666666667,14,3,0.214285714285714,100,0,10,0,10,0,6,0,0.2,0,1,0,0.166666666666667,0,NA,NA,0.51173266824634,0.0455157169738617,0.528636366262101,0.0451104478399516,0.411971307258348,0.0577954602255384,1.07040025352361,0.315877798732243,1.06699823637508,0.309098634774533,1.29056418813139,0.549333350802911,0.437159319205324,0.042511898342071,1.69894385856878,0.932373672291869,0.698943858568776,0.932373672291869,1.16293690537754,0.308150059632043,0.162936905377536,0.308150059632043,1.38172171486032,0.651244748734495,4.52688685944129,2.60497899493798,1.26395198719443,0.400681855085732,1.52790397438885,0.801363710171464,0.728260529875391,0.285118212106643,0.456521059750782,0.570236424213285,6.02706471019448,0.996387797609021,-0.24661691122569,0.124548474701128,0.335541552367915,0.0766011934120066,0.677707761839577,0.383005967060033,10069618.4436876,10069616.625567,0.25,0,0.257142857142857,0.0608676150511043,0.321428571428571,0.0394725825399161,0.228571428571429,0.0658240840961404,0.314285714285714,0.0533051992775161,1.64834423031598,0.234213355522271,0.44724524140579,0.0598827855107048,80,0,6.39665835307925,0.568946462173271,119.214285714286,0.556466199407657,80,0,80,0,0.75,0.0117201807734624,0.770238095238095,0.0147401766121889,0.255910812813969,0.0198393523894706,0,0,0,0,1,0,5.47619047619048,0.185145178538033,5.81428571428571,0.234734523512985,20,0,0.861754965985084,800,0.593826190094966,0.1,FALSE,FALSE,FALSE,FALSE
"rapida",100,10,10,6,0.2,"low","random",2,0.333333333333333,14,6,0.428571428571429,100,0,10,0,10,0,6,0,0.2,0,2,0,0.333333333333333,0,NA,NA,0.676342824038419,0.0223841605329649,0.698426927261099,0.0237921038778945,0.57567362284369,0.0348943343060172,1.04027291223872,0.101462692984865,1.05581701491221,0.105818609884055,0.969319939915099,0.094506378688567,0.584912073284856,0.0273849379882131,0.697168697023083,0.173575478670207,-0.302831302976917,0.173575478670207,1.05771049284491,0.242336749575538,0.0577104928449111,0.242336749575538,0.51373439429825,0.216411530812185,1.054937577193,0.865646123248741,0.689074084897575,0.215300544844328,0.378148169795149,0.430601089688656,0.547779192109275,0.209571115993669,0.0955583842185498,0.419142231987339,8.16513735007574,0.509755700883625,0.020642168759467,0.0637194626104531,0.19449587584958,0.0246274939326763,-0.0275206207521012,0.123137469663382,0.799488304713348,0.360101234794359,0.25,0,0.357142857142857,0.076110305806254,0.4,0.0592999453328881,0.314285714285714,0.0582313903274364,0.421428571428571,0.051545958825805,1.10434103839013,0.118054505314662,0.468735577495601,0.0356668860352145,160,0,4.22714265024012,0.13990100333103,113.5,4.08931870517908,160,0,80,0,0.955952380952381,0.00512575163705367,0.96547619047619,0.00828083937262147,0.155269592948025,0.0122174548797763,5.33333333333333,6.58361646675855e-17,4.37413512724939,0.0798470836934775,0,0,9.12857142857143,0.100660646962214,9.32380952380952,0.160715303212082,20,0,0.861754965985084,800,0.784843546872146,0.2,FALSE,FALSE,FALSE,FALSE
"rapida",100,10,10,6,0.2,"low","random",3,0.5,14,14,1,100,0,10,0,10,0,6,0,0.2,0,3,0,0.5,0,NA,NA,0.783406429033185,0.0138036101299406,0.798592529447503,0.0143739689636771,0.695832136069955,0.0338953502949837,0.935097784017557,0.0509597707856368,0.935959271451089,0.0501408459803093,0.92629495356542,0.0853428649970882,0.693126785389455,0.0217816203657833,1.04940181790926,0.151152596407583,0.0494018179092617,0.151152596407583,1.15161535997753,0.161293780422388,0.15161535997753,0.161293780422388,0.380024606278297,0.107111410912176,0.520098425113188,0.428445643648702,0.402829048483106,0.106744370028819,-0.194341903033788,0.213488740057637,0.739920071522376,0.135016834284688,0.479840143044752,0.270033668569375,7.42142201342068,0.298418819984583,-0.0723222483224148,0.0373023524980729,0.230161048373287,0.0174778304452546,0.150805241866434,0.0873891522262731,0.393151944797253,0.113216069073154,0.25,0,0.328571428571429,0.0538909882867658,0.471428571428571,0.0496455252662704,0.371428571428571,0.0658240840961404,0.521428571428571,0.0299790612433049,1.04765429825285,0.0774380799928734,0.576943547273064,0.025765424615757,240,0,3.26419345430494,0.057515042208086,99.7142857142857,3.75694020261546,240,0,80,0,0.998809523809524,0.00119047619047619,0.998809523809524,0.00119047619047619,0.112500820306215,0.0106285733554152,16,0,15.1390910907624,0.0787329273008622,0,0,9.97619047619048,0.0238095238095239,9.97619047619048,0.0238095238095239,20,0,0.861754965985084,800,0.909082581424595,0.3,FALSE,FALSE,FALSE,FALSE
"rapida",100,10,10,6,0.2,"low","random",4,0.666666666666667,14,14,1,100,0,10,0,10,0,6,0,0.2,0,4,0,0.666666666666667,0,NA,NA,0.801903532914811,0.0182952223460427,0.814668456841246,0.0186897285542682,0.728265338063828,0.0420665039798402,1.01698660106469,0.0555343289979903,1.02196750235435,0.0562619996053028,0.975082130446296,0.0824433270775547,0.740102424410872,0.0187087884052499,0.959437783539046,0.167969434574248,-0.040562216460954,0.167969434574248,1.1334749299979,0.159778966085094,0.133474929997901,0.159778966085094,0.177452986864074,0.0676455696173718,-0.290188052543704,0.270582278469487,0.613668397891414,0.100323934992514,0.227336795782828,0.200647869985028,0.557187976378088,0.102310838515955,0.114375952756176,0.204621677031911,8.06802815431267,0.246791660354142,0.00850351928908415,0.0308489575442677,0.194592162957853,0.0202223850434142,-0.0270391852107365,0.101111925217071,0.138787133877515,0.0449487499649703,0.25,0,0.5,0.0347676747682558,0.564285714285714,0.0427195593789564,0.342857142857143,0.0608676150511043,0.5,0.0524142418360959,0.822912211094532,0.0804471600611826,0.61770164342739,0.0180579359840426,320,0,2.50594854035878,0.0571725698313834,92.7857142857143,4.07778566746274,320,0,80,0,0.998809523809524,0.00119047619047619,1,0,0.078642764606475,0.00827457812433703,32,0,31.418875803759,0.109825935230938,0,0,9.97619047619048,0.0238095238095239,10,0,20,0,0.861754965985084,800,0.930547040130072,0.4,FALSE,FALSE,FALSE,FALSE
"rapida",100,10,10,6,0.2,"low","parentage",1,0.166666666666667,14,1,0.0714285714285714,100,0,10,0,10,0,6,0,0.2,0,1,0,0.166666666666667,0,NA,NA,0.584222390549351,0.0466441776118101,0.586011138180962,0.0467676558745154,0.561559332333364,0.0641535530756019,0.980246574137967,0.237091327480058,0.917256870562629,0.192141449342446,1.3482074573046,0.527954851917132,0.470671497815394,0.0422696013614794,1.06297487313191,0.20763875830908,0.0629748731319068,0.20763875830908,1.31773493816539,0.378359340006841,0.317734938165387,0.378359340006841,1.68176873403773,0.729031474418281,5.72707493615092,2.91612589767312,1.01037111617503,0.322680376537869,1.02074223235005,0.645360753075738,1.40035979875359,0.452358099458959,1.80071959750719,0.904716198917918,5.33815470155464,0.694521956994086,-0.33273066230567,0.0868152446242607,0.336500007656142,0.0659982240889153,0.682500038280711,0.329991120444576,1.84279013950658,0.724933172062383,0.25,0,0.285714285714286,0.0653453571310704,0.364285714285714,0.0642857142857143,0.285714285714286,0.0686263516307516,0.392857142857143,0.0729777067527375,1.84549558308633,0.258294878981921,0.434714918319691,0.0516540662447873,80,0,7.30277988186688,0.583052220147626,119.571428571429,0.428571428571429,80,0,80,0,0.898809523809524,0.00591563750897773,0.9,0.00698856557814612,0.337522026164248,0.0102454347795841,0,0,0,0,1,0,8.05238095238095,0.11718692402033,8.06666666666667,0.129994834122964,20,0,0.861754965985084,800,0.677944907322371,0.1,FALSE,FALSE,FALSE,FALSE
"rapida",100,10,10,6,0.2,"low","parentage",2,0.333333333333333,14,8,0.571428571428571,100,0,10,0,10,0,6,0,0.2,0,2,0,0.333333333333333,0,NA,NA,0.712837999813722,0.0303195116140125,0.727622165845973,0.0330073384862951,0.671131142586587,0.0403350683092596,1.06707846148107,0.157765984682196,1.05774905319279,0.157958610134525,1.23029119705546,0.222632514619178,0.61198684046197,0.0339337631507401,0.826631998755338,0.16274919205955,-0.173368001244662,0.16274919205955,1.15566148282782,0.319020667990313,0.155661482827825,0.319020667990313,0.547768458123813,0.16477485162463,1.19107383249525,0.659099406498521,0.51518274669724,0.146768441793157,0.030365493394479,0.293536883586314,0.753865735775943,0.224104080058599,0.507731471551887,0.448208160117198,7.60766703924576,0.295554747461452,-0.0490416200942805,0.0369443434326815,0.217033334748925,0.0236886759543684,0.0851666737446264,0.118443379771842,1.04729232663023,0.363038093875109,0.25,0,0.314285714285714,0.0543261850299265,0.442857142857143,0.0617637164676765,0.271428571428571,0.0578255917227379,0.435714285714286,0.0668006241804283,1.18511305289422,0.110210332640419,0.481532013714754,0.042203951209823,160,0,4.45523749883576,0.189496947587578,111.857142857143,3.16202943396915,160,0,80,0,0.994047619047619,0.00375010901638155,0.995238095238095,0.00208823337930244,0.158953006422033,0.0081495919440619,5.33333333333333,1.74186118984728e-16,0,0,0.485714285714286,0.019047619047619,9.88571428571429,0.0707291766613175,9.9047619047619,0.0417646675860491,20,0,0.861754965985084,800,0.827193376250367,0.2,FALSE,FALSE,FALSE,FALSE
"rapida",100,10,10,6,0.2,"low","parentage",3,0.5,14,12,0.857142857142857,100,0,10,0,10,0,6,0,0.2,0,3,0,0.5,0,NA,NA,0.768267678858874,0.0165922381494592,0.78715264646465,0.0184721062935524,0.659886896448753,0.0390340157247351,1.00922165821639,0.0811992923201692,1.01238956017056,0.0858761517162025,0.974812406760882,0.0931040838877518,0.685916840464252,0.0184585808561293,1.0125467288598,0.224448776443358,0.0125467288598008,0.224448776443358,0.891136449168519,0.227974463172392,-0.108863550831481,0.227974463172392,0.637292211933678,0.210935596665256,1.54916884773471,0.843742386661025,0.633341242016236,0.124499498295494,0.266682484032473,0.248998996590988,0.486989595607971,0.105191485972616,-0.0260208087840589,0.210382971945232,7.95640972946811,0.386265990868812,-0.00544878381648574,0.0482832488586015,0.211262530372422,0.0257924155967606,0.0563126518621119,0.128962077983803,0.81247837261663,0.275163877765583,0.25,0,0.357142857142857,0.076110305806254,0.557142857142857,0.0551862836461087,0.4,0.0592999453328881,0.557142857142857,0.0635180044686524,1.09234480704147,0.136229846685638,0.539565845963543,0.028727232810272,240,0,3.20111532857864,0.0691343256227465,94.1428571428571,6.39527396148016,240,0,80,0,1,0,1,0,0.049139067677811,0.00450575236035463,16,0,2.84759493667874,1.51296241470749,0.0714285714285714,0.0163363392827676,10,0,10,0,20,0,0.861754965985084,800,0.891515232500756,0.3,FALSE,FALSE,FALSE,FALSE
"rapida",100,10,10,6,0.2,"low","parentage",4,0.666666666666667,14,14,1,100,0,10,0,10,0,6,0,0.2,0,4,0,0.666666666666667,0,NA,NA,0.787952662020348,0.02270770647033,0.803460244820103,0.0208280145983457,0.714584792131602,0.0362627259757548,0.979525527364519,0.0537752062389495,0.983444762081229,0.0553235524917897,0.99008141652833,0.0687820315627415,0.718130103278632,0.020737260167559,0.938001277852094,0.162668442208369,-0.0619987221479061,0.162668442208369,0.963929592843695,0.137068743385298,-0.0360704071563046,0.137068743385298,0.423622632450713,0.108106324869541,0.694490529802853,0.432425299478164,0.603125693415218,0.115422016522858,0.206251386830436,0.230844033045717,0.608193332323631,0.0970299301480797,0.216386664647263,0.194059860296159,7.92517016301412,0.220718225377539,-0.00935372962323497,0.0275897781721924,0.200942883990961,0.017652390583019,0.00471441995480384,0.088261952915095,0.57442157352553,0.190363130181403,0.25,0,0.371428571428571,0.0462061451464366,0.514285714285714,0.0455215718180395,0.371428571428571,0.0751764016548882,0.457142857142857,0.040211372447323,0.936339668451327,0.0794555453332603,0.576668786720071,0.0272630316468899,320,0,2.46235206881359,0.0709615827197813,88.5714285714286,4.04332890502651,320,0,80,0,1,0,1,0,0.0817885803246363,0.00468186752370137,32,0,31.0224569055819,0.0490950079430402,0,0,10,0,10,0,20,0,0.861754965985084,800,0.91435813325384,0.4,FALSE,FALSE,FALSE,FALSE
"rapida",100,10,10,10,0.2,"low","optimised_blocks",2,0.2,13,6,0.461538461538462,100,0,10,0,10,0,10,0,0.2,0,2,0,0.2,0,8,0,0.633544534561644,0.0415952848800804,0.65844289444065,0.0379449439122298,0.591268015122313,0.0561966450001249,0.860519452804957,0.082439320444935,0.850340272428336,0.0793795994449957,1.42503829136848,0.476331818042104,0.514632336248036,0.0328191788828084,0.911490243778803,0.207683111308472,-0.0885097562211969,0.207683111308472,0.881233578856772,0.198671614671267,-0.118766421143228,0.198671614671267,0.64869224488315,0.226467092658922,1.5947689795326,0.905868370635686,0.751067603956839,0.20842186080349,0.502135207913678,0.41684372160698,0.780362316687276,0.258567514247815,0.560724633374553,0.51713502849563,7.18587482076585,0.368491669682684,-0.101765647404269,0.0460614587103355,0.216602246683858,0.0228730672999968,0.0830112334192912,0.114365336499984,9.34412364653127,8.57286987494262,0.25,0,0.415384615384615,0.0478327130927632,0.423076923076923,0.0520771692604869,0.4,0.0506369683541833,0.476923076923077,0.036080121229411,1.26289074122134,0.147016839439739,0.466522167252825,0.034199769346781,162.384615384615,2.68313455595594,3.93164688518072,0.28770945899388,112,3.8246836638087,162.384615384615,2.68313455595594,80,0,0.930769230769231,0.00683707262870429,0.913076923076923,0.00779419700183111,0.0918105395860495,0.0064136525783998,7.18461538461538,0.287630225572297,7.12879646121227,0.289477756937218,0,0,8.72136752136752,0.121184806889313,8.43076923076923,0.123229171423418,20,0,0.861754965985084,800,0.735179441452281,0.202980769230769,FALSE,FALSE,FALSE,FALSE
"rapida",100,10,10,10,0.2,"low","optimised_blocks",3,0.3,13,11,0.846153846153846,100,0,10,0,10,0,10,0,0.2,0,3,0,0.3,0,8,0,0.725304572342408,0.0279730392522101,0.741997418342506,0.0278170188269124,0.689843911791215,0.0454554814146887,0.979306783847083,0.0650711270145936,0.972626226771576,0.061156813582908,1.08934649131179,0.134651342177759,0.612401350717415,0.0284926151972356,1.02796467283989,0.125587276164941,0.0279646728398865,0.125587276164941,0.701738331619,0.134707078598987,-0.298261668381,0.134707078598987,0.314553021595257,0.142706085100851,0.258212086381026,0.570824340403403,0.592311311628164,0.175716607416672,0.184622623256329,0.351433214833345,0.645239945953782,0.178119227672608,0.290479891907565,0.356238455345216,7.64186159230173,0.200736257623603,-0.0447673009622842,0.0250920322029504,0.1851217631506,0.0142859450176951,-0.0743911842470023,0.0714297250884757,0.608111979775332,0.268629905545051,0.25,0,0.446153846153846,0.0605692913385524,0.453846153846154,0.048852715085276,0.4,0.0716114874039433,0.476923076923077,0.0468957465594151,0.902662250211075,0.0756500347524423,0.537475374567606,0.0316527443940143,240.153846153846,2.27541530119216,3.024070151823,0.122135267088995,107.692307692308,2.73482905148172,240.153846153846,2.27541530119216,80,0,0.984615384615385,0.00332345676841429,0.987692307692308,0.0036080121229411,0.0640951025275711,0.00439141086883139,9.36068376068376,0.294447442291398,9.10240205649283,0.30835064009707,0,0,9.7008547008547,0.0634861147458994,9.76581196581197,0.0681513400999986,20,0,0.861754965985084,800,0.841659869651348,0.300192307692308,FALSE,FALSE,FALSE,FALSE
"rapida",100,10,10,10,0.2,"low","optimised_blocks",5,0.5,13,13,1,100,0,10,0,10,0,10,0,0.2,0,5,0,0.5,0,8,0,0.800396022598057,0.0214604913837402,0.813616865990895,0.0216608001507957,0.756942752797976,0.0264199798353782,0.961886405050802,0.0383868356714349,0.944897796447831,0.0343036370843689,1.08947304110603,0.132778242196261,0.688259827410965,0.0164930769549775,0.835708986066426,0.146987917467772,-0.164291013933574,0.146987917467772,0.950572245107956,0.132713922746504,-0.0494277548920437,0.132713922746504,0.340721314496556,0.110028908282277,0.362885257986226,0.440115633129106,0.602248421463825,0.108499594547437,0.20449684292765,0.216999189094873,0.658057621557259,0.165377420819605,0.316115243114517,0.330754841639209,7.86765765404667,0.18375104201917,-0.0165427932441666,0.0229688802523963,0.18672001561788,0.0118075597708043,-0.0663999219106014,0.0590377988540216,0.772179094365776,0.434396000825852,0.25,0,0.476923076923077,0.0579055886699293,0.561538461538462,0.059418616544905,0.461538461538462,0.0525484654664595,0.530769230769231,0.0535707241430158,0.797538352756083,0.0595931853269836,0.612890070052024,0.0260612336371549,397.307692307692,1.12309448528594,2.01456471651632,0.0538172816375133,93.6153846153846,2.66395325462006,397.307692307692,1.12309448528594,80,0,1,0,1,0,0.0492604216937275,0.0028615577358531,19.5384615384615,0.172392689206616,19.1844788527436,0.165246426832693,0,0,10,0,10,0,20,0,0.861754965985084,800,0.928797690980652,0.496634615384615,FALSE,FALSE,FALSE,FALSE
"rapida",100,10,10,10,0.2,"low","optimised_blocks",7,0.7,13,13,1,100,0,10,0,10,0,10,0,0.2,0,7,0,0.7,0,8,0,0.830362242385993,0.0181965288467027,0.837107924439423,0.0169247634222149,0.808968632662039,0.0292367580355692,0.966965481665671,0.0280438845779353,0.947329460229927,0.0279482958716267,1.06628331198664,0.0571236961090523,0.726303504739136,0.0182298170173763,0.867941861562095,0.13209711349007,-0.132058138437905,0.13209711349007,0.960093098913615,0.0689547113062,-0.0399069010863847,0.0689547113062,0.369081800470082,0.0710738697849721,0.47632720188033,0.284295479139888,0.614837788974001,0.121135191096095,0.229675577948002,0.24227038219219,0.521169315428516,0.0747105563810252,0.0423386308570324,0.14942111276205,7.84646137585705,0.112727391233135,-0.0191923280178693,0.0140909239041419,0.194413586672477,0.0161254342653018,-0.0279320666376175,0.0806271713265091,0.428084928510819,0.0891509399657998,0.25,0,0.553846153846154,0.0461538461538462,0.576923076923077,0.0378150800096221,0.615384615384615,0.0273771237231572,0.561538461538462,0.0289527943349646,0.75309038217114,0.0570971571672268,0.645732245357557,0.0187445364541514,560.153846153846,1.19210089190855,1.48250843543102,0.0327287310015473,76.6923076923077,3.42199637223619,560.153846153846,1.19210089190855,80,0,1,0,1,0,0.0314399577067953,0.00106565063060137,38.2051282051282,0.201767339209292,38.0438280749392,0.202387545214279,0,0,10,0,10,0,20,0,0.861754965985084,800,0.963571171808443,0.700192307692308,FALSE,FALSE,FALSE,FALSE
"rapida",100,10,10,10,0.2,"low","complete",10,1,13,13,1,100,0,10,0,10,0,10,0,0.2,0,10,0,1,0,NA,NA,0.861754965985084,0.0101052735780642,0.876021218415463,0.00934354996688051,0.80522969069946,0.020814746605141,1.00558257538886,0.0296235654755143,0.994011236586581,0.023902061125586,1.03384095452286,0.0603442109935461,NA,NA,0.93167839448254,0.120029022550018,-0.0683216055174602,0.120029022550018,0.782517597196788,0.0549733796885343,-0.217482402803212,0.0549733796885343,0.28219789335791,0.0511035970596237,0.128791573431639,0.204414388238495,0.4697431937727,0.0811951682437426,-0.0605136124545999,0.162390336487485,0.487379339284145,0.0701854328161441,-0.0252413214317097,0.140370865632288,7.97385139108468,0.16262414528929,-0.00326857611441479,0.0203280181611613,0.182030118588583,0.00937913812744844,-0.0898494070570873,0.0468956906372422,0.387491120856177,0.078468590496016,0.25,0,0.584615384615385,0.0529224806167956,0.661538461538462,0.0431729698473916,NA,NA,NA,NA,0.616444433819429,0.0270528746493715,0.683004223867352,0.0157073974347573,800,0,1.07719370748136,0.0126315919725802,63.9230769230769,4.24031557011059,800,0,80,0,1,0,1,0,0,0,80,0,80,0,0,0,10,0,10,0,20,0,0.861754965985084,800,1,1,FALSE,FALSE,FALSE,FALSE
"rapida",100,10,10,10,0.2,"low","random",2,0.2,13,8,0.615384615384615,100,0,10,0,10,0,10,0,0.2,0,2,0,0.2,0,NA,NA,0.619667824633196,0.0482061166386459,0.628808403512339,0.0437147983121315,0.554387325444199,0.076061417833002,0.786526301171922,0.0832261193399175,0.787952207351182,0.0839150937558583,0.733653674114897,0.130967447233008,0.504501331348526,0.0318019207607758,0.970899790904604,0.272800982425757,-0.0291002090953961,0.272800982425757,0.800276263438082,0.246992399934325,-0.199723736561918,0.246992399934325,1.02766520622033,0.316743668859749,3.11066082488131,1.266974675439,1.72960039617276,0.414501604251866,2.45920079234551,0.829003208503732,0.831121794954675,0.347028185869454,0.66224358990935,0.694056371738908,6.4008752202171,0.617502289632626,-0.199890597472862,0.0771877862040783,0.231573715352331,0.0302452043309609,0.157868576761657,0.151226021654804,2.19401491431331,0.939117472138977,0.25,0,0.384615384615385,0.0575639597965222,0.484615384615385,0.0421325044234743,0.323076923076923,0.0532938710021193,0.392307692307692,0.032936493791449,1.34351611029916,0.185487371716244,0.494674258218949,0.0345949364839447,160,0,3.87292390395747,0.301288228991537,106.461538461538,5.27283238319054,160,0,80,0,0.817692307692308,0.0083323470816779,0.823846153846154,0.0121707120885188,0.220170671908842,0.0176582265367768,1.77777777777778,0,0,0,0.172649572649573,0.0121074241372512,6.64444444444444,0.131082617986552,6.78461538461538,0.199879428920618,20,0,0.861754965985084,800,0.71907659264237,0.2,FALSE,FALSE,FALSE,FALSE
"rapida",100,10,10,10,0.2,"low","random",3,0.3,13,9,0.692307692307692,100,0,10,0,10,0,10,0,0.2,0,3,0,0.3,0,NA,NA,0.729893232321166,0.0314450977980877,0.740008282652456,0.031313294787808,0.690314718478869,0.0420422628905188,1.02153055392987,0.0597639709205002,0.999168382830119,0.0558423777605303,1.15721560516384,0.131537727664942,0.620495155818272,0.0243745502962684,0.78804481437655,0.170205153017055,-0.21195518562345,0.170205153017055,0.725439815988141,0.110709661655052,-0.274560184011859,0.110709661655052,0.428838604871379,0.140862783758182,0.715354419485517,0.563451135032727,1.05460374175414,0.255755285373549,1.10920748350828,0.511510570747098,0.529551096185368,0.137024702723702,0.0591021923707352,0.274049405447403,7.51188807068722,0.410065883464611,-0.0610139911640981,0.0512582354330764,0.17585316825633,0.0163645281554878,-0.120734158718352,0.0818226407774388,0.950662712048538,0.424158863261888,0.25,0,0.384615384615385,0.0618581440093068,0.492307692307692,0.0473144668903742,0.338461538461538,0.0474185692536075,0.469230769230769,0.0327864406475498,0.923684439856242,0.0762367177894565,0.510543847213647,0.0290239548967854,240,0,3.04122180133819,0.131021240825366,105.384615384615,4.10524751984713,240,0,80,0,0.938461538461538,0.00389709850091555,0.940769230769231,0.00473144668903741,0.160228475033741,0.0105396419446936,5.33333333333333,1.42222370596101e-16,3.6381015170414,0.454517728787276,0.00341880341880342,0.00231454085602164,8.8017094017094,0.0715876809581578,8.85299145299145,0.0885155429248155,20,0,0.861754965985084,800,0.846984654723533,0.3,FALSE,FALSE,FALSE,FALSE
"rapida",100,10,10,10,0.2,"low","random",5,0.5,13,13,1,100,0,10,0,10,0,10,0,0.2,0,5,0,0.5,0,NA,NA,0.7919738060677,0.0174384106211381,0.799558680446152,0.015322658506971,0.743499849487473,0.0488123303191513,0.959883204972847,0.0635212175274262,0.953916132100033,0.0595989676133541,0.94468009722959,0.102001297932474,0.688217794329303,0.0171484014885749,1.00457013903549,0.208676921793001,0.00457013903548731,0.208676921793001,0.88375123398994,0.106717298838989,-0.11624876601006,0.106717298838989,0.245956509011879,0.0700701720639829,-0.0161739639524851,0.280280688255931,0.601499935007232,0.11479735116309,0.202999870014465,0.229594702326179,0.545517971016056,0.125652067693059,0.0910359420321126,0.251304135386118,7.84176332167454,0.162959231445493,-0.0197795847906822,0.0203699039306867,0.188974317105827,0.0162409235485101,-0.0551284144708655,0.0812046177425504,0.399620607745344,0.152254976125169,0.25,0,0.523076923076923,0.0579055886699293,0.553846153846154,0.0332345676841429,0.461538461538462,0.0615384615384615,0.561538461538462,0.0384615384615385,0.746216897306284,0.0515622002200887,0.625737689097373,0.029110930938237,400,0,1.97993451516925,0.0435960265528453,90.3846153846154,3.08332666985793,400,0,80,0,0.994615384615385,0.00183113549449817,0.993846153846154,0.00330858664117024,0.0967743406797228,0.0065650946837776,17.7777777777778,0,17.1013990640314,0.0746720593825209,0,0,9.89230769230769,0.0366227098899633,9.87863247863248,0.0647206667269831,20,0,0.861754965985084,800,0.919024359972656,0.5,FALSE,FALSE,FALSE,FALSE
"rapida",100,10,10,10,0.2,"low","random",7,0.7,13,13,1,100,0,10,0,10,0,10,0,0.2,0,7,0,0.7,0,NA,NA,0.846217708806253,0.0111183235588331,0.862401282479171,0.0091694225006445,0.777739982198902,0.0259418288572326,0.942486774066565,0.0390705514126832,0.93980502509156,0.03652634228991,0.961601668037536,0.0707420176136541,0.717836112320372,0.0141154004945983,1.00610234567805,0.177564600563719,0.00610234567804607,0.177564600563719,0.970141771991903,0.0937285743924355,-0.0298582280080971,0.0937285743924355,0.331952876003354,0.0969190434709311,0.327811504013416,0.387676173883724,0.498187500603459,0.109525131450524,-0.00362499879308213,0.219050262901048,0.515371678778642,0.0737503299993069,0.0307433575572842,0.147500659998614,7.82095331115831,0.15669775476602,-0.0223808361052116,0.0195872193457524,0.20459049200659,0.0147658136133069,0.0229524600329508,0.0738290680665347,0.432047431185644,0.13796546770638,0.25,0,0.553846153846154,0.0646642062200948,0.607692307692308,0.048650425541052,0.507692307692308,0.0536626911191189,0.592307692307692,0.0366227098899633,0.735367155103854,0.0489110225813584,0.668233042588596,0.0200406088385749,560,0,1.51110305143974,0.0198541492122019,78,3.77576618137435,560,0,80,0,1,0,1,0,0.0692483659995315,0.00411438082491035,37.3333333333333,0,36.8678668281698,0.0408377074520061,0,0,10,0,10,0,20,0,0.861754965985084,800,0.981970214513274,0.7,FALSE,FALSE,FALSE,FALSE
"rapida",100,10,10,10,0.2,"low","parentage",2,0.2,13,5,0.384615384615385,100,0,10,0,10,0,10,0,0.2,0,2,0,0.2,0,NA,NA,0.66462549916054,0.0379751223913747,0.679213957265457,0.0352329594641717,0.585409896721004,0.0785569553542602,0.952601518186579,0.0752614300652096,0.943566669278599,0.0781434314424078,0.909059924789026,0.158455769778287,0.550805076103728,0.0389405991516707,0.915255560060672,0.167341224284956,-0.0847444399393281,0.167341224284956,0.90182940519438,0.174262462116292,-0.0981705948056203,0.174262462116292,0.312974947501778,0.121635997080981,0.251899790007114,0.486543988323925,1.19141320943874,0.480285426762023,1.38282641887749,0.960570853524046,0.588933987093666,0.154687797830507,0.177867974187332,0.309375595661013,7.46816003076403,0.423122176839923,-0.066479996154496,0.0528902721049904,0.185929080375607,0.0206550048079524,-0.0703545981219645,0.103275024039762,33153880.9576061,33153880.6205412,0.25,0,0.353846153846154,0.0561766725646324,0.476923076923077,0.0482433018518635,0.338461538461538,0.0525484654664595,0.384615384615385,0.0405825430547293,1.01378341025247,0.110951303087887,0.49232470975022,0.0405960096792022,160,0,4.15390936975338,0.237344514946092,115.076923076923,3.37878285333931,160,0,80,0,0.961538461538462,0.00618581440093067,0.962307692307692,0.00482433018518635,0.114691640487084,0.00817256587382371,1.77777777777778,1.77777963245126e-17,0,0,0.798290598290598,0.00468138938038604,9.25641025641026,0.117497796133929,9.28034188034188,0.0852732776836712,20,0,0.861754965985084,800,0.771246497431897,0.2,FALSE,FALSE,FALSE,FALSE
"rapida",100,10,10,10,0.2,"low","parentage",3,0.3,13,8,0.615384615384615,100,0,10,0,10,0,10,0,0.2,0,3,0,0.3,0,NA,NA,0.710597621728799,0.0343902756482187,0.722173664942127,0.0312171013428822,0.653633665362417,0.0608518887095107,0.936244646312348,0.0649455089973226,0.925673624475998,0.0680857417222249,0.978147434847415,0.103711274717051,0.602270086461983,0.0309672655417707,1.0337636659248,0.241487208003658,0.0337636659247968,0.241487208003658,0.64271514239147,0.138167205844523,-0.35728485760853,0.138167205844523,0.541760637358081,0.181036474867822,1.16704254943232,0.724145899471287,0.540251703256437,0.162607242130189,0.0805034065128741,0.325214484260379,0.549910716101763,0.187975932008206,0.0998214322035251,0.375951864016411,7.51567763420132,0.330611637926228,-0.0605402957248347,0.0413264547407785,0.202265417278205,0.0210144592341663,0.0113270863910236,0.105072296170832,1.13081740348446,0.434668785490543,0.25,0,0.338461538461538,0.072975638311578,0.476923076923077,0.0508313528246128,0.323076923076923,0.0699393933178762,0.476923076923077,0.0611365077823916,0.964666931349391,0.0939867858347921,0.536980929960163,0.0337343515205581,240,0,2.96082342387,0.143292815200911,111.230769230769,2.74131225864699,240,0,80,0,0.987692307692308,0.00323321031100474,0.990769230769231,0.00366227098899634,0.0925237615909509,0.00556899569944496,5.33333333333333,1.42222370596101e-16,0,0,0.47008547008547,0.010327389721021,9.76068376068376,0.0611255536497044,9.82051282051282,0.0697511308140279,20,0,0.861754965985084,800,0.824593590727388,0.3,FALSE,FALSE,FALSE,FALSE
"rapida",100,10,10,10,0.2,"low","parentage",5,0.5,13,13,1,100,0,10,0,10,0,10,0,0.2,0,5,0,0.5,0,NA,NA,0.806272365047605,0.0246778985665912,0.822936079392194,0.0211480859745544,0.731111295588613,0.0545193026619357,1.05319222686517,0.0606363799531907,1.04498338850612,0.0546256622166064,1.05593936521191,0.11018267328523,0.686545466051933,0.0206238487380866,0.84412151286074,0.152703112180082,-0.15587848713926,0.152703112180082,0.777348036968184,0.131028715693609,-0.222651963031816,0.131028715693609,0.338444072420829,0.0707336682540264,0.353776289683314,0.282934673016106,0.514740492370942,0.141410351074906,0.0294809847418831,0.282820702149812,0.600334350856433,0.0749060433530478,0.200668701712865,0.149812086706096,7.75305132223789,0.241062142552617,-0.0308685847202639,0.0301327678190771,0.177637104541333,0.0150462740841338,-0.111814477293333,0.0752313704206688,0.581977869889381,0.186212398010769,0.25,0,0.461538461538462,0.0525484654664595,0.584615384615385,0.0436274346850604,0.476923076923077,0.0579055886699293,0.523076923076923,0.0378150800096221,0.759825492513619,0.0536928992930622,0.589586787431435,0.0251116800912981,400,0,2.01568091261901,0.061694746416478,94.4615384615385,3.97042816365708,400,0,80,0,1,0,1,0,0.04906466232536,0.00308256430408629,17.7777777777778,0,1.08943003416483,1.08943003416483,0.0495726495726496,0.00912570790771907,10,0,10,0,20,0,0.861754965985084,800,0.935616731985924,0.5,FALSE,FALSE,FALSE,FALSE
"rapida",100,10,10,10,0.2,"low","parentage",7,0.7,13,13,1,100,0,10,0,10,0,10,0,0.2,0,7,0,0.7,0,NA,NA,0.825632379209352,0.0137744443054935,0.845871943905754,0.0125830065714842,0.748879751834309,0.0234897014288807,1.05142009831743,0.054895809019858,1.04163307601727,0.0493260941382357,1.0806768561085,0.0881803945074717,0.729944571261991,0.0108776978582579,0.747895341362024,0.115358225736488,-0.252104658637976,0.115358225736488,0.926624645692802,0.144600841263149,-0.0733753543071981,0.144600841263149,0.304428668876126,0.0638690129205651,0.217714675504504,0.255476051682261,0.444049856799806,0.0734236605842996,-0.111900286400388,0.146847321168599,0.629071112756001,0.088121488536242,0.258142225512001,0.176242977072484,7.81534466075742,0.146926467996317,-0.0230819174053225,0.0183658084995396,0.178759341499715,0.0193071166975444,-0.106203292501427,0.0965355834877219,0.488357277838588,0.133356081909386,0.25,0,0.553846153846154,0.0685148164917302,0.584615384615385,0.0450728098237101,0.569230769230769,0.0444115591684328,0.6,0.0299572344757639,0.677137608272394,0.0541697617552539,0.625292789289438,0.0297275176532107,560,0,1.47434353430241,0.0245972219740955,78.3846153846154,4.21008931864942,560,0,80,0,1,0,1,0,0.0360687151010932,0.00255155284239791,37.3333333333333,0,36.4632443041214,0.0300917224363878,0,0,10,0,10,0,20,0,0.861754965985084,800,0.958082531344115,0.7,FALSE,FALSE,FALSE,FALSE
"rapida",400,20,20,2,0.2,"low","optimised_blocks",1,0.5,15,5,0.333333333333333,400,0,20,0,20,0,2,0,0.2,0,1,0,0.5,0,0,0,0.662804207630976,0.0267154316460282,0.673907648054035,0.025924491318176,0.610722320441662,0.033669171077727,0.881652618855061,0.0565859413817625,0.898343657557946,0.0578647766408812,0.814792413333027,0.0532605873453084,0.710316347184044,0.0164782286611099,0.979951120507413,0.181052665126376,-0.0200488794925874,0.181052665126376,1.08839114036673,0.166499454543017,0.088391140366727,0.166499454543017,0.63394976175435,0.190676297155554,1.5357990470174,0.762705188622218,0.659905083734511,0.17089681703798,0.319810167469021,0.341793634075959,0.521909016227425,0.110487650018251,0.04381803245485,0.220975300036502,7.49550100275864,0.298487173140275,-0.0630623746551698,0.0373108966425344,0.238631149086539,0.0211778681130852,0.193155745432695,0.105889340565426,0.856936565302621,0.366141147048862,0.25,0,0.34,0.0397012654230375,0.421666666666667,0.0330823887354653,0.346666666666667,0.0321701823886753,0.433333333333333,0.0317792484952152,1.35902692433828,0.102672278746324,0.478271124805438,0.0241240763724185,320,0,2.0712631488468,0.083485723893838,116.933333333333,1.53209059369921,320,0,320,0,1,0,1,0,0.0265165042944955,0.00622016689410149,0,0,0,0,1,0,20,0,20,0,80,0,0.903314877322618,3200,0.733746586345944,0.1,FALSE,FALSE,FALSE,FALSE
"rapida",400,20,20,2,0.2,"low","complete",2,1,15,11,0.733333333333333,400,0,20,0,20,0,2,0,0.2,0,2,0,1,0,NA,NA,0.73337047890274,0.0198212091227997,0.742471204294799,0.0200856670128737,0.693841274866678,0.020764026585174,1.0694967533598,0.077822104996739,1.07677518242202,0.0757708048435696,1.04631524499862,0.0902053553679165,NA,NA,0.783715518290946,0.130569186400111,-0.216284481709054,0.130569186400111,1.04661333782899,0.113784914487724,0.0466133378289949,0.113784914487724,0.355644377988744,0.0773286084192919,0.422577511954977,0.309314433677168,0.681929146020451,0.117278863934161,0.363858292040901,0.234557727868323,0.468065603578646,0.0905801821862459,-0.0638687928427074,0.181160364372492,7.73570990941829,0.103865529495595,-0.0330362613227133,0.0129831911869494,0.194398574682131,0.0171076361565129,-0.0280071265893474,0.0855381807825646,0.43895893070755,0.0944811457403931,0.25,0,0.443333333333333,0.0407859297245026,0.493333333333333,0.0282912853259944,NA,NA,NA,NA,0.967724417430959,0.0858482584260516,0.530408512802375,0.031441620930824,640,0,1.14589137328553,0.0309706392543746,104.8,3.65956021297381,640,0,320,0,1,0,1,0,0,0,320,0,320,0,0,0,20,0,20,0,80,0,0.903314877322618,3200,0.811865825875043,0.2,FALSE,FALSE,FALSE,FALSE
"rapida",400,20,20,2,0.2,"low","random",1,0.5,15,9,0.6,400,0,20,0,20,0,2,0,0.2,0,1,0,0.5,0,NA,NA,0.648990171202687,0.0239800643068569,0.656670171074358,0.0245704110608338,0.621108555516867,0.0281172387119079,0.806056478888382,0.0497148497279735,0.800675442490488,0.0500284000045632,0.863306946756498,0.0656626070758364,0.70464977690013,0.0179451066258549,0.93522035526693,0.184465203136784,-0.0647796447330704,0.184465203136783,1.16644470305696,0.172889099341189,0.166444703056959,0.172889099341189,1.2762346010724,0.287604414820769,4.1049384042896,1.15041765928308,0.629119708657616,0.122190698596938,0.258239417315233,0.244381397193876,0.561212228453177,0.114993843623981,0.122424456906355,0.229987687247963,6.81794108179537,0.290584612227331,-0.147757364775578,0.0363230765284164,0.296006715305345,0.0272674936051809,0.480033576526727,0.136337468025904,1.55899934698766,0.425106285614421,0.25,0,0.393333333333333,0.0374377790685732,0.46,0.0290524976387163,0.33,0.0424824893898875,0.451666666666667,0.0372784460470463,1.7414423669909,0.166414828746666,0.468284506558794,0.0314576806968773,320,0,2.0280942850084,0.0749377009589279,112.066666666667,2.37540305685997,320,0,320,0,1,0,1,0,0.0736569563735987,0.0142695841476208,0,0,0,0,1,0,20,0,20,0,80,0,0.903314877322618,3200,0.718453982653605,0.1,FALSE,FALSE,FALSE,FALSE
"rapida",400,20,20,2,0.2,"low","parentage",1,0.5,15,8,0.533333333333333,400,0,20,0,20,0,2,0,0.2,0,1,0,0.5,0,NA,NA,0.67716826025134,0.0279360308928637,0.683321964810734,0.0278344494632766,0.650861136940602,0.0318826902178125,0.913396491487517,0.0715285824764621,0.911752254373273,0.0738835626803008,0.931102679529822,0.0649081448372518,0.70924912011558,0.0158200768886043,0.814039414432883,0.139823581452151,-0.185960585567117,0.139823581452151,1.06212591870001,0.152126939427708,0.0621259187000082,0.152126939427708,0.833795902009481,0.242324418100408,2.33518360803792,0.96929767240163,0.475243419130233,0.142520698053901,-0.0495131617395347,0.285041396107802,0.282666112924237,0.118286308218348,-0.434667774151526,0.236572616436696,7.60430482824207,0.247631701667126,-0.0494618964697416,0.0309539627083907,0.241750418915546,0.0225413429421493,0.20875209457773,0.112706714710747,1.17729842287321,0.41322158579152,0.25,0,0.356666666666667,0.0407859297245026,0.445,0.0350339970939793,0.403333333333333,0.0423889773033674,0.476666666666667,0.0392994204085053,1.38826219605885,0.141555628290655,0.477734145621694,0.0238153235990924,320,0,2.11615081328544,0.0873000965401989,115.066666666667,2.23280022066391,320,0,320,0,1,0,1,0,0.0229809703885628,0.00650091568641716,0,0,0,0,1,0,20,0,20,0,80,0,0.903314877322618,3200,0.749648076491815,0.1,FALSE,FALSE,FALSE,FALSE
"rapida",400,20,20,4,0.2,"low","optimised_blocks",1,0.25,15,8,0.533333333333333,400,0,20,0,20,0,4,0,0.2,0,1,0,0.25,0,0,0,0.642079408744188,0.0195564980378382,0.647331812389898,0.0177675164773224,0.635360919098741,0.0332216124961938,0.857310557687272,0.0526599245796544,0.842833985401008,0.0579172558657233,0.983311674247199,0.0627875117514341,0.62424821738126,0.0165628757511469,0.807403480657313,0.150765183879152,-0.192596519342687,0.150765183879152,0.777294225867825,0.150614107800332,-0.222705774132175,0.150614107800332,1.19439470025036,0.306959202155072,3.77757880100146,1.22783680862029,0.59744686292377,0.123758080328931,0.19489372584754,0.247516160657862,0.724224382468649,0.0709186918122253,0.448448764937297,0.14183738362445,6.82852366461966,0.266209914426369,-0.146434541922542,0.0332762393032961,0.251617654632648,0.0250623768201083,0.258088273163239,0.125311884100541,1.9476393787145,0.596247678828369,0.25,0,0.36,0.0512231346542705,0.443333333333333,0.0353104148492395,0.346666666666667,0.0524328746990507,0.405,0.0420600477775242,1.51122013863793,0.193300759446277,0.465458253553409,0.0265885646633116,320,0,2.00649815232559,0.0611140563682443,113,2.7654328861173,320,0,320,0,0.999166666666667,0.00083333333333333,1,0,0.0419555352627761,0.00658889008846117,0,0,0,0,1,0,19.9666666666667,0.0333333333333333,20,0,80,0,0.903314877322618,3200,0.710803535802799,0.1,FALSE,FALSE,FALSE,FALSE
"rapida",400,20,20,4,0.2,"low","optimised_blocks",2,0.5,15,14,0.933333333333333,400,0,20,0,20,0,4,0,0.2,0,2,0,0.5,0,30,0,0.790559753234012,0.0153984690777495,0.793277680945072,0.0148079250198803,0.778258358405178,0.0195750063970995,1.02787474800397,0.022406731360077,1.01508662885381,0.0227443284792644,1.08494166012242,0.0338745454432182,0.737165836952918,0.0130429683247877,0.878769990331527,0.0739989185444816,-0.121230009668473,0.0739989185444816,0.906041186326438,0.113271129840261,-0.0939588136735617,0.113271129840261,0.369168021890873,0.0664197614337494,0.476672087563491,0.265679045734998,0.481752055056958,0.0853405637946639,-0.0364958898860843,0.170681127589328,0.433812483679776,0.0660815665986688,-0.132375032640449,0.132163133197338,7.81514946226637,0.154151786056793,-0.0231063172167033,0.0192689732570991,0.197247683014965,0.00680791177027794,-0.0137615849251767,0.0340395588513897,0.537579341847676,0.1459143297252,0.25,0,0.48,0.0279455252402309,0.566666666666667,0.0227128381289749,0.5,0.043915503282684,0.568333333333333,0.031288468386424,0.903114881799889,0.0461315329922249,0.570583179529506,0.0282409729422897,639.866666666667,1.66723799731248,1.23571807970132,0.0246709089357747,106.6,2.02319878739914,639.866666666667,1.66723799731248,320,0,1,0,1,0,0.0267467162537813,0.00371416482051706,65.2111111111111,0.570775641081063,64.8373090267332,0.6040744755955,0,0,20,0,20,0,80,0,0.903314877322618,3200,0.875176279147747,0.199958333333333,FALSE,FALSE,FALSE,FALSE
"rapida",400,20,20,4,0.2,"low","optimised_blocks",3,0.75,15,15,1,400,0,20,0,20,0,4,0,0.2,0,3,0,0.75,0,30,0,0.809821461730686,0.0117980930490082,0.814346261534586,0.0112222794463583,0.787272989703718,0.0192484223223841,1.02442674467418,0.0319514364506005,1.01742170063426,0.0321560912009101,1.05287076289271,0.0401645811421937,0.793388785156814,0.00761494172302862,0.889385775209929,0.108589851715931,-0.110614224790071,0.108589851715931,0.923794319086938,0.085513578613781,-0.0762056809130622,0.085513578613781,0.345122323383636,0.0650112164479474,0.380489293534545,0.26004486579179,0.485858350391303,0.0555375515789201,-0.0282832992173933,0.11107510315784,0.556523233051608,0.0384443011980342,0.113046466103216,0.0768886023960684,8.02153692885896,0.093302807448631,0.00269211610736969,0.0116628509310789,0.19059762409037,0.0117062274295477,-0.0470118795481499,0.0585311371477385,0.392536679913199,0.0806383123774099,0.25,0,0.53,0.028368325730679,0.583333333333333,0.0207975883827833,0.553333333333333,0.0403752242118695,0.606666666666667,0.0168089167568788,0.818135033280011,0.0546815644204357,0.614552789112853,0.0165924131555261,961.266666666667,1.01167784570587,0.842508727059393,0.0125116970616462,88.1333333333333,2.5780514359394,961.266666666667,1.01167784570587,320,0,1,0,1,0,0.0144037818996316,0.00216196995442734,164.455555555556,0.41514537093932,164.339786120706,0.415157144387793,0,0,20,0,20,0,80,0,0.903314877322618,3200,0.896499639340556,0.300395833333333,FALSE,FALSE,FALSE,FALSE
"rapida",400,20,20,4,0.2,"low","complete",4,1,15,15,1,400,0,20,0,20,0,4,0,0.2,0,4,0,1,0,NA,NA,0.832645216887038,0.00892577802800102,0.837017682019469,0.00848983532044107,0.81319398643159,0.014851552991614,1.024277376267,0.029159640824646,1.01713160728256,0.0271991098075367,1.05479952884528,0.0443778793409717,NA,NA,0.8254274869059,0.098526479980806,-0.1745725130941,0.098526479980806,0.981427428775274,0.109052979767659,-0.0185725712247257,0.109052979767659,0.230447513607207,0.0538602402007845,-0.0782099455711736,0.215440960803138,0.4740969464388,0.0565553982443288,-0.0518061071224001,0.113110796488658,0.412521768860467,0.0468290562217914,-0.174956462279066,0.0936581124435827,8.07576082025813,0.0960481851398635,0.0094701025322662,0.0120060231424829,0.184713494322825,0.0087647567645542,-0.0764325283858737,0.043823783822771,0.288693975923756,0.0733386081916355,0.25,0,0.55,0.0280305955290694,0.615,0.0243730921109247,NA,NA,NA,NA,0.660279714623207,0.0360918618132443,0.667292867774588,0.020431617941753,1280,0,0.650504075692999,0.0069732640843758,74.9333333333333,2.75761571732619,1280,0,320,0,1,0,1,0,0,0,320,0,320,0,0,0,20,0,20,0,80,0,0.903314877322618,3200,0.921766305183591,0.4,FALSE,FALSE,FALSE,FALSE
"rapida",400,20,20,4,0.2,"low","random",1,0.25,15,5,0.333333333333333,400,0,20,0,20,0,4,0,0.2,0,1,0,0.25,0,NA,NA,0.702126038689226,0.0164653568913405,0.705508157692459,0.0149127140628691,0.687709380738465,0.0267218511906989,0.990876267354202,0.0753224047100212,0.982001379451361,0.0748119596566941,1.02959512610936,0.0845608886557468,0.642364180056255,0.0169624674100591,0.844142426972685,0.146102229312711,-0.155857573027315,0.146102229312711,0.996895406472061,0.179953946242038,-0.00310459352793917,0.179953946242038,0.719185605048145,0.168370663102082,1.87674242019258,0.673482652408329,0.422715730078911,0.132992686056758,-0.154568539842178,0.265985372113516,0.464428747294843,0.100275668813525,-0.0711425054103147,0.200551337627051,7.29543285872805,0.177440803530234,-0.0880708926589941,0.0221801004412793,0.228583087068342,0.02645573772613,0.142915435341709,0.13227868863065,0.746775125364436,0.141271243404536,0.25,0,0.366666666666667,0.0354114141763394,0.466666666666667,0.0332439277185884,0.39,0.0455652331958312,0.501666666666667,0.0402718933851563,1.29378303438173,0.154419737123352,0.471117276103538,0.0198416200142623,320,0,2.19414387090383,0.051454240285439,115.066666666667,3.11595994024415,320,0,320,0,0.989166666666667,0.00239874305709642,0.9825,0.00419040854923763,0.105690024885679,0.0104336785873882,0,0,0,0,1,0,19.5777777777778,0.0918168562792354,19.3,0.167616341969505,80,0,0.903314877322618,3200,0.777277177998323,0.1,FALSE,FALSE,FALSE,FALSE
"rapida",400,20,20,4,0.2,"low","random",2,0.5,15,15,1,400,0,20,0,20,0,4,0,0.2,0,2,0,0.5,0,NA,NA,0.761550522472535,0.0127257984747438,0.76665256530051,0.0129247420191186,0.738604901118923,0.0193904394349568,1.06446648828521,0.0443905053841868,1.04541477429849,0.0454687035334795,1.15578255596522,0.0454492109253811,0.727006320324565,0.0120399621966508,0.644110861685275,0.0874666263473849,-0.355889138314725,0.0874666263473849,0.853747709893821,0.119419684240823,-0.146252290106179,0.119419684240823,0.617630352595434,0.124348517935969,1.47052141038173,0.497394071743875,0.666326858182036,0.117655898512723,0.332653716364073,0.235311797025446,0.577345050256062,0.0781441465875958,0.154690100512124,0.156288293175192,7.61892155664394,0.116698460388664,-0.0476348054195074,0.014587307548583,0.190580044616047,0.0161222955395089,-0.0470997769197648,0.0806114776975446,0.832366228375982,0.168898232859305,0.25,0,0.44,0.0244948974278318,0.548333333333333,0.0162690669579586,0.526666666666667,0.0222895804542256,0.586666666666667,0.0179062815971078,1.01442176988894,0.0913496958293291,0.514209245740854,0.0205022146439904,640,0,1.18992269136334,0.0198840601167872,96.3333333333333,3.69770413540833,640,0,320,0,1,0,1,0,0.0585460014197992,0.00443597885600452,53.3333333333333,0,52.5598040228354,0.0806448806093574,0,0,20,0,20,0,80,0,0.903314877322618,3200,0.843062083434001,0.2,FALSE,FALSE,FALSE,FALSE
"rapida",400,20,20,4,0.2,"low","random",3,0.75,15,15,1,400,0,20,0,20,0,4,0,0.2,0,3,0,0.75,0,NA,NA,0.811149243082514,0.0111614910367461,0.819018061904012,0.0107648308514193,0.777302079159265,0.0169393434833392,1.00715140940551,0.0274802851626705,1.00342980801331,0.0265357682135002,1.02149648785326,0.0407314204841437,0.79017990114257,0.00997368128271437,0.782530513408863,0.0761342855001005,-0.217469486591137,0.0761342855001005,1.05652479658843,0.136937490421514,0.0565247965884281,0.136937490421514,0.37603206744099,0.0608066712834285,0.504128269763959,0.243226685133714,0.519485274812167,0.0534604305095899,0.0389705496243341,0.10692086101918,0.508577484174417,0.0478931536037186,0.0171549683488334,0.0957863072074372,7.81207671817104,0.141811122887222,-0.0234904102286204,0.0177263903609027,0.199160226085692,0.0117373665194031,-0.00419886957154169,0.0586868325970156,0.465540702093654,0.0947511560752475,0.25,0,0.486666666666667,0.0236374736114112,0.575,0.0193649167310371,0.516666666666667,0.0278886675511359,0.623333333333333,0.0233333333333333,0.834020724612173,0.0449532445604586,0.612356162773971,0.0198287197361821,960,0,0.844947128210952,0.0116265531632772,86.5333333333333,2.83660875101753,960,0,320,0,1,0,1,0,0.0329554702599619,0.0040422040907652,160,0,159.525441889932,0.10531383285653,0,0,20,0,20,0,80,0,0.903314877322618,3200,0.897969538027229,0.3,FALSE,FALSE,FALSE,FALSE
"rapida",400,20,20,4,0.2,"low","parentage",1,0.25,15,3,0.2,400,0,20,0,20,0,4,0,0.2,0,1,0,0.25,0,NA,NA,0.692132855679689,0.0218308840610992,0.694597116655925,0.0223910989992953,0.677360266352641,0.0251710749315854,1.07759086359505,0.0636055438302965,1.06789484652543,0.0631209856835832,1.11425188501404,0.0700082019780671,0.659617788796655,0.0147217678533882,0.818210215670178,0.127368963722157,-0.181789784329822,0.127368963722157,0.831625776897258,0.128336884361106,-0.168374223102742,0.128336884361106,0.371172021586414,0.110563442158103,0.484688086345656,0.442253768632411,0.639554081510793,0.106600701576111,0.279108163021585,0.213201403152222,0.650266748713498,0.107362204337257,0.300533497426996,0.214724408674515,8.10787783404436,0.253375180487243,0.0134847292555445,0.0316718975609054,0.174246629643255,0.0134296243067166,-0.128766851783727,0.067148121533583,0.644740974724617,0.239175609844458,0.25,0,0.37,0.0330223589477825,0.455,0.0234266840122439,0.433333333333333,0.0454256762579498,0.503333333333333,0.0288537637499804,1.07959018161803,0.0864068530738317,0.444328692066271,0.0287165734396672,320,0,2.16291517399903,0.0682215126909349,117.466666666667,1.58825051000769,320,0,320,0,1,0,0.999166666666667,0.00083333333333333,0.0416937393247445,0.00420665469593258,0,0,0,0,1,0,20,0,19.9666666666667,0.0333333333333333,80,0,0.903314877322618,3200,0.766214387757166,0.1,FALSE,FALSE,FALSE,FALSE
"rapida",400,20,20,4,0.2,"low","parentage",2,0.5,15,15,1,400,0,20,0,20,0,4,0,0.2,0,2,0,0.5,0,NA,NA,0.781315177401525,0.014786881059444,0.784811475794559,0.0151013572055557,0.762304597262639,0.0187223484501359,1.00185202281481,0.034976175499186,1.00058266741865,0.0365103714409328,1.00581558345817,0.0354647920825338,0.744075269371631,0.0121300629780511,0.993034182344603,0.095495255239045,-0.00696581765539751,0.095495255239045,0.903725530252453,0.10334057800928,-0.0962744697475469,0.10334057800928,0.248878430794622,0.0653609800947273,-0.00448627682151298,0.261443920378909,0.405837569551031,0.0878008584208697,-0.188324860897939,0.175601716841739,0.526291293776269,0.0794105900057693,0.052582587552538,0.158821180011539,8.02659377028965,0.135068032783397,0.00332422128620647,0.0168835040979246,0.193021353203049,0.0115780292534175,-0.0348932339847572,0.0578901462670875,0.278946238763036,0.0742136217393216,0.25,0,0.46,0.0328053421898092,0.548333333333333,0.0186551835428085,0.516666666666667,0.0410187723187772,0.573333333333333,0.0280801008454753,0.832626700659264,0.0536894458229389,0.606373104425869,0.0174950947833261,640,0,1.22080496468988,0.0231045016553812,102.4,3.02182537076989,640,0,320,0,1,0,1,0,0.0256358499767243,0.0029135749106253,53.3333333333333,0,42.1572203632479,3.64413727772644,0.0222222222222222,0.0222222222222222,20,0,20,0,80,0,0.903314877322618,3200,0.864942222270606,0.2,FALSE,FALSE,FALSE,FALSE
"rapida",400,20,20,4,0.2,"low","parentage",3,0.75,15,14,0.933333333333333,400,0,20,0,20,0,4,0,0.2,0,3,0,0.75,0,NA,NA,0.824072902107548,0.00893036910018325,0.830321751173783,0.00827452852440783,0.796602372000175,0.0154923063910102,1.05082606683838,0.0330375924880896,1.05031314265924,0.0339267275730791,1.04801889259232,0.0367530962214293,0.786234951469176,0.0105103279618945,0.847125391472343,0.0842958246355031,-0.152874608527657,0.0842958246355031,0.905900083945594,0.0971134281051479,-0.0940999160544062,0.0971134281051479,0.266394432728024,0.0498242265197011,0.0655777309120966,0.199296906078805,0.570192696112464,0.0568500169801902,0.140385392224928,0.11370003396038,0.439968804072461,0.0567563149261005,-0.120062391855079,0.113512629852201,7.8200264685025,0.105298277073103,-0.0224966914371879,0.0131622846341379,0.185103089840856,0.00939043910332954,-0.0744845507957199,0.0469521955166477,0.314269582772666,0.057810533607914,0.25,0,0.566666666666667,0.0287297202457112,0.6,0.0222271819861992,0.55,0.0351865775274498,0.615,0.0217944947177034,0.747105824401435,0.0407474438332348,0.624047339041593,0.015593775222683,960,0,0.858409273028696,0.00930246781269089,91.2,3.32694626174987,960,0,320,0,1,0,1,0,0.0150927479988614,0.00181518812345178,160,0,159.901326590438,0.0222649211122273,0,0,20,0,20,0,80,0,0.903314877322618,3200,0.912276463939198,0.3,FALSE,FALSE,FALSE,FALSE
"rapida",400,20,20,6,0.2,"low","optimised_blocks",1,0.166666666666667,15,2,0.133333333333333,400,0,20,0,20,0,6,0,0.2,0,1,0,0.166666666666667,0,0,0,0.733094022900152,0.0182781505138528,0.732624528132141,0.0185680604962757,0.737688101893324,0.0208645845712668,1.03806907747461,0.0806955996238477,1.01614677438225,0.0750810343891425,1.13766099394218,0.108502347298667,0.643702503378015,0.021539038029495,0.891752467987045,0.135739513689616,-0.108247532012955,0.135739513689616,1.13480366833943,0.135333430494366,0.134803668339425,0.135333430494366,0.404980506641994,0.114349011540458,0.619922026567978,0.457396046161832,0.569566004794772,0.12711546179293,0.139132009589543,0.25423092358586,0.568565446250896,0.15401785694976,0.137130892501793,0.30803571389952,7.98788102854994,0.314640671501217,-0.00151487143125798,0.0393300839376521,0.210283972936994,0.0215456204057779,0.0514198646849686,0.107728102028889,0.437770084854196,0.154497416892149,0.25,0,0.396666666666667,0.0339701082419273,0.476666666666667,0.0216116517661999,0.443333333333333,0.0389953192144252,0.523333333333333,0.028605138843466,1.14439688781866,0.104221177050764,0.503364990237971,0.027708794702926,320,0,2.29091882156298,0.05711922035579,117.933333333333,1.40904110138662,320,0,320,0,0.995555555555556,0.00137693266451567,0.995555555555556,0.00137693266451567,0.0471348633219498,0.00470223852178872,0,0,0,0,1,0,19.8222222222222,0.0550773065806269,19.8222222222222,0.0550773065806269,80,0,0.903314877322618,3200,0.811559779766949,0.1,FALSE,FALSE,FALSE,FALSE
"rapida",400,20,20,6,0.2,"low","optimised_blocks",2,0.333333333333333,15,14,0.933333333333333,400,0,20,0,20,0,6,0,0.2,0,2,0,0.333333333333333,0,30,0,0.819654084402067,0.0125933490362829,0.821518714328665,0.0128970242283578,0.814263907363742,0.0131875218159122,0.999069887468292,0.0436737424754069,0.987288469908341,0.0418199760586214,1.04954872460685,0.053304918344596,0.733998750431658,0.0148684173157026,1.04371004500452,0.130235476979617,0.0437100450045178,0.130235476979617,1.0730551782023,0.127034852832723,0.0730551782022989,0.127034852832723,0.276419064260958,0.0781185635702779,0.105676257043832,0.312474254281112,0.558428482298448,0.0694941590707745,0.116856964596895,0.138988318141549,0.3745845362675,0.0793762356037249,-0.250830927465001,0.15875247120745,7.66743006149224,0.101885644981616,-0.0415712423134704,0.012735705622702,0.213749836959423,0.0169911421499244,0.068749184797117,0.0849557107496218,0.248525154256687,0.0605859952646327,0.25,0,0.483333333333333,0.0278886675511359,0.576666666666667,0.0244543630670658,0.486666666666667,0.0273716340251427,0.568333333333333,0.0162690669579586,0.848274848265445,0.0725931067173681,0.632059599519073,0.0195389008887342,644.333333333333,2.68091431927646,1.27208417176369,0.0186049123676829,101.266666666667,3.04015454912077,644.333333333333,2.68091431927646,320,0,1,0,1,0,0.0337546950711552,0.00230108520538282,38.2,0.50971513986689,37.907269116209,0.506178325329011,0,0,20,0,20,0,80,0,0.903314877322618,3200,0.907384683878431,0.201354166666667,FALSE,FALSE,FALSE,FALSE
"rapida",400,20,20,6,0.2,"low","optimised_blocks",3,0.5,15,15,1,400,0,20,0,20,0,6,0,0.2,0,3,0,0.5,0,30,0,0.841903714854666,0.00829141953558183,0.842940924046519,0.0085269135464005,0.840354822132021,0.0097986052132217,1.06263884086206,0.0372560505568435,1.04623016722961,0.0364364286721494,1.13616564748425,0.0453465538395677,0.773551280167063,0.0114239983891923,0.884139256658842,0.10543212555073,-0.115860743341158,0.10543212555073,0.952991225997054,0.100559343941752,-0.0470087740029464,0.100559343941752,0.309873123161574,0.053128681209084,0.239492492646295,0.212514724836336,0.587198401234836,0.0812884764542097,0.174396802469672,0.162576952908419,0.606555883673085,0.0576377696875372,0.21311176734617,0.115275539375074,7.86581066614964,0.132006580138212,-0.0167736667312951,0.0165008225172765,0.189213363591848,0.0115361209651667,-0.0539331820407615,0.0576806048258335,0.406547654683251,0.0893674309532416,0.25,0,0.486666666666667,0.0264874933050922,0.596666666666667,0.0191899444567713,0.52,0.0337356671505876,0.595,0.0262995563967658,0.76914446641332,0.0431877445594605,0.624653683985095,0.0234449602132809,961.266666666667,1.65174270643281,0.875845264139635,0.00864298654790449,89.1333333333333,1.87684300956145,961.266666666667,1.65174270643281,320,0,1,0,1,0,0.0265675071822073,0.00240319715432447,73.9022222222222,0.387195405689361,73.5462170264759,0.37529992950116,0,0,20,0,20,0,80,0,0.903314877322618,3200,0.932015774333341,0.300395833333333,FALSE,FALSE,FALSE,FALSE
"rapida",400,20,20,6,0.2,"low","optimised_blocks",4,0.666666666666667,15,15,1,400,0,20,0,20,0,6,0,0.2,0,4,0,0.666666666666667,0,30,0,0.854104457940126,0.00965758213402875,0.855852180506439,0.00986949536837624,0.849599757047738,0.0111182127237719,0.972488626467046,0.0252789193227677,0.96057563927348,0.0243700791795057,1.02816732907945,0.0355575245133199,0.804357297740721,0.0123289475217851,0.985349111235255,0.116468638822412,-0.0146508887647451,0.116468638822412,1.11901988760594,0.1131443106318,0.119019887605937,0.1131443106318,0.339692235667406,0.0604518533561429,0.358768942669623,0.241807413424571,0.600366623076488,0.0731136649269057,0.200733246152977,0.146227329853811,0.529259696106337,0.0589539207526393,0.0585193922126746,0.117907841505279,8.13013537492914,0.0983723541375332,0.0162669218661428,0.0122965442671916,0.206427287346114,0.0127579013396236,0.0321364367305691,0.063789506698118,0.374329425525586,0.0754957645788904,0.25,0,0.496666666666667,0.0255728030135191,0.618333333333333,0.0246965713191251,0.57,0.025727509827124,0.675,0.0182574185835055,0.757028622240843,0.047548505583011,0.677313502940619,0.0210280643884553,1281.46666666667,1.70954370594603,0.666503592001728,0.0074704148688252,77.3333333333333,1.99920619167343,1281.46666666667,1.70954370594603,320,0,1,0,1,0,0.020530765041176,0.00159598208581018,133.2,0.475294394985636,132.942956734952,0.470852984168686,0,0,20,0,20,0,80,0,0.903314877322618,3200,0.945522407946663,0.400458333333333,FALSE,FALSE,FALSE,FALSE
"rapida",400,20,20,6,0.2,"low","complete",6,1,15,15,1,400,0,20,0,20,0,6,0,0.2,0,6,0,1,0,NA,NA,0.872337105016224,0.0102702225106298,0.873708235746044,0.0107899300201961,0.869546154625177,0.00926190778112122,1.02908285953084,0.0278477553542871,1.01429829733418,0.0252934367317374,1.09430963988086,0.0411580248481715,NA,NA,0.839839555764807,0.0964759163742681,-0.160160444235193,0.0964759163742681,1.08146893984416,0.110845618388588,0.0814689398441626,0.110845618388588,0.300579343949202,0.0503683635606136,0.202317375796808,0.201473454242454,0.604679060106547,0.0466826775269764,0.209358120213093,0.0933653550539528,0.471695941008855,0.0410305341092401,-0.0566081179822905,0.0820610682184803,7.95246013827532,0.105957832874962,-0.00594248271558501,0.0132447291093702,0.194574049875798,0.0125908895441399,-0.0271297506210078,0.0629544477206996,0.364451786125276,0.0851853286340296,0.25,0,0.546666666666667,0.0246241589978055,0.635,0.0175594229214212,NA,NA,NA,NA,0.636679682238563,0.0383422199577708,0.700375718164721,0.0186660510613358,1920,0,0.45434224219595,0.00534907422428634,61.8666666666667,3.21287094084709,1920,0,320,0,1,0,1,0,0,0,320,0,320,0,0,0,20,0,20,0,80,0,0.903314877322618,3200,0.965706562479951,0.6,FALSE,FALSE,FALSE,FALSE
"rapida",400,20,20,6,0.2,"low","random",1,0.166666666666667,15,5,0.333333333333333,400,0,20,0,20,0,6,0,0.2,0,1,0,0.166666666666667,0,NA,NA,0.727341993567395,0.0203321783084076,0.727856695723339,0.0209062835870083,0.731142576799935,0.0218571222719552,0.917238781501206,0.0340392999694005,0.898351842935165,0.0361358870300473,1.01536361421328,0.0385283825538955,0.645939906644092,0.0198597392472748,1.02594742391809,0.093658292601901,0.0259474239180898,0.093658292601901,0.976911970453467,0.127136398376271,-0.0230880295465331,0.127136398376271,0.811671706638727,0.193810762592178,2.24668682655491,0.775243050368712,0.52115422547747,0.115547811801412,0.0423084509549411,0.231095623602823,0.529625250981529,0.105418553956277,0.059250501963059,0.210837107912555,8.05336106793033,0.218018452285381,0.00667013349129168,0.0272523065356726,0.234060273191871,0.0157017833779961,0.170301365959354,0.0785089168899805,0.920958068906006,0.263024698642443,0.25,0,0.4,0.0308606699924184,0.475,0.0215472901842834,0.41,0.041173269183271,0.505,0.0269700009710966,1.47999662391459,0.134506675642636,0.477482193227552,0.0174445036063141,320,0,2.27294372989811,0.0635380572137738,117.733333333333,1.04410666608289,320,0,320,0,0.948333333333333,0.00576203594236084,0.948888888888889,0.00466231845800778,0.126330146502687,0.0130077424323517,0,0,0,0,1,0,17.9644444444444,0.223475829136202,17.9866666666667,0.180908933798313,80,0,0.903314877322618,3200,0.805192089521654,0.1,FALSE,FALSE,FALSE,FALSE
"rapida",400,20,20,6,0.2,"low","random",2,0.333333333333333,15,12,0.8,400,0,20,0,20,0,6,0,0.2,0,2,0,0.333333333333333,0,NA,NA,0.816225013615719,0.0127047783872116,0.81683130600733,0.0126800872472321,0.81657889410088,0.0153986289970063,0.973872774307614,0.033575364213944,0.963010096994889,0.0350454992966954,1.02268285716341,0.0363630468057781,0.728846547840152,0.015558367421407,1.01100239134976,0.120691165334532,0.0110023913497632,0.120691165334532,1.04089332145988,0.119759957829041,0.0408933214598822,0.119759957829041,0.362323246245237,0.11279058009783,0.449292984980947,0.451162320391322,0.566952217200526,0.0745799973217068,0.133904434401052,0.149159994643414,0.543216681426567,0.0657967724356649,0.0864333628531346,0.13159354487133,7.73049877066071,0.136340921894111,-0.0336876536674115,0.0170426152367638,0.210626072736526,0.0146903195940543,0.0531303636826284,0.0734515979702716,0.395764434201977,0.130443662375236,0.25,0,0.466666666666667,0.028312317135609,0.551666666666667,0.0275450568837706,0.53,0.0303942350423485,0.621666666666667,0.0268224615657185,0.90755269125708,0.081178142567532,0.613793999884876,0.0198891381529376,640,0,1.27535158377456,0.0198512162300182,102.933333333333,3.13272537161626,640,0,320,0,0.997222222222222,0.00132803178814933,0.995555555555556,0.00137693266451567,0.0744246019803155,0.00751877350404408,21.3333333333333,0,20.4365872616208,0.0874857413859017,0,0,19.8888888888889,0.053121271525973,19.8222222222222,0.0550773065806268,80,0,0.903314877322618,3200,0.903588586999664,0.2,FALSE,FALSE,FALSE,FALSE
"rapida",400,20,20,6,0.2,"low","random",3,0.5,15,15,1,400,0,20,0,20,0,6,0,0.2,0,3,0,0.5,0,NA,NA,0.837210176420537,0.00957654764654459,0.839003666792789,0.010120092799817,0.832981580353129,0.0106903535716195,0.961522347190712,0.0273455356907288,0.950395500359792,0.0276788371644702,1.01311551499418,0.0347929259255983,0.77244039941126,0.0117022754927064,0.911694591360538,0.105745365960319,-0.0883054086394617,0.105745365960319,1.19585110807969,0.126037079738278,0.195851108079693,0.126037079738278,0.327263451258001,0.0762418594778052,0.309053805032004,0.304967437911221,0.564399579248072,0.0774296935441815,0.128799158496144,0.154859387088363,0.457230954630444,0.0378034618963166,-0.0855380907391123,0.0756069237926333,8.14572459536084,0.0921994618987078,0.0182155744201045,0.0115249327373385,0.20809045881703,0.0106305812890608,0.0404522940851494,0.053152906445304,0.335143972156717,0.0851051422703156,0.25,0,0.496666666666667,0.0314213555929974,0.555,0.0227826165979156,0.54,0.0372251834879868,0.623333333333333,0.0248167889919912,0.797824801805282,0.0543065339056138,0.668106368572452,0.0165141072056273,960,0,0.872093933771392,0.00997557046515062,87.4,2.72344319880971,960,0,320,0,0.999444444444444,0.000555555555555554,1,0,0.0602289930449678,0.00494440566597307,64,0,63.1217828701987,0.0925879840376482,0,0,19.9777777777778,0.0222222222222221,20,0,80,0,0.903314877322618,3200,0.926819869171189,0.3,FALSE,FALSE,FALSE,FALSE
"rapida",400,20,20,6,0.2,"low","random",4,0.666666666666667,15,15,1,400,0,20,0,20,0,6,0,0.2,0,4,0,0.666666666666667,0,NA,NA,0.851284059773198,0.00997293898688648,0.852111654233274,0.0108795458021882,0.84906980300655,0.00950971075873242,1.00996515154616,0.0306833213939452,0.993790048014111,0.0285415872820644,1.07910639668225,0.0429613000851609,0.795259260395139,0.0133014219904085,0.962958000944192,0.114152992332713,-0.0370419990558082,0.114152992332713,1.03720983932562,0.115278758210005,0.0372098393256227,0.115278758210005,0.26161542341989,0.0460921730837233,0.0464616936795582,0.184368692334893,0.567457125266003,0.053618933308194,0.134914250532007,0.107237866616388,0.557818506828897,0.063405137364762,0.115637013657793,0.126810274729524,7.89987316005807,0.0787906165677464,-0.0125158549927415,0.00984882707096829,0.197421174191245,0.0140149618162362,-0.0128941290437746,0.0700748090811808,0.329061812125593,0.0784931841753841,0.25,0,0.513333333333333,0.0294661495322,0.585,0.0267038431334375,0.566666666666667,0.0232310684145723,0.631666666666667,0.0226866158710932,0.694318536124632,0.0364784963429088,0.672396385962556,0.0225393928622445,1280,0,0.665065671697811,0.00779135858350507,80,2.51850295669017,1280,0,320,0,1,0,1,0,0.0369888030139217,0.00361351643236196,128,0,127.504752031806,0.086908511215639,0,0,20,0,20,0,80,0,0.903314877322618,3200,0.942400132162512,0.4,FALSE,FALSE,FALSE,FALSE
"rapida",400,20,20,6,0.2,"low","parentage",1,0.166666666666667,15,7,0.466666666666667,400,0,20,0,20,0,6,0,0.2,0,1,0,0.166666666666667,0,NA,NA,0.720256255640634,0.0169635660709665,0.719971477534796,0.018239889319607,0.72968456693566,0.0135887960834987,0.923871546164647,0.080761687490216,0.903073302462587,0.0818703702250581,1.02926067111765,0.0765283321477284,0.632336054874849,0.0194472634556821,0.976790677423246,0.106367600924373,-0.0232093225767538,0.106367600924373,1.14059630491823,0.122290898050192,0.140596304918233,0.122290898050192,0.878608153735262,0.274540281010804,2.51443261494105,1.09816112404322,0.469562875638888,0.0967772128530573,-0.0608742487222245,0.193554425706115,0.5763915643412,0.141006468279937,0.152783128682399,0.282012936559874,7.51030197252977,0.330771044679503,-0.0612122534337785,0.0413463805849379,0.259848865572245,0.0278785843936083,0.299244327861227,0.139392921968042,0.860776369555915,0.287538376267924,0.25,0,0.373333333333333,0.0266666666666667,0.485,0.0199403873487715,0.433333333333333,0.0221825041882897,0.53,0.0231712054478131,1.45525622271061,0.157081719753396,0.50586289647271,0.0195303227870606,320,0,2.25080079887698,0.0530111439717702,116.466666666667,1.41039226784833,320,0,320,0,0.996111111111111,0.00159916203806428,0.996666666666667,0.00136082763487954,0.161284310403552,0.00847736994950452,0,0,0,0,1,0,19.8444444444444,0.0639664815225711,19.8666666666667,0.0544331053951817,80,0,0.903314877322618,3200,0.797347938932922,0.1,FALSE,FALSE,FALSE,FALSE
"rapida",400,20,20,6,0.2,"low","parentage",2,0.333333333333333,15,13,0.866666666666667,400,0,20,0,20,0,6,0,0.2,0,2,0,0.333333333333333,0,NA,NA,0.811356924531704,0.0129664733000282,0.810547273238433,0.0136260883675746,0.81618864304618,0.0127863593750982,0.903944862547481,0.0323864197130148,0.887375470606297,0.0325546121828765,0.974032228232144,0.0370051051919204,0.722068462422007,0.0137255546939132,1.12121315044626,0.116968038353258,0.12121315044626,0.116968038353258,1.22534106466886,0.145308995350617,0.225341064668864,0.145308995350617,0.382635262119526,0.118799343865304,0.530541048478104,0.475197375461216,0.520470490251619,0.114490443595788,0.0409409805032382,0.228980887191576,0.449507421263513,0.0838335399699623,-0.100985157472975,0.167667079939925,7.78514345930884,0.162521692428358,-0.0268570675863952,0.0203152115535448,0.234531715605789,0.0152093674570836,0.172658578028944,0.0760468372854178,0.404894259805482,0.140851870121628,0.25,0,0.443333333333333,0.0222895804542256,0.541666666666667,0.0166666666666667,0.456666666666667,0.033759184523364,0.556666666666667,0.0271094196714101,0.945644362212182,0.0772165077217322,0.643696213724412,0.0229377829626973,640,0,1.26774519458079,0.0202601145312941,100.933333333333,3.51928925003286,640,0,320,0,1,0,1,0,0.0866192789454526,0.00521998573458554,21.3333333333333,2.4516053519447e-16,2.51573316746104,1.71459368223731,0.217777777777778,0.0279581445794336,20,0,20,0,80,0,0.903314877322618,3200,0.898199448387839,0.2,FALSE,FALSE,FALSE,FALSE
"rapida",400,20,20,6,0.2,"low","parentage",3,0.5,15,15,1,400,0,20,0,20,0,6,0,0.2,0,3,0,0.5,0,NA,NA,0.834538388584224,0.0120419067565677,0.835459370668927,0.0122284028560737,0.833123601882086,0.0123757182919937,0.953899683455949,0.0262493194294985,0.938075079860181,0.0249441550643786,1.02638954538415,0.0383051472117164,0.769484265525413,0.0144819445658793,1.05692591207352,0.132074200733306,0.0569259120735208,0.132074200733306,1.06370773827354,0.143386225412264,0.0637077382735414,0.143386225412264,0.334900604518068,0.0873856383362892,0.339602418072273,0.349542553345157,0.600038871281295,0.0818717168584644,0.200077742562589,0.163743433716929,0.475772446932944,0.0840608715624065,-0.0484551061341129,0.168121743124813,7.89248000272074,0.103345808546283,-0.0134399996599069,0.0129182260682854,0.211530092090297,0.0145436201496171,0.057650460451483,0.0727181007480853,0.400476306199241,0.10786044139856,0.25,0,0.483333333333333,0.0278886675511358,0.576666666666667,0.0248167889919912,0.576666666666667,0.0319473773670848,0.616666666666667,0.022973414586817,0.794182335829957,0.0552301225229753,0.658293124332718,0.023341443565459,960,0,0.8693108214419,0.0125436528714247,86.3333333333333,3.63274350826278,960,0,320,0,1,0,1,0,0.0282172793435792,0.00273635332296056,64,0,42.1693452534723,5.78539232652298,0.0133333333333333,0.00712696645099798,20,0,20,0,80,0,0.903314877322618,3200,0.923862110029402,0.3,FALSE,FALSE,FALSE,FALSE
"rapida",400,20,20,6,0.2,"low","parentage",4,0.666666666666667,15,15,1,400,0,20,0,20,0,6,0,0.2,0,4,0,0.666666666666667,0,NA,NA,0.857626264169443,0.0094710109001597,0.858428075249924,0.00935939610836659,0.856092648516852,0.0121828769982993,0.966496612541625,0.020317070410236,0.954790500638271,0.0200200608325653,1.01976803769682,0.0274763044903428,0.805243277044878,0.0112702371424913,1.03736305017952,0.114931014172894,0.0373630501795247,0.114931014172894,1.09875373873376,0.110269381581184,0.0987537387337638,0.110269381581184,0.243874669532159,0.0604282484908353,-0.0245013218713625,0.241712993963341,0.497863224980549,0.0479366132164433,-0.00427355003890227,0.0958732264328866,0.464530279101829,0.055227347207536,-0.0709394417963418,0.110454694415072,7.9703905004971,0.140132872689787,-0.00370118743786181,0.0175166090862234,0.207015013171397,0.0139350939437699,0.0350750658569866,0.0696754697188493,0.244768053484216,0.0553586764196566,0.25,0,0.523333333333333,0.0248167889919912,0.586666666666667,0.0261482343329365,0.543333333333333,0.0262164373495253,0.616666666666667,0.0220479275922049,0.67730274865522,0.0478938941636806,0.703258060351229,0.0167038748215518,1280,0,0.670020518882377,0.00739922726574976,74,3.24404215814307,1280,0,320,0,1,0,1,0,0.0400663179946006,0.00245726201224547,128,0,127.202197713743,0.0512867770363936,0,0,20,0,20,0,80,0,0.903314877322618,3200,0.949421166084861,0.4,FALSE,FALSE,FALSE,FALSE
"rapida",400,20,20,10,0.2,"low","optimised_blocks",2,0.2,15,13,0.866666666666667,400,0,20,0,20,0,10,0,0.2,0,2,0,0.2,0,30,0,0.802375111248623,0.0124921533621364,0.803121491921243,0.0122113751741992,0.79971287073893,0.0170746514990843,1.04965053547588,0.0268669146580544,1.03845262791539,0.0263152521781391,1.10079868843743,0.0391098652418458,0.680589467043601,0.0100946333659803,0.957107063841276,0.107705254427166,-0.042892936158724,0.107705254427166,0.793546414775763,0.0846439923996068,-0.206453585224237,0.0846439923996068,0.340442392871462,0.109608885305164,0.361769571485847,0.438435541220657,0.573450720420479,0.11133505360878,0.146901440840958,0.222670107217559,0.584114057051484,0.0892886993632801,0.168228114102968,0.17857739872656,7.93863095234755,0.120924961357375,-0.00767113095655629,0.0151156201696719,0.185806244789733,0.0123195961142643,-0.0709687760513331,0.0615979805713216,0.412189678104344,0.145038823744215,0.25,0,0.476666666666667,0.0304203357213037,0.578333333333333,0.0206827894099848,0.483333333333333,0.0287297202457112,0.59,0.0200890873006075,0.862462453594206,0.080534992433304,0.588788565720849,0.0192485719703609,644.533333333333,4.37728625070773,1.24492702460242,0.017880144080295,100.2,2.62442737518474,644.533333333333,4.37728625070773,320,0,0.995333333333333,0.00103125751560513,0.996333333333333,0.00103125751560513,0.0417322590382318,0.00188036130939827,26.7851851851852,0.522323154342423,26.703988582824,0.523546243618846,0,0,19.8148148148148,0.0407263081699125,19.8548148148148,0.0406222422902168,80,0,0.903314877322618,3200,0.888256278504816,0.201416666666667,FALSE,FALSE,FALSE,FALSE
"rapida",400,20,20,10,0.2,"low","optimised_blocks",3,0.3,15,15,1,400,0,20,0,20,0,10,0,0.2,0,3,0,0.3,0,30,0,0.856020244714063,0.0104440160025452,0.857724124141298,0.0107096717188024,0.848821786314334,0.013147783864084,0.962646101470177,0.018836723832257,0.960770062092814,0.0204044827826245,0.967943685736355,0.0186201583165107,0.752430116562278,0.0093006245616253,1.10288976212704,0.071604725645387,0.102889762127042,0.071604725645387,0.951773713248358,0.0967237401317817,-0.0482262867516418,0.0967237401317817,0.278314691876183,0.0532661564121312,0.113258767504732,0.213064625648525,0.539527812501422,0.0571263190268624,0.0790556250028448,0.114252638053725,0.478373267244961,0.060448409867589,-0.043253465510078,0.120896819735178,7.95281510140192,0.113978592830574,-0.00589811232476038,0.0142473241038218,0.205642607217856,0.00748225698646975,0.0282130360892806,0.0374112849323487,0.290941876555889,0.0602464068441129,0.25,0,0.583333333333333,0.0326112260347884,0.653333333333333,0.0198005932250398,0.573333333333333,0.0330463839483761,0.655,0.0246644143115812,0.743584582625581,0.0405508732248903,0.678123844305629,0.0150226930059274,963.133333333333,5.94808225730634,0.889430748369891,0.0128973876262611,90.4,2.30279333481256,963.133333333333,5.94808225730634,320,0,1,0,0.999666666666667,0.000333333333333334,0.0347368209495415,0.00220198093957724,36.6962962962963,0.729673943810464,36.435242166823,0.735003385100185,0,0,20,0,19.9866666666667,0.0133333333333333,80,0,0.903314877322618,3200,0.947643248444293,0.300979166666667,FALSE,FALSE,FALSE,FALSE
"rapida",400,20,20,10,0.2,"low","optimised_blocks",5,0.5,15,15,1,400,0,20,0,20,0,10,0,0.2,0,5,0,0.5,0,30,0,0.878668543553114,0.00679918266101394,0.881949332808617,0.00651010400693772,0.864275779761441,0.0112107165239877,1.01174065009874,0.0196257003953304,1.00917419095582,0.0200391949088959,1.0221426152449,0.0244086567344654,0.791163136330318,0.00796370684144069,1.05191890193718,0.0517984865704907,0.0519189019371812,0.0517984865704907,0.821756671394117,0.0689871516490165,-0.178243328605883,0.0689871516490165,0.3503687611873,0.0761819036712376,0.401475044749201,0.30472761468495,0.584007681575367,0.0557837346104179,0.168015363150733,0.111567469220836,0.543897275046193,0.0429365406211517,0.087794550092387,0.0858730812423033,8.02447134451305,0.0742266743293592,0.00305891806413149,0.0092783342911699,0.193745403968359,0.00893015254169364,-0.0312729801582057,0.0446507627084682,0.361245907116785,0.0678637204351415,0.25,0,0.546666666666667,0.0231283513230112,0.663333333333333,0.0177392936635746,0.64,0.0272554057547699,0.703333333333333,0.0152101678606518,0.657377895415901,0.0535208809676671,0.707136856873706,0.0109315464280086,1602.8,3.01614702180495,0.548220318392668,0.00422232132053193,67.6,3.88010800046057,1602.8,3.01614702180495,320,0,1,0,1,0,0.0241925000179229,0.00149614637070532,79.4711111111111,0.446809579916845,79.0969007828919,0.451235456779524,0,0,20,0,20,0,80,0,0.903314877322618,3200,0.972715678233315,0.500875,FALSE,FALSE,FALSE,FALSE
"rapida",400,20,20,10,0.2,"low","optimised_blocks",7,0.7,15,15,1,400,0,20,0,20,0,10,0,0.2,0,7,0,0.7,0,30,0,0.902325275742201,0.0053823595379293,0.906600651621285,0.00482263993312339,0.885092755928972,0.00945173781797461,1.03842347934328,0.0201419421710858,1.03462439691733,0.02133633408789,1.0553496158989,0.0219447285961063,0.821017091226741,0.00633137420098465,1.04867171448348,0.0488548685239035,0.0486717144834838,0.0488548685239035,0.801496084480056,0.0805202312286591,-0.198503915519944,0.0805202312286591,0.329072916342905,0.0829902884418339,0.316291665371621,0.331961153767335,0.542292491552807,0.0439253182577171,0.0845849831056135,0.0878506365154342,0.482184371380883,0.0334335953842403,-0.0356312572382349,0.0668671907684805,7.90987981551135,0.0789320485333363,-0.0112650230610814,0.00986650606666704,0.193328210914264,0.0123823703554343,-0.033358945428682,0.0619118517771714,0.3181869756971,0.0706083887668061,0.25,0,0.636666666666667,0.0269331918902462,0.713333333333333,0.0163420773484735,0.64,0.0272554057547699,0.71,0.0163299316185545,0.566700140401005,0.0549579563894462,0.744128033562768,0.00885719537634514,2241.33333333333,2.14624071491275,0.402571656623406,0.00221423853494138,51.4666666666667,3.51305953573054,2241.33333333333,2.14624071491275,320,0,1,0,1,0,0.0177867133534509,0.000883713482893214,152.755555555556,0.345410830715118,152.569342198282,0.340020640175205,0,0,20,0,20,0,80,0,0.903314877322618,3200,0.998904477712855,0.700416666666667,FALSE,FALSE,FALSE,FALSE
"rapida",400,20,20,10,0.2,"low","complete",10,1,15,15,1,400,0,20,0,20,0,10,0,0.2,0,10,0,1,0,NA,NA,0.903314877322618,0.00651272676377612,0.907450219970579,0.00557277346248635,0.887097097656333,0.0142072349102559,0.994093205703058,0.0181063909562683,0.985024578606065,0.0178350974286529,1.03174183925309,0.0280449844497016,NA,NA,1.00864772852845,0.0473831441839795,0.00864772852844847,0.0473831441839795,0.829886173798032,0.0689099760972984,-0.170113826201968,0.0689099760972984,0.623197323468437,0.134628025871668,1.49278929387375,0.538512103486673,0.541635799471803,0.0199276707068712,0.083271598943605,0.0398553414137424,0.526342396564668,0.0211664754411049,0.0526847931293368,0.0423329508822098,7.90216418730364,0.0705245698914795,-0.0122294765870447,0.00881557123643494,0.212714201891252,0.0105468190599377,0.0635710094562582,0.0527340952996884,0.667517734755822,0.121034319451238,0.25,0,0.63,0.0247847879612821,0.72,0.0189296944860009,NA,NA,NA,NA,0.646555648753652,0.0504940586231155,0.737643125101654,0.00847190059657123,3200,0,0.282285899163318,0.00203522711368004,36.6,2.03727175174943,3200,0,320,0,1,0,1,0,0,0,320,0,320,0,0,0,20,0,20,0,80,0,0.903314877322618,3200,1,1,FALSE,FALSE,FALSE,FALSE
"rapida",400,20,20,10,0.2,"low","random",2,0.2,15,13,0.866666666666667,400,0,20,0,20,0,10,0,0.2,0,2,0,0.2,0,NA,NA,0.819225370048156,0.0162556471477838,0.824848620022621,0.0152613247199985,0.795223746746572,0.0218851244755889,1.02598185517804,0.0256635716217261,1.02512086500708,0.0251579874716865,1.02476078311455,0.0345569553331192,0.711214293700091,0.0134847629866208,1.02294988532915,0.0698388865628566,0.0229498853291498,0.0698388865628566,0.811153792153757,0.107490189154672,-0.188846207846243,0.107490189154672,0.152799226098907,0.058844037958522,-0.38880309560437,0.235376151834088,0.532296501204152,0.079388395377905,0.0645930024083038,0.15877679075581,0.560129856813326,0.088918360338038,0.120259713626651,0.177836720676076,7.94840685372267,0.16942233691873,-0.00644914328466649,0.0211777921148412,0.179776349852233,0.00886177506379525,-0.101118250738835,0.0443088753189762,0.172921857008948,0.0621054125263035,0.25,0,0.52,0.0344342022662684,0.586666666666667,0.0303615776405871,0.543333333333333,0.0341099994648499,0.595,0.0250237981967262,0.709344422291095,0.0477429910768383,0.640877478575091,0.0150079349550707,640,0,1.28003964070024,0.0253994486684121,103.066666666667,2.92357684819496,640,0,320,0,0.973333333333333,0.00232310684145723,0.974,0.00272554057547699,0.109303146183722,0.00634526217393871,7.11111111111111,0,5.29583802068035,0.559498418638415,0.00296296296296296,0.00201891894479777,18.9451851851852,0.092540514455014,18.9733333333333,0.106930889679028,80,0,0.903314877322618,3200,0.906910082646154,0.2,FALSE,FALSE,FALSE,FALSE
"rapida",400,20,20,10,0.2,"low","random",3,0.3,15,15,1,400,0,20,0,20,0,10,0,0.2,0,3,0,0.3,0,NA,NA,0.836633904493034,0.00856616522967929,0.839118787618435,0.00808145262252327,0.824743172825091,0.0148423082725506,1.00509219866952,0.025871088302881,0.99707302665115,0.0255065051422277,1.03989177061783,0.034351701538837,0.738198243624502,0.00649546102772651,1.00570730551071,0.0897572954182089,0.00570730551070716,0.0897572954182089,0.826276048272565,0.0695030464083175,-0.173723951727435,0.0695030464083175,0.368965449986619,0.0806341377492168,0.475861799946478,0.322536550996867,0.560701514823532,0.0641956241877214,0.121403029647063,0.128391248375443,0.487449895156105,0.0604986083423091,-0.0251002096877892,0.120997216684618,7.86590823232578,0.114166409861865,-0.0167614709592775,0.0142708012327331,0.19706271867626,0.00955495512821119,-0.0146864066187,0.047774775641056,0.437312079673697,0.118511490281206,0.25,0,0.503333333333333,0.0290593262902712,0.595,0.0204415543160774,0.523333333333333,0.0300264433722561,0.64,0.0202366946294055,0.759959604172939,0.058336662213263,0.655945099660312,0.0186206737119302,960,0,0.871493650513577,0.00892308878091593,84.0666666666667,3.32875876576163,960,0,320,0,0.997,0.0010690449676497,0.996,0.001,0.0872238748262678,0.00379172632861378,21.3333333333333,3.46709353830666e-16,20.3854711102945,0.0495787905429285,0,0,19.88,0.0427617987059879,19.84,0.0399999999999999,80,0,0.903314877322618,3200,0.926181916734037,0.3,FALSE,FALSE,FALSE,FALSE
"rapida",400,20,20,10,0.2,"low","random",5,0.5,15,15,1,400,0,20,0,20,0,10,0,0.2,0,5,0,0.5,0,NA,NA,0.873854167980196,0.0125080521958603,0.876044388488125,0.0120105794999721,0.86509237317082,0.0156594075176014,1.01448121698594,0.0202203950863678,1.01002146130124,0.0195996071662755,1.03529809462606,0.0304121963715572,0.787000649198974,0.00957098415466575,1.0484402288722,0.0917433796315161,0.0484402288722043,0.0917433796315161,0.789861651509344,0.0929200096562781,-0.210138348490656,0.0929200096562781,0.302138948133066,0.0586605942185405,0.208555792532263,0.234642376874162,0.563955999654034,0.0475710769578671,0.127911999308068,0.0951421539157343,0.490882405226263,0.044846272528004,-0.0182351895474737,0.089692545056008,7.93033628363698,0.0812951428257258,-0.0087079645453779,0.0101618928532157,0.191184655774668,0.00792025061620225,-0.0440767211266606,0.0396012530810113,0.370630018857186,0.0804860361589632,0.25,0,0.586666666666667,0.0418235143096123,0.648333333333333,0.0232054317669821,0.593333333333333,0.0348010216963685,0.663333333333333,0.0247447284750023,0.617551583009069,0.037364024539218,0.706305476599762,0.0172991893166931,1600,0,0.546158854987622,0.0078175326224127,68.2666666666667,2.63938424757541,1600,0,320,0,0.999666666666667,0.000333333333333334,1,0,0.0562087342926737,0.00327528265625477,71.1111111111111,0,70.3285903959963,0.0567065750864444,0,0,19.9866666666667,0.0133333333333333,20,0,80,0,0.903314877322618,3200,0.967386002287771,0.5,FALSE,FALSE,FALSE,FALSE
"rapida",400,20,20,10,0.2,"low","random",7,0.7,15,15,1,400,0,20,0,20,0,10,0,0.2,0,7,0,0.7,0,NA,NA,0.898429730865261,0.00678628379811783,0.902851524835256,0.00579889592895506,0.880924157909186,0.0138467082142361,1.03200072280522,0.0127629883212576,1.02853712833084,0.0115211991083649,1.04777433934362,0.0263292960804819,0.818731855060056,0.00725507177028988,1.0618839405387,0.0532032259611202,0.0618839405387002,0.0532032259611202,0.760137128106142,0.0781426523718365,-0.239862871893858,0.0781426523718365,0.302159392635282,0.0332092597940988,0.208637570541127,0.132837039176395,0.489895253976255,0.0370805130035957,-0.0202094920474893,0.0741610260071915,0.552166610747816,0.0321432479423899,0.104333221495632,0.0642864958847799,7.92978289845166,0.0816237355878068,-0.00877713769354216,0.0102029669484758,0.19019461150899,0.00832724496472807,-0.0490269424550509,0.0416362248236403,0.328688429308918,0.0323538570530842,0.25,0,0.616666666666667,0.0270214494459259,0.691666666666667,0.0185271144071053,0.663333333333333,0.0241358588523318,0.716666666666667,0.0125988157669742,0.570015996483029,0.0266154871273367,0.729080759215749,0.00651823515167464,2240,0,0.401084701279134,0.0030295909813026,56.5333333333333,3.19652589192983,2240,0,320,0,1,0,1,0,0.0362469335031487,0.00159203965361009,149.333333333333,0,148.842457653855,0.036993730621257,0,0,20,0,20,0,80,0,0.903314877322618,3200,0.994591978301259,0.7,FALSE,FALSE,FALSE,FALSE
"rapida",400,20,20,10,0.2,"low","parentage",2,0.2,15,13,0.866666666666667,400,0,20,0,20,0,10,0,0.2,0,2,0,0.2,0,NA,NA,0.819573593862233,0.0100798651659984,0.822235885432903,0.00892521967812349,0.809230599329533,0.0171026653132313,1.00945971304922,0.0244922049104289,1.00204327488744,0.0258207371477022,1.03837809347387,0.0263958769970154,0.705957392328537,0.011335380958692,1.0692998894721,0.0737755764569174,0.069299889472095,0.0737755764569174,0.891434858981753,0.107118578584924,-0.108565141018247,0.107118578584924,0.247795197895677,0.0849294259787715,-0.00881920841729074,0.339717703915086,0.535842358046778,0.0869222106375863,0.0716847160935564,0.173844421275173,0.635662933336425,0.0797133037438801,0.27132586667285,0.15942660748776,7.93740379441866,0.182286467439193,-0.00782452569766758,0.0227858084298992,0.194355358838818,0.00897482338794231,-0.0282232058059081,0.0448741169397116,0.271011622551936,0.0967081561298606,0.25,0,0.483333333333333,0.0326112260347884,0.568333333333333,0.0181702705031799,0.516666666666667,0.0421637021355784,0.583333333333333,0.023612278215786,0.799201830876252,0.0627855683444465,0.639298038128605,0.0173631796323363,640,0,1.28058374040974,0.0157497893218725,106.133333333333,2.40211546978049,640,0,320,0,0.998333333333333,0.000796819072889596,0.998,0.000654653670707978,0.0528690669127796,0.00337921747925117,7.11111111111111,8.66773384576665e-17,0,0,0.625185185185185,0.00836179736090515,19.9333333333333,0.0318727629155837,19.92,0.026186146828319,80,0,0.903314877322618,3200,0.907295578139276,0.2,FALSE,FALSE,FALSE,FALSE
"rapida",400,20,20,10,0.2,"low","parentage",3,0.3,15,15,1,400,0,20,0,20,0,10,0,0.2,0,3,0,0.3,0,NA,NA,0.852548554617381,0.00961982113218918,0.854911741752727,0.00958617670009218,0.8454298607353,0.0113269842950034,1.02971769903429,0.0280205607576588,1.0194868282569,0.0289196216716199,1.0803752946996,0.0369376846719777,0.749740413388054,0.00845578765387627,0.978609094913575,0.0714889969797281,-0.0213909050864255,0.071488996979728,0.89372082712398,0.0972228835494132,-0.10627917287602,0.0972228835494132,0.309473858405151,0.0689182569452213,0.237895433620605,0.275673027780885,0.628711664092795,0.0647747747128444,0.257423328185589,0.129549549425689,0.50127929025761,0.0816189365546591,0.00255858051521926,0.163237873109318,7.91823692077179,0.146475891548709,-0.010220384903526,0.0183094864435886,0.193634828500559,0.011238368847916,-0.0318258574972071,0.0561918442395799,0.392494675089812,0.1034401385147,0.25,0,0.566666666666667,0.0333333333333333,0.633333333333333,0.0219125245044639,0.553333333333333,0.0298674319629842,0.63,0.0205866345916355,0.727803629932685,0.045905105094081,0.656867404990695,0.0224389197682566,960,0,0.888071411059772,0.0100206470126971,88.1333333333333,2.01391981366514,960,0,320,0,1,0,1,0,0.0385308486229523,0.00210099638801753,21.3333333333333,5.48195622095065e-16,0,0,0.18962962962963,0.0124328492213541,20,0,20,0,80,0,0.903314877322618,3200,0.94379997055323,0.3,FALSE,FALSE,FALSE,FALSE
"rapida",400,20,20,10,0.2,"low","parentage",5,0.5,15,15,1,400,0,20,0,20,0,10,0,0.2,0,5,0,0.5,0,NA,NA,0.883335746677798,0.0087225940536671,0.886435089905271,0.00773173101013368,0.871539590630632,0.0143828734926451,1.01288165470342,0.0232152252298792,1.00785333090299,0.0239147719533586,1.03622897507938,0.0283581174852387,0.794524887586127,0.00766179584662935,1.12105544520052,0.0594597280545318,0.121055445200521,0.0594597280545318,0.780591728319313,0.104326772875843,-0.219408271680687,0.104326772875843,0.274586775294434,0.0408620828324858,0.0983471011777362,0.163448331329943,0.521667667455888,0.0428334454943795,0.0433353349117768,0.085666890988759,0.492378154086795,0.0401930338476975,-0.0152436918264103,0.0803860676953949,7.85891985480303,0.0850808213353235,-0.0176350181496216,0.0106351026669154,0.195581837581488,0.00786203881784577,-0.022090812092558,0.0393101940892288,0.312192233261737,0.0553068524479542,0.25,0,0.606666666666667,0.0233333333333333,0.681666666666667,0.0203345042598059,0.616666666666667,0.0261254604273242,0.71,0.0168678335752938,0.60582132967243,0.0290402465434483,0.717684303662651,0.0118838054069037,1600,0,0.552084841673623,0.00545162128354194,70.1333333333333,4.09746340425468,1600,0,320,0,1,0,1,0,0.0259939975118133,0.00149971471767532,71.1111111111111,0,42.9601010405347,6.96330065691093,0.00740740740740741,0.00354141810173154,20,0,20,0,80,0,0.903314877322618,3200,0.977882429320729,0.5,FALSE,FALSE,FALSE,FALSE
"rapida",400,20,20,10,0.2,"low","parentage",7,0.7,15,15,1,400,0,20,0,20,0,10,0,0.2,0,7,0,0.7,0,NA,NA,0.898619836862419,0.00673561500534486,0.902636096389591,0.00586477613263646,0.881907328039108,0.0135792541102009,1.01491035363489,0.0154171323890833,1.01342374531924,0.0156861022556825,1.01864124129367,0.0238114812255108,0.815842882471385,0.00676133723862108,1.07219360490984,0.0526038500097195,0.0721936049098421,0.0526038500097195,0.818194624387051,0.0880750226019563,-0.181805375612949,0.0880750226019563,0.303075716439342,0.0650152268237346,0.212302865757369,0.260060907294939,0.506745233086815,0.0374994842257632,0.0134904661736307,0.0749989684515264,0.517521222471116,0.0422746011276235,0.0350424449422326,0.0845492022552469,8.03527082229738,0.0658641844549431,0.00440885278717283,0.00823302305686789,0.193725574565538,0.0088721806705851,-0.0313721271723112,0.0443609033529255,0.31922150597424,0.0649140355206793,0.25,0,0.6,0.0280305955290694,0.69,0.0196396101212393,0.656666666666667,0.0248167889919912,0.695,0.020295436972501,0.566628894264515,0.0399414977304145,0.741902693781339,0.0103326393649338,2240,0,0.401169570027866,0.00300697098452896,54.5333333333333,3.35071657818169,2240,0,320,0,1,0,1,0,0.01908681201938,0.00182044112337545,149.333333333333,0,147.542405981527,0.0787411237031423,0,0,20,0,20,0,80,0,0.903314877322618,3200,0.994802432044389,0.7,FALSE,FALSE,FALSE,FALSE
"rapida",100,10,10,2,0.4,"low","optimised_blocks",1,0.5,14,4,0.285714285714286,100,0,10,0,10,0,2,0,0.4,0,1,0,0.5,0,0,0,0.649976998728959,0.0375527969522101,0.662028519888964,0.0366478772593212,0.555177313408839,0.0607445652610696,0.693549205178938,0.0656234588727974,0.707740012298251,0.0626947711193665,0.656634053091909,0.0804020611572685,0.716754574562598,0.0242820892483153,1.06884815101055,0.196311337571573,0.068848151010547,0.196311337571573,1.16308290229219,0.200667743976013,0.163082902292193,0.200667743976013,0.820496017681511,0.246461966107433,2.28198407072604,0.985847864429731,0.58621787301092,0.104718289595528,0.17243574602184,0.209436579191055,0.462119243955205,0.114553728677505,-0.0757615120895903,0.22910745735501,1.70441287587677,0.298731535376036,-0.282352473315046,0.125781699105699,0.518420531602378,0.0542294163999243,0.296051329005945,0.135573540999811,2.23964056925245,1.62603917688115,0.25,0,0.414285714285714,0.0572800550765809,0.378571428571429,0.0482422588774744,0.414285714285714,0.0490090178483028,0.478571428571429,0.0656150708269315,1.11921298658958,0.0888107059106912,0.597699002209877,0.0245572152085683,80,0,8.12471248411199,0.469409961902626,116.571428571429,1.69910864063616,80,0,80,0,1,0,1,0,0.0606091526731326,0.0125294002758147,0,0,0,0,1,0,10,0,10,0,20,0,0.933148082016605,800,0.69654217937662,0.1,FALSE,FALSE,FALSE,FALSE
"rapida",100,10,10,2,0.4,"low","complete",2,1,14,13,0.928571428571429,100,0,10,0,10,0,2,0,0.4,0,2,0,1,0,NA,NA,0.7549784609212,0.0231073327247155,0.764075219445206,0.023412923226074,0.704896528930389,0.0436791918116137,0.973549911776472,0.0679152565305398,0.95571187949785,0.0642808197273586,1.05791139803091,0.109799167244904,NA,NA,0.82932207083741,0.16409349535544,-0.17067792916259,0.16409349535544,1.08488572462612,0.183834463797408,0.0848857246261225,0.183834463797408,0.469594805943942,0.0882191466042553,0.878379223775769,0.352876586417021,0.620219373286925,0.143525941900153,0.24043874657385,0.287051883800306,0.508352340371822,0.105340112609134,0.0167046807436442,0.210680225218268,2.07470162874617,0.0681228125944187,-0.126441419475296,0.0286832895134395,0.410388140599632,0.0351229741814978,0.0259703514990796,0.0878074354537445,0.691739166076503,0.1850558514364,0.25,0,0.485714285714286,0.0582313903274364,0.507142857142857,0.0398683075465313,NA,NA,NA,NA,0.929400066474274,0.0829724023599036,0.577438726371993,0.0318834641014303,160,0,4.7186153807575,0.144420829529472,71,7.726790841177,160,0,80,0,1,0,1,0,0,0,80,0,80,0,0,0,10,0,10,0,20,0,0.933148082016605,800,0.809066080154859,0.2,FALSE,FALSE,FALSE,FALSE
"rapida",100,10,10,2,0.4,"low","random",1,0.5,14,2,0.142857142857143,100,0,10,0,10,0,2,0,0.4,0,1,0,0.5,0,NA,NA,0.638625588167112,0.0392477675793817,0.656180492776877,0.0335977188350869,0.564887434475364,0.0568439428582141,0.895056030143396,0.161684752206874,0.901808980779821,0.169659305043343,0.870754865369648,0.124654006526245,0.672680140505838,0.0438714438491745,1.05033708507495,0.190911222216706,0.0503370850749511,0.190911222216706,0.81287789581547,0.143475221746659,-0.187122104184529,0.143475221746659,0.90606939522775,0.280370848432471,2.624277580911,1.12148339372989,0.512773191205487,0.13304975219967,0.0255463824109734,0.26609950439934,0.494128428974398,0.18744969812103,-0.011743142051203,0.37489939624206,1.92498895668281,0.325954317830386,-0.189478334028289,0.137243923297004,0.508382571063043,0.0704458711174881,0.270956427657607,0.17611467779372,1.25607821748941,0.447455337539964,0.25,0,0.285714285714286,0.0717574844717121,0.385714285714286,0.0618906718256208,0.385714285714286,0.0709876501077328,0.535714285714286,0.0659729738681281,1.05805188428445,0.12024673416144,0.56851577359584,0.0425813007040831,80,0,7.9828198520889,0.490597094742272,118.5,1.17084547267311,80,0,80,0,0.992857142857143,0.0048526158606197,0.996428571428571,0.00357142857142857,0.171725932573876,0.0430399033572882,0,0,0,0,1,0,9.85714285714286,0.0970523172123939,9.92857142857143,0.0714285714285714,20,0,0.933148082016605,800,0.684377539293648,0.1,FALSE,FALSE,FALSE,FALSE
"rapida",100,10,10,2,0.4,"low","parentage",1,0.5,14,3,0.214285714285714,100,0,10,0,10,0,2,0,0.4,0,1,0,0.5,0,NA,NA,0.675493022431766,0.0373312241956077,0.703934792573526,0.0308617787715235,0.656140874833432,0.0469631729592512,0.852484804396051,0.113553839109782,0.856296610577868,0.102926900106363,0.933247171481523,0.137521118432748,0.749006021653371,0.0272197160483019,1.06941706144403,0.124921396965961,0.069417061444026,0.124921396965961,0.970367080090871,0.180047649365344,-0.0296329199091289,0.180047649365344,0.799623498398028,0.252001832145327,2.19849399359211,1.00800732858131,0.539166454401891,0.144750388859197,0.0783329088037824,0.289500777718394,0.780927078672707,0.148964466679699,0.561854157345415,0.297928933359399,1.61185599694488,0.273126277773775,-0.321323790760052,0.11500053801001,0.475210397488853,0.0453775078234022,0.188025993722131,0.113443769558506,0.958191810773191,0.351188734485524,0.25,0,0.428571428571429,0.0623959101827622,0.485714285714286,0.0329120420480702,0.442857142857143,0.0428571428571429,0.478571428571429,0.0493680630721053,1.16846196685043,0.120591252007043,0.554542688374899,0.0255586786368322,80,0,8.44366278039707,0.466640302445096,117.285714285714,1.44658966678538,80,0,80,0,1,0,1,0,0.0606091526731326,0.0101015254455221,0,0,0,0,1,0,10,0,10,0,20,0,0.933148082016605,800,0.723886203540142,0.1,FALSE,FALSE,FALSE,FALSE
"rapida",100,10,10,4,0.4,"low","optimised_blocks",1,0.25,15,2,0.133333333333333,100,0,10,0,10,0,4,0,0.4,0,1,0,0.25,0,0,0,0.750379955640881,0.0272189790450487,0.758190065162021,0.0275270037245487,0.696614541205557,0.0507872119837666,1.37353375504164,0.403207376777108,1.36826325760846,0.407420981620788,1.43357325238887,0.405743727927619,0.714484164508833,0.0175623076776145,1.01632419173502,0.177628494260427,0.016324191735018,0.177628494260427,0.892136186560345,0.192999948997603,-0.107863813439655,0.192999948997603,0.568851234413269,0.199572843061046,1.27540493765308,0.798291372244183,0.564555654086332,0.126478953278674,0.129111308172663,0.252957906557349,0.824760504075123,0.158819279140857,0.649521008150246,0.317638558281715,2.11248488284162,0.341997790336792,-0.110532680908793,0.143999069615491,0.41267548736189,0.0631208099214882,0.0316887184047241,0.15780202480372,0.836062012615201,0.264768315484974,0.25,0,0.466666666666667,0.0666666666666667,0.526666666666667,0.0472749472228223,0.413333333333333,0.0631450836352411,0.54,0.0541602560309064,0.974353698852024,0.10808167086524,0.524414418577035,0.0474511091070819,80,0,9.37974944551101,0.340237238063109,118.8,0.840634680861233,80,0,80,0,0.971666666666667,0.00590936840285279,0.976666666666667,0.0057043564527195,0.106902660643595,0.0159727919272572,0,0,0,0,1,0,9.43333333333333,0.118187368057056,9.53333333333333,0.11408712905439,20,0,0.933148082016605,800,0.804138132095017,0.1,FALSE,FALSE,FALSE,FALSE
"rapida",100,10,10,4,0.4,"low","optimised_blocks",2,0.5,15,14,0.933333333333333,100,0,10,0,10,0,4,0,0.4,0,2,0,0.5,0,8,0,0.808478526869774,0.0265883626880619,0.817289217066507,0.025265724623523,0.740136375111858,0.0468074076909186,0.964894090244337,0.0448243506934428,0.96253281075981,0.0405595930275229,0.964349932174876,0.0848904583644359,0.788961225306228,0.0159419329742131,1.10807097232072,0.172973026754085,0.108070972320724,0.172973026754085,0.963877382614117,0.177774681869244,-0.0361226173858834,0.177774681869244,0.369427094750977,0.0685611173602727,0.477708379003906,0.274244469441091,0.547108425465072,0.0749754532940022,0.0942168509301431,0.149950906588004,0.500809710032224,0.094569256860966,0.00161942006444801,0.189138513721932,2.28545826440206,0.0993618727093911,-0.0377017834096596,0.0418365779829015,0.40515283288253,0.0296356071070576,0.0128820822063251,0.0740890177676441,0.485449820575205,0.116870948288623,0.25,0,0.453333333333333,0.0567925772033355,0.553333333333333,0.048664709680157,0.546666666666667,0.0533333333333333,0.613333333333333,0.0363405410063598,0.872976869819407,0.0619763323245852,0.606009669003577,0.0260587842666278,159.6,0.715807901870992,5.06517063615618,0.165652412393181,81.0666666666667,6.32490667476165,159.6,0.715807901870992,80,0,1,0,0.998333333333333,0.00166666666666667,0.0590134353884994,0.00435880310637173,16.4333333333333,0.255002852977089,16.0621629657873,0.259543471154155,0,0,10,0,9.96666666666667,0.0333333333333333,20,0,0.933148082016605,800,0.866398959019012,0.1995,FALSE,FALSE,FALSE,FALSE
"rapida",100,10,10,4,0.4,"low","optimised_blocks",3,0.75,15,15,1,100,0,10,0,10,0,4,0,0.4,0,3,0,0.75,0,8,0,0.839536028441465,0.0173498002222112,0.848625684900419,0.0170027361499835,0.778220581555914,0.0404751910240803,0.929109923976632,0.0207019301468689,0.93155705700517,0.0217187433512974,0.924023119378946,0.0630702726603087,0.827879581485435,0.014851477391565,1.06137424441543,0.150624077316212,0.0613742444154252,0.150624077316212,1.10017322057375,0.201073201325969,0.100173220573746,0.201073201325969,0.262165955280636,0.0507152474190849,0.0486638211225422,0.20286098967634,0.509552976760463,0.0539914577885433,0.0191059535209264,0.107982915577087,0.491215682273536,0.0674922149735421,-0.0175686354529271,0.134984429947084,2.26479649864063,0.100746742447789,-0.0464014742565771,0.042419681030648,0.411526953273949,0.0270809093944357,0.0288173831848733,0.0677022734860893,0.325160281290721,0.0878562500771261,0.25,0,0.466666666666667,0.0540428988918518,0.58,0.0340867241298539,0.613333333333333,0.0660927678967523,0.613333333333333,0.0515166793763753,0.739872735749166,0.0425680445568947,0.669103925828884,0.0204966867451606,239.133333333333,0.215288658199187,3.51075345419095,0.0724266101051887,66,6.43206254411667,239.133333333333,0.215288658199187,80,0,1,0,1,0,0.0348476957980623,0.0034373065608163,40.7,0.0992031745523792,40.5751997171026,0.106523037716399,0,0,10,0,10,0,20,0,0.933148082016605,800,0.899681459589096,0.298916666666667,FALSE,FALSE,FALSE,FALSE
"rapida",100,10,10,4,0.4,"low","complete",4,1,15,15,1,100,0,10,0,10,0,4,0,0.4,0,4,0,1,0,NA,NA,0.862486825165781,0.0165998486700213,0.866287035127514,0.0184471346578754,0.828983578485899,0.0276503691967433,0.970399944934178,0.029209295513244,0.965044909668479,0.029119801354045,1.00820364529787,0.0629622946577597,NA,NA,1.17022261417632,0.147746154922118,0.170222614176323,0.147746154922118,0.924995958567632,0.150486340857892,-0.0750040414323682,0.150486340857892,0.279696533033213,0.0664271347441559,0.118786132132852,0.265708538976623,0.484756420659362,0.0530152144530287,-0.0304871586812765,0.106030428906057,0.481505517814645,0.0323376719287432,-0.0369889643707091,0.0646753438574863,2.29396987383069,0.0544544976526971,-0.0341179478607642,0.0229282095379777,0.404132190979691,0.0297589959764072,0.0103304774492272,0.0743974899410181,0.316953463621663,0.0820773345731607,0.25,0,0.493333333333333,0.0613084835787851,0.66,0.041173269183271,NA,NA,NA,NA,0.690914198893913,0.0502155513697312,0.68388890592487,0.0195913391906578,320,0,2.69527132864307,0.0518745270938165,55,5.56177429723046,320,0,80,0,1,0,1,0,0,0,80,0,80,0,0,0,10,0,10,0,20,0,0.933148082016605,800,0.924276480643758,0.4,FALSE,FALSE,FALSE,FALSE
"rapida",100,10,10,4,0.4,"low","random",1,0.25,15,4,0.266666666666667,100,0,10,0,10,0,4,0,0.4,0,1,0,0.25,0,NA,NA,0.670859751647926,0.0418312210205859,0.680580723378294,0.0410896832550293,0.624606150465117,0.0614420877648975,0.869416057209092,0.105618902961925,0.870283519028728,0.109484348763153,0.879154719281483,0.0980886798348434,0.639891736027435,0.0218955611066712,1.27992529058578,0.464492948940031,0.279925290585783,0.464492948940031,0.80249037230401,0.152036391729974,-0.19750962769599,0.152036391729974,0.783439527100042,0.232019337477597,2.13375810840017,0.928077349910389,0.635469708054096,0.169041362732493,0.270939416108193,0.338082725464985,0.350368631116541,0.138005061999231,-0.299262737766918,0.276010123998461,2.12604513623306,0.458016740648961,-0.104823100533449,0.192849153957457,0.47388204035379,0.0500771974188839,0.184705100884474,0.12519299354721,1.42306102073767,0.561554066510498,0.25,0,0.333333333333333,0.050395263067897,0.44,0.0434248118673447,0.293333333333333,0.0581186525805423,0.48,0.0480079358519183,1.07894226905432,0.0992217772420068,0.572149275004372,0.0344129536940117,80,0,8.38574689559907,0.522890262757323,113.533333333333,5.56251627427618,80,0,80,0,0.903333333333333,0.0111447902271128,0.903333333333333,0.0100198216250004,0.216464256282974,0.019166983800012,0,0,0,0,1,0,8.12222222222222,0.217286455813681,8.1,0.196396101212393,20,0,0.933148082016605,800,0.718920999331795,0.1,FALSE,FALSE,FALSE,FALSE
"rapida",100,10,10,4,0.4,"low","random",2,0.5,15,14,0.933333333333333,100,0,10,0,10,0,4,0,0.4,0,2,0,0.5,0,NA,NA,0.812350635785775,0.024884828450335,0.814541558418043,0.0256367342713754,0.788239505659389,0.0345609001065643,0.901027397604513,0.0362697861143627,0.894941423879089,0.0366077935003652,0.951838855454062,0.0727040676904526,0.772953716060295,0.0208532749427854,1.2219230286246,0.155312590101718,0.221923028624598,0.155312590101718,0.99959989607892,0.190402712354935,-0.000400103921080321,0.190402712354935,0.247220709108267,0.0825819298932767,-0.0111171635669336,0.330327719573107,0.493759274346063,0.0764166585303566,-0.0124814513078739,0.152833317060713,0.326495797294538,0.0640842696347436,-0.347008405410923,0.128168539269487,2.34573980839364,0.114603511573825,-0.0123200806763608,0.0482541101363472,0.429287898579182,0.0262458981502333,0.0732197464479549,0.0656147453755833,0.438067104009794,0.248453823640593,0.25,0,0.506666666666667,0.0472749472228223,0.533333333333333,0.0398409536444798,0.453333333333333,0.0496335779839824,0.573333333333333,0.0452155332208351,0.780388386145913,0.047569714448527,0.66196580044955,0.0232539848254911,160,0,5.0771914736611,0.155530177814594,88.0666666666667,4.87507427700842,160,0,80,0,0.998333333333333,0.00166666666666667,0.995,0.00267261241912425,0.120844799817128,0.0106602693667476,13.3333333333333,0,12.4683007982427,0.122215795522222,0,0,9.96666666666667,0.0333333333333333,9.9,0.0534522483824849,20,0,0.933148082016605,800,0.870548470753134,0.2,FALSE,FALSE,FALSE,FALSE
"rapida",100,10,10,4,0.4,"low","random",3,0.75,15,15,1,100,0,10,0,10,0,4,0,0.4,0,3,0,0.75,0,NA,NA,0.844481057007465,0.0170982827942553,0.851750449058934,0.0165472012374925,0.797337164620653,0.0294423111042558,0.979843526459296,0.0282794432390992,0.977868052554716,0.0307257070500656,1.00342633840727,0.0604151575152385,0.821460614829898,0.0151554180221226,1.03511593803802,0.148131165684686,0.0351159380380198,0.148131165684686,0.964817047174408,0.146068735631518,-0.0351829528255922,0.146068735631518,0.32065843683873,0.0487435263406505,0.282633747354919,0.194974105362602,0.45841268047181,0.0605180400618026,-0.0831746390563803,0.121036080123605,0.446577981430212,0.0689166098369064,-0.106844037139576,0.137833219673813,2.35248554985457,0.0538445587395855,-0.00947976848228703,0.0226713931535097,0.402466996362125,0.0282549706775405,0.00616749090531286,0.0706374266938512,0.343830392690029,0.0623980477367551,0.25,0,0.52,0.0380475892484537,0.646666666666667,0.038873012632302,0.586666666666667,0.0412503006242052,0.666666666666667,0.0347325381501152,0.749011090031732,0.0535897249271912,0.655443318824215,0.0197418627927683,240,0,3.51867107086444,0.0712428449760638,62.8666666666667,4.21207636464337,240,0,80,0,1,0,1,0,0.072241536235631,0.00624838574057015,40,0,39.472516136728,0.0898468048195621,0,0,10,0,10,0,20,0,0.933148082016605,800,0.904980756304482,0.3,FALSE,FALSE,FALSE,FALSE
"rapida",100,10,10,4,0.4,"low","parentage",1,0.25,15,3,0.2,100,0,10,0,10,0,4,0,0.4,0,1,0,0.25,0,NA,NA,0.719861675509667,0.024660503561304,0.72341594075451,0.0242338668006534,0.688248922287495,0.0463422416592703,0.839269694821392,0.100650425711688,0.819868116762704,0.100826735882851,0.99014118290701,0.115708698085345,0.658995199661324,0.0229835992219238,1.06646923210895,0.124457513835145,0.0664692321089467,0.124457513835145,0.773369940999347,0.153201616257426,-0.226630059000653,0.153201616257426,1.23506590601364,0.281385899011106,3.94026362405455,1.12554359604442,0.378307908531871,0.102556477695556,-0.243384182936257,0.205112955391112,0.494150158307235,0.119651202128158,-0.0116996833855296,0.239302404256316,1.43823347000097,0.325145929930847,-0.394428012631171,0.136903549444567,0.568251504776724,0.0565719402341391,0.420628761941809,0.141429850585348,1.66567571863572,0.441323238561246,0.25,0,0.333333333333333,0.0540428988918518,0.486666666666667,0.0350056684752173,0.4,0.0516397779494322,0.486666666666667,0.045634851621756,1.16507189018968,0.0758240889705515,0.579477752913185,0.0304182441491825,80,0,8.99827094387083,0.3082562945163,115.333333333333,3.09787433522172,80,0,80,0,0.98,0.00436435780471985,0.986666666666667,0.00413079799354702,0.2327871897991,0.0133008886172119,0,0,0,0,1,0,9.6,0.0872871560943969,9.73333333333333,0.0826159598709403,20,0,0.933148082016605,800,0.771433483476695,0.1,FALSE,FALSE,FALSE,FALSE
"rapida",100,10,10,4,0.4,"low","parentage",2,0.5,15,14,0.933333333333333,100,0,10,0,10,0,4,0,0.4,0,2,0,0.5,0,NA,NA,0.809814854906768,0.016602351974928,0.817458997781524,0.0147677982174618,0.743286928769075,0.053982600509496,0.884615143549296,0.0335256253484527,0.879045302213213,0.0363564858740386,0.881612910141574,0.065345764694984,0.785918708992929,0.0148344407777985,1.05624390885557,0.121181755398514,0.0562439088555749,0.121181755398514,1.03488806287012,0.126213135079282,0.0348880628701158,0.126213135079282,0.562870298525133,0.0841174042808445,1.25148119410053,0.336469617123378,0.605233315634138,0.103767068714545,0.210466631268276,0.20753413742909,0.512463574641593,0.0977085572335096,0.0249271492831857,0.195417114467019,1.99503146258707,0.088768591624109,-0.15998675259492,0.037376249104888,0.45518141742485,0.024213121226113,0.137953543562124,0.0605328030652825,0.614178704076723,0.112424322245681,0.25,0,0.426666666666667,0.0330463839483761,0.573333333333333,0.0482717177046636,0.546666666666667,0.045634851621756,0.646666666666667,0.0376280881240732,0.9562939981331,0.0544022700603997,0.627110067977422,0.0164702618724643,160,0,5.0613428431673,0.1037646998433,71.8666666666667,6.52604063343206,160,0,80,0,0.998333333333333,0.00166666666666667,1,0,0.0522822501158978,0.00698586833484656,13.3333333333333,1.22580267597235e-16,3.89095708094299,1.47408121191661,0.222222222222222,0.0419960525565808,9.96666666666667,0.0333333333333333,10,0,20,0,0.933148082016605,800,0.867831023299855,0.2,FALSE,FALSE,FALSE,FALSE
"rapida",100,10,10,4,0.4,"low","parentage",3,0.75,15,15,1,100,0,10,0,10,0,4,0,0.4,0,3,0,0.75,0,NA,NA,0.843857684181449,0.0193157503022791,0.849409510875547,0.0197239286397896,0.80240047015267,0.030228636707532,0.954581624469637,0.0256724949464484,0.949058232504331,0.025353487939073,1.00415146926915,0.0612804300214908,0.825440143180644,0.0131546283779198,1.11778373695121,0.149252032745775,0.117783736951207,0.149252032745775,0.938168429599824,0.151883814167606,-0.0618315704001758,0.151883814167606,0.358116546922946,0.051952784903024,0.432466187691784,0.207811139612096,0.465830217289615,0.0652094102058625,-0.0683395654207699,0.130418820411725,0.454597940274307,0.0411302524041026,-0.0908041194513852,0.0822605048082052,2.25692301127921,0.101275992396318,-0.0497166268298063,0.0426425231142392,0.41785586992951,0.025248125524766,0.0446396748237755,0.0631203138119151,0.529351377192794,0.140200867576713,0.25,0,0.48,0.0641426980589818,0.573333333333333,0.0452155332208351,0.533333333333333,0.06068393265552,0.613333333333333,0.048664709680157,0.764755889441818,0.0417096147145445,0.654728037376418,0.0238943866061859,240,0,3.51607368408937,0.0804822929261631,59.6,6.57614737408722,240,0,80,0,1,0,1,0,0.0829929491158669,0.00326460929721165,40,0,39.3504568979848,0.0534551559579315,0,0,10,0,10,0,20,0,0.933148082016605,800,0.904312724254661,0.3,FALSE,FALSE,FALSE,FALSE
"rapida",100,10,10,6,0.4,"low","optimised_blocks",1,0.166666666666667,15,6,0.4,100,0,10,0,10,0,6,0,0.4,0,1,0,0.166666666666667,0,0,0,0.702983699608958,0.0514037097668158,0.728843703104487,0.0382378700936724,0.666953345162448,0.0607604164566474,0.88105971478875,0.0707539035761204,0.888381227401253,0.0610319328572094,0.948504285191852,0.0834780581964021,0.60821016043069,0.0436697891040239,0.86813166608317,0.181320335830971,-0.13186833391683,0.181320335830971,1.40112042568561,0.544567991988207,0.401120425685608,0.544567991988207,0.50585614206395,0.188398618495166,1.0234245682558,0.753594473980665,0.809693772306043,0.234528979167268,0.619387544612085,0.469057958334536,0.496023253952604,0.126049022752599,-0.0079534920947911,0.252098045505199,1.99698928177434,0.554873933255541,-0.159162407673961,0.233631129791807,0.446965565657711,0.0350927827975937,0.117413914144278,0.0877319569939842,1.37495515061051,0.774013538804855,0.25,0,0.386666666666667,0.0533333333333333,0.5,0.0487950036474267,0.386666666666667,0.074236858171067,0.546666666666667,0.0515166793763753,1.01974868891184,0.101488993787499,0.58959813866611,0.0279126882885912,80,0,8.78729624511197,0.642546372085197,109.933333333333,5.89549195545422,80,0,80,0,0.898888888888889,0.00500440722870935,0.912222222222222,0.00618640484758891,0.140897156427111,0.0070609151104322,0,0,0,0,1,0,8.06222222222222,0.0916553624583534,8.29333333333333,0.11725249740687,20,0,0.933148082016605,800,0.753346347869843,0.1,FALSE,FALSE,FALSE,FALSE
"rapida",100,10,10,6,0.4,"low","optimised_blocks",2,0.333333333333333,15,14,0.933333333333333,100,0,10,0,10,0,6,0,0.4,0,2,0,0.333333333333333,0,8,0,0.81276207211039,0.0225942353183782,0.821188893811685,0.0230059393080174,0.786407260510868,0.0287170413699316,1.10198843920554,0.0744023390142428,1.08727070687662,0.0746458461432718,1.20722508072751,0.0915667450803063,0.728001865271668,0.0169182358954598,0.9519675569912,0.129693373192859,-0.0480324430087994,0.129693373192859,0.767456801917546,0.126619787655914,-0.232543198082454,0.126619787655914,0.266807910921755,0.0642339570375321,0.0672316436870209,0.256935828150128,0.451523979137146,0.109000179698323,-0.0969520417257081,0.218000359396646,0.471439446093237,0.083544690161783,-0.0571211078135264,0.167089380323566,2.22897570694282,0.13853752497376,-0.0614839128661831,0.0583315894626357,0.379403076529023,0.0297671498961479,-0.0514923086774414,0.0744178747403697,0.456274872912456,0.162585707668444,0.25,0,0.466666666666667,0.0574594404914223,0.633333333333333,0.0432783534000067,0.546666666666667,0.0689144857719068,0.646666666666667,0.0376280881240732,0.708970883100426,0.049008683661396,0.613433632439804,0.0275385925599224,161.8,1.13892179588541,5.02470395258221,0.140256489260801,94.3333333333333,3.87257348501296,161.8,1.13892179588541,80,0,0.991111111111111,0.00319832407612855,0.995555555555556,0.00255452014911604,0.0640367664952005,0.00702980583752927,9.98666666666667,0.220648395157804,9.72709040959913,0.229164976137769,0,0,9.82666666666667,0.0616527225762026,9.91555555555555,0.0475724639871218,20,0,0.933148082016605,800,0.870989382900459,0.20225,FALSE,FALSE,FALSE,FALSE
"rapida",100,10,10,6,0.4,"low","optimised_blocks",3,0.5,15,15,1,100,0,10,0,10,0,6,0,0.4,0,3,0,0.5,0,8,0,0.852429705970224,0.0147296037784445,0.863400941533061,0.0147293874741608,0.808454814567683,0.0243967202930494,0.99878637990548,0.0241799195308588,0.995520899427511,0.0230600118139216,1.02694591081677,0.0470516362420226,0.78817077276536,0.0146809318198818,1.03377447725083,0.121821272076015,0.0337744772508283,0.121821272076015,0.875743942473017,0.144576856898662,-0.124256057526983,0.144576856898662,0.285813719534915,0.0572688384176847,0.143254878139659,0.229075353670739,0.544611488384241,0.0599899498769937,0.0892229767684825,0.119979899753987,0.569839256103822,0.0715823908260602,0.139678512207644,0.14316478165212,2.29686917655904,0.0830974436660997,-0.0328971888172477,0.0349883973330946,0.384801885956923,0.0197636531897681,-0.0379952851076934,0.0494091329744203,0.361582406547224,0.0926877955448893,0.25,0,0.6,0.058554004376912,0.6,0.0487950036474267,0.666666666666667,0.0540428988918518,0.706666666666667,0.0300264433722561,0.69955889401206,0.0391644477769742,0.669047317485788,0.013697279020821,238.933333333333,1.40226574027508,3.56844641576322,0.0608856292652369,73.9333333333333,4.61206148171413,238.933333333333,1.40226574027508,80,0,1,0,1,0,0.0519066739875772,0.00389469369474508,18.2044444444444,0.331452896996978,17.8254502150067,0.352763337875482,0,0,10,0,10,0,20,0,0.933148082016605,800,0.913498856610258,0.298666666666667,FALSE,FALSE,FALSE,FALSE
"rapida",100,10,10,6,0.4,"low","optimised_blocks",4,0.666666666666667,15,15,1,100,0,10,0,10,0,6,0,0.4,0,4,0,0.666666666666667,0,8,0,0.88206533953953,0.0110526534766738,0.891934174120323,0.0118783756652419,0.845518725012849,0.01754445760193,1.01685497165287,0.0204487461088589,1.00717776915681,0.0208496412371981,1.0748253818048,0.035434894290492,0.827686650862342,0.011258464771371,1.03608414517972,0.0977699923971974,0.0360841451797231,0.0977699923971974,0.892304279225554,0.147882042817731,-0.107695720774446,0.147882042817731,0.262446638819036,0.0344295760082298,0.0497865552761452,0.137718304032919,0.422179637517789,0.0445398664630538,-0.155640724964422,0.0890797329261077,0.540102631200562,0.0520527030707233,0.0802052624011236,0.104105406141447,2.31722588806423,0.0634060797765116,-0.0243259418676928,0.0266972967480049,0.395091423137054,0.0207249438576521,-0.012271442157365,0.0518123596441303,0.337123082373141,0.0586813324493512,0.25,0,0.68,0.0427617987059879,0.673333333333333,0.0371184290855335,0.733333333333333,0.0540428988918518,0.693333333333333,0.049248317995611,0.630816180038083,0.0200311681244177,0.696595683143244,0.0158218080598796,320.2,0.648808431628613,2.75487015531316,0.0348334609194662,59.6,4.1309516947989,320.2,0.648808431628613,80,0,1,0,1,0,0.0326379407604658,0.00229215465949285,33.36,0.170377731610006,33.161690394143,0.170514172117034,0,0,10,0,10,0,20,0,0.933148082016605,800,0.945257624741958,0.40025,FALSE,FALSE,FALSE,FALSE
"rapida",100,10,10,6,0.4,"low","complete",6,1,15,15,1,100,0,10,0,10,0,6,0,0.4,0,6,0,1,0,NA,NA,0.900963812047272,0.00794496035565664,0.909686033846292,0.0081173061800298,0.870949164157268,0.0124761858203488,1.02593426627744,0.0190975981014377,1.01564966548257,0.0148750912821684,1.09415471603808,0.0474735764209099,NA,NA,1.00167636333836,0.0849869475951188,0.00167636333836295,0.0849869475951188,0.855161895818703,0.10178134889601,-0.144838104181297,0.10178134889601,0.272734027269943,0.0333020698686077,0.0909361090797726,0.133208279474431,0.450153481598623,0.0315405309549774,-0.0996930368027548,0.0630810619099548,0.535669326989783,0.0500379345924835,0.0713386539795656,0.100075869184967,2.34000299419866,0.0344488448489376,-0.0147355813900364,0.0145047767785,0.384925378580405,0.0169600856264766,-0.0376865535489869,0.0424002140661914,0.332975945623065,0.0478584124980842,0.25,0,0.693333333333333,0.0472749472228223,0.68,0.0380475892484537,NA,NA,NA,NA,0.581791200157934,0.0255831771731985,0.71692074495168,0.0128613755490641,480,0,1.87700794176515,0.0165520007409513,34.7333333333333,1.78209792544434,480,0,80,0,1,0,1,0,0,0,80,0,80,0,0,0,10,0,10,0,20,0,0.933148082016605,800,0.965510007908091,0.6,FALSE,FALSE,FALSE,FALSE
"rapida",100,10,10,6,0.4,"low","random",1,0.166666666666667,15,6,0.4,100,0,10,0,10,0,6,0,0.4,0,1,0,0.166666666666667,0,NA,NA,0.724842198230042,0.0277136656953014,0.736225281991059,0.0270526071371642,0.700967426544791,0.035806522759874,0.807034074568215,0.0722102837876655,0.795425279139689,0.0741979284131567,0.963031277482662,0.0642415912538619,0.619381922691622,0.0274830724323469,1.42700401407247,0.533703908770904,0.427004014072469,0.533703908770904,1.5620605737157,0.536635921358223,0.562060573715695,0.536635921358223,1.0373586798824,0.321105749405721,3.1494347195296,1.28442299762288,0.31126786144116,0.131304218665744,-0.37746427711768,0.262608437331488,0.250163782617876,0.12771257869008,-0.499672434764248,0.25542515738016,2.35341132336433,0.533149478779785,-0.00908996910975405,0.224483991065172,0.566916984998192,0.0510701005739712,0.41729246249548,0.127675251434928,2.61851857051525,1.4697470051489,0.25,0,0.506666666666667,0.0547432680502854,0.52,0.0380475892484537,0.453333333333333,0.0363405410063598,0.473333333333333,0.0430577316398374,1.37209645134216,0.203693563133943,0.608519041046885,0.0222923898202252,80,0,9.06052747787552,0.346420821191267,118.266666666667,0.758862975689957,80,0,80,0,0.765555555555556,0.0114395890455411,0.791111111111111,0.00687505010403419,0.249971548686309,0.0215708547538571,0,0,0,0,1,0,5.77777777777778,0.177300947832471,6.16,0.123750901872616,20,0,0.933148082016605,800,0.776770817192917,0.1,FALSE,FALSE,FALSE,FALSE
"rapida",100,10,10,6,0.4,"low","random",2,0.333333333333333,15,14,0.933333333333333,100,0,10,0,10,0,6,0,0.4,0,2,0,0.333333333333333,0,NA,NA,0.828739260701974,0.0163179047617271,0.835663149785697,0.0162430602635392,0.80814013795569,0.0200298739209286,1.01844241858363,0.0398837276157002,1.00676866886834,0.0383132587421773,1.09260747622953,0.0537368951966888,0.733745008990685,0.018139386629991,0.970711087814556,0.119094352360208,-0.0292889121854443,0.119094352360208,0.95270212961454,0.15679333261195,-0.0472978703854598,0.15679333261195,0.343499405990255,0.0794090145479763,0.37399762396102,0.317636058191905,0.519155835718648,0.100458518219942,0.0383116714372958,0.200917036439885,0.756857882633993,0.103690340941149,0.513715765267985,0.207380681882297,2.16524369916672,0.115960469521019,-0.0883184424561191,0.0488254608509556,0.388508330868594,0.026342369317961,-0.0287291728285162,0.0658559232949026,0.411774309200034,0.10378489710616,0.25,0,0.56,0.0445078912211349,0.653333333333333,0.0290593262902712,0.56,0.0349148624377588,0.64,0.0272554057547699,0.813885023252632,0.0621806598020932,0.625360799630672,0.02139119126648,160,0,5.17962037938734,0.101986904760794,85.9333333333333,4.92270412202642,160,0,80,0,0.963333333333333,0.00436435780471985,0.953333333333333,0.00731020885058378,0.178088622306321,0.0180958610205217,5.33333333333333,8.66773384576665e-17,4.37716738599391,0.11394388923435,0,0,9.26666666666667,0.0872871560943969,9.07555555555555,0.145313624215749,20,0,0.933148082016605,800,0.88811119764722,0.2,FALSE,FALSE,FALSE,FALSE
"rapida",100,10,10,6,0.4,"low","random",3,0.5,15,15,1,100,0,10,0,10,0,6,0,0.4,0,3,0,0.5,0,NA,NA,0.849312797973652,0.0163746425264313,0.858124045650132,0.0182163199306146,0.812328363458604,0.0205399132365244,1.02440950462566,0.0250044198914602,1.01097064111288,0.0243380155236306,1.09455638179354,0.0434058261685976,0.773501292449015,0.018962783169881,1.01529008719705,0.128847970175996,0.0152900871970455,0.128847970175996,0.8295391841549,0.126993025849764,-0.1704608158451,0.126993025849764,0.285195681905738,0.0557483783552471,0.140782727622951,0.222993513420988,0.437217924195061,0.071685991038976,-0.125564151609878,0.143371982077952,0.540413990191688,0.0731347433010882,0.0808279803833768,0.146269486602176,2.27097616276293,0.0805061496726314,-0.0437995104156077,0.03389732617795,0.385831173894825,0.0285485835875102,-0.0354220652629375,0.0713714589687755,0.354881714538434,0.107453726640212,0.25,0,0.573333333333333,0.0613084835787851,0.593333333333333,0.0462567026460224,0.64,0.0735494650526012,0.653333333333333,0.0550901137675412,0.668134808778517,0.0503745098733661,0.671925495654284,0.0150713045980088,240,0,3.53880332489022,0.0682276771934639,70.0666666666667,4.44486505946192,240,0,80,0,0.991111111111111,0.00484322104837852,0.995555555555556,0.00196978946761759,0.108318886046194,0.00816650647627367,16,0,15.242436146936,0.0762012400960579,0,0,9.82666666666667,0.0931062998340235,9.91111111111111,0.039395789352352,20,0,0.933148082016605,800,0.91015864935201,0.3,FALSE,FALSE,FALSE,FALSE
"rapida",100,10,10,6,0.4,"low","random",4,0.666666666666667,15,15,1,100,0,10,0,10,0,6,0,0.4,0,4,0,0.666666666666667,0,NA,NA,0.887009671011882,0.01163501871136,0.896418000125091,0.0121255050161891,0.851502021691037,0.0146673213164393,1.05670042339117,0.0275304664310006,1.05268336833937,0.028810112946062,1.08846084384881,0.032343847187217,0.816351533096665,0.0130838843224555,0.90042344034347,0.0916978938498285,-0.0995765596565304,0.0916978938498285,0.925330577674301,0.139039189503851,-0.0746694223256986,0.139039189503851,0.249047418220164,0.0448151934350696,-0.00381032711934407,0.179260773740278,0.381187049337785,0.0354853855172807,-0.237625901324431,0.0709707710345615,0.531486499837667,0.0530485765273066,0.0629729996753338,0.106097153054613,2.40538793382267,0.0620254189194508,0.0127949195042812,0.0261159658608214,0.375639694727672,0.0224755235927455,-0.0609007631808202,0.0561888089818637,0.305660969245313,0.0590140335471171,0.25,0,0.64,0.0681734482597077,0.693333333333333,0.0396011864500796,0.706666666666667,0.0383798889135426,0.706666666666667,0.0344572428859534,0.608635211688857,0.0368180887002435,0.691854038900545,0.014471055701965,320,0,2.77190522191213,0.0363594334730001,56.5333333333333,3.79456587223495,320,0,80,0,1,0,1,0,0.0790112476366529,0.00579237643619062,32,0,31.4425546557202,0.0715075507652004,0,0,10,0,10,0,20,0,0.933148082016605,800,0.950556174423019,0.4,FALSE,FALSE,FALSE,FALSE
"rapida",100,10,10,6,0.4,"low","parentage",1,0.166666666666667,15,5,0.333333333333333,100,0,10,0,10,0,6,0,0.4,0,1,0,0.166666666666667,0,NA,NA,0.700248977096793,0.0555168679617207,0.721437749857847,0.04984157829902,0.683812830788645,0.0431702266304719,0.802352593643547,0.0795674686865653,0.804951096792636,0.0803384922216235,0.880775242380344,0.086320230015285,0.596151542758215,0.0523821604623428,1.03891917803571,0.220113565359667,0.0389191780357138,0.220113565359667,0.963198691917509,0.167016250879708,-0.0368013080824914,0.167016250879708,1.10819126124522,0.428577486326971,3.43276504498089,1.71430994530788,1.20895182262499,0.393129426841203,1.41790364524998,0.786258853682406,0.914389775204264,0.353503767386867,0.828779550408528,0.707007534773734,1.19705679455562,0.251302885226735,-0.495976086502898,0.105811741148099,0.498632403897104,0.0498105596913116,0.246581009742761,0.124526399228279,666666667.592881,666666666.600508,0.25,0,0.44,0.0785584404849573,0.493333333333333,0.0572934523531239,0.373333333333333,0.0672356670275154,0.486666666666667,0.0682199989296999,1.22154279003835,0.188654930947784,0.600595767536921,0.029136790906959,80,0,8.75311221370991,0.693960849521508,116.533333333333,1.95878161029386,80,0,80,0,0.903333333333333,0.00654653670707977,0.903333333333333,0.00731020885058378,0.340712656248196,0.0109050639360763,0,0,0,0,1,0,8.14666666666667,0.12,8.15111111111111,0.13419825287923,20,0,0.933148082016605,800,0.750415706351237,0.1,FALSE,FALSE,FALSE,FALSE
"rapida",100,10,10,6,0.4,"low","parentage",2,0.333333333333333,15,13,0.866666666666667,100,0,10,0,10,0,6,0,0.4,0,2,0,0.333333333333333,0,NA,NA,0.812045973691906,0.0218915817210905,0.817600464236619,0.02419870207205,0.791806099118106,0.0251065707744009,1.08440932032407,0.0787244227374179,1.07629383059831,0.0780151013085479,1.16001327488143,0.109342933470736,0.734308216341107,0.0162431597995885,0.924351504025779,0.104251234573214,-0.0756484959742214,0.104251234573214,0.87919022733321,0.186000173360851,-0.120809772666791,0.186000173360851,0.319033198796373,0.109967895082383,0.276132795185491,0.439871580329531,0.47751817203371,0.110079333699139,-0.0449636559325808,0.220158667398278,0.68725411942684,0.127198104481262,0.374508238853681,0.254396208962524,2.24152365875954,0.137977374622611,-0.0562005647328254,0.0580957366832048,0.367580810119961,0.0346487043366128,-0.0810479747000972,0.0866217608415321,0.4428579259298,0.165704247396915,0.25,0,0.546666666666667,0.0660927678967523,0.606666666666667,0.0407859297245026,0.52,0.0578997491564597,0.586666666666667,0.048664709680157,0.737174678290205,0.0756003261715512,0.620527469742771,0.0230595880983856,160,0,5.07528733557441,0.136822385756816,93.4,4.65147186127042,160,0,80,0,0.994444444444444,0.00209980262782903,0.994444444444444,0.00209980262782903,0.179353583638474,0.0115952331216536,5.33333333333333,1.50129554073522e-16,0,0,0.488888888888889,0.02022797755184,9.88888888888889,0.0419960525565809,9.88888888888889,0.0419960525565809,20,0,0.933148082016605,800,0.870221982278538,0.2,FALSE,FALSE,FALSE,FALSE
"rapida",100,10,10,6,0.4,"low","parentage",3,0.5,15,15,1,100,0,10,0,10,0,6,0,0.4,0,3,0,0.5,0,NA,NA,0.861962665778211,0.0132779697217153,0.870107407254012,0.0138803975643826,0.841844693733421,0.0118596496633024,1.04571022485983,0.033175570461391,1.02957259752778,0.0335699292582927,1.18152080648372,0.0672740097972451,0.801544790276627,0.0116185656234643,0.945902039490027,0.11186577504137,-0.0540979605099725,0.11186577504137,0.859862007310006,0.142317375364773,-0.140137992689994,0.142317375364773,0.342431157137018,0.0680417800694955,0.369724628548071,0.272167120277982,0.440314600552214,0.0592166018144993,-0.119370798895572,0.118433203628999,0.612690650515681,0.0945995232423026,0.225381301031361,0.189199046484605,2.34408798916607,0.0968611181636374,-0.0130155835090234,0.0407836287004789,0.379081960702521,0.0223338631242698,-0.0522950982436977,0.0558346578106745,0.617795617761125,0.275817360264723,0.25,0,0.6,0.064733887497015,0.6,0.029277002188456,0.6,0.0617213399848368,0.646666666666667,0.0434978561777876,0.698060283932158,0.0424596066681054,0.658884850133242,0.0179994242339707,240,0,3.59151110740921,0.0553248738404806,72.2,4.17612260356422,240,0,80,0,0.998888888888889,0.00111111111111111,0.998888888888889,0.00111111111111111,0.0580262262746815,0.00499731164145944,16,0,2.672247911648,1.4287457841816,0.0755555555555556,0.0143525772132791,9.97777777777778,0.0222222222222223,9.97777777777778,0.0222222222222223,20,0,0.933148082016605,800,0.92371476980957,0.3,FALSE,FALSE,FALSE,FALSE
"rapida",100,10,10,6,0.4,"low","parentage",4,0.666666666666667,15,15,1,100,0,10,0,10,0,6,0,0.4,0,4,0,0.666666666666667,0,NA,NA,0.88211387929641,0.00903770931322896,0.890146471149096,0.0101409667807586,0.856707512252648,0.00978676669525384,1.04131119001089,0.0350379164338939,1.02897387714982,0.0361418604878952,1.11455129498057,0.0531965567375016,0.819308970002787,0.0112445670138302,0.957631975856362,0.105613598334949,-0.0423680241436384,0.105613598334949,0.95731672991645,0.163837503897139,-0.04268327008355,0.163837503897139,0.306539270225328,0.0524294104809376,0.226157080901311,0.20971764192375,0.466479535568058,0.0441910093151418,-0.0670409288638833,0.0883820186302836,0.573060445891623,0.0616917268767226,0.146120891783246,0.123383453753445,2.3579610024298,0.0740287963719636,-0.00717431476639914,0.0311700195250373,0.382982129910721,0.0254688388560395,-0.0425446752231964,0.0636720971400987,0.413390329549038,0.10396692292298,0.25,0,0.613333333333333,0.0533333333333333,0.653333333333333,0.0376280881240732,0.72,0.0578997491564597,0.733333333333333,0.03034196632776,0.654599647064595,0.0416951459605989,0.685291134236712,0.0173947364791011,320,0,2.75660587280128,0.0282428416038405,56.4,5.23795670812488,320,0,80,0,1,0,1,0,0.0858042752869314,0.0041468692363249,32,0,30.9531871455788,0.0616892904553765,0,0,10,0,10,0,20,0,0.933148082016605,800,0.945309641948889,0.4,FALSE,FALSE,FALSE,FALSE
"rapida",100,10,10,10,0.4,"low","optimised_blocks",2,0.2,15,13,0.866666666666667,100,0,10,0,10,0,10,0,0.4,0,2,0,0.2,0,8,0,0.816929229200912,0.0198364208634826,0.831802557228557,0.0206746004503645,0.752510274353654,0.0165083744511472,0.994460450925919,0.0471419292082614,0.99807891217963,0.0481903954606519,1.00489000095893,0.0499985539498846,0.720051737234119,0.0186132871638123,1.14510360038829,0.189628401431194,0.145103600388285,0.189628401431194,0.984048542048124,0.174868661197541,-0.0159514579518764,0.174868661197542,0.292225275090523,0.101123048513387,0.168901100362092,0.404492194053548,0.581011098906612,0.0817087034734636,0.162022197813224,0.163417406946927,0.547650413108511,0.0849408339763314,0.0953008262170224,0.169881667952663,2.22465954578036,0.170127038096593,-0.0633012438819555,0.0716324370933024,0.410222278026557,0.0271094622049785,0.0255556950663931,0.0677736555124463,0.431477466266728,0.161082644917491,0.25,0,0.493333333333333,0.0581186525805423,0.54,0.0387912606750787,0.506666666666667,0.077746025264604,0.653333333333333,0.0400792865000015,0.811955292838527,0.0623387735471371,0.642143337226372,0.0275015520339196,158.266666666667,1.39545748315797,5.17215403844764,0.146533455322799,98.4,5.20421074936532,158.266666666667,1.39545748315797,80,0,0.916,0.00803563492024299,0.921333333333333,0.00434978561777876,0.0880458351521498,0.0054366567191804,6.64592592592593,0.183716504076995,6.58438820974979,0.185718844863623,0,0,8.46666666666667,0.140679463129011,8.53481481481482,0.0688689736247079,20,0,0.933148082016605,800,0.875455080436392,0.197833333333333,FALSE,FALSE,FALSE,FALSE
"rapida",100,10,10,10,0.4,"low","optimised_blocks",3,0.3,15,14,0.933333333333333,100,0,10,0,10,0,10,0,0.4,0,3,0,0.3,0,8,0,0.877201964655827,0.0118719429663331,0.886598637161053,0.0114172343000677,0.840046849695304,0.0178320983411988,0.976933914921553,0.0391736120934772,0.981500670315295,0.0369288502117452,1.00862397713239,0.0808428522262167,0.771076988922512,0.0146339232317579,1.19991349603972,0.188274136079558,0.199913496039717,0.188274136079558,1.18933121765515,0.161327274127839,0.189331217655146,0.161327274127839,0.236074866758745,0.0515392449319802,-0.0557005329650193,0.206156979727921,0.516492224403252,0.079008897142804,0.032984448806504,0.158017794285608,0.482372244124496,0.0733277869323989,-0.0352555117510077,0.146655573864798,2.40197592681465,0.102130647266826,0.0113582849745903,0.0430023777965585,0.42266680121915,0.0284576479008724,0.0566670030478738,0.071144119752181,0.232549072375871,0.0832889156864305,0.25,0,0.56,0.0445078912211349,0.653333333333333,0.0255728030135191,0.613333333333333,0.0412503006242052,0.733333333333333,0.0270214494459259,0.721095653099605,0.0557842285407919,0.70795726670648,0.0178663191496166,245.6,1.95861953329136,3.57460119777056,0.0549066370789202,83.2,4.45421149026402,245.6,1.95861953329136,80,0,0.989333333333333,0.00283962886016678,0.985333333333333,0.00321701823886753,0.0678507885892107,0.00417520306554694,9.97925925925926,0.227032246598347,9.7529992954985,0.234267406439637,0,0,9.79555555555556,0.0526410090874264,9.71407407407407,0.0616018455890127,20,0,0.933148082016605,800,0.940045831482744,0.307,FALSE,FALSE,FALSE,FALSE
"rapida",100,10,10,10,0.4,"low","optimised_blocks",5,0.5,15,15,1,100,0,10,0,10,0,10,0,0.4,0,5,0,0.5,0,8,0,0.91219319039758,0.00844065856273248,0.921105842201513,0.00828443696698202,0.877641712391175,0.0121764539210342,0.985565123651345,0.020961209734857,0.983895595294961,0.0194139974810846,1.00764076128847,0.0349919773321112,0.830483666259521,0.00940685201269389,1.08905698733297,0.161816524221112,0.0890569873329724,0.161816524221112,1.16304235262175,0.18923371293881,0.163042352621748,0.18923371293881,0.290629618232468,0.0302205960695257,0.162518472929871,0.120882384278103,0.455726747350238,0.043703691923833,-0.0885465052995235,0.087407383847666,0.681492164348239,0.0554685752341683,0.362984328696478,0.110937150468337,2.33521002853879,0.0626259923307789,-0.0167536721941937,0.0263688388761174,0.413739928708221,0.0198674031251893,0.0343498217705521,0.0496685078129732,0.29392269753643,0.0434699285633078,0.25,0,0.68,0.0641426980589818,0.706666666666667,0.0283962886016678,0.72,0.0545108115095397,0.726666666666667,0.0248167889919912,0.651022791790989,0.0346229606775354,0.732822032510226,0.011340804754335,399.333333333333,2.1836332036892,2.28476013565682,0.0210565713585422,52.4666666666667,2.30086250218657,399.333333333333,2.1836332036892,80,0,1,0,0.998666666666667,0.000908513525158997,0.0476560281190467,0.00300115724347517,19.762962962963,0.308878357451823,19.3610842892295,0.311393485030768,0,0,10,0,9.97333333333333,0.0181702705031799,20,0,0.933148082016605,800,0.977543873236346,0.499166666666667,FALSE,FALSE,FALSE,FALSE
"rapida",100,10,10,10,0.4,"low","optimised_blocks",7,0.7,15,15,1,100,0,10,0,10,0,10,0,0.4,0,7,0,0.7,0,8,0,0.92132839142727,0.00852688961284602,0.932777493434106,0.00752396240634246,0.871629011519913,0.0196323858204888,1.00550110945667,0.0138048330886838,1.01256080048866,0.0134861669214581,0.986702515620419,0.0270924100345595,0.852113436762276,0.00894998610716391,1.11489414404511,0.143277114539178,0.114894144045114,0.143277114539178,1.0989149342792,0.161662767570467,0.0989149342791994,0.161662767570467,0.228261315556039,0.0182365650801275,-0.086954737775845,0.0729462603205101,0.523977280475883,0.0432833825789932,0.0479545609517651,0.0865667651579863,0.504246128766487,0.045717272681339,0.00849225753297436,0.0914345453626779,2.33511299549481,0.0497586256377105,-0.0167945282127096,0.0209510002685097,0.411015757480408,0.0189171274481444,0.0275393937010195,0.0472928186203611,0.244163988309476,0.0400894737597874,0.25,0,0.653333333333333,0.0567925772033355,0.693333333333333,0.0248167889919912,0.746666666666667,0.0567925772033355,0.753333333333333,0.0215288658199187,0.565549639122244,0.0294587428524981,0.75782343360343,0.00991247723063717,558.733333333333,0.700113369504347,1.64899893889387,0.0154507984767442,37.5333333333333,1.56408094622664,558.733333333333,0.700113369504347,80,0,1,0,1,0,0.034468491619748,0.00152620573995744,37.9733333333333,0.114328034492417,37.7816152152695,0.119501066855556,0,0,10,0,10,0,20,0,0.933148082016605,800,0.987333531711502,0.698416666666667,FALSE,FALSE,FALSE,FALSE
"rapida",100,10,10,10,0.4,"low","complete",10,1,15,15,1,100,0,10,0,10,0,10,0,0.4,0,10,0,1,0,NA,NA,0.933148082016605,0.00585697421693328,0.944615851754418,0.0047950314359882,0.885895029275005,0.0132905712816016,0.991425581890799,0.0189624244114117,0.997854865947673,0.0145701070103099,0.979914514141724,0.0441300835650998,NA,NA,1.06451577406581,0.120095564381155,0.0645157740658094,0.120095564381155,1.19941411343842,0.179143091135209,0.199414113438419,0.179143091135209,0.207674605200403,0.0148469933089031,-0.169301579198388,0.0593879732356125,0.493122396586735,0.0308966385456684,-0.0137552068265306,0.0617932770913368,0.546868232702966,0.0380224257173767,0.0937364654059328,0.0760448514347533,2.37968092996006,0.0356787876807457,0.00197091787791914,0.0150226474445245,0.409546021120884,0.0194686863258729,0.0238650528022097,0.0486717158146823,0.208956255684824,0.0251236636975262,0.25,0,0.706666666666667,0.0581186525805423,0.713333333333333,0.0255728030135191,NA,NA,NA,NA,0.530609084391057,0.0298331905368986,0.777033990152691,0.00737962487186316,800,0,1.16643510252076,0.0073212177711666,28.2,0.873961969315327,800,0,80,0,1,0,1,0,0,0,80,0,80,0,0,0,10,0,10,0,20,0,0.933148082016605,800,1,1,FALSE,FALSE,FALSE,FALSE
"rapida",100,10,10,10,0.4,"low","random",2,0.2,15,14,0.933333333333333,100,0,10,0,10,0,10,0,0.4,0,2,0,0.2,0,NA,NA,0.831329522295157,0.0179419206790636,0.842087579766665,0.0173096706783203,0.765850668790872,0.0430005762618646,0.909824906451769,0.0344472454452062,0.914489822851291,0.0349231832940597,0.887933833214287,0.0575147791267441,0.727820044048483,0.0199910450779688,1.06546075568175,0.191274336441023,0.0654607556817463,0.191274336441023,1.24120675549526,0.218297820875476,0.241206755495264,0.218297820875476,0.526387237337517,0.10098176362297,1.10554894935007,0.403927054491878,0.60611459761276,0.09268372361891,0.21222919522552,0.18536744723782,0.440914187075101,0.108938746198122,-0.118171625849798,0.217877492396244,1.9889454099642,0.114089399342023,-0.162549301067705,0.0480376418282203,0.472726853358962,0.022686675051151,0.181817133397406,0.0567166876278775,0.627815580925882,0.168857230658246,0.25,0,0.426666666666667,0.0547432680502854,0.54,0.0289498745782298,0.546666666666667,0.0496335779839824,0.613333333333333,0.0306542417893925,0.916383812135362,0.0668157924933509,0.660659622794572,0.0180610342093362,160,0,5.19580951434473,0.112137004244148,93.6666666666667,6.97523965566548,160,0,80,0,0.825333333333333,0.00600528867445122,0.838,0.00677530529974567,0.213159409710105,0.0136158349501262,1.77777777777778,0,0,0,0.158518518518519,0.010141078138168,6.78962962962963,0.0959341991488621,6.97481481481482,0.112517379501081,20,0,0.933148082016605,800,0.890887028882479,0.2,FALSE,FALSE,FALSE,FALSE
"rapida",100,10,10,10,0.4,"low","random",3,0.3,15,15,1,100,0,10,0,10,0,10,0,0.4,0,3,0,0.3,0,NA,NA,0.879693086062851,0.0118430464952249,0.89034872577835,0.0116217938611097,0.831570560030645,0.0201819431344297,0.997334429562995,0.0220817048423004,0.99485616778367,0.0220263879224452,1.03098640523697,0.0542264765250434,0.776675948350101,0.0146021084534051,1.04448437696279,0.16577083261381,0.0444843769627942,0.16577083261381,1.14849976363449,0.182773667045703,0.148499763634487,0.182773667045703,0.343817045778647,0.0509102304628181,0.375268183114588,0.203640921851272,0.444734608207599,0.0613091862040654,-0.110530783584801,0.122618372408131,0.667645712712871,0.107745553540343,0.335291425425742,0.215491107080687,2.23565621789248,0.0952365781350035,-0.0586710661505328,0.0400996118463173,0.418184841169994,0.025468737049194,0.0454621029249859,0.063671842622985,0.389394778932197,0.097230003392945,0.25,0,0.6,0.0478091443733757,0.653333333333333,0.0350056684752173,0.626666666666667,0.0547432680502854,0.693333333333333,0.0283962886016678,0.74608834158075,0.0472386801579129,0.687914521017953,0.0167360519205826,240,0,3.66538785859521,0.0493460270634372,79.8666666666667,5.23619879089572,240,0,80,0,0.937333333333333,0.00538663837804924,0.940666666666667,0.0033046383948376,0.166669607916395,0.00967599374680353,5.33333333333333,1.37048905523766e-16,3.45041222969648,0.462655946728406,0.00592592592592593,0.00340602686548806,8.78814814814815,0.103526681867597,8.85037037037037,0.0613953626471555,20,0,0.933148082016605,800,0.942715420002542,0.3,FALSE,FALSE,FALSE,FALSE
"rapida",100,10,10,10,0.4,"low","random",5,0.5,15,15,1,100,0,10,0,10,0,10,0,0.4,0,5,0,0.5,0,NA,NA,0.908201766999038,0.00856951830887557,0.916628352932813,0.0078225004464773,0.872893933738788,0.0186051897184638,0.98633652480784,0.0201577022472953,0.985536517258197,0.0187715988229813,1.01213488779588,0.0380804227895306,0.813989580714715,0.0133368677371455,1.09817484715469,0.120999753182631,0.0981748471546888,0.120999753182631,1.1210128430678,0.198405918857747,0.121012843067799,0.198405918857747,0.310444037384851,0.0382071937479123,0.241776149539406,0.152828774991649,0.550377823709165,0.051057365610552,0.100755647418331,0.102114731221104,0.541942948914137,0.0495986366274942,0.0838858978282748,0.0991972732549885,2.28676975630044,0.0537610330777496,-0.0371495762945534,0.0226362244537893,0.420167746395033,0.0197110802459939,0.0504193659875825,0.0492777006149849,0.331687349176117,0.0658128981639344,0.25,0,0.613333333333333,0.0533333333333333,0.653333333333333,0.0273716340251427,0.693333333333333,0.0472749472228223,0.706666666666667,0.022817425810878,0.64899706441644,0.0301509837923865,0.732681297102298,0.0106203904095155,400,0,2.2705044174976,0.0214237957721889,50.8,3.0584776792198,400,0,80,0,0.995333333333333,0.00165231919741881,0.992,0.00261861468283191,0.115996651514291,0.00506804873896182,17.7777777777778,0,16.9237721899135,0.0749796828258792,0,0,9.90666666666667,0.0330463839483761,9.84148148148148,0.0514968954123976,20,0,0.933148082016605,800,0.973266499178076,0.5,FALSE,FALSE,FALSE,FALSE
"rapida",100,10,10,10,0.4,"low","random",7,0.7,15,15,1,100,0,10,0,10,0,10,0,0.4,0,7,0,0.7,0,NA,NA,0.921545100763431,0.00721070323355749,0.934004867258535,0.00612513256304639,0.863097795316969,0.0173044564138076,1.00908802090264,0.0241802862616316,1.01658104016019,0.0233369782687596,0.982342238152487,0.0369280504676509,0.847569741561586,0.0103371856189032,1.03238272516791,0.133345925916575,0.0323827251679068,0.133345925916575,1.141536002537,0.163804863423567,0.141536002536998,0.163804863423567,0.220852364986774,0.0306193189455946,-0.116590540052904,0.122477275782378,0.524715352636804,0.0502143032075197,0.0494307052736078,0.100428606415039,0.573390148482498,0.0655439394735755,0.146780296964996,0.131087878947151,2.32301406996011,0.071181647251432,-0.0218888126483739,0.0299712198953398,0.402765432985688,0.0213080586435324,0.00691358246421899,0.0532701466088311,0.230671895707947,0.0385426760405995,0.25,0,0.68,0.0750872508359125,0.693333333333333,0.0283962886016678,0.693333333333333,0.0430577316398374,0.793333333333333,0.022817425810878,0.556126237560554,0.0308710920473328,0.757845091458165,0.00968223602343799,560,0,1.64561625136327,0.0128762557742098,39.1333333333333,2.34798123353145,560,0,80,0,1,0,1,0,0.0731512702407484,0.00447239954444446,37.3333333333333,0,36.8063474986709,0.0528596225444644,0,0,10,0,10,0,20,0,0.933148082016605,800,0.987565766380723,0.7,FALSE,FALSE,FALSE,FALSE
"rapida",100,10,10,10,0.4,"low","parentage",2,0.2,15,12,0.8,100,0,10,0,10,0,10,0,0.4,0,2,0,0.2,0,NA,NA,0.85571192548336,0.0146327954895757,0.866786176842108,0.0129799520396625,0.79902423565967,0.0298230580758392,0.97024877564458,0.0332298307177163,0.97567034772904,0.0336744895430135,0.943109182562835,0.0435175394522951,0.739602860588811,0.0177051568340345,1.05603648015545,0.141873861698372,0.0560364801554497,0.141873861698372,1.17488944417849,0.159084315364291,0.174889444178488,0.159084315364291,0.376552115069125,0.0821902853765023,0.506208460276498,0.328761141506009,0.507034601629503,0.117795489143046,0.0140692032590056,0.235590978286091,0.558690470554547,0.118190292245656,0.117380941109094,0.236380584491311,2.3005942855704,0.146802826734763,-0.0313287218650926,0.0618117165199004,0.429744599300443,0.0229057468827393,0.0743614982511069,0.0572643672068482,0.402769150181774,0.096123756159431,0.25,0,0.666666666666667,0.0666666666666667,0.586666666666667,0.0321701823886753,0.653333333333333,0.0567925772033355,0.68,0.0296005147960382,0.853388294353142,0.0522360436661151,0.658603079181756,0.019431391070395,160,0,5.348199534271,0.0914549718098484,104.4,4.82730329924039,160,0,80,0,0.954,0.00476095228569523,0.954,0.00305505046330389,0.122778927719594,0.00985799201957408,1.77777777777778,3.06450668993088e-17,0,0,0.792592592592593,0.00468485579284204,9.10962962962963,0.0896650417603973,9.11555555555556,0.0561010258629969,20,0,0.933148082016605,800,0.917016218512822,0.2,FALSE,FALSE,FALSE,FALSE
"rapida",100,10,10,10,0.4,"low","parentage",3,0.3,15,15,1,100,0,10,0,10,0,10,0,0.4,0,3,0,0.3,0,NA,NA,0.87761384984779,0.0107784387994739,0.888527526734725,0.00997965346476529,0.832491673431416,0.0215964911959927,0.994139445875771,0.0294524241137919,0.99959361136028,0.0268233894330983,0.999168035599917,0.0621017504788886,0.78413693788922,0.0137157558248234,1.05513994956213,0.147221348144449,0.0551399495621256,0.147221348144449,1.08454815919251,0.174990941950599,0.0845481591925076,0.174990941950599,0.326058748892252,0.0837375052435478,0.304234995569008,0.334950020974191,0.622283954608996,0.104677927558018,0.244567909217992,0.209355855116035,0.524547080439456,0.0734362731509456,0.0490941608789129,0.146872546301891,2.30966087063119,0.0812628767712431,-0.0275112123658149,0.0342159481142076,0.40375324559053,0.0232805733732981,0.00938311397632598,0.0582014334332453,0.348609470847713,0.101913307096131,0.25,0,0.64,0.0592010295920764,0.666666666666667,0.0318727629155838,0.693333333333333,0.0511456060270383,0.72,0.0380475892484537,0.717957189872923,0.0591394877134843,0.696930321763005,0.0154833771437263,240,0,3.65672437436579,0.0449101616644747,84.4666666666667,4.7817775800843,240,0,80,0,0.991333333333333,0.00255728030135192,0.991333333333333,0.00215288658199187,0.0956642996092168,0.00666549929390314,5.33333333333333,1.22580267597235e-16,0,0,0.453333333333333,0.00940311529799918,9.82962962962963,0.0498164374944697,9.83111111111111,0.0414209687118733,20,0,0.933148082016605,800,0.940487224654847,0.3,FALSE,FALSE,FALSE,FALSE
"rapida",100,10,10,10,0.4,"low","parentage",5,0.5,15,15,1,100,0,10,0,10,0,10,0,0.4,0,5,0,0.5,0,NA,NA,0.906581529043032,0.00943083838249543,0.918665700603478,0.00843091240005233,0.852151907491943,0.0170126952859641,0.996279496297021,0.0231094747358676,1.00171580976823,0.0223711862803365,1.00437148312311,0.0536670724913905,0.823775122819309,0.0111621079695806,1.02191485153728,0.132436998086059,0.0219148515372809,0.132436998086059,1.14958791478615,0.145463971012541,0.149587914786152,0.145463971012541,0.260744767478497,0.0310982444126175,0.0429790699139892,0.12439297765047,0.503111510912033,0.0569027263145951,0.00622302182406501,0.11380545262919,0.550306339669086,0.0689431056313003,0.100612679338172,0.137886211262601,2.33837425626586,0.0584169036057235,-0.0154213657827966,0.0245965909918836,0.40836453086031,0.018912234912372,0.0209113271507757,0.04728058728093,0.251721548033925,0.0329140916376616,0.25,0,0.613333333333333,0.0689144857719068,0.64,0.0362530786869986,0.773333333333333,0.0383798889135426,0.726666666666667,0.0315725418176205,0.61560557769026,0.0357510410983396,0.739013962606117,0.00850117504153263,400,0,2.26645382260758,0.0235770959562386,55.4666666666667,3.72362683755996,400,0,80,0,0.998666666666667,0.00133333333333333,1,0,0.0515477914295886,0.00293504656216907,17.7777777777778,0,0,0,0.0474074074074074,0.0060825853389206,9.97481481481482,0.0251851851851852,10,0,20,0,0.933148082016605,800,0.971530185309752,0.5,FALSE,FALSE,FALSE,FALSE
"rapida",100,10,10,10,0.4,"low","parentage",7,0.7,15,15,1,100,0,10,0,10,0,10,0,0.4,0,7,0,0.7,0,NA,NA,0.922021996104996,0.00723525049025672,0.933610248353725,0.00638767449091906,0.868304872733783,0.0193524219854016,1.00845641289484,0.0152334639274294,1.01059703934858,0.0148840087431258,1.00550317750782,0.0283346766638815,0.856080050409752,0.00899343667367201,1.03081192671458,0.133927989756869,0.030811926714578,0.133927989756869,1.0860000202997,0.166518802744463,0.0860000202996973,0.166518802744463,0.296175112074811,0.0219254141440877,0.184700448299244,0.0877016565763507,0.553979371062719,0.044712501788573,0.107958742125437,0.089425003577146,0.579642953331234,0.0474799305282495,0.159285906662468,0.0949598610564991,2.31626119525593,0.0482033745938855,-0.0247321283132939,0.0202961577237413,0.403455364568312,0.0203210333324393,0.00863841142078022,0.0508025833310982,0.335798729186385,0.0473213723211078,0.25,0,0.693333333333333,0.0472749472228223,0.713333333333333,0.0236374736114112,0.693333333333333,0.0472749472228223,0.78,0.0311677488989592,0.586193600353934,0.0232102502473629,0.744870533098556,0.0115541985513619,560,0,1.64646785018749,0.0129200901611727,33.4666666666667,1.3934085192747,560,0,80,0,1,0,1,0,0.0345059523032312,0.00217046756419126,37.3333333333333,0,36.4478810749158,0.040067619437043,0,0,10,0,10,0,20,0,0.933148082016605,800,0.988076827112408,0.7,FALSE,FALSE,FALSE,FALSE
"rapida",400,20,20,2,0.4,"low","optimised_blocks",1,0.5,15,13,0.866666666666667,400,0,20,0,20,0,2,0,0.4,0,1,0,0.5,0,0,0,0.794546769734092,0.00995162720886156,0.799913745524136,0.00988550513644234,0.773139589330592,0.0137201665176067,1.00866974419764,0.0426459894519732,1.00096504733709,0.0405511640970351,1.04172053354471,0.057138838455306,0.834433931221485,0.00918220416771193,1.01204874344816,0.123925816372534,0.0120487434481591,0.123925816372534,0.94246841343197,0.11174207729157,-0.0575315865680298,0.11174207729157,0.387595753089316,0.0764331092679163,0.550383012357265,0.305732437071665,0.500613360980208,0.066997706544009,0.00122672196041623,0.133995413088018,0.475337501169353,0.0699119788620807,-0.049324997661294,0.139823957724161,2.15881854826004,0.066493664236393,-0.0910237691536657,0.0279973323100602,0.425405190266743,0.0240914367681261,0.0635129756668582,0.0602285919203154,0.442913192161058,0.0953515561442905,0.25,0,0.48,0.0351188458428425,0.521666666666667,0.0216666666666667,0.553333333333333,0.0346639193050541,0.613333333333333,0.0227390301478206,0.901914458228103,0.0516178698063159,0.598805699064981,0.026314186349095,320,0,2.48295865541904,0.0310988350276924,107.066666666667,3.08524393828594,320,0,320,0,1,0,1,0,0.0271057599454843,0.00548717841737691,0,0,0,0,1,0,20,0,20,0,80,0,0.941045215871327,3200,0.844323690651155,0.1,FALSE,FALSE,FALSE,FALSE
"rapida",400,20,20,2,0.4,"low","complete",2,1,15,15,1,400,0,20,0,20,0,2,0,0.4,0,2,0,1,0,NA,NA,0.831369517268619,0.00740655435837758,0.837112669552037,0.00728517333520922,0.808348052199774,0.0121238501606093,1.02401054412263,0.0438593315731857,1.02028442419139,0.0436053714300473,1.04176634818162,0.0528406085485258,NA,NA,1.02058380753136,0.12620443200731,0.0205838075313646,0.12620443200731,0.942358807507015,0.113032234140673,-0.0576411924929851,0.113032234140673,0.392305883862355,0.137277410831154,0.569223535449422,0.549109643324617,0.490178798644797,0.0481506049428704,-0.0196424027104052,0.0963012098857408,0.487993776482142,0.0524463646314852,-0.0240124470357151,0.10489272926297,2.35639965635159,0.0516292701067316,-0.00783172364143593,0.0217386400449396,0.404934572542765,0.0234419126773379,0.0123364313569132,0.0586047816933449,0.389154974994344,0.123949014746396,0.25,0,0.476666666666667,0.0308091926088035,0.551666666666667,0.0216116517661999,NA,NA,NA,NA,0.804806845429405,0.0599644750741953,0.646595884329842,0.01622415115442,640,0,1.29901487073222,0.011572741184965,73.9333333333333,6.81138169793183,640,0,320,0,1,0,1,0,0,0,320,0,320,0,0,0,20,0,20,0,80,0,0.941045215871327,3200,0.88345331685135,0.2,FALSE,FALSE,FALSE,FALSE
"rapida",400,20,20,2,0.4,"low","random",1,0.5,15,10,0.666666666666667,400,0,20,0,20,0,2,0,0.4,0,1,0,0.5,0,NA,NA,0.800508737457842,0.0107243477371987,0.805002733502484,0.0105654409160171,0.781604856937835,0.0153855851461626,0.973582443658618,0.032157696826204,0.968292771785192,0.030698400502051,0.998361242914274,0.043464789732585,0.834860704121102,0.0083470009521632,1.019342131965,0.10076453545621,0.0193421319649994,0.10076453545621,1.00317223333276,0.0972098867344374,0.00317223333275648,0.0972098867344374,0.320251213592745,0.0927002760285771,0.281004854370978,0.370801104114308,0.400363500974314,0.0563827113228384,-0.199272998051372,0.112765422645677,0.492738383429921,0.0775421833126746,-0.0145232331401576,0.155084366625349,2.28611720681995,0.0858086168285283,-0.0374243339705462,0.0361299439278014,0.424843033798888,0.0154922098330979,0.0621075844972191,0.0387305245827447,0.392836490446721,0.136127077619676,0.25,0,0.463333333333333,0.0321701823886753,0.54,0.0225989885993662,0.576666666666667,0.0358125631942156,0.631666666666667,0.0204803428790742,0.872886033997234,0.0532733430396251,0.623664722848578,0.0208607754835188,320,0,2.50158980455575,0.0335135866787458,100.933333333333,6.60913269049994,320,0,320,0,1,0,1,0,0.0695321668166772,0.0126440116951082,0,0,0,0,1,0,20,0,20,0,80,0,0.941045215871327,3200,0.850659164891072,0.1,FALSE,FALSE,FALSE,FALSE
"rapida",400,20,20,2,0.4,"low","parentage",1,0.5,15,10,0.666666666666667,400,0,20,0,20,0,2,0,0.4,0,1,0,0.5,0,NA,NA,0.80150929845587,0.0115715791294931,0.802418559297857,0.0114428631920467,0.798833611074043,0.0134486301860911,1.00289374402759,0.0506061663508325,0.991996191926818,0.0498587876503086,1.05628237720683,0.0586095913417738,0.835609675918937,0.00718064579330926,0.924001780347159,0.111040794755531,-0.0759982196528406,0.111040794755531,0.970423208816803,0.134465845087024,-0.0295767911831972,0.134465845087024,0.432421134272416,0.120780716185996,0.729684537089662,0.483122864743984,0.466856792404318,0.0688280513226443,-0.0662864151913633,0.137656102645289,0.483811163381986,0.0863623073941339,-0.0323776732360281,0.172724614788268,2.31139518972037,0.10250351989964,-0.0267809727493172,0.0431593767998486,0.412815540081017,0.0245440961721048,0.0320388502025415,0.061360240430262,0.520886813363526,0.146902380997198,0.25,0,0.426666666666667,0.0351414375761811,0.528333333333333,0.0303615776405871,0.516666666666667,0.0469717916025055,0.605,0.0333809184158512,0.889756990077559,0.0711286361541178,0.610520968140628,0.0233101419119043,320,0,2.50471655767459,0.0361611847796659,107.466666666667,3.8120943708234,320,0,320,0,1,0,1,0,0.0182669251806525,0.00506407358456029,0,0,0,0,1,0,20,0,20,0,80,0,0.941045215871327,3200,0.851722409229551,0.1,FALSE,FALSE,FALSE,FALSE
"rapida",400,20,20,4,0.4,"low","optimised_blocks",1,0.25,15,11,0.733333333333333,400,0,20,0,20,0,4,0,0.4,0,1,0,0.25,0,0,0,0.813912837520982,0.0111717722816938,0.820910718430946,0.0111747657548558,0.784384116168247,0.0166859649541518,0.990593999399837,0.0455941052747836,0.990890945323139,0.0448888113874849,0.992311585720283,0.0556696711620811,0.792857551283639,0.00764104755355668,0.959126642513642,0.115237607153615,-0.0408733574863577,0.115237607153615,0.92880083776828,0.125883066419051,-0.0711991622317196,0.125883066419051,0.324989883195901,0.086970047337399,0.299959532783605,0.347880189349596,0.497008919387697,0.0695611755248303,-0.00598216122460568,0.139122351049661,0.520629031757651,0.0393271705455594,0.0412580635153016,0.0786543410911189,2.06857823722345,0.0937138213048117,-0.129019689590126,0.0394584510757102,0.414930607347604,0.0162965127164772,0.0373265183690097,0.040741281791193,0.389071321547754,0.105087566622649,0.25,0,0.523333333333333,0.0348010216963685,0.581666666666667,0.022817425810878,0.6,0.0341565025531987,0.663333333333333,0.0216666666666667,0.77009741354957,0.0494327766611512,0.647599567212559,0.0183822449537286,320,0,2.54347761725307,0.0349117883802933,102.266666666667,6.19405757208869,320,0,320,0,1,0,0.999166666666667,0.00083333333333333,0.0457960823964233,0.00714752123436613,0,0,0,0,1,0,20,0,19.9666666666667,0.0333333333333333,80,0,0.941045215871327,3200,0.864903007627926,0.1,FALSE,FALSE,FALSE,FALSE
"rapida",400,20,20,4,0.4,"low","optimised_blocks",2,0.5,15,15,1,400,0,20,0,20,0,4,0,0.4,0,2,0,0.5,0,30,0,0.858637337184447,0.0111245358953209,0.865574144173495,0.0103812193440246,0.826596434400957,0.0157572559963738,1.00014311477334,0.0198397143589835,1.00703423169568,0.0192375738736379,0.968454019621221,0.0273457085322689,0.856325191362937,0.00504750370260238,0.901416704728897,0.0973934334745747,-0.0985832952711029,0.0973934334745747,1.02810697380994,0.136617958858135,0.028106973809944,0.136617958858135,0.297203898799238,0.0417149792433921,0.188815595196954,0.166859916973569,0.478282783523002,0.0435550988334392,-0.0434344329539967,0.0871101976668783,0.474626059815715,0.0303416555754663,-0.0507478803685691,0.0606833111509325,2.37853747522914,0.0637091120221285,0.00148946325437507,0.0268248892724752,0.397841388481265,0.0148320359032058,-0.00539652879683667,0.0370800897580144,0.317858628318011,0.0470709606937423,0.25,0,0.603333333333333,0.0443113085283211,0.643333333333333,0.0304203357213037,0.676666666666667,0.0311932023526901,0.735,0.0216575072214606,0.669278059965546,0.0308491707709774,0.694566083011841,0.0113679841871194,639.666666666667,1.49177639926258,1.34259702645923,0.0185461908979514,77.6,4.05767937431753,639.666666666667,1.49177639926258,320,0,1,0,1,0,0.0272611634028111,0.00372707573726957,64.9111111111111,0.512248561799109,64.4219075626648,0.523088907537481,0,0,20,0,20,0,80,0,0.941045215871327,3200,0.912429416464778,0.199895833333333,FALSE,FALSE,FALSE,FALSE
"rapida",400,20,20,4,0.4,"low","optimised_blocks",3,0.75,15,15,1,400,0,20,0,20,0,4,0,0.4,0,3,0,0.75,0,30,0,0.868458240854878,0.010680940243474,0.875348644766939,0.00963158001879723,0.836846712783146,0.0174243880235712,0.992504485164217,0.0331359752401306,0.99381668611003,0.0323015637825074,0.986342042905724,0.0416583206290804,0.872530480919088,0.00610167509439992,0.939034302840944,0.0948693567652571,-0.0609656971590565,0.0948693567652571,1.00590455233074,0.111483008329899,0.00590455233074418,0.111483008329899,0.386947727447263,0.0939023639624817,0.547790909789051,0.375609455849927,0.502463411672054,0.0371890230222923,0.00492682334410861,0.0743780460445845,0.433787652160971,0.0271277603597375,-0.132424695678058,0.0542555207194751,2.40422985059608,0.0247888851309232,0.0123073055141395,0.0104374253182834,0.408525476035882,0.0110987157463328,0.0213136900897041,0.027746789365832,0.424079120469018,0.104276849134214,0.25,0,0.59,0.034572215654165,0.645,0.0269700009710966,0.696666666666667,0.0360114620201041,0.743333333333333,0.022817425810878,0.648601049432438,0.0403295920247212,0.721094942002182,0.0109756026376539,958.8,0.788005317845242,0.905789554085078,0.0111844116934941,57.2666666666667,4.2127546317465,958.8,0.788005317845242,320,0,1,0,1,0,0.0137787550438258,0.00106202720021636,163.666666666667,0.320795967727235,163.590449506823,0.318538954979582,0,0,20,0,20,0,80,0,0.941045215871327,3200,0.922865582022814,0.299625,FALSE,FALSE,FALSE,FALSE
"rapida",400,20,20,4,0.4,"low","complete",4,1,15,15,1,400,0,20,0,20,0,4,0,0.4,0,4,0,1,0,NA,NA,0.880826659706852,0.0100279793031654,0.88687805485708,0.0100269337905612,0.853720549488093,0.0129898547016977,1.0147769256444,0.0187423222789283,1.01548483435885,0.0185912065423909,1.01295889023467,0.0303235688367986,NA,NA,0.904066588056378,0.0885715950585982,-0.0959334119436218,0.0885715950585982,1.00325610997382,0.113440564541156,0.00325610997382224,0.113440564541156,0.363665554767311,0.10552342531599,0.454662219069242,0.422093701263962,0.486107036859654,0.0244665190672937,-0.0277859262806914,0.0489330381345875,0.493287966579511,0.0351009077554428,-0.0134240668409771,0.0702018155108856,2.41119111871471,0.0298140221172482,0.0152383657746142,0.0125532724704203,0.396374215265739,0.0155008463394175,-0.00906446183565139,0.0387521158485438,0.39621509895886,0.126608176448668,0.25,0,0.633333333333333,0.0329742564328839,0.68,0.027189809015249,NA,NA,NA,NA,0.605999494406443,0.0392103863015528,0.730619474271477,0.00966372113395863,1280,0,0.688145827895978,0.007834358830598,42.5333333333333,2.84666332106417,1280,0,320,0,1,0,1,0,0,0,320,0,320,0,0,0,20,0,20,0,80,0,0.941045215871327,3200,0.936008859990093,0.4,FALSE,FALSE,FALSE,FALSE
"rapida",400,20,20,4,0.4,"low","random",1,0.25,15,10,0.666666666666667,400,0,20,0,20,0,4,0,0.4,0,1,0,0.25,0,NA,NA,0.817142868743086,0.020588171037639,0.82325531485862,0.0210412338280602,0.791387093170374,0.0220128304649374,0.974543195278342,0.0311730028213842,0.978354281288592,0.0325527482548991,0.962489557155582,0.0376423487145946,0.779424325245123,0.0138728352579725,0.979130718054611,0.118784704905148,-0.0208692819453887,0.118784704905148,0.96864512822697,0.151538854785776,-0.0313548717730296,0.151538854785776,0.393959407219637,0.0803404334852051,0.575837628878549,0.32136173394082,0.502453246820952,0.0606805780694704,0.00490649364190463,0.121361156138941,0.47335811506081,0.0356745602938943,-0.0532837698783809,0.0713491205877886,2.22459915759607,0.109611803970551,-0.0633266704858665,0.0461523385139163,0.421446912611551,0.0227147630310614,0.053617281528877,0.0567869075776535,0.478512272053046,0.121454096651584,0.25,0,0.486666666666667,0.0471741118135448,0.57,0.0332021227089617,0.593333333333333,0.0444186433045391,0.673333333333333,0.0324098260624278,0.835501677882114,0.0399973648496331,0.6315111376657,0.0198083514344651,320,0,2.55357146482214,0.0643380344926217,111.333333333333,4.25123698151678,320,0,320,0,0.986666666666667,0.0031020986239989,0.990833333333333,0.00333333333333333,0.099125793292094,0.0156864601250031,0,0,0,0,1,0,19.4666666666667,0.124083944959956,19.6333333333333,0.133333333333333,80,0,0.941045215871327,3200,0.868335394475686,0.1,FALSE,FALSE,FALSE,FALSE
"rapida",400,20,20,4,0.4,"low","random",2,0.5,15,15,1,400,0,20,0,20,0,4,0,0.4,0,2,0,0.5,0,NA,NA,0.860075158184047,0.0103131832578456,0.865855994253557,0.0103294243883537,0.831548589249946,0.0138129980768809,1.0037957864407,0.020461088990285,1.00667960881525,0.0194913136992357,0.987261191751531,0.0278110001402204,0.848281861277243,0.00658035810370185,0.883602732249644,0.0874810991505176,-0.116397267750356,0.0874810991505176,1.06923481136454,0.142983270526659,0.0692348113645382,0.142983270526659,0.331706537400978,0.0340610353816227,0.326826149603911,0.136244141526491,0.522949104647124,0.0363030791994817,0.0458982092942482,0.0726061583989633,0.500403762490458,0.0410935691490044,0.000807524980915546,0.0821871382980088,2.2588956374407,0.0376978058613301,-0.048886047393388,0.0158727603626653,0.40774527725985,0.0125283625455686,0.0193631931496255,0.0313209063639216,0.362424491380279,0.0451121440811501,0.25,0,0.576666666666667,0.0288124752522016,0.638333333333333,0.0279100027582989,0.68,0.0275162289775117,0.733333333333333,0.0232310684145723,0.699172698579435,0.0214339139309482,0.687189292161673,0.013249812567092,640,0,1.34386743466257,0.0161143488403837,78.0666666666667,3.89562228865595,640,0,320,0,1,0,1,0,0.0586900231519637,0.00802214476813615,53.3333333333333,0,52.525580256799,0.174508565276641,0,0,20,0,20,0,80,0,0.941045215871327,3200,0.913957314354646,0.2,FALSE,FALSE,FALSE,FALSE
"rapida",400,20,20,4,0.4,"low","random",3,0.75,15,15,1,400,0,20,0,20,0,4,0,0.4,0,3,0,0.75,0,NA,NA,0.878507951404176,0.010198412281358,0.886053185898648,0.00996489896848963,0.84297354417681,0.0144675238760147,0.974343438202811,0.0227436854423254,0.979558720022897,0.0210444159654104,0.949317022171714,0.0330033476144268,0.876395659950999,0.00736366707143349,0.930146348825403,0.100603763015356,-0.0698536511745973,0.100603763015356,1.11632077558355,0.122091313119655,0.116320775583552,0.122091313119655,0.286468840933538,0.0346422730666209,0.145875363734153,0.138569092266484,0.454632483166074,0.0323230248855064,-0.0907350336678523,0.0646460497710128,0.49419891918039,0.0414769232148228,-0.0116021616392211,0.0829538464296455,2.33156611221412,0.0419616336890861,-0.0182879527519479,0.0176680562901415,0.414066682251088,0.00990615328292423,0.0351667056277206,0.0247653832073106,0.284267298511142,0.0368168329611542,0.25,0,0.596666666666667,0.0273716340251427,0.668333333333333,0.0234605376195181,0.723333333333333,0.0288124752522016,0.761666666666667,0.0167023427688529,0.621308617685403,0.0240138659251203,0.732628083903495,0.00760710607824151,960,0,0.91511244937935,0.0106233461264146,57,4.3774312972227,960,0,320,0,1,0,1,0,0.0364670028289193,0.00394603970409781,160,0,159.440209635956,0.0994009400684532,0,0,20,0,20,0,80,0,0.941045215871327,3200,0.933544888797669,0.3,FALSE,FALSE,FALSE,FALSE
"rapida",400,20,20,4,0.4,"low","parentage",1,0.25,15,7,0.466666666666667,400,0,20,0,20,0,4,0,0.4,0,1,0,0.25,0,NA,NA,0.807776458163553,0.0151141868744479,0.81361528351336,0.0140219551763843,0.781891540457643,0.0230454481578722,0.980867470402358,0.0259112754715907,0.987707590990545,0.027530833556118,0.951296898900067,0.0327770768571457,0.789863672087392,0.00918780976001227,0.909759143256157,0.12548501505001,-0.0902408567438429,0.12548501505001,1.09848773469268,0.125790893455234,0.0984877346926848,0.125790893455234,0.29573367019778,0.0848760427782669,0.18293468079112,0.339504171113067,0.47830100867792,0.0795375885864243,-0.0433979826441596,0.159075177172849,0.541524504282569,0.0545309063455875,0.0830490085651379,0.109061812691175,2.31426153391256,0.0862271208624731,-0.0255740909841857,0.0363061561526202,0.404529828829092,0.0220083113515842,0.0113245720727308,0.0550207783789605,0.303641182202858,0.074316292974252,0.25,0,0.486666666666667,0.042107195026692,0.575,0.0310529501704059,0.603333333333333,0.0325381339159172,0.673333333333333,0.0233333333333333,0.779914609497241,0.0530951294165819,0.651621576811542,0.0201998307569072,320,0,2.5243014317611,0.0472318339826498,110.933333333333,4.40180338223699,320,0,320,0,1,0,0.999166666666667,0.00083333333333333,0.0437105184288686,0.00415905515074649,0,0,0,0,1,0,20,0,19.9666666666667,0.0333333333333333,80,0,0.941045215871327,3200,0.858382195180304,0.1,FALSE,FALSE,FALSE,FALSE
"rapida",400,20,20,4,0.4,"low","parentage",2,0.5,15,15,1,400,0,20,0,20,0,4,0,0.4,0,2,0,0.5,0,NA,NA,0.861672615937599,0.0100246044960102,0.868515433562834,0.00969419414458738,0.82983053722384,0.0145755756894674,1.01289132613454,0.0224589843809896,1.01596655993624,0.0199584064916542,0.995852751869557,0.0350897106168675,0.85168113447263,0.00595698652193268,0.913845630265653,0.0881709529830177,-0.0861543697343468,0.0881709529830177,1.02021215524021,0.097815955104398,0.020212155240214,0.097815955104398,0.251363430438765,0.0319401932109309,0.00545372175506154,0.127760772843724,0.486979666558492,0.0311395261438822,-0.026040666883016,0.0622790522877644,0.451693097555547,0.0462027950707385,-0.096613804888906,0.092405590141477,2.34561420293189,0.0376531689722476,-0.0123729671865729,0.0158539658830516,0.398487096403068,0.0114297448490222,-0.00378225899232964,0.0285743621225556,0.266741986464,0.0374272180417037,0.25,0,0.573333333333333,0.0367963076132409,0.66,0.0232481438071127,0.68,0.0340867241298539,0.75,0.0159985118355546,0.641540449305187,0.0257738137979595,0.704233867355148,0.0100597380976167,640,0,1.3463634624025,0.0156634445250159,80.4,3.64861356577823,640,0,320,0,1,0,1,0,0.0230089700289989,0.00313111076675099,53.3333333333333,0,43.7457197199913,3.64468829196087,0.0222222222222222,0.0222222222222222,20,0,20,0,80,0,0.941045215871327,3200,0.915654849952947,0.2,FALSE,FALSE,FALSE,FALSE
"rapida",400,20,20,4,0.4,"low","parentage",3,0.75,15,15,1,400,0,20,0,20,0,4,0,0.4,0,3,0,0.75,0,NA,NA,0.869616785059072,0.0115448648217057,0.877797143304829,0.0110432380680454,0.831608264770632,0.0170906089160683,0.977583568600322,0.0252649431843546,0.982890966851867,0.0235019662573738,0.951287406961018,0.0374827063210137,0.880362138797956,0.00473334359749426,0.971614194556243,0.102857314392268,-0.0283858054437572,0.102857314392268,1.04549986245582,0.128304191063233,0.0454998624558212,0.128304191063233,0.32131443526267,0.0231059703299975,0.285257741050682,0.0924238813199901,0.529511563246116,0.0292706483946005,0.0590231264922314,0.0585412967892011,0.481640502331156,0.0396442261341017,-0.0367189953376876,0.0792884522682035,2.33392375750788,0.0268320967375027,-0.0172952599966832,0.0112977249421064,0.408705594336651,0.0121191431195386,0.0217639858416276,0.0302978577988465,0.334150738926741,0.031674979986406,0.25,0,0.586666666666667,0.037310367085617,0.668333333333333,0.0268889544797836,0.72,0.0291955639161321,0.775,0.014638501094228,0.652280261830382,0.022160623058691,0.715968495369237,0.0100073311476963,960,0,0.905850817769867,0.0120259008559434,55.8,3.19553259589518,960,0,320,0,1,0,1,0,0.0143158848589521,0.0020384294489323,160,0,159.905188917899,0.0278480243502857,0,0,20,0,20,0,80,0,0.941045215871327,3200,0.924096706930157,0.3,FALSE,FALSE,FALSE,FALSE
"rapida",400,20,20,6,0.4,"low","optimised_blocks",1,0.166666666666667,15,9,0.6,400,0,20,0,20,0,6,0,0.4,0,1,0,0.166666666666667,0,0,0,0.839516871848812,0.00998012871707982,0.840486866701197,0.0106165782027729,0.835223889613547,0.0103061436386423,0.967722808212733,0.0284878116831456,0.962197893724154,0.0309149149756434,0.988414230367917,0.0242038541125299,0.779769558801189,0.0108437414029418,1.31172866758002,0.157108339870317,0.31172866758002,0.157108339870317,0.855250950109961,0.0724967631498549,-0.144749049890039,0.0724967631498549,0.285585209317426,0.081123818999684,0.142340837269703,0.324495275998736,0.429561076660914,0.0657921331492917,-0.140877846678172,0.131584266298583,0.451421055485864,0.0516742597148197,-0.0971578890282714,0.103348519429639,2.38255884274431,0.119522332782638,0.00318267062918307,0.0503251927505843,0.427676795285972,0.0170413892728428,0.06919198821493,0.042603473182107,0.328364562835473,0.107505821948249,0.25,0,0.51,0.0313201593379149,0.576666666666667,0.0277603119693371,0.6,0.0327326835353989,0.691666666666667,0.02284349791134,0.747937869763638,0.0451660419326245,0.689117443383856,0.0198237660429891,320,0,2.62349022452754,0.0311879022408744,109.4,4.7235983055697,320,0,320,0,0.996111111111111,0.00111111111111111,0.996666666666667,0.00136082763487954,0.0612544966978609,0.00423431251201541,0,0,0,0,1,0,19.8444444444444,0.0444444444444443,19.8666666666667,0.0544331053951817,80,0,0.941045215871327,3200,0.892111088489506,0.1,FALSE,FALSE,FALSE,FALSE
"rapida",400,20,20,6,0.4,"low","optimised_blocks",2,0.333333333333333,15,15,1,400,0,20,0,20,0,6,0,0.4,0,2,0,0.333333333333333,0,30,0,0.884584802963512,0.00745593729631901,0.886724544116787,0.0073420264731602,0.87616996871161,0.00962600825284469,1.01144147278803,0.0153246484246553,1.00602272138304,0.0166280027745632,1.03420473254625,0.0177041237705253,0.838184844591037,0.00689811028042625,1.22385147705074,0.114493328293557,0.22385147705074,0.114493328293557,0.894275748844743,0.0750325176856406,-0.105724251155257,0.0750325176856406,0.313902730369579,0.0373707596147444,0.255610921478317,0.149483038458978,0.548940116749626,0.0549932259460924,0.0978802334992525,0.109986451892185,0.485772442449391,0.0395536408057229,-0.0284551151012181,0.0791072816114458,2.35001909748765,0.0552912704602353,-0.0105182747420419,0.0232805349306254,0.413194792193764,0.0162340994546187,0.0329869804844099,0.0405852486365467,0.295528709788844,0.0329245468294006,0.25,0,0.596666666666667,0.0264874933050922,0.643333333333333,0.0252919461426467,0.663333333333333,0.0231283513230112,0.716666666666667,0.0145705726483755,0.677535454670251,0.0340708206644405,0.7176844644121,0.00784850225273926,640.2,2.63890309102277,1.38206642711588,0.0129919198901957,78.7333333333333,2.66094624534862,640.2,2.63890309102277,320,0,1,0,1,0,0.0332585953061998,0.00228122702245098,37.5244444444444,0.518029096307158,37.2076032041545,0.514516979920043,0,0,20,0,20,0,80,0,0.941045215871327,3200,0.940002444138099,0.2000625,FALSE,FALSE,FALSE,FALSE
"rapida",400,20,20,6,0.4,"low","optimised_blocks",3,0.5,15,15,1,400,0,20,0,20,0,6,0,0.4,0,3,0,0.5,0,30,0,0.900512708111485,0.00784974576227614,0.903893186109946,0.00765141800963686,0.887340650988464,0.0102087696005247,1.00716326636695,0.0164685031828801,1.00366744085652,0.0176184489633232,1.01992417954205,0.0180577183690753,0.866314860640348,0.0078050658426086,1.22698167619942,0.1295273830822,0.226981676199419,0.1295273830822,0.910577856944663,0.0863435524772195,-0.089422143055337,0.0863435524772195,0.286181866430211,0.0255105941756629,0.144727465720846,0.102042376702652,0.586455697919157,0.0366525135468723,0.172911395838314,0.0733050270937446,0.512829886686448,0.0347374626191488,0.0256597733728957,0.0694749252382977,2.25134220351453,0.0449027595435274,-0.052066440625461,0.0189064250709589,0.415371600134981,0.0141714404990088,0.0384290003374531,0.035428601247522,0.280055159385987,0.0294352079316589,0.25,0,0.62,0.0361214881305007,0.645,0.0241769272142638,0.696666666666667,0.0260341655863555,0.746666666666667,0.0213901772442325,0.601534621459184,0.0253775898907603,0.746966914744456,0.00915557757282239,959.6,2.07662730223335,0.938376060469118,0.00753932172259156,57.2666666666667,3.15846054524558,959.6,2.07662730223335,320,0,1,0,1,0,0.029942810456483,0.00229758491920575,73.3866666666667,0.467310213861024,73.0294834345544,0.475370380866733,0,0,20,0,20,0,80,0,0.941045215871327,3200,0.956928203792723,0.299875,FALSE,FALSE,FALSE,FALSE
"rapida",400,20,20,6,0.4,"low","optimised_blocks",4,0.666666666666667,15,15,1,400,0,20,0,20,0,6,0,0.4,0,4,0,0.666666666666667,0,30,0,0.909057239006129,0.00589969371462437,0.912914207332349,0.00567594812193473,0.894413171809721,0.00855897126318918,1.0107129005878,0.0181875462688484,1.00560433273896,0.020380628981017,1.03085723664225,0.016583150803224,0.884593372757244,0.00547261859105733,1.20565100736356,0.120170975253138,0.205651007363557,0.120170975253138,0.927795958810438,0.0767259612565205,-0.0722040411895624,0.0767259612565205,0.314384185744711,0.0644327609280631,0.257536742978845,0.257731043712253,0.494374839788328,0.0334676502317408,-0.0112503204233436,0.0669353004634816,0.531041674785128,0.0346187149485116,0.0620833495702555,0.0692374298970232,2.37620329328642,0.0367977456468973,0.000506649804808124,0.0154937876407989,0.413047346341785,0.0140772984744866,0.0326183658544626,0.0351932461862165,0.309826598980686,0.0576186664757534,0.25,0,0.636666666666667,0.0231283513230112,0.665,0.0188667003196738,0.72,0.0227826165979156,0.765,0.0208166599946613,0.568879095185123,0.0341137479062772,0.763063952398684,0.0102934292210943,1279.93333333333,1.42583865602524,0.71025628512934,0.00473769209739326,42.6666666666667,2.17270221628159,1279.93333333333,1.42583865602524,320,0,1,0,1,0,0.0176259380430317,0.00139434134635678,132.76,0.374012986787509,132.536490214849,0.376815760186526,0,0,20,0,20,0,80,0,0.941045215871327,3200,0.966008034124502,0.399979166666667,FALSE,FALSE,FALSE,FALSE
"rapida",400,20,20,6,0.4,"low","complete",6,1,15,15,1,400,0,20,0,20,0,6,0,0.4,0,6,0,1,0,NA,NA,0.920696452765862,0.00617561353233395,0.924973461327465,0.00561555015111654,0.903218621454684,0.0104436895386583,1.00897128129069,0.0209564631657872,1.00606966315077,0.0214701575931792,1.01897776315209,0.0245362453454374,NA,NA,1.25737373612096,0.110521980494954,0.25737373612096,0.110521980494954,0.929584146937085,0.0739745212597612,-0.0704158530629153,0.0739745212597612,0.240263597766549,0.0233145933398799,-0.0389456089338038,0.0932583733595198,0.484632461299902,0.0267143269198087,-0.0307350774001956,0.0534286538396174,0.522068295335582,0.0219020170775445,0.0441365906711632,0.043804034155089,2.36875972488608,0.0224044235876568,-0.00262748425849279,0.00943344151059235,0.414662531229679,0.0132345232212705,0.0366563280741978,0.0330863080531762,0.234188697225413,0.0271790465308925,0.25,0,0.643333333333333,0.0283962886016678,0.703333333333333,0.0203929648622513,NA,NA,NA,NA,0.50875468483317,0.0158519049675844,0.785580707850065,0.00808451322675198,1920,0,0.47952940248222,0.00321646538142393,33.0666666666667,1.20105773489024,1920,0,320,0,1,0,1,0,0,0,320,0,320,0,0,0,20,0,20,0,80,0,0.941045215871327,3200,0.978376423616771,0.6,FALSE,FALSE,FALSE,FALSE
"rapida",400,20,20,6,0.4,"low","random",1,0.166666666666667,15,13,0.866666666666667,400,0,20,0,20,0,6,0,0.4,0,1,0,0.166666666666667,0,NA,NA,0.836117312778081,0.0112862230262676,0.834292697199145,0.011521564173878,0.842815317683781,0.0133218778920114,1.00620229932633,0.0330010146185404,0.994948160473041,0.0338338707528712,1.04979522935016,0.0330105775854409,0.76012252033256,0.0112053269267713,1.13349877333314,0.122229847968002,0.133498773333135,0.122229847968002,0.85984635495497,0.100905825284849,-0.14015364504503,0.100905825284849,0.44085205303089,0.0975398532985662,0.763408212123561,0.390159413194265,0.421071516430048,0.0727319204919662,-0.157856967139904,0.145463840983932,0.560514014350499,0.0760932209334936,0.121028028700999,0.152186441866987,2.10270082423607,0.0996230694882581,-0.114652284532181,0.0419465555740034,0.438036111563432,0.0229205555402855,0.0950902789085793,0.0573013888507138,0.453714738257816,0.102661631668456,0.25,0,0.493333333333333,0.0377544278912663,0.578333333333333,0.0295669807252338,0.576666666666667,0.0371184290855335,0.675,0.0243975018237133,0.828697212667143,0.0625890624724772,0.657221739599677,0.0149269694623041,320,0,2.6128666024315,0.0352694469570862,102.533333333333,5.78986525599169,320,0,320,0,0.948333333333333,0.00454256762579498,0.938333333333333,0.00639320075337978,0.111153409758737,0.00954751089105086,0,0,0,0,1,0,17.96,0.17850644320178,17.5688888888889,0.243507584199364,80,0,0.941045215871327,3200,0.888498553179411,0.1,FALSE,FALSE,FALSE,FALSE
"rapida",400,20,20,6,0.4,"low","random",2,0.333333333333333,15,15,1,400,0,20,0,20,0,6,0,0.4,0,2,0,0.333333333333333,0,NA,NA,0.883258484873453,0.00826211389876928,0.885088373558948,0.00823250873753089,0.875111582020464,0.0108037374363871,1.01512499328688,0.0286434989503819,1.01071533226263,0.0298798589045492,1.02789362952868,0.0286885788689366,0.835568941698412,0.00715634016042776,1.19555381303952,0.128948365503557,0.195553813039523,0.128948365503557,0.923537808477053,0.087660134126556,-0.0764621915229467,0.087660134126556,0.313752157704624,0.0417561429605656,0.255008630818496,0.167024571842262,0.551363877073709,0.05655290794116,0.102727754147417,0.11310581588232,0.503215729408216,0.0266482894254814,0.00643145881643134,0.0532965788509629,2.31594148085372,0.0454429773887701,-0.0248667449036962,0.0191338852163243,0.414387655815046,0.0167602407269743,0.0359691395376159,0.0419006018174356,0.312394371159624,0.0458956188535019,0.25,0,0.576666666666667,0.0354785873271493,0.66,0.0209591439301732,0.653333333333333,0.0282280958767218,0.74,0.0197905701450632,0.670668089402487,0.0298390598158969,0.717646777925972,0.0109541110087857,640,0,1.38009138261477,0.012909552966827,83.9333333333333,3.12054126359159,640,0,320,0,0.998888888888889,0.00075709460429916,0.997222222222222,0.00104990131391452,0.0853856910378085,0.00638201303886781,21.3333333333333,0,20.3856204659597,0.135882191776519,0,0,19.9555555555556,0.0302837841719664,19.8888888888889,0.0419960525565806,80,0,0.941045215871327,3200,0.938593034613785,0.2,FALSE,FALSE,FALSE,FALSE
"rapida",400,20,20,6,0.4,"low","random",3,0.5,15,15,1,400,0,20,0,20,0,6,0,0.4,0,3,0,0.5,0,NA,NA,0.90166478563982,0.00610429523771967,0.904105367905891,0.00628634868623207,0.891645239292461,0.00921542014115954,0.993830399445105,0.0208390478750745,0.98930804855102,0.0225746295303572,1.01155930823658,0.0209239593478693,0.863527492613657,0.00589353805417339,1.26139973389471,0.12216731044892,0.261399733894712,0.12216731044892,0.954251416212115,0.0848658446690838,-0.045748583787885,0.0848658446690838,0.261915460589904,0.0320287384944263,0.0476618423596157,0.128114953977705,0.548410716727163,0.0315122643622935,0.0968214334543263,0.0630245287245869,0.462003556779639,0.0347875508863019,-0.0759928864407218,0.0695751017726037,2.34011896259091,0.0394834234185928,-0.0146867525933007,0.0166245993341443,0.421731890948018,0.0123698766056663,0.0543297273700444,0.0309246915141656,0.25616363458817,0.0346152648258935,0.25,0,0.61,0.0352541790835802,0.658333333333333,0.02284349791134,0.693333333333333,0.0283962886016678,0.766666666666667,0.017536809360305,0.590310216136907,0.0215158477420149,0.75610883898686,0.0112379462639034,960,0,0.939234151708146,0.00635864087262465,56.1333333333333,3.2774360865755,960,0,320,0,1,0,1,0,0.0651553520599026,0.00548665110333913,64,0,63.09456645979,0.117145771606842,0,0,20,0,20,0,80,0,0.941045215871327,3200,0.958152456898636,0.3,FALSE,FALSE,FALSE,FALSE
"rapida",400,20,20,6,0.4,"low","random",4,0.666666666666667,15,15,1,400,0,20,0,20,0,6,0,0.4,0,4,0,0.666666666666667,0,NA,NA,0.913337586156841,0.00596000173896444,0.916324636904956,0.00593963748713523,0.901833938209027,0.00784250708651627,1.02408222473251,0.0211031117145665,1.01936596471396,0.0224360340741648,1.03975834693194,0.0206386839827302,0.885000167128734,0.00417752873683301,1.2149270236696,0.111749438850156,0.2149270236696,0.111749438850156,0.870172559082174,0.0770835908534989,-0.129827440917826,0.0770835908534989,0.290134295512731,0.0293998002995242,0.160537182050924,0.117599201198097,0.490647202965873,0.0272311312695902,-0.018705594068254,0.0544622625391804,0.489786089958461,0.0285190810357654,-0.0204278200830785,0.0570381620715307,2.32113870063164,0.026140328904915,-0.0226784418393091,0.0110064542757537,0.414664833734706,0.0137009608159772,0.0366620843367652,0.0342524020399431,0.293304018935703,0.0323854917028416,0.25,0,0.646666666666667,0.0273716340251427,0.676666666666667,0.0189715743922489,0.71,0.0229906813420444,0.778333333333333,0.0159736886835424,0.554055537510936,0.0214021105051673,0.761624709980982,0.00966727847976294,1280,0,0.713544989185032,0.00465625135856597,43.3333333333333,2.73193924959763,1280,0,320,0,1,0,1,0,0.0399859109440421,0.00398408150353315,128,0,127.432086966466,0.0971305531515233,0,0,20,0,20,0,80,0,0.941045215871327,3200,0.970556537297911,0.4,FALSE,FALSE,FALSE,FALSE
"rapida",400,20,20,6,0.4,"low","parentage",1,0.166666666666667,15,12,0.8,400,0,20,0,20,0,6,0,0.4,0,1,0,0.166666666666667,0,NA,NA,0.844054614267892,0.0106386794511644,0.845906543810255,0.0107761575340926,0.836873822287829,0.0124022545180791,1.00169742947957,0.0419658374432785,0.995044866532992,0.0421727803955872,1.03017670073601,0.0466766498359469,0.774346611892374,0.0103190739665892,1.21342210407918,0.128483072760351,0.213422104079178,0.128483072760351,0.893675818639112,0.088145585404262,-0.106324181360888,0.088145585404262,0.385000152296764,0.120267062654563,0.540000609187056,0.481068250618253,0.521638155373454,0.0916496288288819,0.0432763107469072,0.183299257657764,0.482653786790682,0.0675876744935084,-0.0346924264186363,0.135175348987017,2.13166735697126,0.101269590461651,-0.10245584969631,0.0426398275628003,0.435625027911071,0.0245521905144538,0.0890625697776768,0.0613804762861346,0.421689366348214,0.139871623774899,0.25,0,0.483333333333333,0.0274584823682638,0.585,0.0209591439301732,0.583333333333333,0.0261254604273242,0.661666666666667,0.0238879660213029,0.79264001922253,0.0715493169514639,0.676111034707943,0.0192531409839329,320,0,2.63767066958716,0.0332458732848888,100.4,5.39117444577357,320,0,320,0,0.992777777777778,0.00179407215165989,0.992222222222222,0.0020680657493326,0.155854873657389,0.00776270091637498,0,0,0,0,1,0,19.7155555555556,0.0702125771957751,19.6888888888889,0.082722629973304,80,0,0.941045215871327,3200,0.896933112280231,0.1,FALSE,FALSE,FALSE,FALSE
"rapida",400,20,20,6,0.4,"low","parentage",2,0.333333333333333,15,15,1,400,0,20,0,20,0,6,0,0.4,0,2,0,0.333333333333333,0,NA,NA,0.886590912441062,0.00701072070476918,0.888170579371865,0.00679052959795916,0.879112080551395,0.00975983643866124,1.00937499742593,0.0240960926175351,1.00612401875343,0.0243882689260737,1.02139223998946,0.0275294146912357,0.841545936545692,0.00541587545321062,1.18211592857813,0.113305186571262,0.182115928578134,0.113305186571262,0.953837145124645,0.0821371872718673,-0.0461628548753547,0.0821371872718673,0.30589121681392,0.039775130708247,0.22356486725568,0.159100522832988,0.580499879095362,0.0703791471283414,0.160999758190723,0.140758294256683,0.505797044384412,0.0384980997307881,0.0115940887688247,0.0769961994615763,2.34174922270769,0.0834343162325716,-0.0140003272809739,0.0351302384137143,0.414185576423822,0.0143765870000515,0.0354639410595541,0.0359414675001289,0.302424901182044,0.043798447142106,0.25,0,0.586666666666667,0.0336178335137577,0.648333333333333,0.0171593835683117,0.676666666666667,0.0233333333333333,0.736666666666667,0.0238879660213029,0.669335121312326,0.0238234638648497,0.721251521245969,0.010733293060963,640,0,1.38529830068916,0.0109542511012018,80.4666666666667,3.47763831557686,640,0,320,0,1,0,1,0,0.0842665513061756,0.00461648506491115,21.3333333333333,2.4516053519447e-16,2.50314611798622,1.70567758355862,0.186666666666667,0.0253650594989691,20,0,20,0,80,0,0.941045215871327,3200,0.942134232753264,0.2,FALSE,FALSE,FALSE,FALSE
"rapida",400,20,20,6,0.4,"low","parentage",3,0.5,15,15,1,400,0,20,0,20,0,6,0,0.4,0,3,0,0.5,0,NA,NA,0.909282246058793,0.00521405599112932,0.912863491169916,0.00495813064696517,0.896222392537994,0.00875223009844722,1.01950543988611,0.0188070836439958,1.0170984717585,0.0204764314957282,1.02706347719682,0.0206434416937328,0.871269279332057,0.00472348655078777,1.23112784358977,0.120336618215459,0.231127843589768,0.120336618215459,0.90187823004557,0.0703506495468987,-0.0981217699544301,0.0703506495468987,0.228817137011438,0.0344909939921508,-0.0847314519542481,0.137963975968603,0.465645355641814,0.0332817952129533,-0.0687092887163712,0.0665635904259066,0.493790152923954,0.0311959088158841,-0.0124196941520912,0.0623918176317683,2.37919503393845,0.0416602949691284,0.00176633007934817,0.0175411768291067,0.410723063096335,0.0131189618098436,0.0268076577408378,0.0327974045246091,0.227569433530592,0.0387907769829039,0.25,0,0.66,0.0272554057547699,0.688333333333333,0.0196497102042527,0.726666666666667,0.0181702705031799,0.761666666666667,0.0154045963044017,0.554602703162587,0.0246881813725113,0.760999801271601,0.0101139398798878,960,0,0.947169006311242,0.00543130832409304,63.2,3.87814388593306,960,0,320,0,1,0,1,0,0.0276855265122217,0.00218509488310495,64,0,50.2636808793725,3.71257608995051,0.00444444444444444,0.00444444444444445,20,0,20,0,80,0,0.941045215871327,3200,0.966247137462864,0.3,FALSE,FALSE,FALSE,FALSE
"rapida",400,20,20,6,0.4,"low","parentage",4,0.666666666666667,15,15,1,400,0,20,0,20,0,6,0,0.4,0,4,0,0.666666666666667,0,NA,NA,0.911680273349313,0.00674252040165037,0.914886868733232,0.00676812067073054,0.89929878568858,0.00918299610723844,1.00350340542582,0.0192425821827872,0.999091218112923,0.0211723893231986,1.0186284228626,0.0209176718157248,0.888190788087864,0.00533021540439576,1.22969364485038,0.120152948254805,0.229693644850375,0.120152948254805,0.929766114856807,0.0684848988597828,-0.0702338851431933,0.0684848988597828,0.303170248362483,0.0314074951327773,0.212680993449932,0.125629980531109,0.522385698826421,0.0328754844844233,0.0447713976528419,0.0657509689688466,0.481835615637855,0.0268034036701536,-0.0363287687242893,0.0536068073403072,2.33460593521934,0.0241097987211568,-0.0170080272760692,0.0101514941983818,0.420586355387501,0.0130409996844376,0.0514658884687519,0.0326024992110941,0.294388071851281,0.0321333116540574,0.25,0,0.64,0.0365799841183022,0.686666666666667,0.0255728030135191,0.71,0.0272554057547699,0.79,0.0193341543339636,0.570449681499101,0.0217616195241129,0.76396841744483,0.00786793732768954,1280,0,0.712250213554151,0.00526759406378935,42.2,1.55287751333728,1280,0,320,0,1,0,1,0,0.0418457927552984,0.00198880691407507,128,0,127.150711404239,0.0527887348898872,0,0,20,0,20,0,80,0,0.941045215871327,3200,0.968795396834545,0.4,FALSE,FALSE,FALSE,FALSE
"rapida",400,20,20,10,0.4,"low","optimised_blocks",2,0.2,15,15,1,400,0,20,0,20,0,10,0,0.4,0,2,0,0.2,0,30,0,0.887132580663588,0.00884877123230503,0.891470244720167,0.00912579493626578,0.869158625253609,0.0100635572257082,0.992155576203247,0.0116537955877648,0.9895602653599,0.0112554463482087,1.0010113099683,0.0191486074967225,0.805244283666378,0.00999652830410878,1.05372031861799,0.119651852051662,0.0537203186179888,0.119651852051662,1.13214738356185,0.0877412370042079,0.132147383561847,0.0877412370042079,0.233964855341282,0.0398759256415809,-0.0641405786348712,0.159503702566324,0.45671071085583,0.0431662000821349,-0.0865785782883401,0.0863324001642697,0.436989683819694,0.0457355560209634,-0.126020632360612,0.0914711120419268,2.41772740365986,0.0637181887204379,0.0179904857515189,0.0268287110401844,0.416142229305797,0.017251345225778,0.0403555732644921,0.0431283630644451,0.237178138599028,0.0432489397015309,0.25,0,0.596666666666667,0.0246241589978055,0.648333333333333,0.0217489280888938,0.633333333333333,0.0295468420142639,0.693333333333333,0.0221556542641606,0.604564723006366,0.0313929882401846,0.741746747905222,0.0133036148616957,644.4,4.40540793203297,1.37767679741179,0.0172192583184184,80.6666666666667,2.95951518981237,644.4,4.40540793203297,320,0,0.991666666666667,0.00125988157669743,0.996333333333333,0.000908513525158997,0.0460708730032017,0.00302963976795454,26.7822222222222,0.48582106237207,26.6942092376809,0.486695244841291,0,0,19.6725925925926,0.0482237908050381,19.8533333333333,0.0363405410063597,80,0,0.941045215871327,3200,0.942709835512185,0.201375,FALSE,FALSE,FALSE,FALSE
"rapida",400,20,20,10,0.4,"low","optimised_blocks",3,0.3,15,15,1,400,0,20,0,20,0,10,0,0.4,0,3,0,0.3,0,30,0,0.912233311336074,0.00544758361227755,0.916874204740326,0.00561689542839439,0.89277267202243,0.00548628273253704,0.989443846407465,0.0151571401165865,0.989147779814494,0.0145467063817366,0.987900256866034,0.0223094589510752,0.847607606096914,0.00698467770505699,1.06300952612091,0.101197174855977,0.0630095261209062,0.101197174855977,1.18551056972761,0.105985751717505,0.18551056972761,0.105985751717505,0.265641172760822,0.0240460532500711,0.0625646910432869,0.0961842130002843,0.471948985659884,0.0288609205971397,-0.0561020286802318,0.0577218411942793,0.473682648535442,0.0287691215480104,-0.0526347029291162,0.0575382430960208,2.30379785695393,0.0227918071589899,-0.0299798497036087,0.0095965503827326,0.431141926586802,0.0144291398246635,0.0778548164670056,0.0360728495616587,0.262811395549983,0.0309842083178572,0.25,0,0.63,0.0187718127089781,0.695,0.0122474487139159,0.713333333333333,0.0203929648622513,0.743333333333333,0.0153271208946963,0.55715033150631,0.0164370213367546,0.770454430240594,0.0104163272465931,965,5.1455019654248,0.945540588448645,0.00611219843575724,65.3333333333333,2.49316526044164,965,5.1455019654248,320,0,0.999666666666667,0.000333333333333334,0.998666666666667,0.00133333333333333,0.0328619454109498,0.00223561676754977,36.8622222222222,0.664544063597936,36.6007148331757,0.667758216163287,0,0,19.9866666666667,0.0133333333333333,19.9555555555556,0.0444444444444445,80,0,0.941045215871327,3200,0.969383081652909,0.3015625,FALSE,FALSE,FALSE,FALSE
"rapida",400,20,20,10,0.4,"low","optimised_blocks",5,0.5,15,15,1,400,0,20,0,20,0,10,0,0.4,0,5,0,0.5,0,30,0,0.927775135703776,0.00400392937184664,0.932575849376779,0.00409326676540239,0.906810195718869,0.00485403448676945,0.978036699167337,0.00842113083214397,0.977068595748574,0.00814593283750112,0.977904023266022,0.013141214920161,0.87754268223148,0.00548990107839014,1.09466698615449,0.102893327679635,0.0946669861544909,0.102893327679635,1.14574526133872,0.0939927121604312,0.145745261338724,0.0939927121604312,0.264095614952452,0.0218047005281775,0.0563824598098062,0.08721880211271,0.446200803614067,0.0208601905408723,-0.107598392771867,0.0417203810817446,0.46058916507844,0.022744075265841,-0.0788216698431192,0.045488150531682,2.36587403730115,0.0192466100788854,-0.00384251061004291,0.00810383582268857,0.428354915975947,0.0134283703803184,0.070887289939867,0.033570925950796,0.246364772678537,0.0249848474970144,0.25,0,0.65,0.0169030850945703,0.718333333333333,0.0113038833052088,0.746666666666667,0.015013221686128,0.765,0.0163299316185545,0.489731785002856,0.0204130194096874,0.800917321703639,0.00618215644743273,1605,3.0221405217715,0.578114398002194,0.00316839605807351,37.6666666666667,1.30079340867929,1605,3.0221405217715,320,0,1,0,1,0,0.0276361875442924,0.00115292507319217,79.7333333333333,0.412497305497764,79.3760368136302,0.416952232716634,0,0,20,0,20,0,80,0,0.941045215871327,3200,0.985898573263279,0.5015625,FALSE,FALSE,FALSE,FALSE
"rapida",400,20,20,10,0.4,"low","optimised_blocks",7,0.7,15,15,1,400,0,20,0,20,0,10,0,0.4,0,7,0,0.7,0,30,0,0.935231462470043,0.00351950478361095,0.940890556277046,0.00357850034901777,0.910815430312271,0.00532985545057143,0.969874203263718,0.00841632872306953,0.967173988519425,0.00763342189671102,0.977636060392236,0.0168043374603928,0.898387958489609,0.00440816982404741,1.11977162111082,0.0958278165884673,0.119771621110823,0.0958278165884673,1.15665108349362,0.0998231929692443,0.156651083493617,0.0998231929692443,0.353572785983382,0.0730494330526473,0.41429114393353,0.292197732210589,0.445975286166705,0.021006052261102,-0.10804942766659,0.042012104522204,0.473861132720345,0.0231264424508445,-0.0522777345593091,0.0462528849016889,2.36540042910211,0.0309555103391499,-0.00404192458858412,0.0130338990901684,0.43869533431517,0.0156002511775174,0.0967383357879241,0.0390006279437936,0.321907970586078,0.0601741743451569,0.25,0,0.686666666666667,0.0231283513230112,0.733333333333333,0.0130627302136621,0.736666666666667,0.0269331918902462,0.786666666666667,0.0137725284418853,0.490327635720803,0.0251542896031442,0.809896398004433,0.00564074364661469,2240.4,2.22068200592263,0.417446449669767,0.00164405727353227,27.4,0.615668432719771,2240.4,2.22068200592263,320,0,1,0,1,0,0.0172129263901041,0.000952833543483237,152.577777777778,0.358165027534589,152.384675381371,0.361405373127924,0,0,20,0,20,0,80,0,0.941045215871327,3200,0.993822025442315,0.700125,FALSE,FALSE,FALSE,FALSE
"rapida",400,20,20,10,0.4,"low","complete",10,1,15,15,1,400,0,20,0,20,0,10,0,0.4,0,10,0,1,0,NA,NA,0.941045215871327,0.00329132935379398,0.946531064314554,0.00342922708366209,0.917400505197373,0.00517082262149576,0.981010104435548,0.00896720628021291,0.978026300207594,0.00926210030642788,0.990995407429602,0.0128098916771038,NA,NA,1.12700266745653,0.10629792062439,0.127002667456534,0.10629792062439,1.12624948388872,0.0866695600057419,0.126249483888716,0.0866695600057419,0.450753734539853,0.136039503928496,0.803014938159412,0.544158015713985,0.485331434471255,0.0228121093628124,-0.0293371310574902,0.0456242187256247,0.484755949811997,0.0124603576565536,-0.0304881003760051,0.0249207153131072,2.37436500401495,0.0238069460700263,-0.000267366730547892,0.0100239772926427,0.436068874283651,0.0191747006143319,0.0901721857091271,0.0479367515358297,0.374434395967293,0.0934580552236593,0.25,0,0.7,0.0169030850945703,0.745,0.0101183473147028,NA,NA,NA,NA,0.475267065604693,0.0404538411198207,0.821913054010013,0.0049116849149811,3200,0,0.29407662995979,0.00102854042306062,20.5333333333333,0.689144857719068,3200,0,320,0,1,0,1,0,0,0,320,0,320,0,0,0,20,0,20,0,80,0,0.941045215871327,3200,1,1,FALSE,FALSE,FALSE,FALSE
"rapida",400,20,20,10,0.4,"low","random",2,0.2,15,15,1,400,0,20,0,20,0,10,0,0.4,0,2,0,0.2,0,NA,NA,0.891539585924569,0.00574181577267973,0.894919893715368,0.00639276795000822,0.874864450437213,0.00886053183881749,0.954815042743421,0.0112391296907964,0.952111202771238,0.0132860020068247,0.963346679233905,0.0158900737391222,0.812156631963416,0.00644943970455964,1.1271898161892,0.105383221303862,0.127189816189195,0.105383221303862,1.15796134636261,0.0655813519941989,0.157961346362606,0.0655813519941989,0.280368754054233,0.0629213100671639,0.121475016216934,0.251685240268656,0.425026526362009,0.0452094757859616,-0.149946947275982,0.0904189515719231,0.460083309643148,0.0517118725376126,-0.0798333807137045,0.103423745075225,2.38928612193199,0.0728486549134413,0.00601520923452259,0.0306731178582911,0.435689361438937,0.016482467492682,0.0892234035973414,0.0412061687317049,0.256075324351214,0.0613362337028192,0.25,0,0.58,0.028368325730679,0.658333333333333,0.0159363814577919,0.64,0.0240039679259592,0.705,0.0192415720573475,0.612261482765785,0.0395640960569469,0.759366303646854,0.0113409531170631,640,0,1.39303060300714,0.00897158714481208,79.2666666666667,4.16386572523392,640,0,320,0,0.965,0.00284521318976946,0.964,0.00372251834879868,0.114093016475265,0.0056599810520284,7.11111111111111,0,5.46608126518815,0.402667425134057,0.00148148148148148,0.00148148148148148,18.6207407407407,0.10943640916259,18.5822222222222,0.143970733194149,80,0,0.941045215871327,3200,0.947392931697846,0.2,FALSE,FALSE,FALSE,FALSE
"rapida",400,20,20,10,0.4,"low","random",3,0.3,15,15,1,400,0,20,0,20,0,10,0,0.4,0,3,0,0.3,0,NA,NA,0.913990242037171,0.00402762956491861,0.916740207020888,0.00458582936302953,0.901244200570082,0.00527357561879048,0.975137196871173,0.0168323716317524,0.972917424190752,0.0157377016345742,0.980118647217796,0.0251623197312596,0.840991783004216,0.00616446602045555,1.18277793098731,0.131977651952569,0.182777930987311,0.131977651952569,1.12149215142579,0.100084244903189,0.121492151425791,0.100084244903189,0.253938538481222,0.0361121513751665,0.0157541539248894,0.144448605500666,0.49995155058153,0.0371450417357371,-9.68988369406546e-05,0.0742900834714743,0.456466682503356,0.0263178375686713,-0.0870666349932882,0.0526356751373425,2.37009681981154,0.0448765837894629,-0.00206449692145538,0.0188954037008265,0.42950895676197,0.0175096087507302,0.0737723919049239,0.0437740218768255,0.242757520000208,0.0362001957120116,0.25,0,0.636666666666667,0.0231283513230112,0.693333333333333,0.0160850911943377,0.68,0.0247847879612821,0.745,0.0144749372891149,0.548944228113543,0.0232916805409388,0.777640309735603,0.0116936389786406,960,0,0.95207316878872,0.00419544746345688,59.8666666666667,2.90789838472272,960,0,320,0,0.996,0.00087287156094397,0.995666666666667,0.00118187368057056,0.0855503121435032,0.0057314070579807,21.3333333333333,2.4516053519447e-16,20.4047155785638,0.0643599604950386,0,0,19.84,0.0349148624377587,19.8281481481481,0.0463337414706329,80,0,0.941045215871327,3200,0.97125008089106,0.3,FALSE,FALSE,FALSE,FALSE
"rapida",400,20,20,10,0.4,"low","random",5,0.5,15,15,1,400,0,20,0,20,0,10,0,0.4,0,5,0,0.5,0,NA,NA,0.926089274010854,0.00428793894030107,0.932106835931435,0.004517667154804,0.901656023300603,0.00607549303891794,0.96762373620634,0.00687424828684622,0.966629135039755,0.0079851773777141,0.968684148194473,0.0162415448764539,0.875341707941214,0.00501931749457052,1.11133349502555,0.105281821079087,0.111333495025551,0.105281821079087,1.16145998284047,0.0849011232669936,0.161459982840466,0.0849011232669936,0.325571857437306,0.0569948643099615,0.302287429749224,0.227979457239846,0.530861658665303,0.0252602215011041,0.0617233173306068,0.0505204430022083,0.521817759478639,0.0196162126955059,0.0436355189572783,0.0392324253910118,2.30576852589505,0.0352860774040032,-0.0291500943599783,0.014857295749054,0.431240667017908,0.013713214936682,0.0781016675447691,0.034283037341705,0.295217402203282,0.046691731982084,0.25,0,0.69,0.0202366946294055,0.713333333333333,0.0159736886835424,0.75,0.0234012616672488,0.748333333333333,0.0134665959451231,0.523169562957279,0.0271063920388959,0.795572221833738,0.00701971528743297,1600,0,0.578805796256783,0.00267996183768816,35.0666666666667,0.987862852765006,1600,0,320,0,1,0,1,0,0.0593040607925689,0.00394590273226544,71.1111111111111,0,70.2835051234986,0.0615496235331052,0,0,20,0,20,0,80,0,0.941045215871327,3200,0.984107095378381,0.5,FALSE,FALSE,FALSE,FALSE
"rapida",400,20,20,10,0.4,"low","random",7,0.7,15,15,1,400,0,20,0,20,0,10,0,0.4,0,7,0,0.7,0,NA,NA,0.932115886031821,0.00484716236197674,0.937832607988199,0.00477828773720113,0.907713185674715,0.00711353981512996,0.976967420703094,0.0101244960447019,0.974199395582425,0.0104910410475151,0.984120542414104,0.0159543133489775,0.8926211865107,0.0048111295666541,1.099178221092,0.10139012265034,0.099178221092003,0.10139012265034,1.15357569649318,0.0969069127655957,0.153575696493179,0.0969069127655957,0.428302232730253,0.101159272553164,0.713208930921013,0.404637090212656,0.502171660015463,0.0215016009584386,0.00434332003092533,0.0430032019168771,0.45737893325823,0.0230847860413106,-0.0852421334835406,0.0461695720826213,2.39575469790255,0.0267190032393599,0.00873882016949421,0.0112501066270989,0.434765047450131,0.0191463117390545,0.0869126186253273,0.0478657793476362,0.365916554397383,0.0771109246301483,0.25,0,0.693333333333333,0.0188140440620366,0.726666666666667,0.0145296631451356,0.736666666666667,0.0236374736114112,0.786666666666667,0.015013221686128,0.506959466736491,0.0388364999819831,0.808718959403532,0.00550958080988238,2240,0,0.416123163407063,0.00216391176873962,27.4,1.20237859500005,2240,0,320,0,1,0,1,0,0.0403350844429999,0.00325319619747447,149.333333333333,0,148.707430683983,0.0840897531078948,0,0,20,0,20,0,80,0,0.941045215871327,3200,0.99051126376405,0.7,FALSE,FALSE,FALSE,FALSE
"rapida",400,20,20,10,0.4,"low","parentage",2,0.2,15,15,1,400,0,20,0,20,0,10,0,0.4,0,2,0,0.2,0,NA,NA,0.897251964085438,0.00517341412784745,0.899292914027216,0.00619776765366202,0.886463760364825,0.0059435104058264,0.969555527118771,0.0163868559670218,0.965882247137323,0.0159179860122136,0.987502760343401,0.0260236548097851,0.817236993805132,0.00868609502944559,1.16690990617302,0.129180062739044,0.166909906173024,0.129180062739044,1.14535052182218,0.082598126340618,0.145350521822184,0.082598126340618,0.20056315020661,0.0416613049013958,-0.197747399173559,0.166645219605583,0.468749259680149,0.0425017358643362,-0.0625014806397024,0.0850034717286724,0.450111339772946,0.050880995318698,-0.0997773204541077,0.101761990637396,2.3685270366566,0.0601476891649464,-0.0027254582498516,0.0253253428062932,0.427563054548609,0.017310984385611,0.068907636371523,0.0432774609640275,0.188171068381412,0.0427070794175329,0.25,0,0.656666666666667,0.0211944886516837,0.678333333333333,0.0131082186747627,0.726666666666667,0.0188140440620366,0.743333333333333,0.0155200842740307,0.563848016316873,0.0297240779907575,0.769551243405159,0.0113480702687397,640,0,1.4019561938835,0.00808345957476164,82.2666666666667,2.07356758744019,640,0,320,0,0.998666666666667,0.000590936840285279,0.999,0.000534522483824849,0.0470868658534421,0.00373495198778439,7.11111111111111,1.061576257419e-16,0,0,0.617777777777778,0.00692616642199093,19.9466666666667,0.0236374736114111,19.96,0.0213808993529939,80,0,0.941045215871327,3200,0.953463180039292,0.2,FALSE,FALSE,FALSE,FALSE
"rapida",400,20,20,10,0.4,"low","parentage",3,0.3,15,15,1,400,0,20,0,20,0,10,0,0.4,0,3,0,0.3,0,NA,NA,0.912925284831685,0.00428505566479982,0.918930417264419,0.00437432432507951,0.887131510507033,0.0069487856294584,0.997102460280304,0.0117211152858263,0.996616637372392,0.0109902442012261,0.994707962431182,0.0201378701769862,0.845484895153934,0.00713945851779145,1.04724071415697,0.103669051906257,0.0472407141569656,0.103669051906257,1.10342022671254,0.08420790853316,0.103420226712544,0.08420790853316,0.281253168144976,0.0310427309955574,0.125012672579906,0.12417092398223,0.491687354832228,0.0470965274405569,-0.0166252903355432,0.0941930548811139,0.49580373851338,0.0264452273870933,-0.00839252297324051,0.0528904547741866,2.26451996471502,0.0320519134932853,-0.0465179095936765,0.0134955425234885,0.4228667295509,0.0150845256633083,0.0571668238772497,0.0377113141582707,0.26803876549085,0.0278505936990626,0.25,0,0.613333333333333,0.0172286214429767,0.7,0.0154303349962092,0.67,0.0232992949004287,0.76,0.0170433620649269,0.547677429196154,0.0237197955896475,0.770351871739181,0.00690549955248188,960,0,0.950963838366338,0.00446359965083314,65.2,2.88543138641595,960,0,320,0,1,0,1,0,0.039302340197826,0.00230044894774687,21.3333333333333,5.48195622095065e-16,0,0,0.194074074074074,0.0113656902282307,20,0,20,0,80,0,0.941045215871327,3200,0.970118406038964,0.3,FALSE,FALSE,FALSE,FALSE
"rapida",400,20,20,10,0.4,"low","parentage",5,0.5,15,15,1,400,0,20,0,20,0,10,0,0.4,0,5,0,0.5,0,NA,NA,0.927049194328826,0.00393692770092563,0.933311565342545,0.00377714821156375,0.900866936605041,0.00543421840542545,0.988580592642425,0.0126323222038428,0.988947062846698,0.0122542268123736,0.983021739004065,0.0164518303577923,0.882665736625579,0.00475253851486257,1.0894756051467,0.103992923579854,0.0894756051466985,0.103992923579854,1.11158086763541,0.0868791550724472,0.111580867635409,0.0868791550724472,0.34368358105784,0.0434534236952097,0.37473432423136,0.173813694780839,0.488503821404068,0.0238409036188712,-0.0229923571918647,0.0476818072377424,0.514596241610854,0.0239276839984528,0.0291924832217089,0.0478553679969056,2.35002616811185,0.023134810897842,-0.0105152976371176,0.00974097300961768,0.425490536015,0.0144777549824962,0.0637263400375009,0.0361943874562406,0.311239213436713,0.0276402782845449,0.25,0,0.66,0.0177281052085584,0.718333333333333,0.0149337159814921,0.75,0.0201186954040739,0.773333333333333,0.014323363088281,0.5243193769378,0.0275527714193281,0.790686626365349,0.00492093250615571,1600,0,0.579405746455516,0.00246057981307852,38.4666666666667,1.63551846058693,1600,0,320,0,1,0,1,0,0.0234605780764052,0.00145067441045305,71.1111111111111,0,56.4452302833014,4.110104058521,0.00148148148148148,0.00148148148148148,20,0,20,0,80,0,0.941045215871327,3200,0.985127152971558,0.5,FALSE,FALSE,FALSE,FALSE
"rapida",400,20,20,10,0.4,"low","parentage",7,0.7,15,15,1,400,0,20,0,20,0,10,0,0.4,0,7,0,0.7,0,NA,NA,0.93593121064664,0.00317467163817341,0.941603586019458,0.00333664153229406,0.911905274909679,0.00486172142281742,0.980217246985443,0.00864280158275691,0.979170365481935,0.00800687132341987,0.981605555974827,0.0147644512424274,0.895625030132392,0.00466258421857222,1.14126333640486,0.107349894118359,0.141263336404862,0.107349894118359,1.11528614367605,0.090984167902956,0.115286143676049,0.090984167902956,0.341255189095019,0.0737368618834258,0.365020756380074,0.294947447533703,0.471538301211244,0.0255209946395231,-0.0569233975775118,0.0510419892790462,0.486329200796491,0.0256867290739814,-0.027341598407018,0.0513734581479628,2.37639896179627,0.0266014127048218,0.000589036545798837,0.0112005948230829,0.431870800356454,0.0150907705799192,0.0796770008911361,0.037726926449798,0.317087768871064,0.0660291666738984,0.25,0,0.7,0.0234012616672488,0.741666666666667,0.0123603308118261,0.743333333333333,0.0200396432500008,0.793333333333333,0.0168089167568788,0.486263305785448,0.0249946288608679,0.809259071769875,0.00545103259490554,2240,0,0.417826433324393,0.00141726412418455,28.1333333333333,0.600528867445122,2240,0,320,0,1,0,1,0,0.0142534438882511,0.00111471681585158,149.333333333333,0,147.621063891513,0.0711588654495783,0,0,20,0,20,0,80,0,0.941045215871327,3200,0.994565611579086,0.7,FALSE,FALSE,FALSE,FALSE
