"rep","strategy","N1","nF1","nM1","L1","p1_nominal","k1","p1_real","q","N2","L2","plots1","plots2","plots_total","budget","gain_realized","gain_sd_units","gain_max","gain_max_sd_units","efficiency","capture_top5","acc_stage1","acc_stage2_sel","conv1","conv2"
1,"random",100,10,10,2,0.5,1,0.5,0.1,10,3,100,30,130,130,0.839137438936319,0.606261089584266,3.78174173578392,2.73223760361459,0.221891788906725,0,0.604029749224206,0.674990874172757,FALSE,TRUE
2,"random",100,10,10,2,0.5,1,0.5,0.1,10,3,100,30,130,130,1.71573908994405,1.14250531202629,3.6072336291263,2.40204562986967,0.475638471567369,0.1,0.700131754522081,0.640664832603753,FALSE,FALSE
3,"random",100,10,10,2,0.5,1,0.5,0.1,10,3,100,30,130,130,2.02516517184881,1.44965506790498,3.34796288525755,2.39654099884635,0.604894749809337,0.1,0.751966782248812,0.55483885231586,TRUE,FALSE
4,"random",100,10,10,2,0.5,1,0.5,0.1,10,3,100,30,130,130,2.57845831276476,1.72694470177651,3.10602757878613,2.08028876953412,0.830146625347236,0.6,0.846182965040239,0.964756052635862,FALSE,FALSE
1,"optimised_blocks",100,10,10,2,0.5,1,0.5,0.1,10,3,100,30,130,130,0.97783924963715,0.706470551087244,3.78174173578392,2.73223760361459,0.25856848985338,0,0.450547428044646,0.634081010462714,FALSE,TRUE
2,"optimised_blocks",100,10,10,2,0.5,1,0.5,0.1,10,3,100,30,130,130,1.64278655876303,1.09392644890626,3.6072336291263,2.40204562986967,0.455414516403511,0.1,0.702046479232544,0.661945662512316,TRUE,FALSE
3,"optimised_blocks",100,10,10,2,0.5,1,0.5,0.1,10,3,100,30,130,130,1.40448039591038,1.00535608255892,3.34796288525755,2.39654099884635,0.419502976599558,0,0.744873907785629,0.844850605253481,TRUE,TRUE
4,"optimised_blocks",100,10,10,2,0.5,1,0.5,0.1,10,3,100,30,130,130,2.17145146311334,1.45434835258884,3.10602757878613,2.08028876953412,0.699108880405357,0.3,0.819227816037116,0.936387165611509,FALSE,FALSE
1,"parentage",100,10,10,2,0.5,1,0.5,0.1,10,3,100,30,130,130,0.797849127183,0.576431057328296,3.78174173578392,2.73223760361459,0.210973985778437,0,0.604951836265543,0.703161302099522,FALSE,TRUE
2,"parentage",100,10,10,2,0.5,1,0.5,0.1,10,3,100,30,130,130,1.89500519156316,1.26187805032111,3.6072336291263,2.40204562986967,0.525334754106889,0.1,0.788851407096936,0.877526869282351,FALSE,TRUE
3,"parentage",100,10,10,2,0.5,1,0.5,0.1,10,3,100,30,130,130,2.03242491754023,1.45485174385001,3.34796288525755,2.39654099884635,0.607063156670532,0.1,0.85958166069943,0.720385466427703,FALSE,TRUE
4,"parentage",100,10,10,2,0.5,1,0.5,0.1,10,3,100,30,130,130,2.78938540756221,1.86821494338495,3.10602757878613,2.08028876953412,0.898055582833018,0.7,0.837772656640134,0.85352199526664,FALSE,FALSE
1,"random",100,10,10,2,0.5,1,0.5,0.1,10,8,100,80,180,180,0.839137438936319,0.606261089584266,3.78174173578392,2.73223760361459,0.221891788906725,0,0.603434267555284,0.828863123402298,FALSE,TRUE
2,"random",100,10,10,2,0.5,1,0.5,0.1,10,8,100,80,180,180,1.71573908994405,1.14250531202629,3.6072336291263,2.40204562986967,0.475638471567369,0.1,0.700129733761029,0.921871324343816,FALSE,TRUE
3,"random",100,10,10,2,0.5,1,0.5,0.1,10,8,100,80,180,180,2.02516517184881,1.44965506790498,3.34796288525755,2.39654099884635,0.604894749809337,0.1,0.751967270902899,0.857055871310594,TRUE,TRUE
4,"random",100,10,10,2,0.5,1,0.5,0.1,10,8,100,80,180,180,2.57845831276476,1.72694470177651,3.10602757878613,2.08028876953412,0.830146625347236,0.6,0.846058456473822,0.904609975760138,FALSE,FALSE
1,"optimised_blocks",100,10,10,2,0.5,1,0.5,0.1,10,8,100,80,180,180,0.97783924963715,0.706470551087244,3.78174173578392,2.73223760361459,0.25856848985338,0,0.450535034993219,0.922681811333464,FALSE,TRUE
2,"optimised_blocks",100,10,10,2,0.5,1,0.5,0.1,10,8,100,80,180,180,1.64278655876303,1.09392644890626,3.6072336291263,2.40204562986967,0.45541451640351,0.1,0.701589801572563,0.965824045687437,TRUE,FALSE
3,"optimised_blocks",100,10,10,2,0.5,1,0.5,0.1,10,8,100,80,180,180,1.40448039591038,1.00535608255892,3.34796288525755,2.39654099884635,0.419502976599558,0,0.74481930828464,0.87606699701371,TRUE,FALSE
4,"optimised_blocks",100,10,10,2,0.5,1,0.5,0.1,10,8,100,80,180,180,2.17145146311334,1.45434835258884,3.10602757878613,2.08028876953412,0.699108880405357,0.3,0.819257009581484,0.95767771618905,FALSE,TRUE
1,"parentage",100,10,10,2,0.5,1,0.5,0.1,10,8,100,80,180,180,0.797849127183,0.576431057328296,3.78174173578392,2.73223760361459,0.210973985778437,0,0.601141636374863,0.774055615504112,FALSE,TRUE
2,"parentage",100,10,10,2,0.5,1,0.5,0.1,10,8,100,80,180,180,1.89500519156316,1.26187805032111,3.6072336291263,2.40204562986967,0.525334754106889,0.1,0.788847644444453,0.986247374802104,FALSE,TRUE
4,"parentage",100,10,10,2,0.5,1,0.5,0.1,10,8,100,80,180,180,2.78938540756221,1.86821494338495,3.10602757878613,2.08028876953412,0.898055582833018,0.7,0.837838234428499,0.905756854246464,FALSE,TRUE
1,"random",100,10,10,2,0.5,1,0.5,0.2,20,3,100,60,160,160,1.1434816785917,0.826144104905392,3.78174173578392,2.73223760361459,0.302369055975385,0,0.604029749224206,0.643233751930773,FALSE,TRUE
2,"random",100,10,10,2,0.5,1,0.5,0.2,20,3,100,60,160,160,1.96243924127367,1.30678217383106,3.6072336291263,2.40204562986967,0.544028871717131,0.1,0.700131754522081,0.721537562762465,FALSE,FALSE
3,"random",100,10,10,2,0.5,1,0.5,0.2,20,3,100,60,160,160,2.12919709708265,1.52412326918333,3.34796288525755,2.39654099884635,0.635967951275199,0.1,0.751966782248812,0.830696610968302,TRUE,TRUE
4,"random",100,10,10,2,0.5,1,0.5,0.2,20,3,100,60,160,160,2.90692175919654,1.94693592898949,3.10602757878613,2.08028876953412,0.93589695695252,0.7,0.846182965040239,0.869948618162187,FALSE,TRUE
1,"optimised_blocks",100,10,10,2,0.5,1,0.5,0.2,20,3,100,60,160,160,1.23986011408559,0.895775720185268,3.78174173578392,2.73223760361459,0.327854253597933,0,0.450547428044646,0.864444628636997,FALSE,TRUE
2,"optimised_blocks",100,10,10,2,0.5,1,0.5,0.2,20,3,100,60,160,160,2.13958508090715,1.42474303627851,3.6072336291263,2.40204562986967,0.593137373645902,0.1,0.702046479232544,0.904879452346544,TRUE,TRUE
3,"optimised_blocks",100,10,10,2,0.5,1,0.5,0.2,20,3,100,60,160,160,1.80466634763313,1.29181745424528,3.34796288525755,2.39654099884635,0.53903415583841,0.1,0.744873907785629,0.726494785006682,TRUE,FALSE
4,"optimised_blocks",100,10,10,2,0.5,1,0.5,0.2,20,3,100,60,160,160,2.72020037190857,1.82187766883108,3.10602757878613,2.08028876953412,0.875781139384361,0.6,0.819227816037116,0.817406609805437,FALSE,TRUE
1,"parentage",100,10,10,2,0.5,1,0.5,0.2,20,3,100,60,160,160,1.0188913054452,0.736129892845863,3.78174173578392,2.73223760361459,0.269423820194849,0,0.604951836265543,0.415588875114368,FALSE,TRUE
2,"parentage",100,10,10,2,0.5,1,0.5,0.2,20,3,100,60,160,160,2.2897955796597,1.52476773919095,3.6072336291263,2.40204562986967,0.634778840264446,0.1,0.788851407096936,0.914813486147073,FALSE,TRUE
3,"parentage",100,10,10,2,0.5,1,0.5,0.2,20,3,100,60,160,160,1.95834041626286,1.40182052732365,3.34796288525755,2.39654099884635,0.584934924125424,0.1,0.85958166069943,0.831974237457721,FALSE,TRUE
4,"parentage",100,10,10,2,0.5,1,0.5,0.2,20,3,100,60,160,160,2.81703749662469,1.88673516861531,3.10602757878613,2.08028876953412,0.906958301292875,0.6,0.837772656640134,0.733726390184475,FALSE,TRUE
1,"random",100,10,10,2,0.5,1,0.5,0.2,20,8,100,160,260,260,1.24456524599028,0.899175089898521,3.78174173578392,2.73223760361459,0.329098424203285,0,0.603434267555284,0.754097260691473,FALSE,TRUE
2,"random",100,10,10,2,0.5,1,0.5,0.2,20,8,100,160,260,260,2.08562535985465,1.38881142622238,3.6072336291263,2.40204562986967,0.578178619486813,0.1,0.700129733761029,0.857805714824162,FALSE,TRUE
3,"random",100,10,10,2,0.5,1,0.5,0.2,20,8,100,160,260,260,2.12919709708265,1.52412326918333,3.34796288525755,2.39654099884635,0.635967951275199,0.1,0.751967270902899,0.89813124813933,TRUE,TRUE
4,"random",100,10,10,2,0.5,1,0.5,0.2,20,8,100,160,260,260,2.80132046157335,1.87620854878392,3.10602757878613,2.08028876953412,0.901898128885299,0.6,0.846058456473822,0.862881263137153,FALSE,TRUE
1,"optimised_blocks",100,10,10,2,0.5,1,0.5,0.2,20,8,100,160,260,260,1.25901307086653,0.909613372884319,3.78174173578392,2.73223760361459,0.332918839738152,0,0.450535034993219,0.875715374149791,FALSE,TRUE
2,"optimised_blocks",100,10,10,2,0.5,1,0.5,0.2,20,8,100,160,260,260,2.14241651432587,1.42662847896645,3.6072336291263,2.40204562986967,0.593922305732325,0.1,0.701589801572563,0.942192564078054,TRUE,TRUE
3,"optimised_blocks",100,10,10,2,0.5,1,0.5,0.2,20,8,100,160,260,260,1.80466634763313,1.29181745424528,3.34796288525755,2.39654099884635,0.53903415583841,0.1,0.74481930828464,0.830640504320821,TRUE,FALSE
4,"optimised_blocks",100,10,10,2,0.5,1,0.5,0.2,20,8,100,160,260,260,2.79906848167104,1.87470026581439,3.10602757878613,2.08028876953412,0.901173093500008,0.6,0.819257009581484,0.903696662755236,FALSE,TRUE
1,"parentage",100,10,10,2,0.5,1,0.5,0.2,20,8,100,160,260,260,1.13488017587616,0.819929680227841,3.78174173578392,2.73223760361459,0.300094574184588,0,0.601141636374863,0.348553311831228,FALSE,TRUE
2,"parentage",100,10,10,2,0.5,1,0.5,0.2,20,8,100,160,260,260,2.32017074862692,1.54499446952667,3.6072336291263,2.40204562986967,0.643199467285098,0.1,0.788847644444453,0.89809456604623,FALSE,FALSE
3,"parentage",100,10,10,2,0.5,1,0.5,0.2,20,8,100,160,260,260,2.10495350317206,1.50676920381362,3.34796288525755,2.39654099884635,0.62872665418157,0.1,0.860196251439497,0.908711998287428,FALSE,TRUE
4,"parentage",100,10,10,2,0.5,1,0.5,0.2,20,8,100,160,260,260,2.81703749662469,1.88673516861531,3.10602757878613,2.08028876953412,0.906958301292875,0.6,0.837838234428499,0.882421772420971,FALSE,FALSE
1,"random",100,10,10,2,1,2,1,0.1,10,3,200,30,230,230,0.943490515237352,0.681654233548774,3.78174173578392,2.73223760361459,0.249485708214756,0,0.649162171330073,0.330218366107805,TRUE,TRUE
2,"random",100,10,10,2,1,2,1,0.1,10,3,200,30,230,230,2.24953512883587,1.4979584304794,3.6072336291263,2.40204562986967,0.623617808026682,0.1,0.787157149342822,0.798711862066601,TRUE,TRUE
3,"random",100,10,10,2,1,2,1,0.1,10,3,200,30,230,230,1.69473576857031,1.21312687469583,3.34796288525755,2.39654099884635,0.506199090806211,0.1,0.850784234518319,0.81566018713024,TRUE,TRUE
4,"random",100,10,10,2,1,2,1,0.1,10,3,200,30,230,230,2.76927483024326,1.85474571071258,3.10602757878613,2.08028876953412,0.891580889093559,0.6,0.826240432699968,0.854779600439779,TRUE,TRUE
1,"optimised_blocks",100,10,10,2,1,2,1,0.1,10,3,200,30,230,230,1.0234023872713,0.739389065010273,3.78174173578392,2.73223760361459,0.270616678444109,0,0.69629086490696,0.445160229109315,TRUE,TRUE
2,"optimised_blocks",100,10,10,2,1,2,1,0.1,10,3,200,30,230,230,2.11367151779276,1.40748727537335,3.6072336291263,2.40204562986967,0.585953596331024,0.1,0.860672431160211,0.81746918415078,TRUE,TRUE
3,"optimised_blocks",100,10,10,2,1,2,1,0.1,10,3,200,30,230,230,1.95093806328148,1.39652177013434,3.34796288525755,2.39654099884635,0.582723922022032,0.1,0.831325590866361,0.55021238241798,TRUE,TRUE
4,"optimised_blocks",100,10,10,2,1,2,1,0.1,10,3,200,30,230,230,2.61158217047851,1.74912969127119,3.10602757878613,2.08028876953412,0.840811005129306,0.6,0.719780196839286,0.857405502011374,TRUE,FALSE
1,"parentage",100,10,10,2,1,2,1,0.1,10,3,200,30,230,230,0.863877437072496,0.624135275063779,3.78174173578392,2.73223760361459,0.228433747576742,0,0.707795210094858,0.779508122000707,TRUE,TRUE
2,"parentage",100,10,10,2,1,2,1,0.1,10,3,200,30,230,230,2.2897955796597,1.52476773919095,3.6072336291263,2.40204562986967,0.634778840264446,0.1,0.89805922985634,0.422033878742263,TRUE,FALSE
3,"parentage",100,10,10,2,1,2,1,0.1,10,3,200,30,230,230,2.10495350317206,1.50676920381362,3.34796288525755,2.39654099884635,0.62872665418157,0.1,0.815715079899379,0.699089573748501,TRUE,TRUE
4,"parentage",100,10,10,2,1,2,1,0.1,10,3,200,30,230,230,2.66274603347568,1.78339712995266,3.10602757878613,2.08028876953412,0.85728344837051,0.6,0.845907876712556,0.793512798468517,TRUE,TRUE
1,"random",100,10,10,2,1,2,1,0.1,10,8,200,80,280,280,0.943490515237352,0.681654233548774,3.78174173578392,2.73223760361459,0.249485708214756,0,0.64686986511777,0.676977311311493,TRUE,TRUE
2,"random",100,10,10,2,1,2,1,0.1,10,8,200,80,280,280,2.24953512883587,1.4979584304794,3.6072336291263,2.40204562986967,0.623617808026682,0.1,0.787156694653228,0.834353226381787,TRUE,FALSE
3,"random",100,10,10,2,1,2,1,0.1,10,8,200,80,280,280,1.69473576857031,1.21312687469583,3.34796288525755,2.39654099884635,0.506199090806211,0.1,0.851068925190908,0.893034256248663,TRUE,TRUE
4,"random",100,10,10,2,1,2,1,0.1,10,8,200,80,280,280,2.76927483024326,1.85474571071258,3.10602757878613,2.08028876953412,0.891580889093559,0.6,0.826255347004902,0.808967965989696,TRUE,FALSE
1,"optimised_blocks",100,10,10,2,1,2,1,0.1,10,8,200,80,280,280,1.0234023872713,0.739389065010273,3.78174173578392,2.73223760361459,0.270616678444109,0,0.696422819412037,0.67321051981096,TRUE,TRUE
2,"optimised_blocks",100,10,10,2,1,2,1,0.1,10,8,200,80,280,280,2.11367151779276,1.40748727537335,3.6072336291263,2.40204562986967,0.585953596331024,0.1,0.860657643425571,0.812002263988269,TRUE,TRUE
3,"optimised_blocks",100,10,10,2,1,2,1,0.1,10,8,200,80,280,280,1.95093806328148,1.39652177013434,3.34796288525755,2.39654099884635,0.582723922022032,0.1,0.831662482184793,0.796611095265113,TRUE,TRUE
4,"optimised_blocks",100,10,10,2,1,2,1,0.1,10,8,200,80,280,280,2.61158217047851,1.74912969127119,3.10602757878613,2.08028876953412,0.840811005129306,0.6,0.71979580067864,0.897485764995146,TRUE,TRUE
1,"parentage",100,10,10,2,1,2,1,0.1,10,8,200,80,280,280,0.863877437072496,0.624135275063779,3.78174173578392,2.73223760361459,0.228433747576742,0,0.708143436023997,0.709033798758382,TRUE,TRUE
2,"parentage",100,10,10,2,1,2,1,0.1,10,8,200,80,280,280,2.2897955796597,1.52476773919095,3.6072336291263,2.40204562986967,0.634778840264446,0.1,0.898088023634895,0.772070581788028,TRUE,TRUE
3,"parentage",100,10,10,2,1,2,1,0.1,10,8,200,80,280,280,2.10495350317206,1.50676920381362,3.34796288525755,2.39654099884635,0.62872665418157,0.1,0.815554778154867,0.817426792462202,TRUE,TRUE
4,"parentage",100,10,10,2,1,2,1,0.1,10,8,200,80,280,280,2.66274603347568,1.78339712995266,3.10602757878613,2.08028876953412,0.85728344837051,0.6,0.845902506558045,0.817368235670864,TRUE,TRUE
1,"random",100,10,10,2,1,2,1,0.2,20,3,200,60,260,260,1.11263879680652,0.8038607002456,3.78174173578392,2.73223760361459,0.294213321411776,0,0.649162171330073,0.712132881402526,TRUE,TRUE
2,"random",100,10,10,2,1,2,1,0.2,20,3,200,60,260,260,2.24719147108097,1.4963977960856,3.6072336291263,2.40204562986967,0.62296809747398,0.1,0.787157149342822,0.843890058298277,TRUE,FALSE
3,"random",100,10,10,2,1,2,1,0.2,20,3,200,60,260,260,2.16344846819922,1.54864110822779,3.34796288525755,2.39654099884635,0.646198462272618,0.1,0.850784234518319,0.768826918398158,TRUE,TRUE
4,"random",100,10,10,2,1,2,1,0.2,20,3,200,60,260,260,2.95347280758504,1.97811389528767,3.10602757878613,2.08028876953412,0.950884283113573,0.7,0.826240432699968,0.892356929969681,TRUE,TRUE
1,"optimised_blocks",100,10,10,2,1,2,1,0.2,20,3,200,60,260,260,1.1652348786391,0.841860384683587,3.78174173578392,2.73223760361459,0.308121220339642,0,0.69629086490696,0.338368261493037,TRUE,TRUE
2,"optimised_blocks",100,10,10,2,1,2,1,0.2,20,3,200,60,260,260,2.31003868273678,1.53824755843212,3.6072336291263,2.40204562986967,0.640390648413945,0.1,0.860672431160211,0.886679595395516,TRUE,TRUE
3,"optimised_blocks",100,10,10,2,1,2,1,0.2,20,3,200,60,260,260,1.99501799762772,1.42807509778692,3.34796288525755,2.39654099884635,0.595890117663071,0.1,0.831325590866361,0.784256699205939,TRUE,TRUE
4,"optimised_blocks",100,10,10,2,1,2,1,0.2,20,3,200,60,260,260,2.90692175919654,1.94693592898949,3.10602757878613,2.08028876953412,0.93589695695252,0.7,0.719780196839286,0.93820717421314,TRUE,TRUE
1,"parentage",100,10,10,2,1,2,1,0.2,20,3,200,60,260,260,1.20125728500003,0.867885898880059,3.78174173578392,2.73223760361459,0.317646568414071,0,0.707795210094858,0.635138113775932,TRUE,TRUE
2,"parentage",100,10,10,2,1,2,1,0.2,20,3,200,60,260,260,2.11410259090851,1.40777432561747,3.6072336291263,2.40204562986967,0.58607309874203,0.1,0.89805922985634,0.832527399673159,TRUE,FALSE
3,"parentage",100,10,10,2,1,2,1,0.2,20,3,200,60,260,260,2.06732251774936,1.47983216702938,3.34796288525755,2.39654099884635,0.61748668924994,0.1,0.815715079899379,0.87124821816571,TRUE,TRUE
4,"parentage",100,10,10,2,1,2,1,0.2,20,3,200,60,260,260,2.60493959454554,1.74468076872828,3.10602757878613,2.08028876953412,0.838672396966794,0.5,0.845907876712556,0.838455575208627,TRUE,FALSE
1,"random",100,10,10,2,1,2,1,0.2,20,8,200,160,360,360,1.19074869291871,0.86029363783961,3.78174173578392,2.73223760361459,0.314867797991467,0,0.64686986511777,0.876106555504845,TRUE,TRUE
2,"random",100,10,10,2,1,2,1,0.2,20,8,200,160,360,360,2.2635382508182,1.50728306575963,3.6072336291263,2.40204562986967,0.627499763958025,0.1,0.787156694653228,0.917723818771372,TRUE,TRUE
3,"random",100,10,10,2,1,2,1,0.2,20,8,200,160,360,360,2.10495350317206,1.50676920381362,3.34796288525755,2.39654099884635,0.62872665418157,0.1,0.851068925190908,0.861452389148017,TRUE,TRUE
4,"random",100,10,10,2,1,2,1,0.2,20,8,200,160,360,360,2.90692175919654,1.94693592898949,3.10602757878613,2.08028876953412,0.93589695695252,0.7,0.826255347004902,0.905998968354581,TRUE,TRUE
1,"optimised_blocks",100,10,10,2,1,2,1,0.2,20,8,200,160,360,360,1.06373577331367,0.768529181317878,3.78174173578392,2.73223760361459,0.281281972073424,0,0.696422819412037,0.531493719272399,TRUE,TRUE
2,"optimised_blocks",100,10,10,2,1,2,1,0.2,20,8,200,160,360,360,2.28263945845269,1.52000250038487,3.6072336291263,2.40204562986967,0.632795015000337,0.1,0.860657643425571,0.943381571062819,TRUE,TRUE
3,"optimised_blocks",100,10,10,2,1,2,1,0.2,20,8,200,160,360,360,2.10495350317206,1.50676920381362,3.34796288525755,2.39654099884635,0.62872665418157,0.1,0.831662482184793,0.879915352510319,TRUE,TRUE
4,"optimised_blocks",100,10,10,2,1,2,1,0.2,20,8,200,160,360,360,2.90692175919654,1.94693592898949,3.10602757878613,2.08028876953412,0.93589695695252,0.7,0.71979580067864,0.928703624044884,TRUE,TRUE
1,"parentage",100,10,10,2,1,2,1,0.2,20,8,200,160,360,360,1.25641950650242,0.907739571187084,3.78174173578392,2.73223760361459,0.332233027605724,0,0.708143436023997,0.793973113590984,TRUE,TRUE
2,"parentage",100,10,10,2,1,2,1,0.2,20,8,200,160,360,360,2.20588131147381,1.46888948956717,3.6072336291263,2.40204562986967,0.611516064183538,0.1,0.898088023634895,0.879828523554923,TRUE,TRUE
3,"parentage",100,10,10,2,1,2,1,0.2,20,8,200,160,360,360,2.07975265083759,1.4887299130881,3.34796288525755,2.39654099884635,0.62119943443686,0.1,0.815554778154867,0.926050628969163,TRUE,TRUE
4,"parentage",100,10,10,2,1,2,1,0.2,20,8,200,160,360,360,2.8140147238824,1.88471064049084,3.10602757878613,2.08028876953412,0.905985105574029,0.6,0.845902506558045,0.923169452497584,TRUE,TRUE
1,"random",100,10,10,4,0.5,2,0.5,0.1,10,3,200,30,230,230,0.882456988032362,0.637558652792215,3.78174173578392,2.73223760361459,0.233346708920469,0,0.594536192449429,0.358625954259344,TRUE,TRUE
2,"random",100,10,10,4,0.5,2,0.5,0.1,10,3,200,30,230,230,2.09935109306175,1.39795134918181,3.6072336291263,2.40204562986967,0.581983677494777,0.1,0.901652741959075,0.482521159733537,FALSE,TRUE
3,"random",100,10,10,4,0.5,2,0.5,0.1,10,3,200,30,230,230,1.69434970151839,1.21285051992431,3.34796288525755,2.39654099884635,0.50608377678836,0.1,0.846390016087103,0.884772458594451,TRUE,TRUE
4,"random",100,10,10,4,0.5,2,0.5,0.1,10,3,200,30,230,230,2.70686173271798,1.81294400014811,3.10602757878613,2.08028876953412,0.871486702566837,0.5,0.919577181253871,0.735622766694126,TRUE,TRUE
1,"optimised_blocks",100,10,10,4,0.5,2,0.5,0.1,10,3,200,30,230,230,1.27023746735202,0.917722789205733,3.78174173578392,2.73223760361459,0.335886889189886,0,0.790734311327726,0.407300079621993,TRUE,TRUE
2,"optimised_blocks",100,10,10,4,0.5,2,0.5,0.1,10,3,200,30,230,230,2.04326234715812,1.36060202811349,3.6072336291263,2.40204562986967,0.566434713476825,0.1,0.879542220846899,0.683092576957736,FALSE,TRUE
3,"optimised_blocks",100,10,10,4,0.5,2,0.5,0.1,10,3,200,30,230,230,1.67013769971822,1.1955190688399,3.34796288525755,2.39654099884635,0.49885191591356,0.1,0.726920550027839,0.708751717819649,TRUE,TRUE
4,"optimised_blocks",100,10,10,4,0.5,2,0.5,0.1,10,3,200,30,230,230,2.82643597557068,1.89302988097897,3.10602757878613,2.08028876953412,0.909984185225837,0.7,0.919263603377496,0.756851772980715,TRUE,TRUE
1,"parentage",100,10,10,4,0.5,2,0.5,0.1,10,3,200,30,230,230,1.04676208574272,0.756266009823503,3.78174173578392,2.73223760361459,0.276793646651743,0,0.729547438050319,-0.113499506062198,TRUE,TRUE
2,"parentage",100,10,10,4,0.5,2,0.5,0.1,10,3,200,30,230,230,1.91903298361035,1.27787808215059,3.6072336291263,2.40204562986967,0.531995756558513,0.1,0.713927443006794,0.928380910678602,TRUE,FALSE
3,"parentage",100,10,10,4,0.5,2,0.5,0.1,10,3,200,30,230,230,1.89805748042488,1.35866875646541,3.34796288525755,2.39654099884635,0.566929068653302,0.1,0.775129372582121,0.691813567136488,TRUE,TRUE
4,"parentage",100,10,10,4,0.5,2,0.5,0.1,10,3,200,30,230,230,2.68997361941812,1.80163304055578,3.10602757878613,2.08028876953412,0.866049496079937,0.6,0.828867057388659,0.901955098829226,FALSE,TRUE
1,"random",100,10,10,4,0.5,2,0.5,0.1,10,8,200,80,280,280,0.882456988032362,0.637558652792215,3.78174173578392,2.73223760361459,0.233346708920469,0,0.594518239744789,0.755377003492495,TRUE,TRUE
2,"random",100,10,10,4,0.5,2,0.5,0.1,10,8,200,80,280,280,2.09935109306175,1.39795134918181,3.6072336291263,2.40204562986967,0.581983677494777,0.1,0.901652872822998,0.838318136287212,FALSE,TRUE
3,"random",100,10,10,4,0.5,2,0.5,0.1,10,8,200,80,280,280,1.69434970151839,1.21285051992431,3.34796288525755,2.39654099884635,0.50608377678836,0.1,0.846431951012439,0.876557684340243,TRUE,TRUE
4,"random",100,10,10,4,0.5,2,0.5,0.1,10,8,200,80,280,280,2.70686173271798,1.81294400014811,3.10602757878613,2.08028876953412,0.871486702566837,0.5,0.919747616816553,0.83760582778306,TRUE,TRUE
1,"optimised_blocks",100,10,10,4,0.5,2,0.5,0.1,10,8,200,80,280,280,1.27023746735202,0.917722789205733,3.78174173578392,2.73223760361459,0.335886889189886,0,0.790896342711099,0.687234671364354,TRUE,TRUE
2,"optimised_blocks",100,10,10,4,0.5,2,0.5,0.1,10,8,200,80,280,280,2.04326234715812,1.36060202811349,3.6072336291263,2.40204562986967,0.566434713476825,0.1,0.879540069540752,0.89174736935946,FALSE,TRUE
3,"optimised_blocks",100,10,10,4,0.5,2,0.5,0.1,10,8,200,80,280,280,1.67013769971822,1.1955190688399,3.34796288525755,2.39654099884635,0.49885191591356,0.1,0.727212934922526,0.868610005771046,TRUE,TRUE
4,"optimised_blocks",100,10,10,4,0.5,2,0.5,0.1,10,8,200,80,280,280,2.82643597557068,1.89302988097897,3.10602757878613,2.08028876953412,0.909984185225837,0.7,0.919316261280163,0.671547196515523,TRUE,TRUE
1,"parentage",100,10,10,4,0.5,2,0.5,0.1,10,8,200,80,280,280,1.04676208574272,0.756266009823503,3.78174173578392,2.73223760361459,0.276793646651743,0,0.728857942541834,0.00260202211701306,TRUE,TRUE
2,"parentage",100,10,10,4,0.5,2,0.5,0.1,10,8,200,80,280,280,1.91903298361035,1.27787808215059,3.6072336291263,2.40204562986967,0.531995756558513,0.1,0.714013801662573,0.960534871564309,TRUE,TRUE
3,"parentage",100,10,10,4,0.5,2,0.5,0.1,10,8,200,80,280,280,1.89805748042488,1.35866875646541,3.34796288525755,2.39654099884635,0.566929068653302,0.1,0.775407251020083,0.707039732755748,TRUE,TRUE
4,"parentage",100,10,10,4,0.5,2,0.5,0.1,10,8,200,80,280,280,2.68997361941812,1.80163304055578,3.10602757878613,2.08028876953412,0.866049496079937,0.6,0.828869533907894,0.917155556013109,FALSE,TRUE
1,"random",100,10,10,4,0.5,2,0.5,0.2,20,3,200,60,260,260,0.861905176649222,0.622710353831956,3.78174173578392,2.73223760361459,0.227912225865037,0,0.594536192449429,0.556464487977985,TRUE,TRUE
2,"random",100,10,10,4,0.5,2,0.5,0.2,20,3,200,60,260,260,2.05080975853724,1.36562782582553,3.6072336291263,2.40204562986967,0.568527012494604,0.1,0.901652741959075,0.571470476748744,FALSE,TRUE
3,"random",100,10,10,4,0.5,2,0.5,0.2,20,3,200,60,260,260,2.12196872234623,1.51894904921598,3.34796288525755,2.39654099884635,0.633808914576124,0.1,0.846390016087103,0.873387627958384,TRUE,TRUE
4,"random",100,10,10,4,0.5,2,0.5,0.2,20,3,200,60,260,260,2.58325396713991,1.73015663267092,3.10602757878613,2.08028876953412,0.831690608539113,0.5,0.919577181253871,0.636554960703545,TRUE,TRUE
1,"optimised_blocks",100,10,10,4,0.5,2,0.5,0.2,20,3,200,60,260,260,1.34512913173257,0.971830614624278,3.78174173578392,2.73223760361459,0.355690373830812,0,0.790734311327726,0.653892934391397,TRUE,TRUE
2,"optimised_blocks",100,10,10,4,0.5,2,0.5,0.2,20,3,200,60,260,260,2.11003471710796,1.40506554113327,3.6072336291263,2.40204562986967,0.584945399729774,0.1,0.879542220846899,0.759118653268112,FALSE,TRUE
3,"optimised_blocks",100,10,10,4,0.5,2,0.5,0.2,20,3,200,60,260,260,1.85984413602598,1.33131485509504,3.34796288525755,2.39654099884635,0.55551515944685,0.1,0.726920550027839,0.833349247217923,TRUE,TRUE
4,"optimised_blocks",100,10,10,4,0.5,2,0.5,0.2,20,3,200,60,260,260,2.76411290948229,1.85128846974614,3.10602757878613,2.08028876953412,0.889918984738226,0.6,0.919263603377496,0.806548731866848,TRUE,TRUE
1,"parentage",100,10,10,4,0.5,2,0.5,0.2,20,3,200,60,260,260,1.24550541995766,0.899854347988332,3.78174173578392,2.73223760361459,0.329347032921982,0,0.729547438050319,0.605202530721866,TRUE,TRUE
2,"parentage",100,10,10,4,0.5,2,0.5,0.2,20,3,200,60,260,260,2.25403847185629,1.50095719255975,3.6072336291263,2.40204562986967,0.624866228141213,0.1,0.713927443006794,0.925351465924248,TRUE,TRUE
3,"parentage",100,10,10,4,0.5,2,0.5,0.2,20,3,200,60,260,260,2.12919709708265,1.52412326918333,3.34796288525755,2.39654099884635,0.635967951275199,0.1,0.775129372582121,0.825055280867307,TRUE,TRUE
4,"parentage",100,10,10,4,0.5,2,0.5,0.2,20,3,200,60,260,260,2.65749410594262,1.77987960617404,3.10602757878613,2.08028876953412,0.85559256591701,0.6,0.828867057388659,0.853962698673968,FALSE,TRUE
1,"random",100,10,10,4,0.5,2,0.5,0.2,20,8,200,160,360,360,1.0612491586318,0.766732648763783,3.78174173578392,2.73223760361459,0.280624440476714,0,0.594518239744789,0.6890199193132,TRUE,TRUE
2,"random",100,10,10,4,0.5,2,0.5,0.2,20,8,200,160,360,360,2.33579354267366,1.55539763938606,3.6072336291263,2.40204562986967,0.647530429915462,0.1,0.901652872822998,0.835576528254075,FALSE,TRUE
3,"random",100,10,10,4,0.5,2,0.5,0.2,20,8,200,160,360,360,2.12919709708265,1.52412326918333,3.34796288525755,2.39654099884635,0.635967951275199,0.1,0.846431951012439,0.920449220366084,TRUE,TRUE
4,"random",100,10,10,4,0.5,2,0.5,0.2,20,8,200,160,360,360,2.80830877835114,1.88088903424068,3.10602757878613,2.08028876953412,0.904148049918043,0.7,0.919747616816553,0.824056737449752,TRUE,TRUE
1,"optimised_blocks",100,10,10,4,0.5,2,0.5,0.2,20,8,200,160,360,360,1.33153043008882,0.962005807276959,3.78174173578392,2.73223760361459,0.352094490612486,0,0.790896342711099,0.805696966050268,TRUE,TRUE
2,"optimised_blocks",100,10,10,4,0.5,2,0.5,0.2,20,8,200,160,360,360,2.18679286408684,1.45617855195098,3.6072336291263,2.40204562986967,0.606224350546573,0.1,0.879540069540752,0.87060452723502,FALSE,TRUE
3,"optimised_blocks",100,10,10,4,0.5,2,0.5,0.2,20,8,200,160,360,360,1.94830228943965,1.3946350287659,3.34796288525755,2.39654099884635,0.58193664512197,0.1,0.727212934922526,0.891261321701213,TRUE,TRUE
4,"optimised_blocks",100,10,10,4,0.5,2,0.5,0.2,20,8,200,160,360,360,2.90389611239082,1.94490947593623,3.10602757878613,2.08028876953412,0.934922835915607,0.7,0.919316261280163,0.924701842060444,TRUE,TRUE
1,"parentage",100,10,10,4,0.5,2,0.5,0.2,20,8,200,160,360,360,1.28250103623228,0.926582988127336,3.78174173578392,2.73223760361459,0.339129725358263,0,0.728857942541834,0.82436522712587,TRUE,TRUE
2,"parentage",100,10,10,4,0.5,2,0.5,0.2,20,8,200,160,360,360,2.24003534987396,1.49163255727952,3.6072336291263,2.40204562986967,0.62098427220987,0.1,0.714013801662573,0.965902636125952,TRUE,TRUE
3,"parentage",100,10,10,4,0.5,2,0.5,0.2,20,8,200,160,360,360,2.12919709708265,1.52412326918333,3.34796288525755,2.39654099884635,0.635967951275199,0.1,0.775407251020083,0.879091499629162,TRUE,TRUE
4,"parentage",100,10,10,4,0.5,2,0.5,0.2,20,8,200,160,360,360,2.80431277737289,1.87821267810821,3.10602757878613,2.08028876953412,0.902861518850017,0.6,0.828869533907894,0.919148225411332,FALSE,TRUE
1,"random",100,10,10,4,1,4,1,0.1,10,3,400,30,430,430,0.919539157456344,0.664349825961213,3.78174173578392,2.73223760361459,0.243152288469464,0,0.790670292705604,0.836055961775223,TRUE,TRUE
2,"random",100,10,10,4,1,4,1,0.1,10,3,400,30,430,430,2.08544967816111,1.38869444033025,3.6072336291263,2.40204562986967,0.578129916876558,0.1,0.858539338705798,0.726189181779666,TRUE,TRUE
3,"random",100,10,10,4,1,4,1,0.1,10,3,400,30,430,430,2.00814919765945,1.43747468204715,3.34796288525755,2.39654099884635,0.599812263899982,0.1,0.893332546312863,0.937791480721131,TRUE,TRUE
4,"random",100,10,10,4,1,4,1,0.1,10,3,400,30,430,430,2.85959073732362,1.91523556872054,3.10602757878613,2.08028876953412,0.920658514706808,0.7,0.928030594514734,0.707947988656085,TRUE,TRUE
1,"optimised_blocks",100,10,10,4,1,4,1,0.1,10,3,400,30,430,430,1.19265449497101,0.861670544142613,3.78174173578392,2.73223760361459,0.315371746220999,0,0.863753617493156,0.671979597505846,TRUE,TRUE
2,"optimised_blocks",100,10,10,4,1,4,1,0.1,10,3,400,30,430,430,2.13484491487958,1.42158657449588,3.6072336291263,2.40204562986967,0.591823301280504,0.1,0.873580750762737,0.894347970835203,TRUE,TRUE
3,"optimised_blocks",100,10,10,4,1,4,1,0.1,10,3,400,30,430,430,2.11676696399442,1.51522552312461,3.34796288525755,2.39654099884635,0.63225520608828,0.1,0.852248875305328,0.711050745188043,TRUE,TRUE
4,"optimised_blocks",100,10,10,4,1,4,1,0.1,10,3,400,30,430,430,2.51638511762298,1.68537064376605,3.10602757878613,2.08028876953412,0.810161871971018,0.5,0.915930991613388,0.936397335151429,TRUE,TRUE
1,"parentage",100,10,10,4,1,4,1,0.1,10,3,400,30,430,430,0.963573406671059,0.696163746624529,3.78174173578392,2.73223760361459,0.254796195507867,0,0.822598828926642,0.401643716039273,TRUE,TRUE
2,"parentage",100,10,10,4,1,4,1,0.1,10,3,400,30,430,430,2.13484491487958,1.42158657449588,3.6072336291263,2.40204562986967,0.591823301280504,0.1,0.884049718741648,0.839415548622098,TRUE,TRUE
3,"parentage",100,10,10,4,1,4,1,0.1,10,3,400,30,430,430,1.82239406572005,1.3045073210889,3.34796288525755,2.39654099884635,0.544329231887485,0.1,0.785966311579778,0.635283065240183,TRUE,TRUE
4,"parentage",100,10,10,4,1,4,1,0.1,10,3,400,30,430,430,2.65851203616103,1.78056137372046,3.10602757878613,2.08028876953412,0.855920293276985,0.5,0.903033743353188,0.766092769764535,TRUE,TRUE
1,"random",100,10,10,4,1,4,1,0.1,10,8,400,80,480,480,0.919539157456344,0.664349825961213,3.78174173578392,2.73223760361459,0.243152288469464,0,0.790594345243228,0.80007647698891,TRUE,TRUE
2,"random",100,10,10,4,1,4,1,0.1,10,8,400,80,480,480,2.08544967816111,1.38869444033025,3.6072336291263,2.40204562986967,0.578129916876558,0.1,0.858622877279367,0.880938535804036,TRUE,TRUE
3,"random",100,10,10,4,1,4,1,0.1,10,8,400,80,480,480,2.00814919765945,1.43747468204715,3.34796288525755,2.39654099884635,0.599812263899982,0.1,0.89332146473218,0.935723877831532,TRUE,TRUE
4,"random",100,10,10,4,1,4,1,0.1,10,8,400,80,480,480,2.85959073732362,1.91523556872054,3.10602757878613,2.08028876953412,0.920658514706808,0.7,0.928063202577995,0.669044966615056,TRUE,TRUE
1,"optimised_blocks",100,10,10,4,1,4,1,0.1,10,8,400,80,480,480,1.19265449497101,0.861670544142613,3.78174173578392,2.73223760361459,0.315371746220999,0,0.863851972682151,0.878266910581491,TRUE,TRUE
2,"optimised_blocks",100,10,10,4,1,4,1,0.1,10,8,400,80,480,480,2.13484491487958,1.42158657449588,3.6072336291263,2.40204562986967,0.591823301280504,0.1,0.873587818095639,0.922416682541455,TRUE,TRUE
3,"optimised_blocks",100,10,10,4,1,4,1,0.1,10,8,400,80,480,480,2.11676696399442,1.51522552312461,3.34796288525755,2.39654099884635,0.63225520608828,0.1,0.8519751194109,0.69246589723816,TRUE,TRUE
4,"optimised_blocks",100,10,10,4,1,4,1,0.1,10,8,400,80,480,480,2.51638511762298,1.68537064376605,3.10602757878613,2.08028876953412,0.810161871971018,0.5,0.915948607194063,0.964448964827522,TRUE,TRUE
1,"parentage",100,10,10,4,1,4,1,0.1,10,8,400,80,480,480,0.963573406671059,0.696163746624529,3.78174173578392,2.73223760361459,0.254796195507867,0,0.822347859554655,0.543818996201229,TRUE,TRUE
2,"parentage",100,10,10,4,1,4,1,0.1,10,8,400,80,480,480,2.13484491487958,1.42158657449588,3.6072336291263,2.40204562986967,0.591823301280504,0.1,0.884097623833118,0.960450679302471,TRUE,TRUE
3,"parentage",100,10,10,4,1,4,1,0.1,10,8,400,80,480,480,1.82239406572005,1.3045073210889,3.34796288525755,2.39654099884635,0.544329231887485,0.1,0.785404993503601,0.812641777994393,TRUE,TRUE
4,"parentage",100,10,10,4,1,4,1,0.1,10,8,400,80,480,480,2.65851203616103,1.78056137372046,3.10602757878613,2.08028876953412,0.855920293276985,0.5,0.903137803900626,0.942452679699993,TRUE,TRUE
1,"random",100,10,10,4,1,4,1,0.2,20,3,400,60,460,460,1.30816246881265,0.945122892741992,3.78174173578392,2.73223760361459,0.34591533748443,0,0.790670292705604,0.715376984589673,TRUE,TRUE
2,"random",100,10,10,4,1,4,1,0.2,20,3,400,60,460,460,2.17399587711822,1.44765707821684,3.6072336291263,2.40204562986967,0.602676760264286,0.1,0.858539338705798,0.729587239327594,TRUE,TRUE
3,"random",100,10,10,4,1,4,1,0.2,20,3,400,60,460,460,2.13824761586476,1.53060181750227,3.34796288525755,2.39654099884635,0.638671242527907,0.1,0.893332546312863,0.931300040819545,TRUE,TRUE
4,"random",100,10,10,4,1,4,1,0.2,20,3,400,60,460,460,2.61966744091815,1.75454487090743,3.10602757878613,2.08028876953412,0.843414095486539,0.5,0.928030594514734,0.717420347382974,TRUE,TRUE
1,"optimised_blocks",100,10,10,4,1,4,1,0.2,20,3,400,60,460,460,1.27315161402389,0.919828205618492,3.78174173578392,2.73223760361459,0.33665747239611,0,0.863753617493156,0.455765716031412,TRUE,TRUE
2,"optimised_blocks",100,10,10,4,1,4,1,0.2,20,3,400,60,460,460,2.21049406117027,1.47196110521208,3.6072336291263,2.40204562986967,0.61279481409849,0.1,0.873580750762737,0.81021927752398,TRUE,TRUE
3,"optimised_blocks",100,10,10,4,1,4,1,0.2,20,3,400,60,460,460,2.16344846819922,1.54864110822779,3.34796288525755,2.39654099884635,0.646198462272618,0.1,0.852248875305328,0.872040384533872,TRUE,TRUE
4,"optimised_blocks",100,10,10,4,1,4,1,0.2,20,3,400,60,460,460,2.95347280758504,1.97811389528767,3.10602757878613,2.08028876953412,0.950884283113573,0.7,0.915930991613388,0.93292623907186,TRUE,TRUE
1,"parentage",100,10,10,4,1,4,1,0.2,20,3,400,60,460,460,1.24629880145897,0.900427551269609,3.78174173578392,2.73223760361459,0.3295568255405,0,0.822598828926642,0.467741943548697,TRUE,TRUE
2,"parentage",100,10,10,4,1,4,1,0.2,20,3,400,60,460,460,2.1980168590944,1.46365257524125,3.6072336291263,2.40204562986967,0.609335874822939,0.1,0.884049718741648,0.8317657159499,TRUE,TRUE
3,"parentage",100,10,10,4,1,4,1,0.2,20,3,400,60,460,460,2.03735698946066,1.45838222282235,3.34796288525755,2.39654099884635,0.6085363127626,0.1,0.785966311579778,0.855835467494989,TRUE,TRUE
4,"parentage",100,10,10,4,1,4,1,0.2,20,3,400,60,460,460,2.65490084955484,1.77814275033384,3.10602757878613,2.08028876953412,0.854757654982705,0.5,0.903033743353188,0.825484579672132,TRUE,TRUE
1,"random",100,10,10,4,1,4,1,0.2,20,8,400,160,560,560,1.35642610812349,0.97999246856855,3.78174173578392,2.73223760361459,0.358677615472416,0,0.790594345243228,0.847923383008948,TRUE,TRUE
2,"random",100,10,10,4,1,4,1,0.2,20,8,400,160,560,560,2.33579354267366,1.55539763938606,3.6072336291263,2.40204562986967,0.647530429915462,0.1,0.858622877279367,0.851298753467215,TRUE,TRUE
3,"random",100,10,10,4,1,4,1,0.2,20,8,400,160,560,560,2.16344846819922,1.54864110822779,3.34796288525755,2.39654099884635,0.646198462272618,0.1,0.89332146473218,0.952401239660812,TRUE,TRUE
4,"random",100,10,10,4,1,4,1,0.2,20,8,400,160,560,560,2.77312495905098,1.85732436770026,3.10602757878613,2.08028876953412,0.892820455939011,0.6,0.928063202577995,0.821168994511314,TRUE,TRUE
1,"optimised_blocks",100,10,10,4,1,4,1,0.2,20,8,400,160,560,560,1.39559610045049,1.00829205469746,3.78174173578392,2.73223760361459,0.36903527473729,0,0.863851972682151,0.633124036064155,TRUE,TRUE
2,"optimised_blocks",100,10,10,4,1,4,1,0.2,20,8,400,160,560,560,2.32629376371175,1.54907176618619,3.6072336291263,2.40204562986967,0.64489689409865,0.1,0.873587818095639,0.88817598329114,TRUE,TRUE
3,"optimised_blocks",100,10,10,4,1,4,1,0.2,20,8,400,160,560,560,2.13824761586476,1.53060181750227,3.34796288525755,2.39654099884635,0.638671242527907,0.1,0.8519751194109,0.920360580318907,TRUE,TRUE
4,"optimised_blocks",100,10,10,4,1,4,1,0.2,20,8,400,160,560,560,2.87533321134975,1.92577922652477,3.10602757878613,2.08028876953412,0.925726877310427,0.6,0.915948607194063,0.889866410890064,TRUE,TRUE
1,"parentage",100,10,10,4,1,4,1,0.2,20,8,400,160,560,560,1.29635448267641,0.936591843823681,3.78174173578392,2.73223760361459,0.342792970342193,0,0.822347859554655,0.654374589698331,TRUE,TRUE
2,"parentage",100,10,10,4,1,4,1,0.2,20,8,400,160,560,560,2.35981452464984,1.57139313641048,3.6072336291263,2.40204562986967,0.654189544474114,0.1,0.884097623833118,0.912110674339023,TRUE,TRUE
3,"parentage",100,10,10,4,1,4,1,0.2,20,8,400,160,560,560,2.12196872234623,1.51894904921598,3.34796288525755,2.39654099884635,0.633808914576124,0.1,0.785404993503601,0.875795234692119,TRUE,TRUE
4,"parentage",100,10,10,4,1,4,1,0.2,20,8,400,160,560,560,2.68419226412309,1.79776092796571,3.10602757878613,2.08028876953412,0.864188161900385,0.5,0.903137803900626,0.833645436922358,TRUE,TRUE
1,"random",200,20,10,2,0.5,1,0.5,0.1,20,3,200,60,260,260,1.89401710439518,1.3683918987781,3.78174173578392,2.73223760361459,0.500831954354115,0.1,0.626195970531117,0.605530981779616,FALSE,TRUE
2,"random",200,20,10,2,0.5,1,0.5,0.1,20,3,200,60,260,260,2.76360866240197,1.84027839411125,3.6072336291263,2.40204562986967,0.766129656833827,0.3,0.788091128820043,0.781765828758869,TRUE,FALSE
3,"random",200,20,10,2,0.5,1,0.5,0.1,20,3,200,60,260,260,2.56401912102281,1.83537785690967,3.34796288525755,2.39654099884635,0.765844547534631,0.4,0.795233919351712,0.774849730925688,FALSE,TRUE
4,"random",200,20,10,2,0.5,1,0.5,0.1,20,3,200,60,260,260,2.63723301700841,1.76630956704874,3.10602757878613,2.08028876953412,0.849069414264205,0.5,0.727793304039268,0.855607580345559,FALSE,TRUE
1,"optimised_blocks",200,20,10,2,0.5,1,0.5,0.1,20,3,200,60,260,260,1.99328872780177,1.44011378815961,3.78174173578392,2.73223760361459,0.527082193091269,0.1,0.748839379880021,0.783121490642801,FALSE,TRUE
2,"optimised_blocks",200,20,10,2,0.5,1,0.5,0.1,20,3,200,60,260,260,2.92736675148862,1.94932439519925,3.6072336291263,2.40204562986967,0.81152679656007,0.4,0.843691402664995,0.811325883342514,TRUE,TRUE
3,"optimised_blocks",200,20,10,2,0.5,1,0.5,0.1,20,3,200,60,260,260,2.56403642543503,1.83539024376543,3.34796288525755,2.39654099884635,0.765849716173835,0.5,0.853055044127614,0.81676389315764,FALSE,TRUE
4,"optimised_blocks",200,20,10,2,0.5,1,0.5,0.1,20,3,200,60,260,260,2.83228573711377,1.89694780924388,3.10602757878613,2.08028876953412,0.911867543114557,0.7,0.780177011087855,0.858115470894022,FALSE,TRUE
1,"parentage",200,20,10,2,0.5,1,0.5,0.1,20,3,200,60,260,260,1.99328872780177,1.44011378815961,3.78174173578392,2.73223760361459,0.527082193091269,0.1,0.694663307248758,0.919174801396067,FALSE,TRUE
2,"parentage",200,20,10,2,0.5,1,0.5,0.1,20,3,200,60,260,260,2.84076606733325,1.89165726955496,3.6072336291263,2.40204562986967,0.787519290238296,0.3,0.786961338836271,0.670477795560818,TRUE,TRUE
3,"parentage",200,20,10,2,0.5,1,0.5,0.1,20,3,200,60,260,260,2.40431950150687,1.72106157002507,3.34796288525755,2.39654099884635,0.718144012914261,0.3,0.86457017566111,0.687659040201875,TRUE,TRUE
4,"parentage",200,20,10,2,0.5,1,0.5,0.1,20,3,200,60,260,260,3.05462861066912,2.04586386717017,3.10602757878613,2.08028876953412,0.98345186357389,0.8,0.78954286947886,0.894946112412104,FALSE,TRUE
1,"random",200,20,10,2,0.5,1,0.5,0.1,20,8,200,160,360,360,1.97800602276566,1.42907231988865,3.78174173578392,2.73223760361459,0.52304101151308,0.1,0.626197901992905,0.88952698335991,FALSE,TRUE
2,"random",200,20,10,2,0.5,1,0.5,0.1,20,8,200,160,360,360,2.72021507673805,1.81138274067567,3.6072336291263,2.40204562986967,0.754100054616343,0.3,0.787510457352774,0.83927661915799,TRUE,TRUE
3,"random",200,20,10,2,0.5,1,0.5,0.1,20,8,200,160,360,360,2.72834648802253,1.95300678104783,3.34796288525755,2.39654099884635,0.814927339856889,0.5,0.795230532795531,0.843952212784612,FALSE,TRUE
4,"random",200,20,10,2,0.5,1,0.5,0.1,20,8,200,160,360,360,2.77013065092898,1.85531890400082,3.10602757878613,2.08028876953412,0.891856424536828,0.6,0.727798555692887,0.900919937812317,FALSE,TRUE
1,"optimised_blocks",200,20,10,2,0.5,1,0.5,0.1,20,8,200,160,360,360,2.0541721532459,1.4841009232041,3.78174173578392,2.73223760361459,0.543181501213775,0.1,0.74879433295288,0.862597977627907,FALSE,TRUE
2,"optimised_blocks",200,20,10,2,0.5,1,0.5,0.1,20,8,200,160,360,360,2.92450324463841,1.94741759491326,3.6072336291263,2.40204562986967,0.810732973053023,0.4,0.84379291718342,0.928780066939427,TRUE,TRUE
3,"optimised_blocks",200,20,10,2,0.5,1,0.5,0.1,20,8,200,160,360,360,2.64818806024424,1.89562772245084,3.34796288525755,2.39654099884635,0.790984891709911,0.5,0.853061759537258,0.94140066846188,FALSE,TRUE
4,"optimised_blocks",200,20,10,2,0.5,1,0.5,0.1,20,8,200,160,360,360,2.85481021350772,1.91203377164873,3.10602757878613,2.08028876953412,0.919119402868732,0.7,0.780187367846549,0.927181391372563,FALSE,TRUE
1,"parentage",200,20,10,2,0.5,1,0.5,0.1,20,8,200,160,360,360,2.03051655176643,1.46701019400735,3.78174173578392,2.73223760361459,0.536926287840626,0.1,0.694685787542824,0.967299490353319,FALSE,TRUE
2,"parentage",200,20,10,2,0.5,1,0.5,0.1,20,8,200,160,360,360,2.88446452217919,1.92075593442857,3.6072336291263,2.40204562986967,0.79963340851805,0.4,0.787106135979082,0.796963345464703,FALSE,TRUE
3,"parentage",200,20,10,2,0.5,1,0.5,0.1,20,8,200,160,360,360,2.65399356396775,1.89978342195205,3.34796288525755,2.39654099884635,0.792718932355664,0.4,0.864842093372269,0.916769306642796,TRUE,TRUE
4,"parentage",200,20,10,2,0.5,1,0.5,0.1,20,8,200,160,360,360,3.05462861066912,2.04586386717017,3.10602757878613,2.08028876953412,0.98345186357389,0.8,0.789538777568568,0.873547677825462,FALSE,TRUE
1,"random",200,20,10,2,0.5,1,0.5,0.2,40,3,200,120,320,320,1.93049750819585,1.3947483075503,3.78174173578392,2.73223760361459,0.510478409968858,0.1,0.626195970531117,0.82731244172551,FALSE,TRUE
2,"random",200,20,10,2,0.5,1,0.5,0.2,40,3,200,120,320,320,2.51731336068218,1.67627112039975,3.6072336291263,2.40204562986967,0.697851489395185,0.2,0.788091128820043,0.741191875565448,TRUE,TRUE
3,"random",200,20,10,2,0.5,1,0.5,0.2,40,3,200,120,320,320,2.56592151488664,1.83673962973897,3.34796288525755,2.39654099884635,0.766412771833714,0.4,0.795233919351712,0.727361548225314,FALSE,TRUE
4,"random",200,20,10,2,0.5,1,0.5,0.2,40,3,200,120,320,320,2.55069664582453,1.70835108581709,3.10602757878613,2.08028876953412,0.821208627780879,0.5,0.727793304039268,0.851838698807005,FALSE,TRUE
1,"optimised_blocks",200,20,10,2,0.5,1,0.5,0.2,40,3,200,120,320,320,1.99328872780177,1.44011378815961,3.78174173578392,2.73223760361459,0.527082193091269,0.1,0.748839379880021,0.855444187096941,FALSE,TRUE
2,"optimised_blocks",200,20,10,2,0.5,1,0.5,0.2,40,3,200,120,320,320,2.63815399838753,1.75673852438685,3.6072336291263,2.40204562986967,0.731351021205275,0.2,0.843691402664995,0.762882298599991,TRUE,TRUE
3,"optimised_blocks",200,20,10,2,0.5,1,0.5,0.2,40,3,200,120,320,320,2.74094153896978,1.96202257871708,3.34796288525755,2.39654099884635,0.818689344209659,0.5,0.853055044127614,0.828900844404929,FALSE,TRUE
1,"parentage",200,20,10,2,0.5,1,0.5,0.2,40,3,200,120,320,320,1.9879143455747,1.43623089761792,3.78174173578392,2.73223760361459,0.525661053679177,0.1,0.694663307248758,0.845376213755153,FALSE,TRUE
2,"parentage",200,20,10,2,0.5,1,0.5,0.2,40,3,200,120,320,320,2.79510576988084,1.86125221980479,3.6072336291263,2.40204562986967,0.774861308486372,0.4,0.786961338836271,0.791256416477705,TRUE,TRUE
3,"parentage",200,20,10,2,0.5,1,0.5,0.2,40,3,200,120,320,320,2.48006345486642,1.77528065663448,3.34796288525755,2.39654099884635,0.740767905697866,0.4,0.86457017566111,0.777721623652163,TRUE,TRUE
4,"parentage",200,20,10,2,0.5,1,0.5,0.2,40,3,200,120,320,320,2.64609352195272,1.77224396668316,3.10602757878613,2.08028876953412,0.851922094969563,0.6,0.78954286947886,0.799902234616505,FALSE,TRUE
1,"random",200,20,10,2,0.5,1,0.5,0.2,40,8,200,320,520,520,2.04310553579916,1.4761054992843,3.78174173578392,2.73223760361459,0.540255173024301,0.1,0.626197901992905,0.900908571051528,FALSE,TRUE
2,"random",200,20,10,2,0.5,1,0.5,0.2,40,8,200,320,520,520,2.7963156254338,1.86205785884637,3.6072336291263,2.40204562986967,0.775196705546097,0.3,0.787510457352774,0.864675429773381,TRUE,TRUE
3,"random",200,20,10,2,0.5,1,0.5,0.2,40,8,200,320,520,520,2.72834648802253,1.95300678104783,3.34796288525755,2.39654099884635,0.814927339856889,0.5,0.795230532795531,0.865024061011357,FALSE,TRUE
4,"random",200,20,10,2,0.5,1,0.5,0.2,40,8,200,320,520,520,2.85028019104221,1.90899975001765,3.10602757878613,2.08028876953412,0.917660941103467,0.6,0.727798555692887,0.897573066002055,FALSE,TRUE
1,"optimised_blocks",200,20,10,2,0.5,1,0.5,0.2,40,8,200,320,520,520,1.98739635579694,1.43585665970112,3.78174173578392,2.73223760361459,0.525524082459579,0.1,0.74879433295288,0.915943909023653,FALSE,TRUE
2,"optimised_blocks",200,20,10,2,0.5,1,0.5,0.2,40,8,200,320,520,520,2.97397522140434,1.98036083003729,3.6072336291263,2.40204562986967,0.824447631390226,0.4,0.84379291718342,0.883187213022678,TRUE,TRUE
3,"optimised_blocks",200,20,10,2,0.5,1,0.5,0.2,40,8,200,320,520,520,2.81831380382782,2.0174072443364,3.34796288525755,2.39654099884635,0.841799595879037,0.5,0.853061759537258,0.910912965132347,FALSE,TRUE
4,"optimised_blocks",200,20,10,2,0.5,1,0.5,0.2,40,8,200,320,520,520,2.91724295475106,1.95384863876285,3.10602757878613,2.08028876953412,0.93921991378169,0.7,0.780187367846549,0.908581940154023,FALSE,TRUE
1,"parentage",200,20,10,2,0.5,1,0.5,0.2,40,8,200,320,520,520,2.04310553579916,1.4761054992843,3.78174173578392,2.73223760361459,0.540255173024301,0.1,0.694685787542824,0.951105144593825,FALSE,TRUE
2,"parentage",200,20,10,2,0.5,1,0.5,0.2,40,8,200,320,520,520,2.79510576988084,1.86125221980479,3.6072336291263,2.40204562986967,0.774861308486372,0.4,0.787106135979082,0.863692441554007,FALSE,TRUE
3,"parentage",200,20,10,2,0.5,1,0.5,0.2,40,8,200,320,520,520,2.70085252777154,1.93332603630233,3.34796288525755,2.39654099884635,0.806715193786796,0.5,0.864842093372269,0.887476146299027,TRUE,TRUE
4,"parentage",200,20,10,2,0.5,1,0.5,0.2,40,8,200,320,520,520,2.78015755814962,1.86203451162347,3.10602757878613,2.08028876953412,0.895084633870552,0.7,0.789538777568568,0.871502025080547,FALSE,TRUE
1,"random",200,20,10,2,1,2,1,0.1,20,3,400,60,460,460,1.99328872780177,1.44011378815961,3.78174173578392,2.73223760361459,0.527082193091269,0.1,0.819860869001678,0.715226765086986,TRUE,TRUE
2,"random",200,20,10,2,1,2,1,0.1,20,3,400,60,460,460,2.85903599799131,1.9038231594327,3.6072336291263,2.40204562986967,0.792584094056529,0.4,0.82502254577056,0.795908101604181,TRUE,TRUE
3,"random",200,20,10,2,1,2,1,0.1,20,3,400,60,460,460,2.62791470002417,1.88111563237788,3.34796288525755,2.39654099884635,0.784929460119153,0.5,0.868738354702716,0.823801624779705,TRUE,TRUE
4,"random",200,20,10,2,1,2,1,0.1,20,3,400,60,460,460,3.04970220446939,2.04256436411312,3.10602757878613,2.08028876953412,0.981865784225021,0.8,0.8978348569014,0.943379129295995,TRUE,TRUE
1,"optimised_blocks",200,20,10,2,1,2,1,0.1,20,3,400,60,460,460,2.01972249003979,1.45921168649263,3.78174173578392,2.73223760361459,0.534072031130154,0.1,0.760939340299273,0.847919688352118,TRUE,TRUE
2,"optimised_blocks",200,20,10,2,1,2,1,0.1,20,3,400,60,460,460,2.72714955596546,1.8160003887784,3.6072336291263,2.40204562986967,0.756022436125382,0.3,0.841805558763982,0.605080044233477,FALSE,TRUE
3,"optimised_blocks",200,20,10,2,1,2,1,0.1,20,3,400,60,460,460,2.71333280173067,1.9422596742323,3.34796288525755,2.39654099884635,0.810442915505003,0.5,0.855940411780318,0.713852418056758,TRUE,TRUE
4,"optimised_blocks",200,20,10,2,1,2,1,0.1,20,3,400,60,460,460,2.79963061791441,1.87507676141347,3.10602757878613,2.08028876953412,0.90135407587351,0.6,0.821673000527494,0.921788014467375,TRUE,TRUE
1,"parentage",200,20,10,2,1,2,1,0.1,20,3,400,60,460,460,1.88407558348807,1.3612093360445,3.78174173578392,2.73223760361459,0.498203133667329,0.1,0.7590513635839,0.770554896667134,TRUE,TRUE
2,"parentage",200,20,10,2,1,2,1,0.1,20,3,400,60,460,460,2.64147732731175,1.75895151875866,3.6072336291263,2.40204562986967,0.732272316931004,0.3,0.855095769089777,0.388547300153499,TRUE,TRUE
3,"parentage",200,20,10,2,1,2,1,0.1,20,3,400,60,460,460,2.75765989588173,1.97398992397925,3.34796288525755,2.39654099884635,0.823682935084147,0.5,0.837195514521649,0.910025397476099,TRUE,TRUE
4,"parentage",200,20,10,2,1,2,1,0.1,20,3,400,60,460,460,2.83673030647813,1.89992459792317,3.10602757878613,2.08028876953412,0.913298492857152,0.7,0.853287854975439,0.776991635763793,TRUE,TRUE
1,"random",200,20,10,2,1,2,1,0.1,20,8,400,160,560,560,2.09548573748683,1.51394921435923,3.78174173578392,2.73223760361459,0.554105987106085,0.1,0.819851095502639,0.763948172808549,TRUE,TRUE
2,"random",200,20,10,2,1,2,1,0.1,20,8,400,160,560,560,2.80028461646919,1.86470079760548,3.6072336291263,2.40204562986967,0.776296992204369,0.3,0.825010606696849,0.831411230739805,TRUE,TRUE
3,"random",200,20,10,2,1,2,1,0.1,20,8,400,160,560,560,2.64652549920608,1.89443762691286,3.34796288525755,2.39654099884635,0.79048830286017,0.5,0.868911979779554,0.878241194644171,TRUE,TRUE
4,"random",200,20,10,2,1,2,1,0.1,20,8,400,160,560,560,2.9093857355248,1.94858619839439,3.10602757878613,2.08028876953412,0.936690245571425,0.7,0.897807418137054,0.905583814540689,TRUE,TRUE
1,"optimised_blocks",200,20,10,2,1,2,1,0.1,20,8,400,160,560,560,2.01109954592526,1.45298177080572,3.78174173578392,2.73223760361459,0.531791879624053,0.1,0.761238495820059,0.90674032346388,TRUE,TRUE
2,"optimised_blocks",200,20,10,2,1,2,1,0.1,20,8,400,160,560,560,2.76235106298358,1.83944096257849,3.6072336291263,2.40204562986967,0.765781024184078,0.3,0.841805797084003,0.837215813436807,FALSE,TRUE
3,"optimised_blocks",200,20,10,2,1,2,1,0.1,20,8,400,160,560,560,2.71333280173067,1.9422596742323,3.34796288525755,2.39654099884635,0.810442915505003,0.5,0.856074941229683,0.785504341890072,TRUE,TRUE
4,"optimised_blocks",200,20,10,2,1,2,1,0.1,20,8,400,160,560,560,2.9232317970443,1.95785971756017,3.10602757878613,2.08028876953412,0.941148049363661,0.7,0.821661170967876,0.900775811813372,TRUE,TRUE
1,"parentage",200,20,10,2,1,2,1,0.1,20,8,400,160,560,560,1.93520745331983,1.39815115472438,3.78174173578392,2.73223760361459,0.511723853326193,0.1,0.759150963408226,0.842245835799084,TRUE,TRUE
2,"parentage",200,20,10,2,1,2,1,0.1,20,8,400,160,560,560,2.90479976431844,1.93429710878405,3.6072336291263,2.40204562986967,0.80527075952716,0.4,0.855133394893925,0.747611971915534,TRUE,TRUE
3,"parentage",200,20,10,2,1,2,1,0.1,20,8,400,160,560,560,2.6406583904037,1.8902378292235,3.34796288525755,2.39654099884635,0.788735861449241,0.5,0.837425973614719,0.905261498512915,TRUE,TRUE
4,"parentage",200,20,10,2,1,2,1,0.1,20,8,400,160,560,560,2.95606907279931,1.97985276631537,3.10602757878613,2.08028876953412,0.951720162753536,0.7,0.8533007695777,0.887381767267008,TRUE,TRUE
1,"random",200,20,10,2,1,2,1,0.2,40,3,400,120,520,520,1.8976924302905,1.37104725292926,3.78174173578392,2.73223760361459,0.501803814981334,0.1,0.819860869001678,0.752654086707673,TRUE,TRUE
2,"random",200,20,10,2,1,2,1,0.2,40,3,400,120,520,520,2.81139318484844,1.87209795866375,3.6072336291263,2.40204562986967,0.779376517824653,0.4,0.82502254577056,0.845583915840845,TRUE,TRUE
3,"random",200,20,10,2,1,2,1,0.2,40,3,400,120,520,520,2.55198756630402,1.82676542148203,3.34796288525755,2.39654099884635,0.762250853359656,0.4,0.868738354702716,0.747844978028443,TRUE,TRUE
4,"random",200,20,10,2,1,2,1,0.2,40,3,400,120,520,520,3.05462861066912,2.04586386717017,3.10602757878613,2.08028876953412,0.98345186357389,0.8,0.8978348569014,0.880338405733064,TRUE,TRUE
1,"optimised_blocks",200,20,10,2,1,2,1,0.2,40,3,400,120,520,520,1.99328872780177,1.44011378815961,3.78174173578392,2.73223760361459,0.527082193091269,0.1,0.760939340299273,0.717373650690634,TRUE,TRUE
2,"optimised_blocks",200,20,10,2,1,2,1,0.2,40,3,400,120,520,520,2.93328836253377,1.95326757753653,3.6072336291263,2.40204562986967,0.813168389995366,0.4,0.841805558763982,0.885434368346335,FALSE,TRUE
3,"optimised_blocks",200,20,10,2,1,2,1,0.2,40,3,400,120,520,520,2.54393561939447,1.82100167153897,3.34796288525755,2.39654099884635,0.759845824634574,0.5,0.855940411780318,0.783571996307432,TRUE,TRUE
4,"optimised_blocks",200,20,10,2,1,2,1,0.2,40,3,400,120,520,520,2.84866117520251,1.90791540019023,3.10602757878613,2.08028876953412,0.91713969143693,0.7,0.821673000527494,0.846740110793406,TRUE,TRUE
1,"parentage",200,20,10,2,1,2,1,0.2,40,3,400,120,520,520,2.03970189917838,1.47364643554752,3.78174173578392,2.73223760361459,0.53935515476325,0.1,0.7590513635839,0.859672644852472,TRUE,TRUE
2,"parentage",200,20,10,2,1,2,1,0.2,40,3,400,120,520,520,2.8293084093857,1.88402765084127,3.6072336291263,2.40204562986967,0.784342989747237,0.4,0.855095769089777,0.785162679265878,TRUE,TRUE
3,"parentage",200,20,10,2,1,2,1,0.2,40,3,400,120,520,520,2.7456741327322,1.96541026710289,3.34796288525755,2.39654099884635,0.820102918351491,0.5,0.837195514521649,0.885557335026456,TRUE,TRUE
4,"parentage",200,20,10,2,1,2,1,0.2,40,3,400,120,520,520,2.82368822231213,1.89118954952658,3.10602757878613,2.08028876953412,0.909099533306673,0.6,0.853287854975439,0.820298944813647,TRUE,TRUE
1,"random",200,20,10,2,1,2,1,0.2,40,8,400,320,720,720,2.17630485968015,1.57233951707564,3.78174173578392,2.73223760361459,0.575476860063533,0.1,0.819851095502639,0.896368436925918,TRUE,TRUE
2,"random",200,20,10,2,1,2,1,0.2,40,8,400,320,720,720,2.86319357295834,1.90659167564406,3.6072336291263,2.40204562986967,0.793736660093134,0.4,0.825010606696849,0.903678374413499,TRUE,TRUE
3,"random",200,20,10,2,1,2,1,0.2,40,8,400,320,720,720,2.72761364320599,1.9524821955883,3.34796288525755,2.39654099884635,0.814708447102802,0.5,0.868911979779554,0.864912594085592,TRUE,TRUE
4,"random",200,20,10,2,1,2,1,0.2,40,8,400,320,720,720,3.05462861066912,2.04586386717017,3.10602757878613,2.08028876953412,0.98345186357389,0.8,0.897807418137054,0.90216348916795,TRUE,TRUE
1,"optimised_blocks",200,20,10,2,1,2,1,0.2,40,8,400,320,720,720,1.91134457008912,1.38091066834302,3.78174173578392,2.73223760361459,0.505413828766631,0.1,0.761238495820059,0.89782025000039,TRUE,TRUE
2,"optimised_blocks",200,20,10,2,1,2,1,0.2,40,8,400,320,720,720,2.77921435064183,1.85067017326716,3.6072336291263,2.40204562986967,0.770455877379638,0.3,0.841805797084003,0.887721137506397,FALSE,TRUE
3,"optimised_blocks",200,20,10,2,1,2,1,0.2,40,8,400,320,720,720,2.71362747398519,1.94247060671972,3.34796288525755,2.39654099884635,0.810530930893649,0.5,0.856074941229683,0.881234221088531,TRUE,TRUE
4,"optimised_blocks",200,20,10,2,1,2,1,0.2,40,8,400,320,720,720,2.84858376093509,1.9078635513167,3.10602757878613,2.08028876953412,0.917114767554106,0.7,0.821661170967876,0.891624483055474,TRUE,TRUE
1,"parentage",200,20,10,2,1,2,1,0.2,40,8,400,320,720,720,1.99624509734859,1.44224970980904,3.78174173578392,2.73223760361459,0.527863941225692,0.1,0.759150963408226,0.906190570375717,TRUE,TRUE
2,"parentage",200,20,10,2,1,2,1,0.2,40,8,400,320,720,720,2.83250305001562,1.88615495207902,3.6072336291263,2.40204562986967,0.785228610407937,0.4,0.855133394893925,0.819052931411848,TRUE,TRUE
3,"parentage",200,20,10,2,1,2,1,0.2,40,8,400,320,720,720,2.83685443512595,2.03067901125058,3.34796288525755,2.39654099884635,0.847337480238441,0.5,0.837425973614719,0.925424584951248,TRUE,TRUE
4,"parentage",200,20,10,2,1,2,1,0.2,40,8,400,320,720,720,2.89958207154524,1.94202010985859,3.10602757878613,2.08028876953412,0.933533910435667,0.7,0.8533007695777,0.90472887739551,TRUE,TRUE
1,"random",200,20,10,4,0.5,2,0.5,0.1,20,3,400,60,460,460,2.05710286214078,1.48621830551291,3.78174173578392,2.73223760361459,0.543956463942495,0.1,0.8260588295443,0.88063482646319,TRUE,TRUE
2,"random",200,20,10,4,0.5,2,0.5,0.1,20,3,400,60,460,460,2.8476931932643,1.89627002112056,3.6072336291263,2.40204562986967,0.789439633261026,0.4,0.858041316321742,0.717482693918166,TRUE,TRUE
3,"random",200,20,10,4,0.5,2,0.5,0.1,20,3,400,60,460,460,2.60458444026994,1.86441535046587,3.34796288525755,2.39654099884635,0.77796096597695,0.5,0.850331026996446,0.69020563861788,TRUE,TRUE
4,"random",200,20,10,4,0.5,2,0.5,0.1,20,3,400,60,460,460,2.73989060090744,1.83506536958934,3.10602757878613,2.08028876953412,0.882120500030531,0.7,0.904451051759868,0.729957589266306,TRUE,TRUE
1,"optimised_blocks",200,20,10,4,0.5,2,0.5,0.1,20,3,400,60,460,460,1.82029923310709,1.3151321168935,3.78174173578392,2.73223760361459,0.481338853968503,0.1,0.811670330654644,0.688092980115514,TRUE,TRUE
2,"optimised_blocks",200,20,10,4,0.5,2,0.5,0.1,20,3,400,60,460,460,2.90924490995572,1.93725711740837,3.6072336291263,2.40204562986967,0.806503046119684,0.4,0.872199591352926,0.695446778389436,TRUE,TRUE
3,"optimised_blocks",200,20,10,4,0.5,2,0.5,0.1,20,3,400,60,460,460,2.71330112828079,1.94223700172254,3.34796288525755,2.39654099884635,0.810433454990962,0.4,0.84778213075686,0.757135590630998,TRUE,TRUE
4,"optimised_blocks",200,20,10,4,0.5,2,0.5,0.1,20,3,400,60,460,460,2.69943574474938,1.80797038063511,3.10602757878613,2.08028876953412,0.869095871262142,0.6,0.904469387714305,0.714232891861374,TRUE,TRUE
1,"parentage",200,20,10,4,0.5,2,0.5,0.1,20,3,400,60,460,460,1.9149856355512,1.38354126997258,3.78174173578392,2.73223760361459,0.50637662996155,0.1,0.83843499914551,0.806320128193428,TRUE,TRUE
2,"parentage",200,20,10,4,0.5,2,0.5,0.1,20,3,400,60,460,460,2.82513892403188,1.88125120354047,3.6072336291263,2.40204562986967,0.783187121904315,0.3,0.864025590778928,0.858491426391269,TRUE,TRUE
3,"parentage",200,20,10,4,0.5,2,0.5,0.1,20,3,400,60,460,460,2.83425041923271,2.02881500287782,3.34796288525755,2.39654099884635,0.846559689091259,0.5,0.863228030871816,0.920680163955723,TRUE,TRUE
4,"parentage",200,20,10,4,0.5,2,0.5,0.1,20,3,400,60,460,460,2.73866349590154,1.83424350542424,3.10602757878613,2.08028876953412,0.881725427876542,0.6,0.891526551624351,0.778841025583341,TRUE,TRUE
1,"random",200,20,10,4,0.5,2,0.5,0.1,20,8,400,160,560,560,2.06410434471262,1.49127674559168,3.78174173578392,2.73223760361459,0.545807854931359,0.1,0.826054974953043,0.935135995545888,TRUE,TRUE
2,"random",200,20,10,4,0.5,2,0.5,0.1,20,8,400,160,560,560,2.95298936278891,1.9663864121983,3.6072336291263,2.40204562986967,0.818629915995806,0.4,0.858105485873081,0.822228327771886,TRUE,TRUE
3,"random",200,20,10,4,0.5,2,0.5,0.1,20,8,400,160,560,560,2.59673179228392,1.85879426280959,3.34796288525755,2.39654099884635,0.775615465666717,0.5,0.850348398762655,0.898358452851451,TRUE,TRUE
4,"random",200,20,10,4,0.5,2,0.5,0.1,20,8,400,160,560,560,2.94634107226928,1.97333735402771,3.10602757878613,2.08028876953412,0.948588187816653,0.8,0.904542972703774,0.863706935460151,TRUE,TRUE
1,"optimised_blocks",200,20,10,4,0.5,2,0.5,0.1,20,8,400,160,560,560,1.9556207492201,1.41289937884151,3.78174173578392,2.73223760361459,0.517121708951053,0.1,0.811746863396859,0.772627547567844,TRUE,TRUE
2,"optimised_blocks",200,20,10,4,0.5,2,0.5,0.1,20,8,400,160,560,560,3.00032545106102,1.99790736583188,3.6072336291263,2.40204562986967,0.831752461729995,0.4,0.872422430661872,0.821238585475319,TRUE,TRUE
3,"optimised_blocks",200,20,10,4,0.5,2,0.5,0.1,20,8,400,160,560,560,2.71330112828079,1.94223700172254,3.34796288525755,2.39654099884635,0.810433454990962,0.4,0.84780226250271,0.869719613354493,TRUE,TRUE
4,"optimised_blocks",200,20,10,4,0.5,2,0.5,0.1,20,8,400,160,560,560,2.87470172807857,1.92535628515549,3.10602757878613,2.08028876953412,0.92552356833935,0.6,0.904464778978929,0.857438455631875,TRUE,TRUE
1,"parentage",200,20,10,4,0.5,2,0.5,0.1,20,8,400,160,560,560,1.97285135321368,1.42534816764133,3.78174173578392,2.73223760361459,0.521677970376983,0.1,0.838434719781341,0.860231441766168,TRUE,TRUE
2,"parentage",200,20,10,4,0.5,2,0.5,0.1,20,8,400,160,560,560,2.86211883899067,1.90587601364495,3.6072336291263,2.40204562986967,0.79343872154017,0.3,0.8640387695477,0.889380382391343,TRUE,TRUE
3,"parentage",200,20,10,4,0.5,2,0.5,0.1,20,8,400,160,560,560,2.85312620150482,2.04232667778306,3.34796288525755,2.39654099884635,0.852197679391339,0.5,0.863231124341128,0.936334759067371,TRUE,TRUE
4,"parentage",200,20,10,4,0.5,2,0.5,0.1,20,8,400,160,560,560,2.9720850544459,1.99057960820821,3.10602757878613,2.08028876953412,0.956876582405432,0.7,0.89152516794725,0.905492036337405,TRUE,TRUE
1,"random",200,20,10,4,0.5,2,0.5,0.2,40,3,400,120,520,520,2.09548573748683,1.51394921435923,3.78174173578392,2.73223760361459,0.554105987106085,0.1,0.8260588295443,0.73643191146138,TRUE,TRUE
2,"random",200,20,10,4,0.5,2,0.5,0.2,40,3,400,120,520,520,2.83398707389564,1.88714315895502,3.6072336291263,2.40204562986967,0.785640012616,0.4,0.858041316321742,0.880689963877671,TRUE,TRUE
3,"random",200,20,10,4,0.5,2,0.5,0.2,40,3,400,120,520,520,2.60670831439125,1.86593566343903,3.34796288525755,2.39654099884635,0.778595344013417,0.5,0.850331026996446,0.788913855700801,TRUE,TRUE
4,"random",200,20,10,4,0.5,2,0.5,0.2,40,3,400,120,520,520,2.72075977852749,1.82225233624064,3.10602757878613,2.08028876953412,0.875961242942598,0.6,0.904451051759868,0.753917248809131,TRUE,TRUE
1,"optimised_blocks",200,20,10,4,0.5,2,0.5,0.2,40,3,400,120,520,520,1.7689916661855,1.27806336035556,3.78174173578392,2.73223760361459,0.467771675005407,0.1,0.811670330654644,0.777477109448121,TRUE,TRUE
2,"optimised_blocks",200,20,10,4,0.5,2,0.5,0.2,40,3,400,120,520,520,2.86580064295127,1.9083277154261,3.6072336291263,2.40204562986967,0.794459393983136,0.4,0.872199591352926,0.828507759098071,TRUE,TRUE
3,"optimised_blocks",200,20,10,4,0.5,2,0.5,0.2,40,3,400,120,520,520,2.57975030723485,1.84663856499089,3.34796288525755,2.39654099884635,0.770543281287419,0.4,0.84778213075686,0.820690248128485,TRUE,TRUE
4,"optimised_blocks",200,20,10,4,0.5,2,0.5,0.2,40,3,400,120,520,520,2.6838343390498,1.79752120455971,3.10602757878613,2.08028876953412,0.864072926261224,0.6,0.904469387714305,0.786137317809298,TRUE,TRUE
1,"parentage",200,20,10,4,0.5,2,0.5,0.2,40,3,400,120,520,520,2.04310553579916,1.4761054992843,3.78174173578392,2.73223760361459,0.540255173024301,0.1,0.83843499914551,0.663730375668631,TRUE,TRUE
2,"parentage",200,20,10,4,0.5,2,0.5,0.2,40,3,400,120,520,520,2.767740231749,1.84302959326131,3.6072336291263,2.40204562986967,0.767275013573039,0.3,0.864025590778928,0.804797356020169,TRUE,TRUE
3,"parentage",200,20,10,4,0.5,2,0.5,0.2,40,3,400,120,520,520,2.71669044589778,1.94466314529271,3.34796288525755,2.39654099884635,0.811445807198306,0.4,0.863228030871816,0.902590396763851,TRUE,TRUE
4,"parentage",200,20,10,4,0.5,2,0.5,0.2,40,3,400,120,520,520,2.77262862822493,1.8569919458472,3.10602757878613,2.08028876953412,0.892660659925145,0.6,0.891526551624351,0.858066071591819,TRUE,TRUE
1,"random",200,20,10,4,0.5,2,0.5,0.2,40,8,400,320,720,720,2.02295345773791,1.46154600016544,3.78174173578392,2.73223760361459,0.534926390820438,0.1,0.826054974953043,0.86581766120357,TRUE,TRUE
2,"random",200,20,10,4,0.5,2,0.5,0.2,40,8,400,320,720,720,2.9321675234933,1.95252121431314,3.6072336291263,2.40204562986967,0.812857670159693,0.4,0.858105485873081,0.906189859598169,TRUE,TRUE
3,"random",200,20,10,4,0.5,2,0.5,0.2,40,8,400,320,720,720,2.72833810121225,1.95300077759576,3.34796288525755,2.39654099884635,0.814924834808127,0.5,0.850348398762655,0.875587475252451,TRUE,TRUE
4,"random",200,20,10,4,0.5,2,0.5,0.2,40,8,400,320,720,720,2.79573988295693,1.87247090810664,3.10602757878613,2.08028876953412,0.900101435689612,0.6,0.904542972703774,0.841287331799505,TRUE,TRUE
1,"optimised_blocks",200,20,10,4,0.5,2,0.5,0.2,40,8,400,320,720,720,1.91301258775054,1.38211577987533,3.78174173578392,2.73223760361459,0.505854900044883,0.1,0.811746863396859,0.845448456549077,TRUE,TRUE
2,"optimised_blocks",200,20,10,4,0.5,2,0.5,0.2,40,8,400,320,720,720,2.90860105267293,1.93682837485066,3.6072336291263,2.40204562986967,0.806324555523015,0.4,0.872422430661872,0.872785444818797,TRUE,TRUE
3,"optimised_blocks",200,20,10,4,0.5,2,0.5,0.2,40,8,400,320,720,720,2.73160440590443,1.95533886597303,3.34796288525755,2.39654099884635,0.815900444396442,0.5,0.84780226250271,0.879998794726363,TRUE,TRUE
4,"optimised_blocks",200,20,10,4,0.5,2,0.5,0.2,40,8,400,320,720,720,2.927463884724,1.96069419479787,3.10602757878613,2.08028876953412,0.942510589641344,0.7,0.904464778978929,0.863686114563107,TRUE,TRUE
1,"parentage",200,20,10,4,0.5,2,0.5,0.2,40,8,400,320,720,720,2.09898618102442,1.51647821928101,3.78174173578392,2.73223760361459,0.555031603867395,0.1,0.838434719781341,0.906173747693828,TRUE,TRUE
2,"parentage",200,20,10,4,0.5,2,0.5,0.2,40,8,400,320,720,720,2.767740231749,1.84302959326131,3.6072336291263,2.40204562986967,0.767275013573039,0.3,0.8640387695477,0.87941722339262,TRUE,TRUE
3,"parentage",200,20,10,4,0.5,2,0.5,0.2,40,8,400,320,720,720,2.87833035357894,2.0603683305304,3.34796288525755,2.39654099884635,0.859725884732298,0.5,0.863231124341128,0.911129487714285,TRUE,TRUE
4,"parentage",200,20,10,4,0.5,2,0.5,0.2,40,8,400,320,720,720,2.97543701193649,1.99282461065805,3.10602757878613,2.08028876953412,0.957955760682371,0.8,0.89152516794725,0.894936102556462,TRUE,TRUE
1,"random",200,20,10,4,1,4,1,0.1,20,3,800,60,860,860,1.98408245249446,1.43346242660685,3.78174173578392,2.73223760361459,0.524647792238297,0.1,0.837587974128233,0.787964723185737,TRUE,TRUE
2,"random",200,20,10,4,1,4,1,0.1,20,3,800,60,860,860,2.8548829535994,1.90105766011718,3.6072336291263,2.40204562986967,0.79143278398934,0.4,0.88792055578236,0.795281201223893,TRUE,TRUE
3,"random",200,20,10,4,1,4,1,0.1,20,3,800,60,860,860,2.81005640847171,2.01149643015093,3.34796288525755,2.39654099884635,0.839333201943648,0.5,0.854246205094896,0.855407756048376,TRUE,TRUE
4,"random",200,20,10,4,1,4,1,0.1,20,3,800,60,860,860,2.87370533096087,1.92468893958905,3.10602757878613,2.08028876953412,0.925202773661122,0.7,0.939084872018095,0.882634811943104,TRUE,TRUE
1,"optimised_blocks",200,20,10,4,1,4,1,0.1,20,3,800,60,860,860,1.99328872780177,1.44011378815961,3.78174173578392,2.73223760361459,0.527082193091269,0.1,0.885850162653107,0.62118678986536,TRUE,TRUE
2,"optimised_blocks",200,20,10,4,1,4,1,0.1,20,3,800,60,860,860,2.78640411097693,1.85545781226378,3.6072336291263,2.40204562986967,0.772449028107952,0.3,0.906382102393362,0.836912476635256,TRUE,TRUE
3,"optimised_blocks",200,20,10,4,1,4,1,0.1,20,3,800,60,860,860,2.48510436945337,1.77888904743609,3.34796288525755,2.39654099884635,0.742273571907354,0.5,0.876849502439402,0.746460659176341,TRUE,TRUE
4,"optimised_blocks",200,20,10,4,1,4,1,0.1,20,3,800,60,860,860,2.9462555849071,1.9732800981293,3.10602757878613,2.08028876953412,0.948560664763488,0.7,0.92867122943167,0.796973263326441,TRUE,TRUE
1,"parentage",200,20,10,4,1,4,1,0.1,20,3,800,60,860,860,2.02146282459544,1.46046904562713,3.78174173578392,2.73223760361459,0.534532225050638,0.1,0.835827461787912,0.774492275607812,TRUE,TRUE
2,"parentage",200,20,10,4,1,4,1,0.1,20,3,800,60,860,860,2.77169711211045,1.84566446756038,3.6072336291263,2.40204562986967,0.768371942901236,0.3,0.912775379779148,0.643893742083856,TRUE,TRUE
3,"parentage",200,20,10,4,1,4,1,0.1,20,3,800,60,860,860,2.72311861074225,1.94926455848786,3.34796288525755,2.39654099884635,0.813365829929972,0.5,0.857267789530973,0.745085129185795,TRUE,TRUE
4,"parentage",200,20,10,4,1,4,1,0.1,20,3,800,60,860,860,2.65510015245209,1.77827623516885,3.10602757878613,2.08028876953412,0.85482182147582,0.6,0.916989617478834,0.495045899336534,TRUE,TRUE
1,"random",200,20,10,4,1,4,1,0.1,20,8,800,160,960,960,2.01357231823147,1.45476830250255,3.78174173578392,2.73223760361459,0.532445750903208,0.1,0.837612936150648,0.850869280535449,TRUE,TRUE
2,"random",200,20,10,4,1,4,1,0.1,20,8,800,160,960,960,2.8886993690243,1.92357590574269,3.6072336291263,2.40204562986967,0.80080739592239,0.4,0.888097902929933,0.891281472617057,TRUE,TRUE
3,"random",200,20,10,4,1,4,1,0.1,20,8,800,160,960,960,2.86134960176199,2.0482131575744,3.34796288525755,2.39654099884635,0.854653919361437,0.5,0.854450589001824,0.844713947523328,TRUE,TRUE
4,"random",200,20,10,4,1,4,1,0.1,20,8,800,160,960,960,3.02247461852696,2.02432845351,3.10602757878613,2.08028876953412,0.973099736515594,0.8,0.939296391201232,0.919598040711387,TRUE,TRUE
1,"optimised_blocks",200,20,10,4,1,4,1,0.1,20,8,800,160,960,960,1.99328872780177,1.44011378815961,3.78174173578392,2.73223760361459,0.527082193091269,0.1,0.885845555667313,0.770708477767171,TRUE,TRUE
2,"optimised_blocks",200,20,10,4,1,4,1,0.1,20,8,800,160,960,960,2.86193579433612,1.90575412478003,3.6072336291263,2.40204562986967,0.793387977764364,0.4,0.906749440639799,0.86148922108195,TRUE,TRUE
3,"optimised_blocks",200,20,10,4,1,4,1,0.1,20,8,800,160,960,960,2.6947160904159,1.92893344767048,3.34796288525755,2.39654099884635,0.804882306874379,0.5,0.876823806852778,0.871231546432305,TRUE,TRUE
4,"optimised_blocks",200,20,10,4,1,4,1,0.1,20,8,800,160,960,960,2.95800025124367,1.98114618974058,3.10602757878613,2.08028876953412,0.952341914619987,0.7,0.928798638744137,0.845942295383305,TRUE,TRUE
1,"parentage",200,20,10,4,1,4,1,0.1,20,8,800,160,960,960,2.03874202322213,1.4729529431396,3.78174173578392,2.73223760361459,0.539101336278723,0.1,0.862650615619749,0.893295767796939,TRUE,TRUE
2,"parentage",200,20,10,4,1,4,1,0.1,20,8,800,160,960,960,2.9063696061986,1.93534246159884,3.6072336291263,2.40204562986967,0.805705952265295,0.4,0.912893343005639,0.789155693420426,TRUE,TRUE
3,"parentage",200,20,10,4,1,4,1,0.1,20,8,800,160,960,960,2.86239373817406,2.04896057198898,3.34796288525755,2.39654099884635,0.854965791520076,0.5,0.857323332387335,0.929064275643102,TRUE,TRUE
4,"parentage",200,20,10,4,1,4,1,0.1,20,8,800,160,960,960,2.86307686987143,1.9175704360726,3.10602757878613,2.08028876953412,0.921780891266379,0.7,0.916988774282532,0.760801376344531,TRUE,TRUE
1,"random",200,20,10,4,1,4,1,0.2,40,3,800,120,920,920,1.97608410547962,1.42768377063097,3.78174173578392,2.73223760361459,0.522532801957718,0.1,0.837587974128233,0.778790026015593,TRUE,TRUE
2,"random",200,20,10,4,1,4,1,0.2,40,3,800,120,920,920,2.84224608075556,1.89264280587967,3.6072336291263,2.40204562986967,0.787929580664278,0.4,0.88792055578236,0.824713299861128,TRUE,TRUE
3,"random",200,20,10,4,1,4,1,0.2,40,3,800,120,920,920,2.82512231540177,2.0222809175781,3.34796288525755,2.39654099884635,0.84383322403063,0.5,0.854246205094896,0.882100280358352,TRUE,TRUE
4,"random",200,20,10,4,1,4,1,0.2,40,3,800,120,920,920,2.90022428475512,1.94245023769689,3.10602757878613,2.08028876953412,0.933740673960325,0.7,0.939084872018095,0.872469925659564,TRUE,TRUE
1,"optimised_blocks",200,20,10,4,1,4,1,0.2,40,3,800,120,920,920,1.99328872780177,1.44011378815961,3.78174173578392,2.73223760361459,0.527082193091269,0.1,0.885850162653107,0.585977667237869,TRUE,TRUE
2,"optimised_blocks",200,20,10,4,1,4,1,0.2,40,3,800,120,920,920,2.80413169017292,1.86726255199344,3.6072336291263,2.40204562986967,0.777363480848926,0.4,0.906382102393362,0.836646645669006,TRUE,TRUE
3,"optimised_blocks",200,20,10,4,1,4,1,0.2,40,3,800,120,920,920,2.7087045203877,1.93894665483133,3.34796288525755,2.39654099884635,0.8090604983452,0.5,0.876849502439402,0.789090313257358,TRUE,TRUE
4,"optimised_blocks",200,20,10,4,1,4,1,0.2,40,3,800,120,920,920,2.79264537850347,1.87039833704971,3.10602757878613,2.08028876953412,0.899105145613311,0.7,0.92867122943167,0.727468821615392,TRUE,TRUE
1,"parentage",200,20,10,4,1,4,1,0.2,40,3,800,120,920,920,1.99328872780177,1.44011378815961,3.78174173578392,2.73223760361459,0.527082193091269,0.1,0.835827461787912,0.81020806677868,TRUE,TRUE
2,"parentage",200,20,10,4,1,4,1,0.2,40,3,800,120,920,920,2.79440257300711,1.86078396319843,3.6072336291263,2.40204562986967,0.774666367723995,0.4,0.912775379779148,0.815582042208614,TRUE,TRUE
3,"parentage",200,20,10,4,1,4,1,0.2,40,3,800,120,920,920,2.7241983484515,1.95003745704645,3.34796288525755,2.39654099884635,0.8136883358078,0.5,0.857267789530973,0.830711614444504,TRUE,TRUE
4,"parentage",200,20,10,4,1,4,1,0.2,40,3,800,120,920,920,2.7125575427845,1.81675881808331,3.10602757878613,2.08028876953412,0.873320495062891,0.7,0.916989617478834,0.665296954361599,TRUE,TRUE
1,"random",200,20,10,4,1,4,1,0.2,40,8,800,320,1120,1120,2.06410434471262,1.49127674559168,3.78174173578392,2.73223760361459,0.545807854931359,0.1,0.837612936150648,0.89701650765103,TRUE,TRUE
2,"random",200,20,10,4,1,4,1,0.2,40,8,800,320,1120,1120,2.92730685789618,1.94928451224273,3.6072336291263,2.40204562986967,0.811510192813654,0.4,0.888097902929933,0.911766177661483,TRUE,TRUE
3,"random",200,20,10,4,1,4,1,0.2,40,8,800,320,1120,1120,2.82512231540177,2.0222809175781,3.34796288525755,2.39654099884635,0.84383322403063,0.5,0.854450589001824,0.910548642416061,TRUE,TRUE
4,"random",200,20,10,4,1,4,1,0.2,40,8,800,320,1120,1120,2.91550220148454,1.95268275424347,3.10602757878613,2.08028876953412,0.93865947018537,0.7,0.939296391201232,0.901942963648215,TRUE,TRUE
1,"optimised_blocks",200,20,10,4,1,4,1,0.2,40,8,800,320,1120,1120,1.99328872780177,1.44011378815961,3.78174173578392,2.73223760361459,0.527082193091269,0.1,0.885845555667313,0.788237872159383,TRUE,TRUE
2,"optimised_blocks",200,20,10,4,1,4,1,0.2,40,8,800,320,1120,1120,2.8784375157951,1.91674256966361,3.6072336291263,2.40204562986967,0.797962597308199,0.4,0.906749440639799,0.858249698333913,TRUE,TRUE
3,"optimised_blocks",200,20,10,4,1,4,1,0.2,40,8,800,320,1120,1120,2.72602042317864,1.95134173577838,3.34796288525755,2.39654099884635,0.814232569656737,0.5,0.876823806852778,0.915504270607506,TRUE,TRUE
4,"optimised_blocks",200,20,10,4,1,4,1,0.2,40,8,800,320,1120,1120,2.817463711629,1.88702062979181,3.10602757878613,2.08028876953412,0.907095523192391,0.6,0.928798638744137,0.84219302485939,TRUE,TRUE
1,"parentage",200,20,10,4,1,4,1,0.2,40,8,800,320,1120,1120,2.01506493461577,1.45584668989595,3.78174173578392,2.73223760361459,0.532840441098516,0.1,0.862650615619749,0.880456099317262,TRUE,TRUE
2,"parentage",200,20,10,4,1,4,1,0.2,40,8,800,320,1120,1120,2.86193579433612,1.90575412478003,3.6072336291263,2.40204562986967,0.793387977764364,0.4,0.912893343005639,0.864389415398886,TRUE,TRUE
3,"parentage",200,20,10,4,1,4,1,0.2,40,8,800,320,1120,1120,2.71993595545747,1.94698634808453,3.34796288525755,2.39654099884635,0.812415205507343,0.4,0.857323332387335,0.930102184105797,TRUE,TRUE
4,"parentage",200,20,10,4,1,4,1,0.2,40,8,800,320,1120,1120,2.72783873933478,1.82699353131822,3.10602757878613,2.08028876953412,0.87824034724149,0.7,0.916988774282532,0.789617849960293,TRUE,TRUE
1,"random",400,20,20,2,0.5,1,0.5,0.1,40,3,400,120,520,520,3.57714543046725,2.5844206034061,3.78174173578392,2.73223760361459,0.945898921816705,0.8,0.809662835334608,0.727476848786958,TRUE,TRUE
2,"random",400,20,20,2,0.5,1,0.5,0.1,40,3,400,120,520,520,3.40865189624109,2.26981067292168,3.6072336291263,2.40204562986967,0.944949023738919,0.7,0.764987988665341,0.81507061016862,TRUE,FALSE
3,"random",400,20,20,2,0.5,1,0.5,0.1,40,3,400,120,520,520,2.76217668232441,1.97722313302723,3.34796288525755,2.39654099884635,0.82503204993323,0.5,0.852935370354653,0.551677788539576,TRUE,TRUE
4,"random",400,20,20,2,0.5,1,0.5,0.1,40,3,400,120,520,520,2.95906918578588,1.98186211787294,3.10602757878613,2.08028876953412,0.952686063058821,0.8,0.803306907810795,0.91075325047308,TRUE,TRUE
1,"optimised_blocks",400,20,20,2,0.5,1,0.5,0.1,40,3,400,120,520,520,3.18335343391968,2.29991325834101,3.78174173578392,2.73223760361459,0.84176912553226,0.6,0.68930146746044,0.882327335020069,TRUE,TRUE
2,"optimised_blocks",400,20,20,2,0.5,1,0.5,0.1,40,3,400,120,520,520,3.07498994574331,2.0476262201112,3.6072336291263,2.40204562986967,0.852451008693912,0.5,0.679933304208881,0.817103461666531,TRUE,TRUE
3,"optimised_blocks",400,20,20,2,0.5,1,0.5,0.1,40,3,400,120,520,520,2.77890035465966,1.98919428317922,3.34796288525755,2.39654099884635,0.830027228466689,0.5,0.773219074192308,0.633729668688302,TRUE,TRUE
4,"optimised_blocks",400,20,20,2,0.5,1,0.5,0.1,40,3,400,120,520,520,2.93076357247383,1.96290418913785,3.10602757878613,2.08028876953412,0.94357293943256,0.7,0.838155742403044,0.876375725523137,TRUE,TRUE
1,"parentage",400,20,20,2,0.5,1,0.5,0.1,40,3,400,120,520,520,3.25741240172552,2.35341947607379,3.78174173578392,2.73223760361459,0.861352421531845,0.6,0.754590013978171,0.861532928206407,TRUE,TRUE
2,"parentage",400,20,20,2,0.5,1,0.5,0.1,40,3,400,120,520,520,3.39283535213261,2.25927848550009,3.6072336291263,2.40204562986967,0.940564349571775,0.6,0.788591119010066,0.862324811742346,TRUE,TRUE
3,"parentage",400,20,20,2,0.5,1,0.5,0.1,40,3,400,120,520,520,2.83665027147369,2.03053286669047,3.34796288525755,2.39654099884635,0.847276498782176,0.6,0.863542335247158,0.709006126666777,TRUE,TRUE
4,"parentage",400,20,20,2,0.5,1,0.5,0.1,40,3,400,120,520,520,2.88634302229711,1.93315314239883,3.10602757878613,2.08028876953412,0.9292715370625,0.6,0.772591613850021,0.909839754027205,TRUE,TRUE
1,"random",400,20,20,2,0.5,1,0.5,0.1,40,8,400,320,720,720,3.55322149021652,2.56713600447087,3.78174173578392,2.73223760361459,0.939572752045684,0.8,0.809855866840961,0.84317749396708,TRUE,TRUE
2,"random",400,20,20,2,0.5,1,0.5,0.1,40,8,400,320,720,720,3.44984025748981,2.29723787429287,3.6072336291263,2.40204562986967,0.956367291997494,0.7,0.764989156391062,0.875925203672455,TRUE,TRUE
3,"random",400,20,20,2,0.5,1,0.5,0.1,40,8,400,320,720,720,3.0020046951305,2.14889697920173,3.34796288525755,2.39654099884635,0.896666061726536,0.6,0.85312985318098,0.774519172795151,TRUE,TRUE
4,"random",400,20,20,2,0.5,1,0.5,0.1,40,8,400,320,720,720,2.9035571056387,1.94468242323906,3.10602757878613,2.08028876953412,0.934813691117783,0.7,0.8033070956465,0.884612916800797,TRUE,TRUE
1,"optimised_blocks",400,20,20,2,0.5,1,0.5,0.1,40,8,400,320,720,720,3.20527493616472,2.3157511333061,3.78174173578392,2.73223760361459,0.847565793781075,0.6,0.689681163100925,0.930947049399581,TRUE,TRUE
2,"optimised_blocks",400,20,20,2,0.5,1,0.5,0.1,40,8,400,320,720,720,3.2152594578424,2.14103125099721,3.6072336291263,2.40204562986967,0.891336627569965,0.6,0.679974100167782,0.927853104927548,TRUE,TRUE
3,"optimised_blocks",400,20,20,2,0.5,1,0.5,0.1,40,8,400,320,720,720,3.24150100415667,2.3203333849579,3.34796288525755,2.39654099884635,0.968200997218435,0.8,0.774003324357963,0.874665759685078,TRUE,TRUE
4,"optimised_blocks",400,20,20,2,0.5,1,0.5,0.1,40,8,400,320,720,720,2.97752296440405,1.99422169532069,3.10602757878613,2.08028876953412,0.958627342764193,0.8,0.838155805853449,0.888599191875299,TRUE,TRUE
1,"parentage",400,20,20,2,0.5,1,0.5,0.1,40,8,400,320,720,720,3.41660714904352,2.46843470062085,3.78174173578392,2.73223760361459,0.903448037372464,0.7,0.754592816290575,0.919172024841668,TRUE,TRUE
2,"parentage",400,20,20,2,0.5,1,0.5,0.1,40,8,400,320,720,720,3.46149180462117,2.30499660320971,3.6072336291263,2.40204562986967,0.959597342592853,0.7,0.78859134309949,0.880088189909563,TRUE,TRUE
3,"parentage",400,20,20,2,0.5,1,0.5,0.1,40,8,400,320,720,720,3.12990074622686,2.24044761478155,3.34796288525755,2.39654099884635,0.934867217318656,0.7,0.863543696805914,0.865183002476192,TRUE,TRUE
4,"parentage",400,20,20,2,0.5,1,0.5,0.1,40,8,400,320,720,720,2.97891021800331,1.99515082038794,3.10602757878613,2.08028876953412,0.959073975501369,0.7,0.772529594983991,0.93052497543582,TRUE,TRUE
1,"random",400,20,20,2,0.5,1,0.5,0.2,80,3,400,240,640,640,3.16116214774957,2.28388046954086,3.78174173578392,2.73223760361459,0.835901118745828,0.6,0.809662835334608,0.763514756507576,TRUE,TRUE
2,"random",400,20,20,2,0.5,1,0.5,0.2,80,3,400,240,640,640,3.42135860970143,2.27827203380803,3.6072336291263,2.40204562986967,0.948471588331835,0.8,0.764987988665341,0.869726866484694,TRUE,TRUE
3,"random",400,20,20,2,0.5,1,0.5,0.2,80,3,400,240,640,640,2.83497562584248,2.02933412075114,3.34796288525755,2.39654099884635,0.846776300396291,0.5,0.852935370354653,0.600297400205375,TRUE,TRUE
4,"random",400,20,20,2,0.5,1,0.5,0.2,80,3,400,240,640,640,2.90273541049835,1.94413208582927,3.10602757878613,2.08028876953412,0.934549142552291,0.6,0.803306907810795,0.882355298510768,TRUE,TRUE
1,"optimised_blocks",400,20,20,2,0.5,1,0.5,0.2,80,3,400,240,640,640,3.49080418320315,2.52204066870941,3.78174173578392,2.73223760361459,0.923067842040128,0.8,0.68930146746044,0.857436350935471,TRUE,TRUE
2,"optimised_blocks",400,20,20,2,0.5,1,0.5,0.2,80,3,400,240,640,640,3.48885729062791,2.32321919504325,3.6072336291263,2.40204562986967,0.967183623056028,0.7,0.679933304208881,0.877225930185019,TRUE,TRUE
3,"optimised_blocks",400,20,20,2,0.5,1,0.5,0.2,80,3,400,240,640,640,2.81867486914436,2.01766570234923,3.34796288525755,2.39654099884635,0.841907442151208,0.6,0.773219074192308,0.774668603577057,TRUE,TRUE
4,"optimised_blocks",400,20,20,2,0.5,1,0.5,0.2,80,3,400,240,640,640,2.85827401369741,1.91435368171126,3.10602757878613,2.08028876953412,0.920234589421917,0.6,0.838155742403044,0.772940527004232,TRUE,TRUE
1,"parentage",400,20,20,2,0.5,1,0.5,0.2,80,3,400,240,640,640,3.51670463855246,2.54075326279973,3.78174173578392,2.73223760361459,0.929916658579933,0.9,0.754590013978171,0.873046510434246,TRUE,TRUE
2,"parentage",400,20,20,2,0.5,1,0.5,0.2,80,3,400,240,640,640,3.1202341114972,2.07775416906042,3.6072336291263,2.40204562986967,0.864993630105668,0.5,0.788591119010066,0.834438884429838,TRUE,TRUE
3,"parentage",400,20,20,2,0.5,1,0.5,0.2,80,3,400,240,640,640,2.82512911609989,2.02228578565831,3.34796288525755,2.39654099884635,0.843835255324988,0.5,0.863542335247158,0.680782282499413,TRUE,TRUE
4,"parentage",400,20,20,2,0.5,1,0.5,0.2,80,3,400,240,640,640,2.85254570709309,1.91051709893949,3.10602757878613,2.08028876953412,0.918390334514639,0.7,0.772591613850021,0.845104986448506,TRUE,TRUE
1,"random",400,20,20,2,0.5,1,0.5,0.2,80,8,400,640,1040,1040,3.60133733291263,2.60189880001028,3.78174173578392,2.73223760361459,0.952295948408043,0.8,0.809855866840961,0.865263140377426,TRUE,TRUE
2,"random",400,20,20,2,0.5,1,0.5,0.2,80,8,400,640,1040,1040,3.55507946477126,2.36731633439045,3.6072336291263,2.40204562986967,0.985541783616698,0.8,0.764989156391062,0.90196480642339,TRUE,TRUE
3,"random",400,20,20,2,0.5,1,0.5,0.2,80,8,400,640,1040,1040,3.17531180746275,2.2729537905615,3.34796288525755,2.39654099884635,0.948431006043988,0.8,0.85312985318098,0.795001289136749,TRUE,TRUE
4,"random",400,20,20,2,0.5,1,0.5,0.2,80,8,400,640,1040,1040,2.84636803397278,1.90637954906652,3.10602757878613,2.08028876953412,0.916401403971169,0.6,0.8033070956465,0.849239453372567,TRUE,TRUE
1,"optimised_blocks",400,20,20,2,0.5,1,0.5,0.2,80,8,400,640,1040,1040,3.49538756673018,2.52535207749913,3.78174173578392,2.73223760361459,0.924279818914079,0.8,0.689681163100925,0.932904579606493,TRUE,TRUE
2,"optimised_blocks",400,20,20,2,0.5,1,0.5,0.2,80,8,400,640,1040,1040,3.45193727527067,2.29863427189674,3.6072336291263,2.40204562986967,0.956948628832439,0.7,0.679974100167782,0.936279956669419,TRUE,TRUE
3,"optimised_blocks",400,20,20,2,0.5,1,0.5,0.2,80,8,400,640,1040,1040,3.15671262401976,2.25964011081241,3.34796288525755,2.39654099884635,0.942875632797502,0.7,0.774003324357963,0.882020124400658,TRUE,TRUE
4,"optimised_blocks",400,20,20,2,0.5,1,0.5,0.2,80,8,400,640,1040,1040,3.01991658863652,2.02261519092034,3.10602757878613,2.08028876953412,0.972276166915663,0.8,0.838155805853449,0.899682440373893,TRUE,TRUE
1,"parentage",400,20,20,2,0.5,1,0.5,0.2,80,8,400,640,1040,1040,3.36884751584761,2.4339292597765,3.78174173578392,2.73223760361459,0.890819032926182,0.7,0.754592816290575,0.898579914120566,TRUE,TRUE
2,"parentage",400,20,20,2,0.5,1,0.5,0.2,80,8,400,640,1040,1040,3.34864438719546,2.22985185969191,3.6072336291263,2.40204562986967,0.928313697276805,0.7,0.78859134309949,0.904028641058776,TRUE,TRUE
3,"parentage",400,20,20,2,0.5,1,0.5,0.2,80,8,400,640,1040,1040,3.05969084584,2.19018991761802,3.34796288525755,2.39654099884635,0.913896285802053,0.7,0.863543696805914,0.826198515290707,TRUE,TRUE
4,"parentage",400,20,20,2,0.5,1,0.5,0.2,80,8,400,640,1040,1040,2.88157254127269,1.92995807157327,3.10602757878613,2.08028876953412,0.92773565854777,0.7,0.772529594983991,0.857510235561758,TRUE,TRUE
1,"random",400,20,20,2,1,2,1,0.1,40,3,800,120,920,920,3.62751415856482,2.62081106647031,3.78174173578392,2.73223760361459,0.959217845110957,0.8,0.78463083915746,0.887567388717909,TRUE,TRUE
2,"random",400,20,20,2,1,2,1,0.1,40,3,800,120,920,920,3.39262136468039,2.25913599192266,3.6072336291263,2.40204562986967,0.940505027810499,0.6,0.804748654330134,0.864496393000384,TRUE,TRUE
3,"random",400,20,20,2,1,2,1,0.1,40,3,800,120,920,920,3.00083285697222,2.14805815323903,3.34796288525755,2.39654099884635,0.896316046449055,0.6,0.849982153593665,0.796899654135603,TRUE,TRUE
4,"random",400,20,20,2,1,2,1,0.1,40,3,800,120,920,920,3.00156098849813,2.0103213693565,3.10602757878613,2.08028876953412,0.96636649622769,0.8,0.827298775487766,0.871969154504349,TRUE,TRUE
1,"optimised_blocks",400,20,20,2,1,2,1,0.1,40,3,800,120,920,920,3.57881001279888,2.58562323297696,3.78174173578392,2.73223760361459,0.946339084696122,0.8,0.822597880671551,0.850709331964757,TRUE,TRUE
2,"optimised_blocks",400,20,20,2,1,2,1,0.1,40,3,800,120,920,920,3.32234513268995,2.2123392680916,3.6072336291263,2.40204562986967,0.921022998306503,0.6,0.830076829852865,0.855252484694966,TRUE,TRUE
3,"optimised_blocks",400,20,20,2,1,2,1,0.1,40,3,800,120,920,920,2.90914514336072,2.08242619365907,3.34796288525755,2.39654099884635,0.868929926365337,0.7,0.872655249782861,0.447043847994464,TRUE,TRUE
4,"optimised_blocks",400,20,20,2,1,2,1,0.1,40,3,800,120,920,920,2.88394052474619,1.93154404893548,3.10602757878613,2.08028876953412,0.928498041821401,0.8,0.81451717580114,0.847274648345547,TRUE,TRUE
1,"parentage",400,20,20,2,1,2,1,0.1,40,3,800,120,920,920,3.33472409183524,2.40927572477476,3.78174173578392,2.73223760361459,0.881795829757788,0.7,0.827243221306452,0.810773692642429,TRUE,TRUE
2,"parentage",400,20,20,2,1,2,1,0.1,40,3,800,120,920,920,3.37148868866295,2.24506380883331,3.6072336291263,2.40204562986967,0.934646611586275,0.6,0.839661511147954,0.85933336092808,TRUE,TRUE
3,"parentage",400,20,20,2,1,2,1,0.1,40,3,800,120,920,920,2.8436505649234,2.03554382136087,3.34796288525755,2.39654099884635,0.849367410088434,0.5,0.855330791257421,0.699822735506431,TRUE,TRUE
4,"parentage",400,20,20,2,1,2,1,0.1,40,3,800,120,920,920,2.71868049156039,1.82085971585444,3.10602757878613,2.08028876953412,0.875291806849595,0.6,0.810518372944054,0.861324290073144,TRUE,TRUE
1,"random",400,20,20,2,1,2,1,0.1,40,8,800,320,1120,1120,3.65924633276895,2.64373696825376,3.78174173578392,2.73223760361459,0.967608733865697,0.8,0.784823852891293,0.908530473187955,TRUE,TRUE
2,"random",400,20,20,2,1,2,1,0.1,40,8,800,320,1120,1120,3.49104539825434,2.32467624909135,3.6072336291263,2.40204562986967,0.967790211885973,0.7,0.805076968166594,0.903687371725685,TRUE,TRUE
3,"random",400,20,20,2,1,2,1,0.1,40,8,800,320,1120,1120,3.11387135268706,2.22897344373446,3.34796288525755,2.39654099884635,0.930079412289399,0.7,0.848463780504932,0.895924019288129,TRUE,TRUE
4,"random",400,20,20,2,1,2,1,0.1,40,8,800,320,1120,1120,2.92115558787848,1.95646915855794,3.10602757878613,2.08028876953412,0.940479604183071,0.8,0.827367045692499,0.888951160833445,TRUE,TRUE
1,"optimised_blocks",400,20,20,2,1,2,1,0.1,40,8,800,320,1120,1120,3.62395309151209,2.6182382621938,3.78174173578392,2.73223760361459,0.958276197769194,0.8,0.822998761988836,0.87176880209159,TRUE,TRUE
2,"optimised_blocks",400,20,20,2,1,2,1,0.1,40,8,800,320,1120,1120,3.43910968655042,2.29009242055158,3.6072336291263,2.40204562986967,0.953392555109719,0.7,0.830103808163543,0.920829612538358,TRUE,TRUE
3,"optimised_blocks",400,20,20,2,1,2,1,0.1,40,8,800,320,1120,1120,2.98023412764389,2.13331315723657,3.34796288525755,2.39654099884635,0.890163430654227,0.7,0.872380017806091,0.714157701445026,TRUE,TRUE
4,"optimised_blocks",400,20,20,2,1,2,1,0.1,40,8,800,320,1120,1120,2.89611117272494,1.93969544542696,3.10602757878613,2.08028876953412,0.932416438445396,0.8,0.814590420301309,0.90504080178806,TRUE,TRUE
1,"parentage",400,20,20,2,1,2,1,0.1,40,8,800,320,1120,1120,3.5274905902721,2.54854591098623,3.78174173578392,2.73223760361459,0.932768770774053,0.7,0.828017318126376,0.859352741108428,TRUE,TRUE
2,"parentage",400,20,20,2,1,2,1,0.1,40,8,800,320,1120,1120,3.45443088289165,2.30029475743896,3.6072336291263,2.40204562986967,0.957639908598973,0.7,0.839644555703824,0.874136607761898,TRUE,TRUE
3,"parentage",400,20,20,2,1,2,1,0.1,40,8,800,320,1120,1120,3.133010880165,2.24267391290675,3.34796288525755,2.39654099884635,0.935796180405982,0.8,0.853416131456984,0.838656316803808,TRUE,TRUE
4,"parentage",400,20,20,2,1,2,1,0.1,40,8,800,320,1120,1120,3.02594172008406,2.02665057469184,3.10602757878613,2.08028876953412,0.974215985959348,0.7,0.810514679918079,0.917287745714438,TRUE,TRUE
1,"random",400,20,20,2,1,2,1,0.2,80,3,800,240,1040,1040,3.53920106104021,2.55700650687671,3.78174173578392,2.73223760361459,0.935865352081364,0.8,0.78463083915746,0.865646838237692,TRUE,TRUE
2,"random",400,20,20,2,1,2,1,0.2,80,3,800,240,1040,1040,3.27939046355598,2.18373588780521,3.6072336291263,2.40204562986967,0.909115072857169,0.6,0.804748654330134,0.820480738246643,TRUE,TRUE
3,"random",400,20,20,2,1,2,1,0.2,80,3,800,240,1040,1040,2.89332795839889,2.0711039258961,3.34796288525755,2.39654099884635,0.864205505723913,0.5,0.849982153593665,0.776233370058292,TRUE,TRUE
4,"random",400,20,20,2,1,2,1,0.2,80,3,800,240,1040,1040,2.82450589208931,1.89173719091466,3.10602757878613,2.08028876953412,0.909362785887804,0.6,0.827298775487766,0.85352664698236,TRUE,TRUE
1,"optimised_blocks",400,20,20,2,1,2,1,0.2,80,3,800,240,1040,1040,3.49876198262792,2.52779002981058,3.78174173578392,2.73223760361459,0.925172110385444,0.7,0.822597880671551,0.874460623530696,TRUE,TRUE
2,"optimised_blocks",400,20,20,2,1,2,1,0.2,80,3,800,240,1040,1040,3.40632278151973,2.2682597226886,3.6072336291263,2.40204562986967,0.944303344816836,0.7,0.830076829852865,0.794133172248225,TRUE,TRUE
3,"optimised_blocks",400,20,20,2,1,2,1,0.2,80,3,800,240,1040,1040,2.70434220090844,1.9358240164269,3.34796288525755,2.39654099884635,0.807757521093429,0.4,0.872655249782861,0.53170836991297,TRUE,TRUE
4,"optimised_blocks",400,20,20,2,1,2,1,0.2,80,3,800,240,1040,1040,2.85035823845893,1.90905202294839,3.10602757878613,2.08028876953412,0.917686068831647,0.7,0.81451717580114,0.882966837822351,TRUE,TRUE
1,"parentage",400,20,20,2,1,2,1,0.2,80,3,800,240,1040,1040,3.47943124695459,2.51382393519009,3.78174173578392,2.73223760361459,0.920060514453225,0.7,0.827243221306452,0.855893599264972,TRUE,TRUE
2,"parentage",400,20,20,2,1,2,1,0.2,80,3,800,240,1040,1040,3.36115982387066,2.23818584996325,3.6072336291263,2.40204562986967,0.93178323597653,0.7,0.839661511147954,0.868457590045726,TRUE,TRUE
3,"parentage",400,20,20,2,1,2,1,0.2,80,3,800,240,1040,1040,3.11737803319497,2.23148359808655,3.34796288525755,2.39654099884635,0.931126819512266,0.7,0.855330791257421,0.723071298706949,TRUE,TRUE
4,"parentage",400,20,20,2,1,2,1,0.2,80,3,800,240,1040,1040,3.0079906293977,2.01462767682359,3.10602757878613,2.08028876953412,0.968436548967557,0.9,0.810518372944054,0.836675080012712,TRUE,TRUE
1,"random",400,20,20,2,1,2,1,0.2,80,8,800,640,1440,1440,3.57902887191112,2.58578135458815,3.78174173578392,2.73223760361459,0.946396957265834,0.8,0.784823852891293,0.889195435805189,TRUE,TRUE
2,"random",400,20,20,2,1,2,1,0.2,80,8,800,640,1440,1440,3.56481911215322,2.37380193522357,3.6072336291263,2.40204562986967,0.988241815936013,0.8,0.805076968166594,0.90961962362979,TRUE,TRUE
3,"random",400,20,20,2,1,2,1,0.2,80,8,800,640,1440,1440,3.2350736872716,2.3157325787496,3.34796288525755,2.39654099884635,0.966281227762995,0.8,0.848463780504932,0.929865245952589,TRUE,TRUE
4,"random",400,20,20,2,1,2,1,0.2,80,8,800,640,1440,1440,2.98553717515279,1.99958928211584,3.10602757878613,2.08028876953412,0.961207555124017,0.7,0.827367045692499,0.913782450503977,TRUE,TRUE
1,"optimised_blocks",400,20,20,2,1,2,1,0.2,80,8,800,640,1440,1440,3.54166524744116,2.55878683541774,3.78174173578392,2.73223760361459,0.93651695300314,0.7,0.822998761988836,0.906135783934881,TRUE,TRUE
2,"optimised_blocks",400,20,20,2,1,2,1,0.2,80,8,800,640,1440,1440,3.49104539825434,2.32467624909135,3.6072336291263,2.40204562986967,0.967790211885973,0.7,0.830103808163543,0.884207666933135,TRUE,TRUE
3,"optimised_blocks",400,20,20,2,1,2,1,0.2,80,8,800,640,1440,1440,2.91456393612418,2.08630507746601,3.34796288525755,2.39654099884635,0.8705484606649,0.6,0.872380017806091,0.724326750514545,TRUE,TRUE
4,"optimised_blocks",400,20,20,2,1,2,1,0.2,80,8,800,640,1440,1440,3.02277539041472,2.02452989807688,3.10602757878613,2.08028876953412,0.973196571421318,0.9,0.814590420301309,0.923659548004756,TRUE,TRUE
1,"parentage",400,20,20,2,1,2,1,0.2,80,8,800,640,1440,1440,3.67081406709687,2.65209443973848,3.78174173578392,2.73223760361459,0.970667571601353,0.9,0.828017318126376,0.919469487082604,TRUE,TRUE
2,"parentage",400,20,20,2,1,2,1,0.2,80,8,800,640,1440,1440,3.44997374652203,2.29732676422334,3.6072336291263,2.40204562986967,0.956404297926675,0.7,0.839644555703824,0.928858847768452,TRUE,TRUE
3,"parentage",400,20,20,2,1,2,1,0.2,80,8,800,640,1440,1440,3.07218149287663,2.19913098081117,3.34796288525755,2.39654099884635,0.91762710584538,0.8,0.853416131456984,0.853192993183871,TRUE,TRUE
4,"parentage",400,20,20,2,1,2,1,0.2,80,8,800,640,1440,1440,2.88655027725643,1.93329195319602,3.10602757878613,2.08028876953412,0.929338263758922,0.7,0.810514679918079,0.899524891273476,TRUE,TRUE
1,"random",400,20,20,4,0.5,2,0.5,0.1,40,3,800,120,920,920,3.68042885304656,2.65904094258236,3.78174173578392,2.73223760361459,0.973209994278904,0.8,0.867692813111738,0.836834735386224,TRUE,TRUE
2,"random",400,20,20,4,0.5,2,0.5,0.1,40,3,800,120,920,920,3.47324171912094,2.31282083465057,3.6072336291263,2.40204562986967,0.962854662663531,0.7,0.895143134584268,0.779171462356241,TRUE,TRUE
3,"random",400,20,20,4,0.5,2,0.5,0.1,40,3,800,120,920,920,3.08580568342412,2.20888345786727,3.34796288525755,2.39654099884635,0.921696502972653,0.8,0.843022646845273,0.62702523423195,TRUE,TRUE
4,"random",400,20,20,4,0.5,2,0.5,0.1,40,3,800,120,920,920,2.95722634251269,1.98062785769077,3.10602757878613,2.08028876953412,0.952092751110859,0.7,0.908794739626055,0.879093036955089,TRUE,TRUE
1,"optimised_blocks",400,20,20,4,0.5,2,0.5,0.1,40,3,800,120,920,920,3.43882157547709,2.48448420782812,3.78174173578392,2.73223760361459,0.909322163102248,0.8,0.863062935577396,0.764561731795535,TRUE,TRUE
2,"optimised_blocks",400,20,20,4,0.5,2,0.5,0.1,40,3,800,120,920,920,3.54531876195154,2.36081671280696,3.6072336291263,2.40204562986967,0.982835914293205,0.7,0.889015183065258,0.851514770320335,TRUE,TRUE
3,"optimised_blocks",400,20,20,4,0.5,2,0.5,0.1,40,3,800,120,920,920,3.14829644371149,2.25361563507784,3.34796288525755,2.39654099884635,0.940361811528654,0.7,0.842073628091229,0.768624987977637,TRUE,TRUE
4,"optimised_blocks",400,20,20,4,0.5,2,0.5,0.1,40,3,800,120,920,920,2.8046812975262,1.87845949766046,3.10602757878613,2.08028876953412,0.902980165624381,0.7,0.908227688456877,0.801733201718171,TRUE,TRUE
1,"parentage",400,20,20,4,0.5,2,0.5,0.1,40,3,800,120,920,920,3.68991674061474,2.66589576372135,3.78174173578392,2.73223760361459,0.975718861417662,0.9,0.865833157426608,0.834008168239311,TRUE,TRUE
2,"parentage",400,20,20,4,0.5,2,0.5,0.1,40,3,800,120,920,920,3.27083950720968,2.17804183262758,3.6072336291263,2.40204562986967,0.906744570354293,0.5,0.880607730810228,0.636760050230135,TRUE,TRUE
3,"parentage",400,20,20,4,0.5,2,0.5,0.1,40,3,800,120,920,920,3.05969388545949,2.19019209344044,3.34796288525755,2.39654099884635,0.913897193703243,0.7,0.877897358434155,0.735149438436209,TRUE,TRUE
4,"parentage",400,20,20,4,0.5,2,0.5,0.1,40,3,800,120,920,920,2.84194027213313,1.90341401737192,3.10602757878613,2.08028876953412,0.914975865489187,0.6,0.904298977521866,0.796876401992268,TRUE,TRUE
1,"random",400,20,20,4,0.5,2,0.5,0.1,40,8,800,320,1120,1120,3.74016027524111,2.70219577684644,3.78174173578392,2.73223760361459,0.989004679999863,0.9,0.867688180751416,0.907049741693136,TRUE,TRUE
2,"random",400,20,20,4,0.5,2,0.5,0.1,40,8,800,320,1120,1120,3.46016594153136,2.30411371511094,3.6072336291263,2.40204562986967,0.959229785837145,0.6,0.895160208024539,0.850890419738311,TRUE,TRUE
3,"random",400,20,20,4,0.5,2,0.5,0.1,40,8,800,320,1120,1120,3.17899417083659,2.27558970233846,3.34796288525755,2.39654099884635,0.949530887822861,0.7,0.843022459493453,0.776652516649412,TRUE,TRUE
4,"random",400,20,20,4,0.5,2,0.5,0.1,40,8,800,320,1120,1120,2.95722634251269,1.98062785769077,3.10602757878613,2.08028876953412,0.952092751110859,0.7,0.90879024056648,0.869980125008051,TRUE,TRUE
1,"optimised_blocks",400,20,20,4,0.5,2,0.5,0.1,40,8,800,320,1120,1120,3.69383489758548,2.6687265587783,3.78174173578392,2.73223760361459,0.976754933482993,0.9,0.863105171856938,0.876730860094956,TRUE,TRUE
2,"optimised_blocks",400,20,20,4,0.5,2,0.5,0.1,40,8,800,320,1120,1120,3.59200356071726,2.39190397478829,3.6072336291263,2.40204562986967,0.995777909064147,0.8,0.889075732936408,0.920699730107316,TRUE,TRUE
3,"optimised_blocks",400,20,20,4,0.5,2,0.5,0.1,40,8,800,320,1120,1120,3.21572794393601,2.3018844960062,3.34796288525755,2.39654099884635,0.960502865218781,0.7,0.842481609379416,0.841809374479695,TRUE,TRUE
4,"optimised_blocks",400,20,20,4,0.5,2,0.5,0.1,40,8,800,320,1120,1120,2.8216689077216,1.88983709615703,3.10602757878613,2.08028876953412,0.908449405598753,0.7,0.908223568336752,0.847954280999261,TRUE,TRUE
1,"parentage",400,20,20,4,0.5,2,0.5,0.1,40,8,800,320,1120,1120,3.78174173578392,2.73223760361459,3.78174173578392,2.73223760361459,1,1,0.86584540043616,0.935279857462888,TRUE,TRUE
2,"parentage",400,20,20,4,0.5,2,0.5,0.1,40,8,800,320,1120,1120,3.45186620190284,2.29858694436263,3.6072336291263,2.40204562986967,0.956928925820341,0.7,0.880790023750247,0.80111376785711,TRUE,TRUE
3,"parentage",400,20,20,4,0.5,2,0.5,0.1,40,8,800,320,1120,1120,3.14487367944994,2.25116554970852,3.34796288525755,2.39654099884635,0.939339469173361,0.7,0.877868591546774,0.796391623261762,TRUE,TRUE
4,"parentage",400,20,20,4,0.5,2,0.5,0.1,40,8,800,320,1120,1120,2.87161747618063,1.92329058083609,3.10602757878613,2.08028876953412,0.9245305791209,0.7,0.904461759368974,0.808525119681125,TRUE,TRUE
1,"random",400,20,20,4,0.5,2,0.5,0.2,80,3,800,240,1040,1040,3.4295884196503,2.47781342560329,3.78174173578392,2.73223760361459,0.906880654275926,0.8,0.867692813111738,0.796486823419271,TRUE,TRUE
2,"random",400,20,20,4,0.5,2,0.5,0.2,80,3,800,240,1040,1040,3.40632278151973,2.2682597226886,3.6072336291263,2.40204562986967,0.944303344816836,0.7,0.895143134584268,0.800508268246306,TRUE,TRUE
3,"random",400,20,20,4,0.5,2,0.5,0.2,80,3,800,240,1040,1040,3.06423193109526,2.19344052025803,3.34796288525755,2.39654099884635,0.915252658441444,0.7,0.843022646845273,0.735132429546618,TRUE,TRUE
4,"random",400,20,20,4,0.5,2,0.5,0.2,80,3,800,240,1040,1040,2.85526167371111,1.91233614101513,3.10602757878613,2.08028876953412,0.919264752577303,0.8,0.908794739626055,0.829339104772007,TRUE,TRUE
1,"optimised_blocks",400,20,20,4,0.5,2,0.5,0.2,80,3,800,240,1040,1040,3.20213773286577,2.31348456265627,3.78174173578392,2.73223760361459,0.846736228062913,0.7,0.863062935577396,0.805284216993573,TRUE,TRUE
2,"optimised_blocks",400,20,20,4,0.5,2,0.5,0.2,80,3,800,240,1040,1040,3.48439419327687,2.32024723242869,3.6072336291263,2.40204562986967,0.965946359876009,0.6,0.889015183065258,0.843262725494385,TRUE,TRUE
3,"optimised_blocks",400,20,20,4,0.5,2,0.5,0.2,80,3,800,240,1040,1040,3.21851562593137,2.3038799763692,3.34796288525755,2.39654099884635,0.961335515427548,0.8,0.842073628091229,0.837352308149805,TRUE,TRUE
4,"optimised_blocks",400,20,20,4,0.5,2,0.5,0.2,80,3,800,240,1040,1040,2.80160747372936,1.87640077765174,3.10602757878613,2.08028876953412,0.9019905337815,0.7,0.908227688456877,0.764052354843297,TRUE,TRUE
1,"parentage",400,20,20,4,0.5,2,0.5,0.2,80,3,800,240,1040,1040,3.5529874257965,2.56696689730948,3.78174173578392,2.73223760361459,0.939510858760426,0.8,0.865833157426608,0.882280503612139,TRUE,TRUE
2,"parentage",400,20,20,4,0.5,2,0.5,0.2,80,3,800,240,1040,1040,3.37751656603798,2.24907775358842,3.6072336291263,2.40204562986967,0.936317664252883,0.6,0.880607730810228,0.797903927379683,TRUE,TRUE
3,"parentage",400,20,20,4,0.5,2,0.5,0.2,80,3,800,240,1040,1040,3.28478944531733,2.35132014543678,3.34796288525755,2.39654099884635,0.981130782477189,0.9,0.877897358434155,0.814162494306834,TRUE,TRUE
4,"parentage",400,20,20,4,0.5,2,0.5,0.2,80,3,800,240,1040,1040,2.91937940192002,1.95527954268742,3.10602757878613,2.08028876953412,0.93990775286707,0.7,0.904298977521866,0.792597249601927,TRUE,TRUE
1,"random",400,20,20,4,0.5,2,0.5,0.2,80,8,800,640,1440,1440,3.59211212670672,2.5952337612377,3.78174173578392,2.73223760361459,0.949856541687427,0.7,0.867688180751416,0.891720023541026,TRUE,TRUE
2,"random",400,20,20,4,0.5,2,0.5,0.2,80,8,800,640,1440,1440,3.44378427650011,2.29320521542836,3.6072336291263,2.40204562986967,0.954688448425843,0.8,0.895160208024539,0.87744189613873,TRUE,TRUE
3,"random",400,20,20,4,0.5,2,0.5,0.2,80,8,800,640,1440,1440,3.11076754657803,2.22675167520007,3.34796288525755,2.39654099884635,0.929152339255616,0.6,0.843022459493453,0.848520710111101,TRUE,TRUE
4,"random",400,20,20,4,0.5,2,0.5,0.2,80,8,800,640,1440,1440,3.01991658863652,2.02261519092034,3.10602757878613,2.08028876953412,0.972276166915663,0.8,0.90879024056648,0.874623488294645,TRUE,TRUE
1,"optimised_blocks",400,20,20,4,0.5,2,0.5,0.2,80,8,800,640,1440,1440,3.69383489758548,2.6687265587783,3.78174173578392,2.73223760361459,0.976754933482993,0.9,0.863105171856938,0.898689754263992,TRUE,TRUE
2,"optimised_blocks",400,20,20,4,0.5,2,0.5,0.2,80,8,800,640,1440,1440,3.57666981806216,2.38169328334962,3.6072336291263,2.40204562986967,0.991527077476394,0.8,0.889075732936408,0.908315493482118,TRUE,TRUE
3,"optimised_blocks",400,20,20,4,0.5,2,0.5,0.2,80,8,800,640,1440,1440,3.2066905224016,2.29541532296773,3.34796288525755,2.39654099884635,0.957803485971116,0.7,0.842481609379416,0.894503822293432,TRUE,TRUE
4,"optimised_blocks",400,20,20,4,0.5,2,0.5,0.2,80,8,800,640,1440,1440,3.00795490539706,2.01460375036594,3.10602757878613,2.08028876953412,0.968425047459688,0.8,0.908223568336752,0.846204734057114,TRUE,TRUE
1,"parentage",400,20,20,4,0.5,2,0.5,0.2,80,8,800,640,1440,1440,3.74016027524111,2.70219577684644,3.78174173578392,2.73223760361459,0.989004679999863,0.9,0.86584540043616,0.922521298504427,TRUE,TRUE
2,"parentage",400,20,20,4,0.5,2,0.5,0.2,80,8,800,640,1440,1440,3.46721749870105,2.30880932505049,3.6072336291263,2.40204562986967,0.961184623780755,0.8,0.880790023750247,0.868734572292546,TRUE,TRUE
3,"parentage",400,20,20,4,0.5,2,0.5,0.2,80,8,800,640,1440,1440,3.21187985925486,2.29912995749383,3.34796288525755,2.39654099884635,0.959353484292816,0.8,0.877868591546774,0.87804149902208,TRUE,TRUE
4,"parentage",400,20,20,4,0.5,2,0.5,0.2,80,8,800,640,1440,1440,2.88151817816951,1.92992166141587,3.10602757878613,2.08028876953412,0.927718156094299,0.7,0.904461759368974,0.847329390979804,TRUE,TRUE
1,"random",400,20,20,4,1,4,1,0.1,40,3,1600,120,1720,1720,3.59456888633931,2.59700872407762,3.78174173578392,2.73223760361459,0.950506178760563,0.9,0.897664007018269,0.792458332023353,TRUE,TRUE
2,"random",400,20,20,4,1,4,1,0.1,40,3,1600,120,1720,1720,3.50244169278108,2.33226500609439,3.6072336291263,2.40204562986967,0.970949501163695,0.7,0.925013772971506,0.771704671758024,TRUE,TRUE
3,"random",400,20,20,4,1,4,1,0.1,40,3,1600,120,1720,1720,3.11628371932137,2.23070026560839,3.34796288525755,2.39654099884635,0.930799959893118,0.8,0.869395975746538,0.707325764320145,TRUE,TRUE
4,"random",400,20,20,4,1,4,1,0.1,40,3,1600,120,1720,1720,2.81423598164988,1.8848588297896,3.10602757878613,2.08028876953412,0.906056340539548,0.7,0.913252071208377,0.730959322431354,TRUE,TRUE
1,"optimised_blocks",400,20,20,4,1,4,1,0.1,40,3,1600,120,1720,1720,3.35907602463286,2.42686954031239,3.78174173578392,2.73223760361459,0.888235172922657,0.6,0.879833319556889,0.821110532982087,TRUE,TRUE
2,"optimised_blocks",400,20,20,4,1,4,1,0.1,40,3,1600,120,1720,1720,3.42457919369249,2.28041661064911,3.6072336291263,2.40204562986967,0.949364401030481,0.6,0.928546888766589,0.741806337265416,TRUE,TRUE
3,"optimised_blocks",400,20,20,4,1,4,1,0.1,40,3,1600,120,1720,1720,3.28358155385004,2.35045551177066,3.34796288525755,2.39654099884635,0.980769998469514,0.8,0.872062648909594,0.853432577120754,TRUE,TRUE
4,"optimised_blocks",400,20,20,4,1,4,1,0.1,40,3,1600,120,1720,1720,2.89595969087493,1.93959398915094,3.10602757878613,2.08028876953412,0.932367668160468,0.7,0.924937854923833,0.830808894430872,TRUE,TRUE
1,"parentage",400,20,20,4,1,4,1,0.1,40,3,1600,120,1720,1720,3.56825631052329,2.57799838066569,3.78174173578392,2.73223760361459,0.943548385856026,0.7,0.903310039114146,0.798362569980803,TRUE,TRUE
2,"parentage",400,20,20,4,1,4,1,0.1,40,3,1600,120,1720,1720,3.48363085655178,2.31973892888278,3.6072336291263,2.40204562986967,0.965734747099137,0.7,0.923834961990928,0.835604638142155,TRUE,TRUE
3,"parentage",400,20,20,4,1,4,1,0.1,40,3,1600,120,1720,1720,3.1977154481401,2.28899077939525,3.34796288525755,2.39654099884635,0.955122729173895,0.8,0.878291299310168,0.732416953245912,TRUE,TRUE
4,"parentage",400,20,20,4,1,4,1,0.1,40,3,1600,120,1720,1720,2.79971646043019,1.87513425517905,3.10602757878613,2.08028876953412,0.901381713270023,0.7,0.935635209261964,0.664855108151978,TRUE,TRUE
1,"random",400,20,20,4,1,4,1,0.1,40,8,1600,320,1920,1920,3.62751415856482,2.62081106647031,3.78174173578392,2.73223760361459,0.959217845110957,0.8,0.897730663513017,0.900137774810481,TRUE,TRUE
2,"random",400,20,20,4,1,4,1,0.1,40,8,1600,320,1920,1920,3.51846494940856,2.34293484273806,3.6072336291263,2.40204562986967,0.975391480329697,0.8,0.925095560665668,0.885088414744592,TRUE,TRUE
3,"random",400,20,20,4,1,4,1,0.1,40,8,1600,320,1920,1920,3.24196264053861,2.32066383381704,3.34796288525755,2.39654099884635,0.968338882970984,0.8,0.869542133171117,0.833531285084702,TRUE,TRUE
4,"random",400,20,20,4,1,4,1,0.1,40,8,1600,320,1920,1920,2.87406730060599,1.92493137188192,3.10602757878613,2.08028876953412,0.92531931146896,0.7,0.913293059617459,0.838791346730389,TRUE,TRUE
1,"optimised_blocks",400,20,20,4,1,4,1,0.1,40,8,1600,320,1920,1920,3.72201031358938,2.68908276935051,3.78174173578392,2.73223760361459,0.98420531427904,0.9,0.879987650968824,0.892310388691823,TRUE,TRUE
2,"optimised_blocks",400,20,20,4,1,4,1,0.1,40,8,1600,320,1920,1920,3.56239193525957,2.37218568569561,3.6072336291263,2.40204562986967,0.987568952145307,0.8,0.928559419244384,0.901374766704441,TRUE,TRUE
3,"optimised_blocks",400,20,20,4,1,4,1,0.1,40,8,1600,320,1920,1920,3.2698860849486,2.34065201219626,3.34796288525755,2.39654099884635,0.976679311275298,0.8,0.872124995917562,0.876709936187184,TRUE,TRUE
4,"optimised_blocks",400,20,20,4,1,4,1,0.1,40,8,1600,320,1920,1920,2.81275970563955,1.88387008119445,3.10602757878613,2.08028876953412,0.905581046623804,0.7,0.924901233661227,0.878172090658457,TRUE,TRUE
1,"parentage",400,20,20,4,1,4,1,0.1,40,8,1600,320,1920,1920,3.66008130569247,2.64434022055893,3.78174173578392,2.73223760361459,0.967829524438364,0.8,0.903354222486363,0.918193668225977,TRUE,TRUE
2,"parentage",400,20,20,4,1,4,1,0.1,40,8,1600,320,1920,1920,3.44135510530207,2.29158763789932,3.6072336291263,2.40204562986967,0.954015031772587,0.6,0.923832095140438,0.851124981899206,TRUE,TRUE
3,"parentage",400,20,20,4,1,4,1,0.1,40,8,1600,320,1920,1920,3.24196264053861,2.32066383381704,3.34796288525755,2.39654099884635,0.968338882970984,0.8,0.878385133390227,0.816939753928391,TRUE,TRUE
4,"parentage",400,20,20,4,1,4,1,0.1,40,8,1600,320,1920,1920,2.89775340981862,1.94079534788958,3.10602757878613,2.08028876953412,0.932945164302466,0.8,0.935657206359321,0.781638555606717,TRUE,TRUE
1,"random",400,20,20,4,1,4,1,0.2,80,3,1600,240,1840,1840,3.59943580804979,2.60052498389658,3.78174173578392,2.73223760361459,0.95179313118897,0.8,0.897664007018269,0.838727045252883,TRUE,TRUE
2,"random",400,20,20,4,1,4,1,0.2,80,3,1600,240,1840,1840,3.53905620814378,2.35664649774678,3.6072336291263,2.40204562986967,0.981099804450695,0.7,0.925013772971506,0.861035060656944,TRUE,TRUE
3,"random",400,20,20,4,1,4,1,0.2,80,3,1600,240,1840,1840,3.16241626882324,2.26372289759436,3.34796288525755,2.39654099884635,0.944579249294744,0.8,0.869395975746538,0.769790325952794,TRUE,TRUE
4,"random",400,20,20,4,1,4,1,0.2,80,3,1600,240,1840,1840,2.96652000451851,1.98685236800439,3.10602757878613,2.08028876953412,0.955084888743279,0.8,0.913252071208377,0.827998999100783,TRUE,TRUE
1,"optimised_blocks",400,20,20,4,1,4,1,0.2,80,3,1600,240,1840,1840,3.37736201677188,2.44008082728868,3.78174173578392,2.73223760361459,0.893070508970592,0.7,0.879833319556889,0.829603483263977,TRUE,TRUE
2,"optimised_blocks",400,20,20,4,1,4,1,0.2,80,3,1600,240,1840,1840,3.41223843182181,2.27219893578563,3.6072336291263,2.40204562986967,0.945943285810484,0.6,0.928546888766589,0.794353564895788,TRUE,TRUE
3,"optimised_blocks",400,20,20,4,1,4,1,0.2,80,3,1600,240,1840,1840,3.15963901530148,2.26173488214819,3.34796288525755,2.39654099884635,0.943749713957304,0.7,0.872062648909594,0.842260078109294,TRUE,TRUE
4,"optimised_blocks",400,20,20,4,1,4,1,0.2,80,3,1600,240,1840,1840,2.83190445984076,1.89669244550065,3.10602757878613,2.08028876953412,0.911744789126275,0.7,0.924937854923833,0.783194025207161,TRUE,TRUE
1,"parentage",400,20,20,4,1,4,1,0.2,80,3,1600,240,1840,1840,3.52744247195698,2.54851114640441,3.78174173578392,2.73223760361459,0.932756046923911,0.8,0.903310039114146,0.832702615557381,TRUE,TRUE
2,"parentage",400,20,20,4,1,4,1,0.2,80,3,1600,240,1840,1840,3.50374900398287,2.33313554054877,3.6072336291263,2.40204562986967,0.971311914951156,0.7,0.923834961990928,0.850186438691037,TRUE,TRUE
3,"parentage",400,20,20,4,1,4,1,0.2,80,3,1600,240,1840,1840,3.05702390670542,2.18828086748918,3.34796288525755,2.39654099884635,0.913099700168945,0.7,0.878291299310168,0.752081656117301,TRUE,TRUE
4,"parentage",400,20,20,4,1,4,1,0.2,80,3,1600,240,1840,1840,2.95409784246476,1.97853251779113,3.10602757878613,2.08028876953412,0.95108551599508,0.8,0.935635209261964,0.816904501759266,TRUE,TRUE
1,"random",400,20,20,4,1,4,1,0.2,80,8,1600,640,2240,2240,3.64443938143499,2.63303922312571,3.78174173578392,2.73223760361459,0.963693355088281,0.9,0.897730663513017,0.886754887542767,TRUE,TRUE
2,"random",400,20,20,4,1,4,1,0.2,80,8,1600,640,2240,2240,3.60507933830683,2.40061109432793,3.6072336291263,2.40204562986967,0.999402785890532,0.9,0.925095560665668,0.908880620159041,TRUE,TRUE
3,"random",400,20,20,4,1,4,1,0.2,80,8,1600,640,2240,2240,3.20047529042985,2.29096633152185,3.34796288525755,2.39654099884635,0.955947063966227,0.8,0.869542133171117,0.878490760787485,TRUE,TRUE
4,"random",400,20,20,4,1,4,1,0.2,80,8,1600,640,2240,2240,3.06526712652223,2.05298910495134,3.10602757878613,2.08028876953412,0.986876983146481,0.9,0.913293059617459,0.869640540373458,TRUE,TRUE
1,"optimised_blocks",400,20,20,4,1,4,1,0.2,80,8,1600,640,2240,2240,3.68991674061474,2.66589576372135,3.78174173578392,2.73223760361459,0.975718861417662,0.9,0.879987650968824,0.903794401572128,TRUE,TRUE
2,"optimised_blocks",400,20,20,4,1,4,1,0.2,80,8,1600,640,2240,2240,3.49467781513553,2.32709506417027,3.6072336291263,2.40204562986967,0.968797193205913,0.7,0.928559419244384,0.869113860636417,TRUE,TRUE
3,"optimised_blocks",400,20,20,4,1,4,1,0.2,80,8,1600,640,2240,2240,3.17075064292483,2.26968881475614,3.34796288525755,2.39654099884635,0.947068635941855,0.7,0.872124995917562,0.872809109224128,TRUE,TRUE
4,"optimised_blocks",400,20,20,4,1,4,1,0.2,80,8,1600,640,2240,2240,2.81275970563955,1.88387008119445,3.10602757878613,2.08028876953412,0.905581046623804,0.7,0.924901233661227,0.821012226188569,TRUE,TRUE
1,"parentage",400,20,20,4,1,4,1,0.2,80,8,1600,640,2240,2240,3.73673816239872,2.69972336438546,3.78174173578392,2.73223760361459,0.988099776100689,0.9,0.903354222486363,0.886154703567039,TRUE,TRUE
2,"parentage",400,20,20,4,1,4,1,0.2,80,8,1600,640,2240,2240,3.43960116667482,2.29041969563447,3.6072336291263,2.40204562986967,0.953528803596766,0.6,0.923832095140438,0.84632230165873,TRUE,TRUE
3,"parentage",400,20,20,4,1,4,1,0.2,80,8,1600,640,2240,2240,3.12131929057134,2.234304831539,3.34796288525755,2.39654099884635,0.932304030106123,0.6,0.878385133390227,0.838759549106479,TRUE,TRUE
4,"parentage",400,20,20,4,1,4,1,0.2,80,8,1600,640,2240,2240,2.8895622342383,1.93530923737163,3.10602757878613,2.08028876953412,0.930307977293481,0.7,0.935657206359321,0.853828255908024,TRUE,TRUE
